YYYYMM,행정동코드,생활비용지수
202411,1111053000,9.590538985442642
202411,1111054000,9.689515571415203
202411,1111055000,8.49266061204897
202411,1111056000,8.370148481226362
202411,1111057000,9.200932633724133
202411,1111058000,8.75416226194312
202411,1111060000,9.286042152604836
202411,1111061500,10.17961104370248
202411,1111063000,9.754989241657755
202411,1111064000,9.023697951674611
202411,1111065000,9.09273695350561
202411,1111067000,10.017783483833645
202411,1111068000,8.947414944849873
202411,1111069000,7.662768273105135
202411,1111070000,8.614625124433976
202411,1111071000,9.216817991062928
202411,1114052000,9.913425679922156
202411,1114054000,9.963251052540754
202411,1114055000,9.786190045952363
202411,1114057000,9.172931478299985
202411,1114058000,9.088428836101489
202411,1114059000,9.786662673659892
202411,1114060500,10.282075898061054
202411,1114061500,9.58851577595613
202411,1114062500,9.273498453778013
202411,1114063500,9.260373542709706
202411,1114064500,8.965468507950083
202411,1114065000,9.394609087299523
202411,1114066500,9.302120662569733
202411,1114067000,9.516185210906974
202411,1114068000,9.387551541249096
202411,1117051000,9.080595734859193
202411,1117052000,8.828002961939225
202411,1117053000,9.589055871475631
202411,1117055500,9.012440477967484
202411,1117056000,9.890979407134616
202411,1117057000,9.554578404751387
202411,1117058000,8.98847381565017
202411,1117059000,9.415778333273922
202411,1117062500,10.363118383920854
202411,1117063000,9.26807418540193
202411,1117064000,9.086666921394755
202411,1117065000,9.819570656092065
202411,1117066000,8.89031422986332
202411,1117068500,9.651226323619667
202411,1117069000,8.287310009375801
202411,1117070000,9.167921526584562
202411,1120052000,9.081908524258084
202411,1120053500,9.165310814947397
202411,1120054000,8.931879695973965
202411,1120055000,8.992518347246477
202411,1120056000,9.41869417760744
202411,1120057000,8.423380251433878
202411,1120058000,8.018810228320536
202411,1120059000,8.375514566164437
202411,1120061500,8.804200999458219
202411,1120062000,9.187329210038312
202411,1120064500,8.718209885449044
202411,1120065000,9.120938370301868
202411,1120066000,9.54137769121691
202411,1120067000,9.756593171296966
202411,1120069000,9.690923512594424
202411,1120072000,8.574375147371518
202411,1120079000,9.232071447761678
202411,1121571000,9.28485496450215
202411,1121573000,9.075346821057414
202411,1121574000,9.369870472734997
202411,1121575000,9.111356960590616
202411,1121576000,8.894467707156604
202411,1121577000,8.697470879190307
202411,1121578000,9.196958747193577
202411,1121581000,8.998951996453412
202411,1121582000,9.105796411297458
202411,1121583000,8.66609780461235
202411,1121584000,9.149593444298768
202411,1121584700,9.15736145493782
202411,1121585000,9.318285075797254
202411,1121586000,8.848640990166148
202411,1121587000,9.53101513191422
202411,1123053600,9.37502762353944
202411,1123054500,10.439157877629382
202411,1123056000,9.01834236968762
202411,1123057000,8.715688585534087
202411,1123060000,9.106029405106682
202411,1123061000,8.868610888192194
202411,1123065000,9.573459462951297
202411,1123066000,9.350182130147736
202411,1123070500,9.278290526585804
202411,1123071000,9.001251200885624
202411,1123072000,9.018395990801915
202411,1123073000,8.545600155618835
202411,1123074000,8.805964919976551
202411,1123075000,8.46376137388747
202411,1126052000,8.721879645170945
202411,1126054000,8.60156359804428
202411,1126055000,8.544049120051742
202411,1126056500,9.019522606805664
202411,1126057000,9.119819556475184
202411,1126057500,8.917261990373294
202411,1126058000,8.548703456454144
202411,1126059000,9.356763824590592
202411,1126060000,8.752821402220686
202411,1126061000,9.07476433614328
202411,1126062000,8.949447957350099
202411,1126063000,8.90656929884342
202411,1126065500,8.96295182387974
202411,1126066000,8.777979420394097
202411,1126068000,8.762397312458146
202411,1126069000,9.190769414966333
202411,1129052500,8.872235556591239
202411,1129055500,9.335536496038912
202411,1129057500,9.299772470585443
202411,1129058000,8.689452026493647
202411,1129059000,8.804289995690011
202411,1129060000,8.878330840162311
202411,1129061000,8.701515868962717
202411,1129062000,8.703224855671566
202411,1129063000,8.503137708887786
202411,1129064000,8.480680237180566
202411,1129065000,8.648907463217448
202411,1129066000,8.551935835248957
202411,1129068500,8.943123521718746
202411,1129070500,8.811361666276898
202411,1129071500,8.779036324581428
202411,1129072500,8.92603404329397
202411,1129076000,8.32777912449579
202411,1129077000,8.832701594333495
202411,1129078000,8.648320810163689
202411,1129081000,8.982563786711692
202411,1130553400,8.572558219037425
202411,1130553500,9.088339502775309
202411,1130554500,9.217774763031835
202411,1130555500,9.04673931076998
202411,1130557500,8.616662608305644
202411,1130559500,9.34196062000195
202411,1130560300,8.109104552330011
202411,1130560800,8.711947419888116
202411,1130561500,9.264601293447436
202411,1130562500,8.80060906880897
202411,1130563500,9.27188367078952
202411,1130564500,8.76356172547124
202411,1130566000,8.473883906866346
202411,1132051100,8.938780246866274
202411,1132051200,8.506584782391041
202411,1132051300,8.885781981872281
202411,1132051400,8.749162468675081
202411,1132051500,9.346798830327169
202411,1132052100,8.894935963799602
202411,1132052200,8.445013001240925
202411,1132066000,8.467836509002463
202411,1132067000,8.84104720585771
202411,1132068000,9.064527789937848
202411,1132068100,8.549327330272776
202411,1132069000,9.063504096316304
202411,1132070000,9.328486722038509
202411,1132071000,8.441881817738366
202411,1135056000,8.689336282803296
202411,1135057000,8.106863002216794
202411,1135058000,8.33876905083897
202411,1135059500,9.009537017855358
202411,1135060000,8.684703242526552
202411,1135061100,9.104819336936025
202411,1135061200,8.190688739398778
202411,1135061900,9.073658322359869
202411,1135062100,8.548443558960418
202411,1135062400,9.206374330529862
202411,1135062500,9.226108773604016
202411,1135063000,8.836065523069276
202411,1135064000,9.506627070896077
202411,1135066500,8.416757761306306
202411,1135067000,8.94046091072647
202411,1135069500,9.406638213714176
202411,1135070000,8.706578569659541
202411,1135071000,8.880158407215982
202411,1135072000,8.346171925416003
202411,1138051000,8.853112517984783
202411,1138052000,8.923975675606501
202411,1138053000,8.74519146803002
202411,1138055100,9.31448127874176
202411,1138055200,9.131355128509648
202411,1138056000,8.323205040383623
202411,1138057000,9.111160130564146
202411,1138058000,8.862753184807488
202411,1138059000,8.673984339948907
202411,1138060000,9.055052651969838
202411,1138062500,8.599045182674686
202411,1138063100,8.72704336281786
202411,1138063200,8.47081156746953
202411,1138064000,8.842960715194177
202411,1138065000,8.264106412113511
202411,1138069000,8.538473076117418
202411,1141052000,9.071624446840246
202411,1141055500,9.241278761194968
202411,1141056500,8.953396834458838
202411,1141058500,9.139956962097353
202411,1141061500,8.884233511346665
202411,1141062000,8.670483434511121
202411,1141064000,9.282749746708305
202411,1141065500,8.765687664467269
202411,1141066000,8.761244864177158
202411,1141068500,8.63947391979574
202411,1141069000,9.260676287856656
202411,1141070000,8.790111484639505
202411,1141071000,8.335503256874741
202411,1141072000,8.848688012208983
202411,1144055500,9.320970299674723
202411,1144056500,9.161653680188804
202411,1144058500,9.479681807687728
202411,1144059000,9.723949597926156
202411,1144060000,9.43798066781616
202411,1144061000,8.798376419062109
202411,1144063000,8.675150469882993
202411,1144065500,8.969864543628162
202411,1144066000,9.786276030695843
202411,1144068000,9.343891054236591
202411,1144069000,9.212466379358114
202411,1144070000,9.053916784806123
202411,1144071000,9.150698086286551
202411,1144072000,8.829996091977991
202411,1144073000,8.761979544380312
202411,1144074000,9.16203860416504
202411,1147051000,9.569759391540948
202411,1147052000,8.772984598575306
202411,1147053000,9.26069346261318
202411,1147054000,8.877958122516013
202411,1147055000,9.3996057097539
202411,1147056000,8.874216583308447
202411,1147057000,8.77131233562404
202411,1147058000,8.510860604407544
202411,1147059000,8.93569857154819
202411,1147060000,8.713032042333161
202411,1147061000,9.408547957595037
202411,1147061100,8.566521990860638
202411,1147062000,9.467932473368377
202411,1147063000,9.242527843712043
202411,1147064000,8.743390627595009
202411,1147065000,9.134748888376585
202411,1147067000,8.724300020514942
202411,1147068000,9.233708119982213
202411,1150051000,9.154884100603589
202411,1150052000,9.313223121143649
202411,1150053000,8.504423642474467
202411,1150053500,9.259610098612958
202411,1150054000,9.077137165117634
202411,1150055000,8.523097331403585
202411,1150056000,8.977524187758316
202411,1150057000,8.907566654581792
202411,1150059000,8.695878384728735
202411,1150059100,8.90583096398484
202411,1150059300,8.520945166144383
202411,1150060300,9.260777427790886
202411,1150060400,9.095612161999531
202411,1150060500,8.962385177359991
202411,1150061100,9.430791798603591
202411,1150061500,8.9408144157483
202411,1150062000,8.779942554218053
202411,1150063000,9.125031965701648
202411,1150064000,8.67231436534936
202411,1153051000,8.995108721599951
202411,1153052000,8.644493557051732
202411,1153053000,9.662026482404205
202411,1153054000,9.414390308454356
202411,1153055000,9.142970748382409
202411,1153056000,9.318202428583469
202411,1153059500,9.049930816601131
202411,1153072000,9.090485991632091
202411,1153073000,8.95112528306676
202411,1153074000,8.746707788576222
202411,1153075000,8.726559214551395
202411,1153076000,8.66564863527313
202411,1153077000,8.948113207187296
202411,1153078000,8.492115042455689
202411,1153079000,8.44908590342567
202411,1153080000,6.477992983059007
202411,1154551000,10.025637773543606
202411,1154561000,9.533492563893637
202411,1154562000,8.955851157211889
202411,1154563000,9.064785997838438
202411,1154564000,8.7108454656608
202411,1154567000,9.19666880439392
202411,1154568000,8.071725235286744
202411,1154569000,8.647655080035207
202411,1154570000,8.452992950049472
202411,1154571000,9.041824513888317
202411,1156051500,9.432977725522475
202411,1156053500,9.83538971133759
202411,1156054000,9.95203604817723
202411,1156055000,9.762168428573032
202411,1156056000,9.188815090712444
202411,1156058500,8.5661619207421
202411,1156060500,9.689532489943808
202411,1156061000,9.056522765694266
202411,1156062000,9.14295972601856
202411,1156063000,9.050953270416766
202411,1156065000,9.202852338454935
202411,1156066000,8.620839853103298
202411,1156067000,9.055421794858836
202411,1156068000,9.210830279791782
202411,1156069000,8.762930763999227
202411,1156070000,9.17451702412846
202411,1156071000,9.213981971370124
202411,1156072000,9.661966784092522
202411,1159051000,10.119784441369289
202411,1159052000,11.085561548295749
202411,1159053000,9.048668920945182
202411,1159054000,8.933230087194309
202411,1159055000,9.04981920978375
202411,1159056000,8.599089511048394
202411,1159060500,9.17531722797993
202411,1159062000,9.246904483235312
202411,1159063000,9.336312182897927
202411,1159064000,8.713747054476201
202411,1159065000,9.08506954462031
202411,1159065100,8.319556520201177
202411,1159066000,9.088616653222136
202411,1159067000,8.774843665982498
202411,1159068000,9.003057162118337
202411,1162052500,8.789655235912091
202411,1162054500,8.454016937682773
202411,1162056500,8.452318419444493
202411,1162057500,8.898947342204794
202411,1162058500,9.028336001059284
202411,1162059500,9.17498184293173
202411,1162060500,8.877927881899007
202411,1162061500,9.177672177850075
202411,1162062500,9.053088457358164
202411,1162063000,8.932416255595484
202411,1162064500,9.24986164231002
202411,1162065500,8.753680596519397
202411,1162066500,8.472366234334135
202411,1162068500,9.002645640348437
202411,1162069500,9.255439824129306
202411,1162071500,8.204859218422957
202411,1162072500,9.271315299511617
202411,1162073500,8.575858650523465
202411,1162074500,8.41734627579685
202411,1162076500,8.737147789452047
202411,1162077500,8.629088828625045
202411,1165051000,9.42408421437483
202411,1165052000,9.733493073521975
202411,1165053000,9.465618317686472
202411,1165053100,9.913259693440178
202411,1165054000,9.51892235415375
202411,1165055000,9.176282313900144
202411,1165056000,9.542315135988156
202411,1165057000,9.395728679516765
202411,1165058000,10.019099748593804
202411,1165058100,9.488885599728796
202411,1165059000,9.454040525740249
202411,1165060000,9.630626005000764
202411,1165061000,9.421030158947628
202411,1165062000,9.239437711467437
202411,1165062100,9.33611227708906
202411,1165065100,9.361594588455434
202411,1165065200,9.464343542357934
202411,1165066000,8.41940307182365
202411,1168051000,10.12975522198408
202411,1168052100,9.87184155000162
202411,1168053100,9.75607626455183
202411,1168054500,10.247339892550936
202411,1168056500,10.05134853295878
202411,1168058000,9.954897454514652
202411,1168059000,9.4415772869186
202411,1168060000,9.982578300881942
202411,1168061000,9.807676353041584
202411,1168063000,9.90108511592146
202411,1168064000,9.972859116239182
202411,1168065000,9.411957727828806
202411,1168065500,9.4367226800617
202411,1168065600,9.70082702674509
202411,1168066000,7.097869090494813
202411,1168067000,9.083669807613717
202411,1168067500,8.55391104643983
202411,1168069000,9.314017653328968
202411,1168070000,8.949678968011419
202411,1168072000,8.731257116908107
202411,1168073000,9.316229875076043
202411,1168075000,9.62567331917764
202411,1171051000,8.739788504399511
202411,1171052000,8.713355127369885
202411,1171053100,9.072568775611334
202411,1171053200,9.017414465864547
202411,1171054000,9.40706512672658
202411,1171055000,9.227684262315186
202411,1171056100,9.339832199975584
202411,1171056200,9.440862999029934
202411,1171056600,8.601625937776573
202411,1171057000,9.170718764524148
202411,1171058000,9.304884481806743
202411,1171059000,9.095277261316706
202411,1171060000,9.368074182654173
202411,1171061000,9.293630036655165
202411,1171062000,9.186298360544132
202411,1171063100,10.49698320967693
202411,1171063200,9.254289576163664
202411,1171064100,9.07516681360332
202411,1171064200,9.680708911974794
202411,1171064600,9.032157170976152
202411,1171064700,8.154192202127723
202411,1171065000,9.642513131085575
202411,1171067000,9.595473330658416
202411,1171068000,9.38185516550987
202411,1171069000,9.048826083069857
202411,1171071000,10.148740127033308
202411,1171072000,8.835551507527558
202411,1174051500,8.53586657669984
202411,1174052500,8.26698758913209
202411,1174052600,8.639873596869093
202411,1174053000,9.330828438294558
202411,1174054000,9.780446099370316
202411,1174055000,8.478059573052528
202411,1174056000,9.025344349633084
202411,1174057000,8.848971153836315
202411,1174058000,9.151068876837927
202411,1174059000,9.05377666182238
202411,1174060000,8.88902403588181
202411,1174061000,9.400784249171604
202411,1174062000,8.932494198421955
202411,1174064000,9.207767022276528
202411,1174065000,9.295708090299426
202411,1174066000,9.223166908534672
202411,1174068500,9.112599378068747
202411,1174069000,9.407770199141565
202411,1174070000,8.76990107662682
202412,1111053000,9.598832021071
202412,1111054000,9.777066151053203
202412,1111055000,8.534738039114032
202412,1111056000,8.350314400322887
202412,1111057000,9.20858219898027
202412,1111058000,8.76092989678507
202412,1111060000,9.351305037959248
202412,1111061500,10.159133105841256
202412,1111063000,9.763731332918573
202412,1111064000,9.035285433879814
202412,1111065000,9.10806317675719
202412,1111067000,10.006832391019548
202412,1111068000,8.935266911706911
202412,1111069000,7.628944398029687
202412,1111070000,8.605519762878531
202412,1111071000,9.191735403329648
202412,1114052000,9.926549359423662
202412,1114054000,9.993419316820514
202412,1114055000,9.785057985798009
202412,1114057000,9.210099352326353
202412,1114058000,9.099603887287255
202412,1114059000,9.77045928884853
202412,1114060500,10.295300529294735
202412,1114061500,9.609538616442896
202412,1114062500,9.301710554411784
202412,1114063500,9.245687163340664
202412,1114064500,8.973800020328069
202412,1114065000,9.391621677887851
202412,1114066500,9.302165185759169
202412,1114067000,9.523372322634458
202412,1114068000,9.369630318373073
202412,1117051000,9.072246335296118
202412,1117052000,8.839250779986369
202412,1117053000,9.60434527997505
202412,1117055500,9.029899760979855
202412,1117056000,9.850037837126573
202412,1117057000,9.565239791885228
202412,1117058000,8.987757044747966
202412,1117059000,9.395818961271074
202412,1117062500,10.344882979726313
202412,1117063000,9.250925714675295
202412,1117064000,9.115251491827758
202412,1117065000,9.80988764439816
202412,1117066000,8.891367680730296
202412,1117068500,9.646644835967814
202412,1117069000,8.302576550222762
202412,1117070000,9.144802042249102
202412,1120052000,9.065683316894974
202412,1120053500,9.162119194145983
202412,1120054000,8.941636267599698
202412,1120055000,9.011187836991608
202412,1120056000,9.401862864607113
202412,1120057000,8.405454344402692
202412,1120058000,7.986866572490041
202412,1120059000,8.391080506029224
202412,1120061500,8.797406965761233
202412,1120062000,9.178400028354764
202412,1120064500,8.714939391572408
202412,1120065000,9.13247270903112
202412,1120066000,9.554458940151052
202412,1120067000,9.739609655010106
202412,1120069000,9.684533811741026
202412,1120072000,8.570383262540451
202412,1120079000,9.229231939955366
202412,1121571000,9.286659631501356
202412,1121573000,9.083952443184154
202412,1121574000,9.366105606269617
202412,1121575000,9.096185422177784
202412,1121576000,8.878631197497986
202412,1121577000,8.68363894275852
202412,1121578000,9.238057015756064
202412,1121581000,8.999736194820922
202412,1121582000,9.094237926730528
202412,1121583000,8.65663095597871
202412,1121584000,9.139794470095952
202412,1121584700,9.150858579536116
202412,1121585000,9.32644319654375
202412,1121586000,8.842644094455952
202412,1121587000,9.53331471877456
202412,1123053600,9.38241715952022
202412,1123054500,10.434972734977723
202412,1123056000,9.008690520908608
202412,1123057000,8.712086024674509
202412,1123060000,9.098696285893434
202412,1123061000,8.845047189651828
202412,1123065000,9.561185157156784
202412,1123066000,9.33739160296266
202412,1123070500,9.280741939286631
202412,1123071000,9.012614863472551
202412,1123072000,9.006476127983197
202412,1123073000,8.540498561977403
202412,1123074000,8.843942905675865
202412,1123075000,8.445489879616542
202412,1126052000,8.711582296163948
202412,1126054000,8.602195880976133
202412,1126055000,8.543788425220797
202412,1126056500,9.004812853988794
202412,1126057000,9.107938937579291
202412,1126057500,8.92430807040883
202412,1126058000,8.543017964139493
202412,1126059000,9.34206585661554
202412,1126060000,8.701480736377958
202412,1126061000,9.053846483706474
202412,1126062000,8.943761903981898
202412,1126063000,8.900912316696632
202412,1126065500,8.94173206676849
202412,1126066000,8.771110418740532
202412,1126068000,8.739406011943212
202412,1126069000,9.191889769081916
202412,1129052500,8.85582945248105
202412,1129055500,9.330796974494582
202412,1129057500,9.289635555292458
202412,1129058000,8.67033423598557
202412,1129059000,8.793028691776707
202412,1129060000,8.89408145354297
202412,1129061000,8.683144842664785
202412,1129062000,8.68156792724194
202412,1129063000,8.498843130443188
202412,1129064000,8.534936173312426
202412,1129065000,8.633773715211964
202412,1129066000,8.553049726413045
202412,1129068500,8.937206545430573
202412,1129070500,8.818618384425903
202412,1129071500,8.744514569094246
202412,1129072500,8.932491859356178
202412,1129076000,8.315679037678091
202412,1129077000,8.83612158432602
202412,1129078000,8.544441165124663
202412,1129081000,8.982211791873599
202412,1130553400,8.563579890184515
202412,1130553500,9.089141658448158
202412,1130554500,9.214663168342662
202412,1130555500,9.038150944837994
202412,1130557500,8.605752794446374
202412,1130559500,9.330692124979343
202412,1130560300,8.115993182430008
202412,1130560800,8.701515718395358
202412,1130561500,9.270197610699144
202412,1130562500,8.802394347421833
202412,1130563500,9.267729481993133
202412,1130564500,8.744968032163937
202412,1130566000,8.46103357317601
202412,1132051100,8.927815888530354
202412,1132051200,8.493964949627966
202412,1132051300,8.857532082063866
202412,1132051400,8.736724784449981
202412,1132051500,9.331598561394536
202412,1132052100,8.91578426300045
202412,1132052200,8.447511365127372
202412,1132066000,8.461889610867901
202412,1132067000,8.82228744918222
202412,1132068000,9.0518535305166
202412,1132068100,8.53624825222421
202412,1132069000,9.054008964550054
202412,1132070000,9.315181260066751
202412,1132071000,8.423313335085274
202412,1135056000,8.703489753941241
202412,1135057000,8.128837923238326
202412,1135058000,8.32649668650447
202412,1135059500,9.008295495500173
202412,1135060000,8.691528465710691
202412,1135061100,9.100642049275292
202412,1135061200,8.180521366441125
202412,1135061900,9.066314913904671
202412,1135062100,8.525366346787248
202412,1135062400,9.180878409032175
202412,1135062500,9.211430924598789
202412,1135063000,8.81373902249045
202412,1135064000,9.491961035848789
202412,1135066500,8.394549068897637
202412,1135067000,8.929582930350595
202412,1135069500,9.394077448756386
202412,1135070000,8.69783436930456
202412,1135071000,8.864075487673226
202412,1135072000,8.316757131537296
202412,1138051000,8.84561166262508
202412,1138052000,8.912194479301052
202412,1138053000,8.729756172118618
202412,1138055100,9.310312646577852
202412,1138055200,9.11074372378662
202412,1138056000,8.299641284460797
202412,1138057000,9.103192066837629
202412,1138058000,8.84131919298834
202412,1138059000,8.654897178826252
202412,1138060000,9.043498032204536
202412,1138062500,8.579350210590801
202412,1138063100,8.719034675408455
202412,1138063200,8.46007603407971
202412,1138064000,8.83538705613865
202412,1138065000,8.26574467429553
202412,1138069000,8.532419524719762
202412,1141052000,9.071179232299633
202412,1141055500,9.225776531388284
202412,1141056500,8.950246690027903
202412,1141058500,9.16704716796412
202412,1141061500,8.876065309541573
202412,1141062000,8.652888663878633
202412,1141064000,9.279270437585277
202412,1141065500,8.746205671958863
202412,1141066000,8.70870464960721
202412,1141068500,8.563586625797196
202412,1141069000,9.281546767330417
202412,1141070000,8.80328215563746
202412,1141071000,8.338707821040506
202412,1141072000,8.822972373530947
202412,1144055500,9.305258891639946
202412,1144056500,9.153531198102913
202412,1144058500,9.458249887435898
202412,1144059000,9.736749720239173
202412,1144060000,9.453693426866865
202412,1144061000,8.803408803336513
202412,1144063000,8.66350857611417
202412,1144065500,8.982937313202408
202412,1144066000,9.778651563766314
202412,1144068000,9.314469143865146
202412,1144069000,9.18717321706848
202412,1144070000,9.044498256012448
202412,1144071000,9.134358313573085
202412,1144072000,8.81341904604569
202412,1144073000,8.754725106623349
202412,1144074000,9.177368978859292
202412,1147051000,9.547998695240038
202412,1147052000,8.76085340141211
202412,1147053000,9.239403428475873
202412,1147054000,8.85578108353723
202412,1147055000,9.383813306222
202412,1147056000,8.857310230651887
202412,1147057000,8.759144783247855
202412,1147058000,8.513242949427257
202412,1147059000,8.915361518014683
202412,1147060000,8.7075687302149
202412,1147061000,9.3888075271922
202412,1147061100,8.559586292440823
202412,1147062000,9.448956558705172
202412,1147063000,9.22176084550042
202412,1147064000,8.738000536775731
202412,1147065000,9.122399296092697
202412,1147067000,8.700004666495015
202412,1147068000,9.222512000328672
202412,1150051000,9.162584734316365
202412,1150052000,9.31251269238675
202412,1150053000,8.498872420366245
202412,1150053500,9.242086887179724
202412,1150054000,9.063359438574954
202412,1150055000,8.511095285216275
202412,1150056000,8.954228155635544
202412,1150057000,8.884457588828633
202412,1150059000,8.684311633632195
202412,1150059100,8.885310239250297
202412,1150059300,8.501516606158239
202412,1150060300,9.259607852692936
202412,1150060400,9.093405684574313
202412,1150060500,8.912006205128444
202412,1150061100,9.441384719255865
202412,1150061500,8.940450085824525
202412,1150062000,8.788206883693226
202412,1150063000,9.100979284841287
202412,1150064000,8.64900282499448
202412,1153051000,8.970229768761975
202412,1153052000,8.647476988547247
202412,1153053000,9.656164326925229
202412,1153054000,9.420888066703789
202412,1153055000,9.133550770498085
202412,1153056000,9.307864921021904
202412,1153059500,9.026431758067702
202412,1153072000,9.053879581538004
202412,1153073000,8.940274097953596
202412,1153074000,8.722652607965033
202412,1153075000,8.710609495117628
202412,1153076000,8.626486376317583
202412,1153077000,8.92970622378287
202412,1153078000,8.49333398659623
202412,1153079000,8.44254622943327
202412,1153080000,6.459813825675681
202412,1154551000,10.043065595751068
202412,1154561000,9.495712371354976
202412,1154562000,8.921915225828574
202412,1154563000,9.035726682082954
202412,1154564000,8.68975423185285
202412,1154567000,9.189175591586602
202412,1154568000,8.065563157765931
202412,1154569000,8.628667269050759
202412,1154570000,8.429791083756713
202412,1154571000,9.02972290711334
202412,1156051500,9.41646482567626
202412,1156053500,9.810239172656422
202412,1156054000,9.934745009972092
202412,1156055000,9.706914342276937
202412,1156056000,9.186805201663915
202412,1156058500,8.559467105173201
202412,1156060500,9.684004392879116
202412,1156061000,9.038430196157984
202412,1156062000,9.154022936600509
202412,1156063000,9.03167660161339
202412,1156065000,9.19594154845302
202412,1156066000,8.663791582465079
202412,1156067000,9.019754543665732
202412,1156068000,9.19436092240326
202412,1156069000,8.758452240460642
202412,1156070000,9.156969882849031
202412,1156071000,9.184962428917125
202412,1156072000,9.637720404223964
202412,1159051000,10.131681719694392
202412,1159052000,11.121255383046176
202412,1159053000,9.044623647727777
202412,1159054000,8.919191004283508
202412,1159055000,9.06224540451546
202412,1159056000,8.593303470885427
202412,1159060500,9.184795955160885
202412,1159062000,9.243513511134164
202412,1159063000,9.330771486591484
202412,1159064000,8.697543129934651
202412,1159065000,9.067652490415874
202412,1159065100,8.302680533296858
202412,1159066000,9.082594345074288
202412,1159067000,8.76404369303545
202412,1159068000,8.991797646598451
202412,1162052500,8.780435559455375
202412,1162054500,8.398611911989452
202412,1162056500,8.437779233542642
202412,1162057500,8.892523749313892
202412,1162058500,9.031711631626322
202412,1162059500,9.154474406597158
202412,1162060500,8.866471390361896
202412,1162061500,9.167822660620224
202412,1162062500,9.04788578385377
202412,1162063000,8.920096313955387
202412,1162064500,9.237502088362126
202412,1162065500,8.742222680079523
202412,1162066500,8.452823106996963
202412,1162068500,8.97950356848277
202412,1162069500,9.244387600432518
202412,1162071500,8.18416950797067
202412,1162072500,9.291958793975391
202412,1162073500,8.578623615425789
202412,1162074500,8.416484386821896
202412,1162076500,8.722938735282437
202412,1162077500,8.615517976523293
202412,1165051000,9.422344006137168
202412,1165052000,9.735142913703957
202412,1165053000,9.47418107599056
202412,1165053100,9.906726115994486
202412,1165054000,9.510355711819292
202412,1165055000,9.196908563365284
202412,1165056000,9.530603845267343
202412,1165057000,9.389029862613052
202412,1165058000,10.02603617517823
202412,1165058100,9.497986706496263
202412,1165059000,9.444471262154794
202412,1165060000,9.635567961821128
202412,1165061000,9.402663394075477
202412,1165062000,9.24367055884388
202412,1165062100,9.331185056023363
202412,1165065100,9.361544551935443
202412,1165065200,9.481992598258612
202412,1165066000,8.413736918712424
202412,1168051000,10.126034287217909
202412,1168052100,9.872369622483284
202412,1168053100,9.780216340174228
202412,1168054500,10.241003925342708
202412,1168056500,10.067449282308509
202412,1168058000,9.949382357737838
202412,1168059000,9.44115140470055
202412,1168060000,9.979336744812809
202412,1168061000,9.806721208442674
202412,1168063000,9.923783227286204
202412,1168064000,9.956336169770784
202412,1168065000,9.40289744007471
202412,1168065500,9.42786503712876
202412,1168065600,9.711295992193302
202412,1168066000,7.101805727513385
202412,1168067000,9.071059873551544
202412,1168067500,8.538525323841466
202412,1168069000,9.30995575624342
202412,1168070000,8.930746508832996
202412,1168072000,8.727706432951203
202412,1168073000,9.30158428555148
202412,1168075000,9.604785403380394
202412,1171051000,8.73562050999112
202412,1171052000,8.697037466332896
202412,1171053100,9.062182363607771
202412,1171053200,8.987454974806793
202412,1171054000,9.3964611830603
202412,1171055000,9.20727416809793
202412,1171056100,9.334898366741603
202412,1171056200,9.440971417003592
202412,1171056600,8.618449649084255
202412,1171057000,9.160829123086568
202412,1171058000,9.294718864206038
202412,1171059000,9.08148250124288
202412,1171060000,9.3686289154068
202412,1171061000,9.284353427440708
202412,1171062000,9.164570927129722
202412,1171063100,10.48538959848391
202412,1171063200,9.251822869012722
202412,1171064100,9.064472526139264
202412,1171064200,9.677645284937835
202412,1171064600,9.01156868384699
202412,1171064700,8.144607791625925
202412,1171065000,9.628453174947374
202412,1171067000,9.570163597233718
202412,1171068000,9.384563864978746
202412,1171069000,9.048443921688554
202412,1171071000,10.116176855020315
202412,1171072000,8.815681016580061
202412,1174051500,8.523236379788685
202412,1174052500,8.273681739696825
202412,1174052600,8.641761380534735
202412,1174053000,9.315945533628549
202412,1174054000,9.772360535486763
202412,1174055000,8.457676770644197
202412,1174056000,9.019783411639423
202412,1174057000,8.843502319098176
202412,1174058000,9.141164675403116
202412,1174059000,9.047587172046589
202412,1174060000,8.879457486689434
202412,1174061000,9.389641406243568
202412,1174062000,8.935579751994059
202412,1174064000,9.20108577805248
202412,1174065000,9.279916401197596
202412,1174066000,9.219994940085948
202412,1174068500,9.091787966846294
202412,1174069000,8.844902293177059
202412,1174070000,8.742489081583576
202501,1111051500,9.03838917551025
202501,1111053000,9.59335189609755
202501,1111054000,9.78070403708073
202501,1111055000,8.505519657825356
202501,1111056000,8.337635505795308
202501,1111057000,9.174750655832405
202501,1111058000,8.738709302217798
202501,1111060000,9.320012993272362
202501,1111061500,10.176757683874404
202501,1111063000,9.785538478699571
202501,1111064000,9.037352667171984
202501,1111065000,9.14073031529899
202501,1111067000,9.951536810904813
202501,1111068000,8.888542908067123
202501,1111069000,7.595459966718683
202501,1111070000,8.570778805703783
202501,1111071000,9.171394118385347
202501,1114052000,9.967744399066486
202501,1114054000,10.039034208018675
202501,1114055000,9.804090489140668
202501,1114057000,9.27553503121128
202501,1114058000,9.118379173486264
202501,1114059000,9.807278284120477
202501,1114060500,10.3108135431501
202501,1114061500,9.627336369711887
202501,1114062500,9.272915898249067
202501,1114063500,9.23181228772435
202501,1114064500,8.959961984908993
202501,1114065000,9.369964930226056
202501,1114066500,9.225204190581882
202501,1114067000,9.521005676052807
202501,1114068000,9.323660868917475
202501,1117051000,9.05658618193621
202501,1117052000,8.847715830227951
202501,1117053000,9.590554086428632
202501,1117055500,9.031150066207786
202501,1117056000,9.837878553080293
202501,1117057000,9.522163928712525
202501,1117058000,8.998230076947989
202501,1117059000,9.372828634135209
202501,1117062500,10.33051874054788
202501,1117063000,9.226850361394032
202501,1117064000,9.099459653352096
202501,1117065000,9.825330869555062
202501,1117066000,8.909080290708648
202501,1117068500,9.600213933598186
202501,1117069000,8.423544536329604
202501,1117070000,9.14941901538235
202501,1120052000,9.04207867055212
202501,1120053500,9.127387878225877
202501,1120054000,8.925199166218047
202501,1120055000,9.071857963436544
202501,1120056000,9.395434881536032
202501,1120057000,8.36375651734068
202501,1120058000,7.97100388891915
202501,1120059000,8.372656502756767
202501,1120061500,8.758730324252374
202501,1120062000,9.142154489336058
202501,1120064500,8.698872205648435
202501,1120065000,9.107824130940426
202501,1120066000,9.594721456363926
202501,1120067000,9.7119802639238
202501,1120069000,9.692426461538195
202501,1120072000,8.541381139553858
202501,1120079000,9.201095573781243
202501,1121571000,9.318776804374858
202501,1121573000,9.124297226663256
202501,1121574000,9.338008696386828
202501,1121575000,9.06179533334119
202501,1121576000,8.832581100931849
202501,1121577000,8.656931586290147
202501,1121578000,9.207684112821925
202501,1121581000,8.97482515805372
202501,1121582000,9.081840023775662
202501,1121583000,8.630302439923648
202501,1121584000,9.1087143764993
202501,1121584700,9.129921309458611
202501,1121585000,9.305656771228085
202501,1121586000,8.80702465745546
202501,1121587000,9.510694517913398
202501,1123053600,9.379522745304724
202501,1123054500,10.461090763427883
202501,1123056000,8.999371791722465
202501,1123057000,8.711329952327155
202501,1123060000,9.09459032698089
202501,1123061000,8.81188675643665
202501,1123065000,9.558344351645886
202501,1123066000,9.311793516110432
202501,1123070500,9.276397055421574
202501,1123071000,9.05575044373534
202501,1123072000,8.998949257727656
202501,1123073000,8.544689935814784
202501,1123074000,8.895779080504811
202501,1123075000,8.409797369585071
202501,1126052000,8.668160926135762
202501,1126054000,8.55877228580102
202501,1126055000,8.489278781349766
202501,1126056500,8.968709560690824
202501,1126057000,9.07478227589448
202501,1126057500,8.897840554541043
202501,1126058000,8.50835118281403
202501,1126059000,9.327325653452784
202501,1126060000,8.688124186055822
202501,1126061000,9.007350505666215
202501,1126062000,8.882102769877543
202501,1126063000,8.863459357020982
202501,1126065500,8.923158639745672
202501,1126066000,8.731292671245082
202501,1126068000,8.709460324416911
202501,1126069000,9.16512032401998
202501,1129052500,8.856420436081548
202501,1129055500,9.311879473779822
202501,1129057500,9.293358049959368
202501,1129058000,8.648669550023577
202501,1129059000,8.761791200116871
202501,1129060000,8.962130728697918
202501,1129061000,8.66356993484539
202501,1129062000,8.64350013027752
202501,1129063000,8.469602611688158
202501,1129064000,8.594471754346081
202501,1129065000,8.610801698534265
202501,1129066000,8.515496171766996
202501,1129068500,8.905047967160465
202501,1129070500,8.811990814817428
202501,1129071500,8.689624644611985
202501,1129072500,8.893421860073838
202501,1129076000,8.268422942249828
202501,1129077000,8.801678836186403
202501,1129078000,8.613407255376279
202501,1129081000,8.948533613868523
202501,1130553400,8.526564146230607
202501,1130553500,9.063569443432277
202501,1130554500,9.18320202139107
202501,1130555500,9.015086551086654
202501,1130557500,8.568501228545909
202501,1130559500,9.301888441634514
202501,1130560300,8.037146872376695
202501,1130560800,8.655411039200303
202501,1130561500,9.238247269492089
202501,1130562500,8.73307726926586
202501,1130563500,9.244535422481004
202501,1130564500,8.704548517571386
202501,1130566000,8.428249032011498
202501,1132051100,8.887835260643577
202501,1132051200,8.45839130808631
202501,1132051300,8.812996125924261
202501,1132051400,8.706582594689824
202501,1132051500,9.29210935668848
202501,1132052100,8.91386652100089
202501,1132052200,8.399195832904647
202501,1132066000,8.447485045317261
202501,1132067000,8.792259230746025
202501,1132068000,9.002563366849447
202501,1132068100,8.499545055504862
202501,1132069000,9.059918207346932
202501,1132070000,9.152717790685337
202501,1132071000,8.380154968870363
202501,1135056000,8.695924507769677
202501,1135057000,8.069942963509206
202501,1135058000,8.281077763929385
202501,1135059500,8.974684584592481
202501,1135060000,8.699567002164555
202501,1135061100,9.091672005197855
202501,1135061200,8.116470687347126
202501,1135061900,9.038703825285497
202501,1135062100,8.515027779466267
202501,1135062400,9.171890535528274
202501,1135062500,9.177583338809052
202501,1135063000,8.780834612319724
202501,1135064000,9.453969332537298
202501,1135066500,8.354270227844346
202501,1135067000,8.876750513203952
202501,1135069500,9.386065656456832
202501,1135070000,8.671644233798835
202501,1135071000,8.838888626867485
202501,1135072000,8.29656549524161
202501,1138051000,8.8099179426614
202501,1138052000,8.91110409594546
202501,1138053000,8.70253018914369
202501,1138055100,9.289801162100078
202501,1138055200,9.070448675412102
202501,1138056000,8.271637126421732
202501,1138057000,9.03705645379673
202501,1138058000,8.807455514371474
202501,1138059000,8.627453548819206
202501,1138060000,9.010795307345106
202501,1138062500,8.543864568134904
202501,1138063100,8.680924490433195
202501,1138063200,8.43862826199725
202501,1138064000,8.780191143733173
202501,1138065000,8.23799414037755
202501,1138069000,8.48572030676007
202501,1141052000,9.051679223679695
202501,1141055500,9.208752227089924
202501,1141056500,8.939746648761023
202501,1141058500,9.226366198615198
202501,1141061500,8.880680867693583
202501,1141062000,8.625002444168084
202501,1141064000,9.246091819005906
202501,1141065500,8.717531846712781
202501,1141066000,8.713322521439288
202501,1141068500,8.550911063939525
202501,1141069000,9.25533097344926
202501,1141070000,8.790559613908586
202501,1141071000,8.298685431517688
202501,1141072000,8.780754354648229
202501,1144055500,9.292093325884414
202501,1144056500,9.113776403330672
202501,1144058500,9.435753195943176
202501,1144059000,9.723505291608872
202501,1144060000,9.464481325133226
202501,1144061000,8.803650443735362
202501,1144063000,8.652744053710693
202501,1144065500,8.981902473424972
202501,1144066000,9.787194669371912
202501,1144068000,9.316171652237076
202501,1144069000,9.166794217079596
202501,1144070000,9.017612883396804
202501,1144071000,9.131632269872322
202501,1144072000,8.792450531678625
202501,1144073000,8.726542953143337
202501,1144074000,9.163617417287524
202501,1147051000,9.526830251296143
202501,1147052000,8.712971394363114
202501,1147053000,9.205649168247168
202501,1147054000,8.82573063289733
202501,1147055000,9.374295802619113
202501,1147056000,8.82497414157855
202501,1147057000,8.733396650147204
202501,1147058000,8.489237155040252
202501,1147059000,8.877094258268846
202501,1147060000,8.66616620290969
202501,1147061000,9.35420823342628
202501,1147061100,8.517776206174057
202501,1147062000,9.426542435767848
202501,1147063000,9.19798696053037
202501,1147064000,8.702444649853359
202501,1147065000,9.083960335454428
202501,1147067000,8.698334380578535
202501,1147068000,9.196075869668272
202501,1150051000,9.159714957796629
202501,1150052000,9.308030276770909
202501,1150053000,8.457901559033205
202501,1150053500,9.22579943213476
202501,1150054000,8.988023206088208
202501,1150055000,8.45663057749348
202501,1150056000,8.934177076434011
202501,1150057000,8.856978074179127
202501,1150059000,8.642423484979101
202501,1150059100,8.856964496513609
202501,1150059300,8.528471608414323
202501,1150060300,9.267967474497617
202501,1150060400,9.06113893363614
202501,1150060500,8.94802316408657
202501,1150061100,9.430277476485667
202501,1150061500,8.915491726222022
202501,1150062000,8.762596897504707
202501,1150063000,9.078055703045836
202501,1150064000,8.634193943466526
202501,1153051000,8.951032820348168
202501,1153052000,8.6119100112842
202501,1153053000,9.63168398835038
202501,1153054000,9.40231669631537
202501,1153055000,9.091047825267308
202501,1153056000,9.285193080555011
202501,1153059500,8.989811889348415
202501,1153072000,9.038163217746447
202501,1153073000,8.911879111428513
202501,1153074000,8.68980444327542
202501,1153075000,8.670880019817893
202501,1153076000,8.57368628640089
202501,1153077000,8.912438430474786
202501,1153078000,8.448985038414419
202501,1153079000,8.426398720936982
202501,1153080000,6.455241003014431
202501,1154551000,10.050155550645549
202501,1154561000,9.500934987017809
202501,1154562000,8.882648858506906
202501,1154563000,9.015190253416645
202501,1154564000,8.640978631359442
202501,1154567000,9.173502816359694
202501,1154568000,8.032708078998303
202501,1154569000,8.603225004838464
202501,1154570000,8.383312670721422
202501,1154571000,8.98304461285804
202501,1156051500,9.39253947263786
202501,1156053500,9.817055324286448
202501,1156054000,9.952714369932425
202501,1156055000,9.748058824497011
202501,1156056000,9.171160499754524
202501,1156058500,8.544359474382489
202501,1156060500,9.6643552850594
202501,1156061000,9.02440015306474
202501,1156062000,9.238739450720631
202501,1156063000,9.002849318048591
202501,1156065000,9.155815754748025
202501,1156066000,8.619882323835975
202501,1156067000,9.009555823950029
202501,1156068000,9.171224007427949
202501,1156069000,8.722541135831568
202501,1156070000,9.127443892506315
202501,1156071000,9.13428616995777
202501,1156072000,9.608404113411476
202501,1159051000,10.064931449181616
202501,1159052000,11.121562723852565
202501,1159053000,9.036514365752293
202501,1159054000,8.882018833503501
202501,1159055000,9.054170711636257
202501,1159056000,8.55668402896979
202501,1159060500,9.209330722639011
202501,1159062000,9.226248842874242
202501,1159063000,9.306766693722777
202501,1159064000,8.660742784562379
202501,1159065000,9.056852441401974
202501,1159065100,8.265407587864665
202501,1159066000,9.072107841404756
202501,1159067000,8.74078021663342
202501,1159068000,8.965947317724465
202501,1162052500,8.739619810844895
202501,1162054500,8.367240952310512
202501,1162056500,8.412060756418565
202501,1162057500,8.882455624616561
202501,1162058500,9.056584353824736
202501,1162059500,9.133279579759844
202501,1162060500,8.830103566794882
202501,1162061500,9.158110350402184
202501,1162062500,9.017403109684452
202501,1162063000,8.899616789147595
202501,1162064500,9.20627241952187
202501,1162065500,8.726011465729695
202501,1162066500,8.432082185200754
202501,1162068500,8.94823263653659
202501,1162069500,9.231966565795508
202501,1162071500,8.142063981405451
202501,1162072500,9.300759913785772
202501,1162073500,8.604007898637064
202501,1162074500,8.382774747559733
202501,1162076500,8.688009905549135
202501,1162077500,8.584587134061904
202501,1165051000,9.413231134896316
202501,1165052000,9.728558979460097
202501,1165053000,9.478385740316684
202501,1165053100,9.911065599358231
202501,1165054000,9.50114497240495
202501,1165055000,9.25557245135474
202501,1165056000,9.528318297313607
202501,1165057000,9.376859622450828
202501,1165058000,10.01328989931717
202501,1165058100,9.503232750684925
202501,1165059000,9.43057549174243
202501,1165060000,9.615106749369168
202501,1165061000,9.40211280817056
202501,1165062000,9.236894644933068
202501,1165062100,9.329441678642258
202501,1165065100,9.34394741395396
202501,1165065200,9.473038223708128
202501,1165066000,8.402807287523618
202501,1168051000,10.154069744714056
202501,1168052100,9.872077792139144
202501,1168053100,9.79010638202998
202501,1168054500,10.249889571508785
202501,1168056500,10.076261712750108
202501,1168058000,9.976324456676474
202501,1168059000,9.434526306825944
202501,1168060000,9.947496111352327
202501,1168061000,9.806187815555486
202501,1168063000,9.87970692669069
202501,1168064000,9.953927438509009
202501,1168065000,9.396294029517708
202501,1168065500,9.41899114681013
202501,1168065600,9.672584663564113
202501,1168066000,7.103342407115696
202501,1168067000,9.063642628896147
202501,1168067500,8.535178407889232
202501,1168069000,9.289554799884842
202501,1168070000,8.91317299929393
202501,1168072000,8.733759398054561
202501,1168073000,9.279660416320189
202501,1168075000,9.600374552108445
202501,1171051000,8.70795258261366
202501,1171052000,8.690983546044777
202501,1171053100,9.00579733035905
202501,1171053200,8.955829435035653
202501,1171054000,9.34339286430642
202501,1171055000,9.177193931476502
202501,1171056100,9.322557679519766
202501,1171056200,9.438580710190434
202501,1171056600,8.612370529894733
202501,1171057000,9.118904598464663
202501,1171058000,9.269036559819115
202501,1171059000,9.076081788054672
202501,1171060000,9.369132367096594
202501,1171061000,9.230052496990313
202501,1171062000,9.153769343402626
202501,1171063100,10.464365573307058
202501,1171063200,9.220995319123972
202501,1171064100,9.049788107917918
202501,1171064200,9.686543324433783
202501,1171064600,8.968813356720409
202501,1171064700,8.124343956155007
202501,1171065000,9.621142501750434
202501,1171067000,9.559199158204722
202501,1171068000,9.41023242775833
202501,1171069000,9.017105763956655
202501,1171071000,10.146200557045107
202501,1171072000,8.822383331712887
202501,1174051500,8.487777169616376
202501,1174052500,8.218548963482547
202501,1174052600,8.631064909292343
202501,1174053000,9.291741197842368
202501,1174054000,9.75142915797721
202501,1174055000,8.454967050833684
202501,1174056000,9.033447985542958
202501,1174057000,8.810661678473814
202501,1174058000,9.109134482439044
202501,1174059000,9.044448353418728
202501,1174060000,8.84261768324893
202501,1174061000,9.373557612365913
202501,1174062000,8.910487773849763
202501,1174064000,9.1694911920193
202501,1174065000,9.252178342821852
202501,1174066000,9.202703698518828
202501,1174068500,9.06553398733733
202501,1174069000,8.630092969997063
202501,1174070000,8.7165828966472
202502,1111051500,9.049173913873563
202502,1111053000,9.556345214585829
202502,1111054000,9.761200821430323
202502,1111055000,8.506879605060071
202502,1111056000,8.382154068428454
202502,1111057000,9.179832095471166
202502,1111058000,8.772265795939127
202502,1111060000,9.270838916226394
202502,1111061500,10.1825745202734
202502,1111063000,9.749539877352012
202502,1111064000,9.019880959729065
202502,1111065000,9.13195053602565
202502,1111067000,9.92374950785488
202502,1111068000,8.930971331497293
202502,1111069000,7.658647369051255
202502,1111070000,8.612137271689399
202502,1111071000,9.193015026626842
202502,1114052000,9.941320558389505
202502,1114054000,10.007751044298134
202502,1114055000,9.7656086619246
202502,1114057000,9.24784252952137
202502,1114058000,9.110970759103964
202502,1114059000,9.787060504069352
202502,1114060500,10.263664705814785
202502,1114061500,9.561574678123256
202502,1114062500,9.296739643960558
202502,1114063500,9.287145736798934
202502,1114064500,8.981337395270568
202502,1114065000,9.404679484854045
202502,1114066500,9.244345327429686
202502,1114067000,9.545237186333605
202502,1114068000,9.30973366350702
202502,1117051000,9.099358127519585
202502,1117052000,8.878241214032707
202502,1117053000,9.594130259945556
202502,1117055500,9.033674764894483
202502,1117056000,9.841345518705465
202502,1117057000,9.534978581982536
202502,1117058000,9.04635907316859
202502,1117059000,9.436342602734328
202502,1117062500,10.319644185658882
202502,1117063000,9.260086907601051
202502,1117064000,9.13447038928872
202502,1117065000,9.856299793820549
202502,1117066000,8.943456519174923
202502,1117068500,9.639178182593673
202502,1117069000,8.538617825788297
202502,1117070000,9.216987762296837
202502,1120052000,9.08610523720642
202502,1120053500,9.141722343659977
202502,1120054000,8.966458366102074
202502,1120055000,9.059327924097971
202502,1120056000,9.428337668255558
202502,1120057000,8.41916820609338
202502,1120058000,8.053563036796229
202502,1120059000,8.450965567679567
202502,1120061500,8.806849430587064
202502,1120062000,9.168518894002732
202502,1120064500,8.750642219990853
202502,1120065000,9.097647179086652
202502,1120066000,9.632683009184012
202502,1120067000,9.723725020159286
202502,1120069000,9.663748354767016
202502,1120072000,8.569193701093935
202502,1120079000,9.211919515490028
202502,1121571000,9.32837389430716
202502,1121573000,9.144482457427683
202502,1121574000,9.382056633956834
202502,1121575000,9.09488209170862
202502,1121576000,8.865903339112734
202502,1121577000,8.710486716021034
202502,1121578000,9.190470138925123
202502,1121581000,9.009293482343235
202502,1121582000,9.117937578332969
202502,1121583000,8.684063157906925
202502,1121584000,9.12475045861168
202502,1121584700,9.165968173311333
202502,1121585000,9.336642162665107
202502,1121586000,8.839290677620525
202502,1121587000,9.535464630932092
202502,1123053600,9.397260140083326
202502,1123054500,10.510280920810684
202502,1123056000,9.051476436068814
202502,1123057000,8.76125289636494
202502,1123060000,9.14495044122918
202502,1123061000,8.864367321729251
202502,1123065000,9.601094090158892
202502,1123066000,9.367815034312182
202502,1123070500,9.337522059977791
202502,1123071000,9.051075469855148
202502,1123072000,9.0242983601251
202502,1123073000,8.583414343695122
202502,1123074000,8.854024694037648
202502,1123075000,8.472930650298299
202502,1126052000,8.710593798877978
202502,1126054000,8.594651763504347
202502,1126055000,8.52898047822704
202502,1126056500,9.025394113545564
202502,1126057000,9.13707439666806
202502,1126057500,8.94580555594956
202502,1126058000,8.563408402805122
202502,1126059000,9.370469001965311
202502,1126060000,8.75452307030629
202502,1126061000,9.068725729769238
202502,1126062000,8.898194768160328
202502,1126063000,8.905870164715033
202502,1126065500,8.989245655288922
202502,1126066000,8.771986525732217
202502,1126068000,8.766788964542963
202502,1126069000,9.219269401706802
202502,1129052500,8.907899309421031
202502,1129055500,9.349214961689876
202502,1129057500,9.307508724470669
202502,1129058000,8.715422369279832
202502,1129059000,8.79909424309182
202502,1129060000,8.947099243922008
202502,1129061000,8.69682996944379
202502,1129062000,8.69955695948826
202502,1129063000,8.522130400292253
202502,1129064000,8.579005245498836
202502,1129065000,8.659234116757949
202502,1129066000,8.57352990379438
202502,1129068500,8.937765081299908
202502,1129070500,8.859212223723086
202502,1129071500,8.735722018223333
202502,1129072500,8.925485864983392
202502,1129076000,8.318436033323858
202502,1129077000,8.847700993911502
202502,1129078000,8.764348556104173
202502,1129081000,8.982295626666716
202502,1130553400,8.592050597470633
202502,1130553500,9.105847195259786
202502,1130554500,9.225256147872368
202502,1130555500,9.056916057951486
202502,1130557500,8.590795122905737
202502,1130559500,9.329657467337372
202502,1130560300,8.055086680584942
202502,1130560800,8.716703177077953
202502,1130561500,9.28158662717416
202502,1130562500,8.765574090072239
202502,1130563500,9.295276201975348
202502,1130564500,8.74074912404692
202502,1130566000,8.486250886017489
202502,1132051100,8.94035282496858
202502,1132051200,8.519966642161599
202502,1132051300,8.881483963592542
202502,1132051400,8.76262384782114
202502,1132051500,9.339691176730287
202502,1132052100,8.964012843858733
202502,1132052200,8.441860111057691
202502,1132066000,8.498296975173892
202502,1132067000,8.840454709378989
202502,1132068000,9.038682785448843
202502,1132068100,8.55779403107345
202502,1132069000,9.10286585135791
202502,1132070000,9.21977804292631
202502,1132071000,8.432621311104578
202502,1135056000,8.723579711552924
202502,1135057000,8.085788498461966
202502,1135058000,8.341084742892193
202502,1135059500,9.014044322532364
202502,1135060000,8.720284076169799
202502,1135061100,9.148330097688277
202502,1135061200,8.145174119295516
202502,1135061900,9.090478818870102
202502,1135062100,8.566700796110654
202502,1135062400,9.235491262683643
202502,1135062500,9.238684388919795
202502,1135063000,8.83679313646954
202502,1135064000,9.508653018622809
202502,1135066500,8.414531787145982
202502,1135067000,8.910948029400412
202502,1135069500,9.426459350957064
202502,1135070000,8.730642127728784
202502,1135071000,8.90419979849997
202502,1135072000,8.351647468645535
202502,1138051000,8.85072671251343
202502,1138052000,8.957094181545564
202502,1138053000,8.766835887512705
202502,1138055100,9.344437932224182
202502,1138055200,9.12283198426548
202502,1138056000,8.331785261445736
202502,1138057000,9.080120427633847
202502,1138058000,8.849313827227743
202502,1138059000,8.688587951287673
202502,1138060000,9.060149415481598
202502,1138062500,8.600680124934877
202502,1138063100,8.751028122630252
202502,1138063200,8.509347295031903
202502,1138064000,8.815707488584511
202502,1138065000,8.289947252344083
202502,1138069000,8.5062752406626
202502,1141052000,9.10034991878872
202502,1141055500,9.256711777306633
202502,1141056500,8.94911406402999
202502,1141058500,9.212678728954824
202502,1141061500,8.913436092320724
202502,1141062000,8.685164638032935
202502,1141064000,9.291398971712466
202502,1141065500,8.781389909437712
202502,1141066000,8.814470603055382
202502,1141068500,8.597596567089722
202502,1141069000,9.30702701045074
202502,1141070000,8.829788088712123
202502,1141071000,8.339860113580658
202502,1141072000,8.835838400263956
202502,1144055500,9.32172140925736
202502,1144056500,9.148226360648591
202502,1144058500,9.438793987304336
202502,1144059000,9.76214776084409
202502,1144060000,9.449852108601728
202502,1144061000,8.833214834569393
202502,1144063000,8.680692805250485
202502,1144065500,8.98401330138796
202502,1144066000,9.794193707340748
202502,1144068000,9.341577593832602
202502,1144069000,9.197828096396384
202502,1144070000,9.081172769209182
202502,1144071000,9.162114111989707
202502,1144072000,8.821508995873375
202502,1144073000,8.76057019977212
202502,1144074000,9.169513431983932
202502,1147051000,9.57355443786484
202502,1147052000,8.757448887119118
202502,1147053000,9.263686772456255
202502,1147054000,8.871510637709578
202502,1147055000,9.424647945675083
202502,1147056000,8.885106464956925
202502,1147057000,8.808858173876882
202502,1147058000,8.516890549500987
202502,1147059000,8.932992766984057
202502,1147060000,8.707402999849112
202502,1147061000,9.39041350103974
202502,1147061100,8.566589070842618
202502,1147062000,9.4663745880068
202502,1147063000,9.251018678935386
202502,1147064000,8.754748841184002
202502,1147065000,9.124554640132924
202502,1147067000,8.769924296660369
202502,1147068000,9.255178911211154
202502,1150051000,9.21906803289312
202502,1150052000,9.35290425581668
202502,1150053000,8.495680500807389
202502,1150053500,9.23262051831838
202502,1150054000,9.03267514957298
202502,1150055000,8.50108139384788
202502,1150056000,8.98538369200732
202502,1150057000,8.927003649839856
202502,1150059000,8.685403033166386
202502,1150059100,8.897660382474836
202502,1150059300,8.535227970155361
202502,1150060300,9.292716133945495
202502,1150060400,9.104940730435404
202502,1150060500,9.04420643049488
202502,1150061100,9.454262940401168
202502,1150061500,8.97960044250956
202502,1150062000,8.797378808605245
202502,1150063000,9.128836320133413
202502,1150064000,8.684677952799275
202502,1153051000,8.988447472983129
202502,1153052000,8.647676916787647
202502,1153053000,9.654625747938717
202502,1153054000,9.388679735798895
202502,1153055000,9.153018153680067
202502,1153056000,9.310804496815992
202502,1153059500,9.034110414871334
202502,1153072000,9.112434145914271
202502,1153073000,8.977118596306662
202502,1153074000,8.749541582268575
202502,1153075000,8.752056356242505
202502,1153076000,8.711202865371714
202502,1153077000,8.962406941133274
202502,1153078000,8.49427243922257
202502,1153079000,8.481019972181652
202502,1153080000,6.521272192107615
202502,1154551000,10.02853669898006
202502,1154561000,9.55475401542194
202502,1154562000,8.930399077286365
202502,1154563000,9.099664992791764
202502,1154564000,8.692966863595665
202502,1154567000,9.22721988893504
202502,1154568000,8.096659015536583
202502,1154569000,8.639380583470803
202502,1154570000,8.446638568422658
202502,1154571000,9.038372191496064
202502,1156051500,9.429443304462412
202502,1156053500,9.827997376838804
202502,1156054000,9.96150670674104
202502,1156055000,9.823529549794229
202502,1156056000,9.19782032408701
202502,1156058500,8.604272607889166
202502,1156060500,9.677056881506092
202502,1156061000,9.043169011396293
202502,1156062000,9.335605010059632
202502,1156063000,9.06076501338408
202502,1156065000,9.204643212502909
202502,1156066000,8.670446027260619
202502,1156067000,9.048443858404903
202502,1156068000,9.239441051657982
202502,1156069000,8.747695957841083
202502,1156070000,9.18896180762841
202502,1156071000,9.18285794526545
202502,1156072000,9.677839718550343
202502,1159051000,10.077993501132116
202502,1159052000,11.157966639765077
202502,1159053000,9.067424319324727
202502,1159054000,8.918841690989545
202502,1159055000,9.135258338088544
202502,1159056000,8.590555316058191
202502,1159060500,9.233742989018634
202502,1159062000,9.252011097571206
202502,1159063000,9.36021993645399
202502,1159064000,8.700661385311136
202502,1159065000,9.140394205567336
202502,1159065100,8.309793791586955
202502,1159066000,9.110179812213849
202502,1159067000,8.784476988284574
202502,1159068000,8.9676276770681
202502,1162052500,8.778784397163514
202502,1162054500,8.424101395645701
202502,1162056500,8.463567014919382
202502,1162057500,8.92981567794828
202502,1162058500,9.065568706435608
202502,1162059500,9.1579253940871
202502,1162060500,8.865483993406418
202502,1162061500,9.196261507972745
202502,1162062500,9.05494631784202
202502,1162063000,8.93430902844419
202502,1162064500,9.247036549149302
202502,1162065500,8.769152130123983
202502,1162066500,8.485859521929514
202502,1162068500,8.990493596539228
202502,1162069500,9.257179596653556
202502,1162071500,8.199931634588433
202502,1162072500,9.35729802245492
202502,1162073500,8.61437615203628
202502,1162074500,8.429095212913497
202502,1162076500,8.728882696170047
202502,1162077500,8.639971545889022
202502,1165051000,9.4325321476402
202502,1165052000,9.740480105757866
202502,1165053000,9.464958996234715
202502,1165053100,9.947452433679931
202502,1165054000,9.533968422012675
202502,1165055000,9.236273723268274
202502,1165056000,9.573577433116938
202502,1165057000,9.424262397433804
202502,1165058000,10.049852993048193
202502,1165058100,9.52269624452257
202502,1165059000,9.482211163742516
202502,1165060000,9.63394128510456
202502,1165061000,9.433664506411985
202502,1165062000,9.274547260431572
202502,1165062100,9.369718056734438
202502,1165065100,9.355792764981365
202502,1165065200,9.460171477735818
202502,1165066000,8.415639962038533
202502,1168051000,10.179921755203797
202502,1168052100,9.877762546545997
202502,1168053100,9.777911994364304
202502,1168054500,10.263077866871033
202502,1168056500,10.071367013400812
202502,1168058000,9.929316770384036
202502,1168059000,9.44476450580681
202502,1168060000,9.989875269738318
202502,1168061000,9.84351931914096
202502,1168063000,9.904793671287685
202502,1168064000,9.98238572645256
202502,1168065000,9.410787525387889
202502,1168065500,9.430858636395696
202502,1168065600,9.685606499836522
202502,1168066000,7.172675397578049
202502,1168067000,9.115278448405272
202502,1168067500,8.58542187718294
202502,1168069000,9.323947777545037
202502,1168070000,8.964845382068676
202502,1168072000,8.777670001426374
202502,1168073000,9.325223229844395
202502,1168075000,9.628738058721648
202502,1171051000,8.772508052632356
202502,1171052000,8.728996157171547
202502,1171053100,9.050363221435411
202502,1171053200,9.008387956569155
202502,1171054000,9.39130438619452
202502,1171055000,9.246827006027564
202502,1171056100,9.370556822097576
202502,1171056200,9.472822239085222
202502,1171056600,8.611329618518134
202502,1171057000,9.147983131897156
202502,1171058000,9.294127232679273
202502,1171059000,9.128268381495095
202502,1171060000,9.40397032563306
202502,1171061000,9.277358169221335
202502,1171062000,9.19445640201208
202502,1171063100,10.503095762196688
202502,1171063200,9.247785812887178
202502,1171064100,9.085149767803845
202502,1171064200,9.691058073696423
202502,1171064600,9.0194600390414
202502,1171064700,8.172209533274922
202502,1171065000,9.669680065638204
202502,1171067000,9.591570498596312
202502,1171068000,9.460611993116064
202502,1171069000,9.053353396030166
202502,1171071000,10.163454544492096
202502,1171072000,8.871676616213193
202502,1174051500,8.533100614524624
202502,1174052500,8.259725354833321
202502,1174052600,8.654392116907692
202502,1174053000,9.34797813670525
202502,1174054000,9.790245470543557
202502,1174055000,8.515217730451589
202502,1174056000,9.046369151441423
202502,1174057000,8.865132784595907
202502,1174058000,9.157438605926329
202502,1174059000,9.121554903683348
202502,1174060000,8.89130186687735
202502,1174061000,9.428632780674825
202502,1174062000,8.94492636709966
202502,1174064000,9.202710534911922
202502,1174065000,9.298010823054517
202502,1174066000,9.253742987599209
202502,1174068500,9.110512763340491
202502,1174069000,8.580990073170454
202502,1174070000,8.773186444071715
202503,1111051500,8.916025563618724
202503,1111053000,9.488345209003404
202503,1111054000,9.593305863881591
202503,1111055000,8.35814721415119
202503,1111056000,8.308259542653104
202503,1111057000,9.1114378519796
202503,1111058000,8.719265275210928
202503,1111060000,9.155202158850807
202503,1111061500,10.12992250721428
202503,1111063000,9.706629922675267
202503,1111064000,8.941719857696345
202503,1111065000,9.002154272362645
202503,1111067000,9.837875114340052
202503,1111068000,8.869666273605075
202503,1111069000,7.614467454360844
202503,1111070000,8.555522685113093
202503,1111071000,9.143463728836084
202503,1114052000,9.919841802560953
202503,1114054000,9.974995798786868
202503,1114055000,9.7338595666225
202503,1114057000,9.15218979057719
202503,1114058000,9.001269573537606
202503,1114059000,9.773803568835987
202503,1114060500,10.209511376665867
202503,1114061500,9.519698064275357
202503,1114062500,9.216382288289514
202503,1114063500,9.264153453985127
202503,1114064500,8.914333048862794
202503,1114065000,9.345347326855697
202503,1114066500,9.152755499639769
202503,1114067000,9.508353601084902
202503,1114068000,9.234689455997351
202503,1117051000,9.044631824475037
202503,1117052000,8.784551580356752
202503,1117053000,9.580602591896785
202503,1117055500,8.926686040605315
202503,1117056000,9.790845670336054
202503,1117057000,9.441736826476784
202503,1117058000,8.997945897860255
202503,1117059000,9.396984854585464
202503,1117062500,10.260124107627677
202503,1117063000,9.186230034144655
202503,1117064000,9.076389980343963
202503,1117065000,9.78536368958517
202503,1117066000,8.874101693116996
202503,1117068500,9.564813788917675
202503,1117069000,8.553471900630113
202503,1117070000,9.13284699610891
202503,1120052000,9.033882935214386
202503,1120053500,9.063533361414564
202503,1120054000,8.903630577360614
202503,1120055000,8.896681700381107
202503,1120056000,9.397301706428143
202503,1120057000,8.35214879473048
202503,1120058000,8.001091594051745
202503,1120059000,8.432861902943745
202503,1120061500,8.730184443451265
202503,1120062000,9.123868360504288
202503,1120064500,8.694778916002848
202503,1120065000,9.025854814899017
202503,1120066000,9.611557005871228
202503,1120067000,9.678954061599727
202503,1120069000,9.616274437443874
202503,1120072000,8.510567715267912
202503,1120079000,9.137465726549785
202503,1121571000,9.22533577602481
202503,1121573000,9.024205623016936
202503,1121574000,9.30890129883822
202503,1121575000,9.049695086328374
202503,1121576000,8.81115164105647
202503,1121577000,8.639013667023637
202503,1121578000,9.066900917059428
202503,1121581000,8.92425648491631
202503,1121582000,9.05211563408502
202503,1121583000,8.625739370388912
202503,1121584000,9.037152600242353
202503,1121584700,9.112816461346451
202503,1121585000,9.288298223447972
202503,1121586000,8.767767760901219
202503,1121587000,9.48322803264688
202503,1123053600,9.335615294606365
202503,1123054500,10.462219619651398
202503,1123056000,9.00279051232223
202503,1123057000,8.678531692318773
202503,1123060000,9.107187724144516
202503,1123061000,8.816959277985355
202503,1123065000,9.56679114837273
202503,1123066000,9.313550562861089
202503,1123070500,9.287264267986831
202503,1123071000,8.91426232545881
202503,1123072000,8.986005606755107
202503,1123073000,8.500930779781795
202503,1123074000,8.683022859156269
202503,1123075000,8.421297931918243
202503,1126052000,8.644815961506545
202503,1126054000,8.518825580065686
202503,1126055000,8.46341264721445
202503,1126056500,8.985255204424776
202503,1126057000,9.083721645776698
202503,1126057500,8.873497935370542
202503,1126058000,8.50173022993588
202503,1126059000,9.324084854181375
202503,1126060000,8.703018481177619
202503,1126061000,9.008747878482062
202503,1126062000,8.791056265149448
202503,1126063000,8.854270259291752
202503,1126065500,8.93240102727577
202503,1126066000,8.69263267193017
202503,1126068000,8.716203924058737
202503,1126069000,9.17532635730655
202503,1129052500,8.8400133463929
202503,1129055500,9.296838822865125
202503,1129057500,9.20667893023066
202503,1129058000,8.692732366128203
202503,1129059000,8.730076018163599
202503,1129060000,8.799711108517906
202503,1129061000,8.64156692716549
202503,1129062000,8.653709517999532
202503,1129063000,8.470648212882715
202503,1129064000,8.362448854556154
202503,1129065000,8.593570735859723
202503,1129066000,8.514676905941407
202503,1129068500,8.865815647973252
202503,1129070500,8.782521720258567
202503,1129071500,8.663992001290573
202503,1129072500,8.837740254213324
202503,1129076000,8.250888991782245
202503,1129077000,8.774094947456097
202503,1129078000,8.812392478851102
202503,1129081000,8.907344704970136
202503,1130553400,8.550585443346822
202503,1130553500,9.04584790822097
202503,1130554500,9.16928102875453
202503,1130555500,9.002004149572462
202503,1130557500,8.560112749027814
202503,1130559500,9.269803022323968
202503,1130560300,7.9451017999940605
202503,1130560800,8.660306148163922
202503,1130561500,9.22588073269962
202503,1130562500,8.680871233487201
202503,1130563500,9.245441487585554
202503,1130564500,8.641290303542535
202503,1130566000,8.423244618257556
202503,1132051100,8.883197205165258
202503,1132051200,8.457932260805608
202503,1132051300,8.824996523403668
202503,1132051400,8.701764293455472
202503,1132051500,9.288607224335388
202503,1132052100,8.888892747208889
202503,1132052200,8.37953097226479
202503,1132066000,8.398554106989957
202503,1132067000,8.782729714989713
202503,1132068000,8.956165826593484
202503,1132068100,8.495060839114366
202503,1132069000,9.04200994580634
202503,1132070000,9.178204853353757
202503,1132071000,8.362890529492436
202503,1135056000,8.607102305413608
202503,1135057000,7.958750090225339
202503,1135058000,8.277559697116844
202503,1135059500,8.956644538113473
202503,1135060000,8.61868012404916
202503,1135061100,9.055491453466292
202503,1135061200,8.109548230217847
202503,1135061900,9.053047561658168
202503,1135062100,8.52364532212084
202503,1135062400,9.175078134116935
202503,1135062500,9.180591005017154
202503,1135063000,8.779672203522505
202503,1135064000,9.463935893349102
202503,1135066500,8.35187208594588
202503,1135067000,8.88306543790294
202503,1135069500,9.37831809533315
202503,1135070000,8.679087221386185
202503,1135071000,8.841971867637705
202503,1135072000,8.299720644344648
202503,1138051000,8.7864665518174
202503,1138052000,8.898443982899131
202503,1138053000,8.725178551281415
202503,1138055100,9.288818763812936
202503,1138055200,9.06339597169463
202503,1138056000,8.266458928044761
202503,1138057000,9.031470069834796
202503,1138058000,8.788307281586311
202503,1138059000,8.648828198926477
202503,1138060000,9.00394830538333
202503,1138062500,8.546078432964471
202503,1138063100,8.712049565811071
202503,1138063200,8.45406167671966
202503,1138064000,8.752455960935189
202503,1138065000,8.24892882309019
202503,1138069000,8.410207088462633
202503,1141052000,9.02803262139292
202503,1141055500,9.18880339377784
202503,1141056500,8.883468026172883
202503,1141058500,9.07481961495119
202503,1141061500,8.853706847669503
202503,1141062000,8.660170747743798
202503,1141064000,9.152051691040652
202503,1141065500,8.81844321221077
202503,1141066000,8.794765606317121
202503,1141068500,8.515629220524959
202503,1141069000,9.251830479258311
202503,1141070000,8.740645130130666
202503,1141071000,8.272150613670664
202503,1141072000,8.777121179141213
202503,1144055500,9.269209826577285
202503,1144056500,9.09163750505148
202503,1144058500,9.370833858948844
202503,1144059000,9.703717095784626
202503,1144060000,9.326582461629616
202503,1144061000,8.773952864259028
202503,1144063000,8.617847882409409
202503,1144065500,8.854101989879682
202503,1144066000,9.755841121543328
202503,1144068000,9.289346127772795
202503,1144069000,9.149510327200188
202503,1144070000,9.021761998998572
202503,1144071000,9.09961166747987
202503,1144072000,8.758113378606705
202503,1144073000,8.696851007873837
202503,1144074000,9.116653598751164
202503,1147051000,9.529899577393977
202503,1147052000,8.6873528097671
202503,1147053000,9.224687240013228
202503,1147054000,8.821810085442431
202503,1147055000,9.389334511357928
202503,1147056000,8.831577134454026
202503,1147057000,8.780584420412433
202503,1147058000,8.43274038989288
202503,1147059000,8.887774498333965
202503,1147060000,8.628277322495821
202503,1147061000,9.363496669161789
202503,1147061100,8.489682956896353
202503,1147062000,9.44267707603376
202503,1147063000,9.202694688420372
202503,1147064000,8.689589700402745
202503,1147065000,9.050491449393707
202503,1147067000,8.712746670559664
202503,1147068000,9.191265832273691
202503,1150051000,9.184628542891776
202503,1150052000,9.321773435287694
202503,1150053000,8.414455161867632
202503,1150053500,9.174166578620152
202503,1150054000,9.00913870506495
202503,1150055000,8.45106188993084
202503,1150056000,8.903982516608686
202503,1150057000,8.87517460887147
202503,1150059000,8.613897185533327
202503,1150059100,8.831422653539219
202503,1150059300,8.454661092575577
202503,1150060300,9.250609202230402
202503,1150060400,9.036283507150982
202503,1150060500,9.02562133952954
202503,1150061100,9.384726297501958
202503,1150061500,8.956024711980318
202503,1150062000,8.734091802607615
202503,1150063000,9.070999481904463
202503,1150064000,8.644785518738775
202503,1153051000,8.941231501814904
202503,1153052000,8.568887623943278
202503,1153053000,9.595623537475085
202503,1153054000,9.34877083891612
202503,1153055000,9.121926120677331
202503,1153056000,9.25421074109533
202503,1153059500,8.993077372354152
202503,1153072000,9.036299237181344
202503,1153073000,8.933598074669886
202503,1153074000,8.68662722012726
202503,1153075000,8.704668113148813
202503,1153076000,8.641396148897414
202503,1153077000,8.899880579179532
202503,1153078000,8.41529590081924
202503,1153079000,8.405624853943419
202503,1153080000,6.501414998077074
202503,1154551000,10.000797312187787
202503,1154561000,9.542436010374931
202503,1154562000,8.862210700428214
202503,1154563000,9.139929031093809
202503,1154564000,8.637876463543632
202503,1154567000,9.180420279549423
202503,1154568000,8.04195432060224
202503,1154569000,8.569728614012064
202503,1154570000,8.391877125121711
202503,1154571000,8.980104016967172
202503,1156051500,9.355964004366696
202503,1156053500,9.796943168139205
202503,1156054000,9.887414064186268
202503,1156055000,9.818674268477183
202503,1156056000,9.135370249617528
202503,1156058500,8.574335202087948
202503,1156060500,9.617801138029533
202503,1156061000,8.99026196422006
202503,1156062000,9.357791066729837
202503,1156063000,9.006924912231622
202503,1156065000,9.160743979990832
202503,1156066000,8.615067286732858
202503,1156067000,9.00825067071013
202503,1156068000,9.190440376170486
202503,1156069000,8.722195562639179
202503,1156070000,9.140174316865131
202503,1156071000,9.136379001798057
202503,1156072000,9.6511775410322
202503,1159051000,9.986729358896286
202503,1159052000,11.064341217809606
202503,1159053000,8.980643021893416
202503,1159054000,8.849405272293266
202503,1159055000,9.108567348636074
202503,1159056000,8.531572454815976
202503,1159060500,9.124613377050856
202503,1159062000,9.196134026778344
202503,1159063000,9.301928630764507
202503,1159064000,8.648046333221194
202503,1159065000,9.087646177383638
202503,1159065100,8.241671070695586
202503,1159066000,9.052026372044155
202503,1159067000,8.721522885446038
202503,1159068000,8.946113352444815
202503,1162052500,8.701878231928795
202503,1162054500,8.386703922397206
202503,1162056500,8.440964832081882
202503,1162057500,8.899745928216156
202503,1162058500,8.949757269580447
202503,1162059500,9.101126648954198
202503,1162060500,8.793176038282365
202503,1162061500,9.14677343401847
202503,1162062500,8.995266103234435
202503,1162063000,8.874080415660083
202503,1162064500,9.187183357364052
202503,1162065500,8.71486806195064
202503,1162066500,8.440964597144662
202503,1162068500,8.946360430579606
202503,1162069500,9.20952008086118
202503,1162071500,8.146711838705173
202503,1162072500,9.344714427386084
202503,1162073500,8.48562891471495
202503,1162074500,8.343448072708838
202503,1162076500,8.624597838277934
202503,1162077500,8.575093814082178
202503,1165051000,9.382021685816389
202503,1165052000,9.710392183803286
202503,1165053000,9.409027633938116
202503,1165053100,9.915459775728984
202503,1165054000,9.484385907222858
202503,1165055000,9.081533298128678
202503,1165056000,9.54292476252012
202503,1165057000,9.36262830215375
202503,1165058000,10.004465848815949
202503,1165058100,9.47903783523003
202503,1165059000,9.43876087406699
202503,1165060000,9.55459676530218
202503,1165061000,9.381097962948155
202503,1165062000,9.210556053109167
202503,1165062100,9.316282328071075
202503,1165065100,9.296772864700232
202503,1165065200,9.387816127523813
202503,1165066000,8.35493291431792
202503,1168051000,10.142952220557795
202503,1168052100,9.856816222285454
202503,1168053100,9.736546649791634
202503,1168054500,10.208000654171004
202503,1168056500,10.016357779401025
202503,1168058000,9.860697746540223
202503,1168059000,9.39680201942786
202503,1168060000,9.961367506147136
202503,1168061000,9.819103993225273
202503,1168063000,9.880250861714536
202503,1168064000,9.9482643031771
202503,1168065000,9.36166141822984
202503,1168065500,9.3859729217534
202503,1168065600,9.601439493252288
202503,1168066000,7.134069538599477
202503,1168067000,9.06642262364228
202503,1168067500,8.52281556173
202503,1168069000,9.269072369397172
202503,1168070000,8.911949089619812
202503,1168072000,8.731797928480104
202503,1168073000,9.266365844275397
202503,1168075000,9.582074983803688
202503,1171051000,8.718940946225825
202503,1171052000,8.689409689720662
202503,1171053100,8.962262945547
202503,1171053200,8.95795432211532
202503,1171054000,9.329057370895905
202503,1171055000,9.205587196205451
202503,1171056100,9.321937347961605
202503,1171056200,9.4059971455631
202503,1171056600,8.560234923278381
202503,1171057000,9.071853341964928
202503,1171058000,9.240230383512417
202503,1171059000,9.074773126856943
202503,1171060000,9.3550671349341
202503,1171061000,9.218364106733697
202503,1171062000,9.145596288691836
202503,1171063100,10.460006378174665
202503,1171063200,9.209140261646905
202503,1171064100,9.002366647622901
202503,1171064200,9.665231681854149
202503,1171064600,8.967513406383127
202503,1171064700,8.103290101168234
202503,1171065000,9.622311440895032
202503,1171067000,9.499847205122876
202503,1171068000,9.464138743485206
202503,1171069000,8.988328218184554
202503,1171071000,10.13813154125216
202503,1171072000,8.816732529622573
202503,1174051500,8.472980655056148
202503,1174052500,8.175897440493754
202503,1174052600,8.574443863872737
202503,1174053000,9.304356063212904
202503,1174054000,9.74300309834877
202503,1174055000,8.454983412104328
202503,1174056000,8.979933088450908
202503,1174057000,8.804992189089228
202503,1174058000,9.103126900987789
202503,1174059000,9.067901792759628
202503,1174060000,8.839128184359446
202503,1174061000,9.384495377372785
202503,1174062000,8.874317699400514
202503,1174064000,9.150889984904396
202503,1174065000,9.26332591232656
202503,1174066000,9.210206599282431
202503,1174068500,9.057925251581564
202503,1174069000,8.523490005028108
202503,1174070000,8.737733222562031
202504,1111051500,8.930441859205324
202504,1111053000,9.531561946496282
202504,1111054000,9.657959996446085
202504,1111055000,8.424078181386275
202504,1111056000,8.352895162518989
202504,1111057000,9.152468019591051
202504,1111058000,8.74669954791694
202504,1111060000,9.241705479806848
202504,1111061500,10.142008808701046
202504,1111063000,9.719912441859332
202504,1111064000,8.94835441104979
202504,1111065000,9.058201432236896
202504,1111067000,9.878270897001082
202504,1111068000,8.919130982029976
202504,1111069000,7.658323492599646
202504,1111070000,8.601244336134325
202504,1111071000,9.188757244430034
202504,1114052000,9.926632092509424
202504,1114054000,9.991903097924776
202504,1114055000,9.74946675660181
202504,1114057000,9.143901997924736
202504,1114058000,9.043964057552794
202504,1114059000,9.796923214415395
202504,1114060500,10.226010161287128
202504,1114061500,9.562773123210834
202504,1114062500,9.235699670076356
202504,1114063500,9.31374257566049
202504,1114064500,8.952187237560333
202504,1114065000,9.379007768053196
202504,1114066500,9.241702488480495
202504,1114067000,9.53511013266473
202504,1114068000,9.273086006755689
202504,1117051000,9.092698746763856
202504,1117052000,8.846062067311019
202504,1117053000,9.60013030408578
202504,1117055500,8.978157036278077
202504,1117056000,9.830721693335631
202504,1117057000,9.50038835826241
202504,1117058000,9.018143921043974
202504,1117059000,9.418358356869613
202504,1117062500,10.30088671684605
202504,1117063000,9.230587165771118
202504,1117064000,9.086983730162048
202504,1117065000,9.833502765758723
202504,1117066000,8.916177700692515
202504,1117068500,9.615087963926142
202504,1117069000,8.601951027474396
202504,1117070000,9.163279320768858
202504,1120052000,9.0917068126572
202504,1120053500,9.093279254521397
202504,1120054000,8.929051643849288
202504,1120055000,8.960255786850853
202504,1120056000,9.394553991094917
202504,1120057000,8.385102316090194
202504,1120058000,8.036290203951118
202504,1120059000,8.449349066074259
202504,1120061500,8.75711951197155
202504,1120062000,9.178891352686396
202504,1120064500,8.747462187127075
202504,1120065000,9.048738656598326
202504,1120066000,9.63764346943713
202504,1120067000,9.728865877099848
202504,1120069000,9.623912726891266
202504,1120072000,8.540183809682649
202504,1120079000,9.1798307376593
202504,1121571000,9.264532219423328
202504,1121573000,9.067791759550866
202504,1121574000,9.349351370822532
202504,1121575000,9.082875093850252
202504,1121576000,8.86628352344208
202504,1121577000,8.67094342336041
202504,1121578000,9.090584782691977
202504,1121581000,8.962268667197257
202504,1121582000,9.090374454037654
202504,1121583000,8.634056836791272
202504,1121584000,9.118137580809126
202504,1121584700,9.147927815048552
202504,1121585000,9.318930192180355
202504,1121586000,8.813569711020836
202504,1121587000,9.521293928840844
202504,1123053600,9.368059763664087
202504,1123054500,10.482436631376297
202504,1123056000,9.036152822098762
202504,1123057000,8.693609738192208
202504,1123060000,9.158809069511332
202504,1123061000,8.850249670793746
202504,1123065000,9.595974778763496
202504,1123066000,9.330639385075695
202504,1123070500,9.30959067406253
202504,1123071000,8.969634962383342
202504,1123072000,9.035911870190947
202504,1123073000,8.563710582353288
202504,1123074000,8.762295584496327
202504,1123075000,8.46754909455077
202504,1126052000,8.68458254874051
202504,1126054000,8.54203717290389
202504,1126055000,8.4798900363711
202504,1126056500,9.021375112182936
202504,1126057000,9.1065764649781
202504,1126057500,8.923673575225436
202504,1126058000,8.52450093321129
202504,1126059000,9.3681973569825
202504,1126060000,8.754924353011067
202504,1126061000,9.052921017213285
202504,1126062000,8.851870071353753
202504,1126063000,8.888179906056594
202504,1126065500,8.960710051050688
202504,1126066000,8.762381960098027
202504,1126068000,8.760126887925107
202504,1126069000,9.199845111668871
202504,1129052500,8.889899830623538
202504,1129055500,9.333957512914033
202504,1129057500,9.250760592667628
202504,1129058000,8.710035809261324
202504,1129059000,8.765003586997556
202504,1129060000,8.866521584555828
202504,1129061000,8.701837175248938
202504,1129062000,8.695538482738302
202504,1129063000,8.516302260085713
202504,1129064000,8.409772987034057
202504,1129065000,8.640220099127886
202504,1129066000,8.52736879377906
202504,1129068500,8.914342843725223
202504,1129070500,8.789079863432404
202504,1129071500,8.703434777286047
202504,1129072500,8.883418642242537
202504,1129076000,8.292765979013113
202504,1129077000,8.77901038484037
202504,1129078000,8.821521650332409
202504,1129081000,8.94097378451859
202504,1130553400,8.592391377694003
202504,1130553500,9.07294540143421
202504,1130554500,9.202683984040842
202504,1130555500,9.038103209686916
202504,1130557500,8.594353131148205
202504,1130559500,9.307262976701322
202504,1130560300,8.001707401499251
202504,1130560800,8.691113204978741
202504,1130561500,9.263153119753476
202504,1130562500,8.74178727667396
202504,1130563500,9.271185133991327
202504,1130564500,8.70669745708141
202504,1130566000,8.460684089527794
202504,1132051100,8.922601603182668
202504,1132051200,8.485449175417184
202504,1132051300,8.855105861366576
202504,1132051400,8.741902868267381
202504,1132051500,9.323989878204596
202504,1132052100,8.922840295719629
202504,1132052200,8.420563315785545
202504,1132066000,8.434807034347008
202504,1132067000,8.823178845605304
202504,1132068000,9.009186714131909
202504,1132068100,8.524470566990333
202504,1132069000,9.070393998790475
202504,1132070000,9.20930698064587
202504,1132071000,8.40950252801214
202504,1135056000,8.656673859875792
202504,1135057000,8.00054824834707
202504,1135058000,8.323053539730912
202504,1135059500,8.99545729406592
202504,1135060000,8.673642970353981
202504,1135061100,9.09454324992866
202504,1135061200,8.138435698638343
202504,1135061900,9.068272344112309
202504,1135062100,8.535061420572921
202504,1135062400,9.21114620522503
202504,1135062500,9.213237790793189
202504,1135063000,8.810399411894755
202504,1135064000,9.502860443097628
202504,1135066500,8.381682017085096
202504,1135067000,8.909971359237536
202504,1135069500,9.399805259723058
202504,1135070000,8.715239218321752
202504,1135071000,8.873356495112981
202504,1135072000,8.328721114956451
202504,1138051000,8.829937531522537
202504,1138052000,8.937911926860512
202504,1138053000,8.744969215592073
202504,1138055100,9.313109308783318
202504,1138055200,9.092586606444783
202504,1138056000,8.301240366618778
202504,1138057000,9.065211144411318
202504,1138058000,8.825463327357298
202504,1138059000,8.673204421913514
202504,1138060000,9.041232828750836
202504,1138062500,8.589744914204347
202504,1138063100,8.729558429741763
202504,1138063200,8.501507784677775
202504,1138064000,8.794860493962938
202504,1138065000,8.300882813402403
202504,1138069000,8.455154655265774
202504,1141052000,9.050164090745715
202504,1141055500,9.187632263551656
202504,1141056500,8.90686287230378
202504,1141058500,9.124173091878976
202504,1141061500,8.879843526931408
202504,1141062000,8.673902889726426
202504,1141064000,9.228206062364205
202504,1141065500,8.808672056244781
202504,1141066000,8.806955462042605
202504,1141068500,8.544943386165139
202504,1141069000,9.342916436113615
202504,1141070000,8.75826149148432
202504,1141071000,8.302092918661272
202504,1141072000,8.810466665305372
202504,1144055500,9.308741049837751
202504,1144056500,9.110360506831968
202504,1144058500,9.43915780371838
202504,1144059000,9.715958957206302
202504,1144060000,9.37743767882081
202504,1144061000,8.81690692766798
202504,1144063000,8.664958525181321
202504,1144065500,8.924845907925967
202504,1144066000,9.79584670106777
202504,1144068000,9.338019545533632
202504,1144069000,9.183514541457772
202504,1144070000,9.03479949483224
202504,1144071000,9.128911020129545
202504,1144072000,8.797102071300976
202504,1144073000,8.750757480321374
202504,1144074000,9.130617265998762
202504,1147051000,9.561822207765204
202504,1147052000,8.735581938876816
202504,1147053000,9.257374702040885
202504,1147054000,8.871218608410217
202504,1147055000,9.39777912288657
202504,1147056000,8.856606457430438
202504,1147057000,8.81271596471466
202504,1147058000,8.462461281489453
202504,1147059000,8.935364772413458
202504,1147060000,8.635818414803971
202504,1147061000,9.4438143040832
202504,1147061100,8.521020227613409
202504,1147062000,9.480918704556704
202504,1147063000,9.228189177042088
202504,1147064000,8.721103209951886
202504,1147065000,9.090181111241174
202504,1147067000,8.710492439294415
202504,1147068000,9.219550793256836
202504,1150051000,9.206304291671398
202504,1150052000,9.37841559384823
202504,1150053000,8.467273276748179
202504,1150053500,9.222838225912724
202504,1150054000,9.035258294544754
202504,1150055000,8.508329740411599
202504,1150056000,8.952379825676593
202504,1150057000,8.89558208961708
202504,1150059000,8.660798320347201
202504,1150059100,8.879871366860261
202504,1150059300,8.483936373124854
202504,1150060300,9.248282471549146
202504,1150060400,9.081767731969045
202504,1150060500,9.04647488503547
202504,1150061100,9.395993427034012
202504,1150061500,8.970320151721783
202504,1150062000,8.750750477493376
202504,1150063000,9.112337205205202
202504,1150064000,8.660899591382414
202504,1153051000,8.971515881372852
202504,1153052000,8.593532140596384
202504,1153053000,9.628989646325094
202504,1153054000,9.38215286991136
202504,1153055000,9.12600708960237
202504,1153056000,9.279789614201672
202504,1153059500,9.063795332101128
202504,1153072000,9.065757547849763
202504,1153073000,8.979385422776375
202504,1153074000,8.725032711735356
202504,1153075000,8.744884389112462
202504,1153076000,8.66237767671451
202504,1153077000,8.937835570853423
202504,1153078000,8.45312089972843
202504,1153079000,8.43549036050941
202504,1153080000,6.581761729447543
202504,1154551000,10.003396772889658
202504,1154561000,9.566503369724368
202504,1154562000,8.871912829878688
202504,1154563000,9.15555248440056
202504,1154564000,8.682210878374924
202504,1154567000,9.207246904078213
202504,1154568000,8.070655934566162
202504,1154569000,8.60856444483797
202504,1154570000,8.423260237765831
202504,1154571000,9.023032287886943
202504,1156051500,9.410717028595666
202504,1156053500,9.80781231714645
202504,1156054000,9.918181195904824
202504,1156055000,9.800410340074516
202504,1156056000,9.15230554594008
202504,1156058500,8.617639950549506
202504,1156060500,9.652739142404585
202504,1156061000,9.032677034292725
202504,1156062000,9.3761179900698
202504,1156063000,9.038744798052036
202504,1156065000,9.202031448028212
202504,1156066000,8.659411682253195
202504,1156067000,9.041507665569938
202504,1156068000,9.220329882782792
202504,1156069000,8.761608987194618
202504,1156070000,9.177199819479398
202504,1156071000,9.159927659889023
202504,1156072000,9.673629113570508
202504,1159051000,9.991690209838469
202504,1159052000,11.055850175664744
202504,1159053000,9.023850643906494
202504,1159054000,8.889561613914463
202504,1159055000,9.128737986026294
202504,1159056000,8.552104602580396
202504,1159060500,9.170468267159114
202504,1159062000,9.22107500825084
202504,1159063000,9.324964132486253
202504,1159064000,8.696393754270826
202504,1159065000,9.12265223036437
202504,1159065100,8.286674136324207
202504,1159066000,9.096406295050304
202504,1159067000,8.751667115248116
202504,1159068000,8.999237841248823
202504,1162052500,8.745819576876963
202504,1162054500,8.418293027771172
202504,1162056500,8.508379370558183
202504,1162057500,8.926279765893419
202504,1162058500,8.99318593006422
202504,1162059500,9.140892303126122
202504,1162060500,8.832883535209755
202504,1162061500,9.178811559312688
202504,1162062500,9.034329143393045
202504,1162063000,8.929678485659982
202504,1162064500,9.220035393122629
202504,1162065500,8.734257850590716
202504,1162066500,8.49892873173605
202504,1162068500,8.986394511887662
202504,1162069500,9.253255309870116
202504,1162071500,8.186456683763883
202504,1162072500,9.346219370002874
202504,1162073500,8.516891416661982
202504,1162074500,8.383075738964218
202504,1162076500,8.696497440144926
202504,1162077500,8.617156369669932
202504,1165051000,9.4014953503973
202504,1165052000,9.708779635596532
202504,1165053000,9.427214280773732
202504,1165053100,9.922595275282095
202504,1165054000,9.51956563155654
202504,1165055000,9.051782355383432
202504,1165056000,9.56422517836068
202504,1165057000,9.390227444120288
202504,1165058000,10.040084145210177
202504,1165058100,9.510380906977616
202504,1165059000,9.463526757859391
202504,1165060000,9.597038206290256
202504,1165061000,9.42313851821724
202504,1165062000,9.241138894336537
202504,1165062100,9.350337771184805
202504,1165065100,9.323332704548855
202504,1165065200,9.42320758538346
202504,1165066000,8.379909545387525
202504,1168051000,10.149812874269095
202504,1168052100,9.874326707959728
202504,1168053100,9.72992200414149
202504,1168054500,10.22283424715756
202504,1168056500,10.032113903928304
202504,1168058000,9.876097856583986
202504,1168059000,9.4320779934964
202504,1168060000,9.98527629893874
202504,1168061000,9.834750702270574
202504,1168063000,9.88643108236192
202504,1168064000,9.96927969850064
202504,1168065000,9.389656387757435
202504,1168065500,9.4043431199859
202504,1168065600,9.622951083492229
202504,1168066000,7.197354368398084
202504,1168067000,9.112295585570116
202504,1168067500,8.55166652278061
202504,1168069000,9.29786983281231
202504,1168070000,8.9484321139394
202504,1168072000,8.76045624600898
202504,1168073000,9.2851311094641
202504,1168075000,9.601091675114136
202504,1171051000,8.743613344416
202504,1171052000,8.693517640637893
202504,1171053100,8.971527031067357
202504,1171053200,8.988514271886219
202504,1171054000,9.410776382926937
202504,1171055000,9.234322333977568
202504,1171056100,9.334916037234242
202504,1171056200,9.435458914843908
202504,1171056600,8.640570951925971
202504,1171057000,9.101789678382405
202504,1171058000,9.259945481479503
202504,1171059000,9.122225175825196
202504,1171060000,9.380699190709825
202504,1171061000,9.210396251334734
202504,1171062000,9.154872325335148
202504,1171063100,10.45846898822418
202504,1171063200,9.263521365390298
202504,1171064100,9.033211434229464
202504,1171064200,9.672798023419416
202504,1171064600,9.003603318841702
202504,1171064700,8.14365335015892
202504,1171065000,9.66427283606156
202504,1171067000,9.552555771340511
202504,1171068000,9.495065761198852
202504,1171069000,9.022335537134204
202504,1171071000,10.147726371148952
202504,1171072000,8.851985308039984
202504,1174051500,8.514533653781807
202504,1174052500,8.232423949273837
202504,1174052600,8.603846273007427
202504,1174053000,9.342191138342232
202504,1174054000,9.769811698553063
202504,1174055000,8.485542606212174
202504,1174056000,8.998084261932584
202504,1174057000,8.822982922901469
202504,1174058000,9.130639717823088
202504,1174059000,9.114734923063509
202504,1174060000,8.869835280410374
202504,1174061000,9.413703774462508
202504,1174062000,8.900969764986586
202504,1174064000,9.190012592740056
202504,1174065000,9.298244573980154
202504,1174066000,9.25165217598675
202504,1174068500,9.088228674539035
202504,1174069000,8.722186904244365
202504,1174070000,8.777342154032866
202505,1111051500,8.895476872592065
202505,1111053000,9.54862397685181
202505,1111054000,9.663611318156164
202505,1111055000,8.439505196845834
202505,1111056000,8.332361096291754
202505,1111057000,9.160576351181971
202505,1111058000,8.77095111155424
202505,1111060000,9.29092939515844
202505,1111061500,10.096710756134389
202505,1111063000,9.715219303474868
202505,1111064000,8.934887948142674
202505,1111065000,9.047234586354534
202505,1111067000,9.883934906563066
202505,1111068000,8.89688906525016
202505,1111069000,7.630873630570337
202505,1111070000,8.598437019326688
202505,1111071000,9.170581812363867
202505,1114052000,9.94964249356101
202505,1114054000,10.031524879562598
202505,1114055000,9.7690451228331
202505,1114057000,9.152268279465924
202505,1114058000,9.05578918194535
202505,1114059000,9.796878095648967
202505,1114060500,10.251676182423743
202505,1114061500,9.593099914830717
202505,1114062500,9.178186215619313
202505,1114063500,9.322910283152265
202505,1114064500,9.043582873862547
202505,1114065000,9.355074333948007
202505,1114066500,9.253040554637396
202505,1114067000,9.541283062519904
202505,1114068000,9.26699333288479
202505,1117051000,9.088059121819285
202505,1117052000,8.854973238165387
202505,1117053000,9.584070586128448
202505,1117055500,8.98314917290954
202505,1117056000,9.851772249349436
202505,1117057000,9.510634540471257
202505,1117058000,8.985899678514928
202505,1117059000,9.39280380068926
202505,1117062500,10.28790209633564
202505,1117063000,9.214326251272247
202505,1117064000,9.02283984809006
202505,1117065000,9.796144692686845
202505,1117066000,8.893397797048651
202505,1117068500,9.6141324462412
202505,1117069000,8.579126803255516
202505,1117070000,9.176870693116728
202505,1120052000,9.085627918085684
202505,1120053500,9.094016102733994
202505,1120054000,8.89640272442125
202505,1120055000,8.986322287034902
202505,1120056000,9.387942784316865
202505,1120057000,8.360863285025097
202505,1120058000,8.037382894203969
202505,1120059000,8.416072422528927
202505,1120061500,8.74763525584946
202505,1120062000,9.13889432886303
202505,1120064500,8.751019157648532
202505,1120065000,9.062109681690645
202505,1120066000,9.668058171986663
202505,1120067000,9.729100105294094
202505,1120069000,9.620773853545767
202505,1120072000,8.52305163982345
202505,1120079000,9.18112293504462
202505,1121571000,9.267531765329554
202505,1121573000,9.08902394881956
202505,1121574000,9.328046584262704
202505,1121575000,9.067582144958145
202505,1121576000,8.840858893263842
202505,1121577000,8.647126535394992
202505,1121578000,9.069307427707905
202505,1121581000,8.95501749585661
202505,1121582000,9.088281539129335
202505,1121583000,8.614455055917638
202505,1121584000,9.097661582020883
202505,1121584700,9.13439667171549
202505,1121585000,9.29131689848415
202505,1121586000,8.810953042484787
202505,1121587000,9.525095955610638
202505,1123053600,9.332090356936511
202505,1123054500,10.446983684690112
202505,1123056000,9.036894229044124
202505,1123057000,8.690396686975967
202505,1123060000,9.137165518993289
202505,1123061000,8.814594348650964
202505,1123065000,9.57362900266661
202505,1123066000,9.29927616007289
202505,1123070500,9.280352430865548
202505,1123071000,8.982882362898026
202505,1123072000,9.025133927441912
202505,1123073000,8.551668317498438
202505,1123074000,8.752760145444537
202505,1123075000,8.43111357260895
202505,1126052000,8.659165886048847
202505,1126054000,8.535083188939398
202505,1126055000,8.446328369444506
202505,1126056500,8.995947165843837
202505,1126057000,9.071258684612134
202505,1126057500,8.918062692106403
202505,1126058000,8.478483921070374
202505,1126059000,9.349934484846958
202505,1126060000,8.746704952065668
202505,1126061000,9.034358107389544
202505,1126062000,8.836761771362307
202505,1126063000,8.850367778724893
202505,1126065500,8.933794654552273
202505,1126066000,8.746363620866116
202505,1126068000,8.753240389401876
202505,1126069000,9.16506853237893
202505,1129052500,8.876989454196682
202505,1129055500,9.326070828716803
202505,1129057500,9.238405194825724
202505,1129058000,8.671262664968685
202505,1129059000,8.730127229960178
202505,1129060000,8.882741871507289
202505,1129061000,8.706447455302865
202505,1129062000,8.696263076375965
202505,1129063000,8.495208622132338
202505,1129064000,8.409556732432655
202505,1129065000,8.599911837815482
202505,1129066000,8.510712746336607
202505,1129068500,8.900900527638514
202505,1129070500,8.75125735884543
202505,1129071500,8.697051537643041
202505,1129072500,8.858394209631912
202505,1129076000,8.27606830688704
202505,1129077000,8.727674919086068
202505,1129078000,8.746857450304313
202505,1129081000,8.932560887975285
202505,1130553400,8.557003461225126
202505,1130553500,9.072290259716222
202505,1130554500,9.18432513462673
202505,1130555500,9.020142622070807
202505,1130557500,8.590754944680713
202505,1130559500,9.2891296679939
202505,1130560300,7.994521495116117
202505,1130560800,8.651800481187305
202505,1130561500,9.229564919418854
202505,1130562500,8.72250824784191
202505,1130563500,9.248842015776807
202505,1130564500,8.708144105878638
202505,1130566000,8.432412346277562
202505,1132051100,8.904441303665218
202505,1132051200,8.455136078219436
202505,1132051300,8.832313975535172
202505,1132051400,8.726512483431671
202505,1132051500,9.302070418304504
202505,1132052100,8.895663028951464
202505,1132052200,8.407930280425797
202505,1132066000,8.416498456129299
202505,1132067000,8.80606897453087
202505,1132068000,9.006072777535513
202505,1132068100,8.501902843939899
202505,1132069000,9.062121486906232
202505,1132070000,9.172794735476716
202505,1132071000,8.390160644860677
202505,1135056000,8.652094673188008
202505,1135057000,8.00216556128632
202505,1135058000,8.298419680005765
202505,1135059500,8.9795155894858
202505,1135060000,8.681173250856025
202505,1135061100,9.066161590734328
202505,1135061200,8.126379690396153
202505,1135061900,9.047184012367952
202505,1135062100,8.499224875346812
202505,1135062400,9.192835064549556
202505,1135062500,9.188629049084293
202505,1135063000,8.785106677100746
202505,1135064000,9.479123562783276
202505,1135066500,8.352396425211058
202505,1135067000,8.894693851926936
202505,1135069500,9.382341636445638
202505,1135070000,8.687739182846883
202505,1135071000,8.83421859893765
202505,1135072000,8.310828413477742
202505,1138051000,8.813268579541031
202505,1138052000,8.917600364833106
202505,1138053000,8.708315622737471
202505,1138055100,9.291037827360608
202505,1138055200,9.080609463076794
202505,1138056000,8.280991865342545
202505,1138057000,9.06755508758162
202505,1138058000,8.80167554298323
202505,1138059000,8.65554176064422
202505,1138060000,9.034736731768833
202505,1138062500,8.569444016660817
202505,1138063100,8.690953092845266
202505,1138063200,8.497493683305157
202505,1138064000,8.795242598116156
202505,1138065000,8.264999530375631
202505,1138069000,8.44289563194293
202505,1141052000,9.015782670590882
202505,1141055500,9.156072999007275
202505,1141056500,8.906846668160755
202505,1141058500,9.140164775509852
202505,1141061500,8.848183701311473
202505,1141062000,8.65330268027554
202505,1141064000,9.219309305254832
202505,1141065500,8.764627338585584
202505,1141066000,8.73647244367592
202505,1141068500,8.543817959418732
202505,1141069000,9.396836921347088
202505,1141070000,8.746512925506483
202505,1141071000,8.275214179205419
202505,1141072000,8.787386842787976
202505,1144055500,9.29362403443793
202505,1144056500,9.082249127596985
202505,1144058500,9.44223626393942
202505,1144059000,9.719615757813482
202505,1144060000,9.376281442938586
202505,1144061000,8.811442354656842
202505,1144063000,8.65648940164115
202505,1144065500,8.93545980611027
202505,1144066000,9.773509067887982
202505,1144068000,9.345329362894518
202505,1144069000,9.16654020850446
202505,1144070000,8.99047600488777
202505,1144071000,9.095535939347904
202505,1144072000,8.777017861247248
202505,1144073000,8.746544808010714
202505,1144074000,9.137795177916065
202505,1147051000,9.551027769935692
202505,1147052000,8.705949618634039
202505,1147053000,9.215765092612548
202505,1147054000,8.847368998652483
202505,1147055000,9.383362081067675
202505,1147056000,8.828918047229395
202505,1147057000,8.780921988355619
202505,1147058000,8.458473705197205
202505,1147059000,8.922591706845159
202505,1147060000,8.60741805485386
202505,1147061000,9.430576647118295
202505,1147061100,8.495963153046317
202505,1147062000,9.479137523424509
202505,1147063000,9.223587908130078
202505,1147064000,8.696126741294638
202505,1147065000,9.068288898759414
202505,1147067000,8.661382457076693
202505,1147068000,9.194949957519048
202505,1150051000,9.17797283967394
202505,1150052000,9.381361861674623
202505,1150053000,8.419067350519352
202505,1150053500,9.177918019484178
202505,1150054000,9.004480839766483
202505,1150055000,8.414263992087097
202505,1150056000,8.928373827407793
202505,1150057000,8.939210788201226
202505,1150059000,8.637112081120092
202505,1150059100,8.856060371083542
202505,1150059300,8.472460033893098
202505,1150060300,9.236942193662395
202505,1150060400,9.048601381814445
202505,1150060500,8.98410451330591
202505,1150061100,9.358254007578092
202505,1150061500,8.951971578143999
202505,1150062000,8.727294508231394
202505,1150063000,9.092780634062937
202505,1150064000,8.638439313777207
202505,1153051000,8.953156220651255
202505,1153052000,8.581349494716461
202505,1153053000,9.608509161852355
202505,1153054000,9.404108939255863
202505,1153055000,9.095918672982316
202505,1153056000,9.255508814640573
202505,1153059500,9.031517189110344
202505,1153072000,9.042529299866391
202505,1153073000,8.949202072130332
202505,1153074000,8.701538267029722
202505,1153075000,8.730998627472452
202505,1153076000,8.633573885578114
202505,1153077000,8.917135685884178
202505,1153078000,8.446752322366882
202505,1153079000,8.439995623753852
202505,1153080000,6.634729576592773
202505,1154551000,10.018780008898236
202505,1154561000,9.514292921395176
202505,1154562000,8.83843060574005
202505,1154563000,9.099081038184105
202505,1154564000,8.64514312700312
202505,1154567000,9.184424704667014
202505,1154568000,8.035797089395308
202505,1154569000,8.59951109039646
202505,1154570000,8.3919927352934
202505,1154571000,9.02025574108429
202505,1156051500,9.410153990262314
202505,1156053500,9.765976571060362
202505,1156054000,9.90945957507595
202505,1156055000,9.748333499414963
202505,1156056000,9.144632357499075
202505,1156058500,8.596241414256806
202505,1156060500,9.64623394459518
202505,1156061000,9.034758829145716
202505,1156062000,9.35827575514645
202505,1156063000,9.02286972254702
202505,1156065000,9.167281220618806
202505,1156066000,8.636205699019643
202505,1156067000,9.036867190389806
202505,1156068000,9.185993531993203
202505,1156069000,8.760379126447008
202505,1156070000,9.15362509176371
202505,1156071000,9.145662799981425
202505,1156072000,9.631703082352224
202505,1159051000,9.932950229146142
202505,1159052000,11.005311750298512
202505,1159053000,9.030803362979528
202505,1159054000,8.867216763697407
202505,1159055000,9.105617360780167
202505,1159056000,8.52984278449624
202505,1159060500,9.166725126119749
202505,1159062000,9.190061186170231
202505,1159063000,9.30277622420575
202505,1159064000,8.694533533281145
202505,1159065000,9.085636563089164
202505,1159065100,8.283237888749131
202505,1159066000,9.07456812938665
202505,1159067000,8.730932360001159
202505,1159068000,8.992923660350892
202505,1162052500,8.727013972417117
202505,1162054500,8.417109090128221
202505,1162056500,8.504097967092825
202505,1162057500,8.89208750769547
202505,1162058500,8.980520617696923
202505,1162059500,9.116203073337294
202505,1162060500,8.816039268737514
202505,1162061500,9.156246361983666
202505,1162062500,9.002953758929161
202505,1162063000,8.928804208971366
202505,1162064500,9.200064248310664
202505,1162065500,8.695369473912551
202505,1162066500,8.484309689111658
202505,1162068500,8.957417982447794
202505,1162069500,9.229319891043009
202505,1162071500,8.162259063032174
202505,1162072500,9.288239778260444
202505,1162073500,8.52061985083942
202505,1162074500,8.355031554939517
202505,1162076500,8.684642203738317
202505,1162077500,8.598200285721626
202505,1165051000,9.382505933167698
202505,1165052000,9.745215434257036
202505,1165053000,9.436971782952106
202505,1165053100,9.89950280647794
202505,1165054000,9.502310220125231
202505,1165055000,9.037449465830216
202505,1165056000,9.553536946310096
202505,1165057000,9.366065505586295
202505,1165058000,10.02268382273765
202505,1165058100,9.502463081755453
202505,1165059000,9.441483060491397
202505,1165060000,9.59750335462959
202505,1165061000,9.39784727683893
202505,1165062000,9.222910471534794
202505,1165062100,9.351245937484428
202505,1165065100,9.33458415241559
202505,1165065200,9.450837470050535
202505,1165066000,8.39308765173336
202505,1168051000,10.13202427522717
202505,1168052100,9.892547694619571
202505,1168053100,9.732267405964295
202505,1168054500,10.205316104329128
202505,1168056500,10.03051699046047
202505,1168058000,9.881407814397328
202505,1168059000,9.436354538282098
202505,1168060000,9.961218501754413
202505,1168061000,9.82254687384668
202505,1168063000,9.868448236101257
202505,1168064000,9.941413665802836
202505,1168065000,9.384594320649835
202505,1168065500,9.416327560430172
202505,1168065600,9.634360529693716
202505,1168066000,7.216593943853779
202505,1168067000,9.091756695400608
202505,1168067500,8.541086339822192
202505,1168069000,9.290050123938794
202505,1168070000,8.93143637915217
202505,1168072000,8.748322657660557
202505,1168073000,9.26639253415115
202505,1168075000,9.60247420323331
202505,1171051000,8.7191057520466
202505,1171052000,8.68643900399907
202505,1171053100,8.952620651406349
202505,1171053200,8.953556362769904
202505,1171054000,9.416184448405234
202505,1171055000,9.194526354893537
202505,1171056100,9.310641555270443
202505,1171056200,9.427009502539253
202505,1171056600,8.637539320071463
202505,1171057000,9.063519365541865
202505,1171058000,9.248683357952649
202505,1171059000,9.07403364127794
202505,1171060000,9.359114949696009
202505,1171061000,9.168919467081482
202505,1171062000,9.152239152521028
202505,1171063100,10.444398162495794
202505,1171063200,9.242627152077638
202505,1171064100,9.018890111479662
202505,1171064200,9.65999213910886
202505,1171064600,8.979831357802436
202505,1171064700,8.126597843983523
202505,1171065000,9.649655252337004
202505,1171067000,9.583947094286636
202505,1171068000,9.470818125651462
202505,1171069000,9.003818517103126
202505,1171071000,10.134257528519282
202505,1171072000,8.828237465788206
202505,1174051500,8.488745094554442
202505,1174052500,8.228763975209828
202505,1174052600,8.632029203260133
202505,1174053000,9.308411793343284
202505,1174054000,9.777233864175129
202505,1174055000,8.471605877161991
202505,1174056000,8.988138044971707
202505,1174057000,8.780799888492126
202505,1174058000,9.10588598650386
202505,1174059000,9.10699491375708
202505,1174060000,8.833975060915067
202505,1174061000,9.37347653522506
202505,1174062000,8.884711704824959
202505,1174064000,9.169597392003924
202505,1174065000,9.277059770358498
202505,1174066000,9.220922458816588
202505,1174068500,9.074917388169435
202505,1174069000,8.823197532210719
202505,1174070000,8.770965545480426
202506,1111051500,8.925676922487996
202506,1111053000,9.562928655895218
202506,1111054000,9.750815503630132
202506,1111055000,8.51003920697476
202506,1111056000,8.371408356297534
202506,1111057000,9.205934199770256
202506,1111058000,8.790843546873997
202506,1111060000,9.364592305425033
202506,1111061500,10.099699985177558
202506,1111063000,9.726091515261626
202506,1111064000,8.954482315564439
202506,1111065000,9.082150046181058
202506,1111067000,9.920493674438712
202506,1111068000,8.921432573809062
202506,1111069000,7.645928689382497
202506,1111070000,8.626681823339027
202506,1111071000,9.190312899318572
202506,1114052000,9.961258475964293
202506,1114054000,10.051665590055952
202506,1114055000,9.783109730753988
202506,1114057000,9.207681621025005
202506,1114058000,9.110751627891991
202506,1114059000,9.80518186219891
202506,1114060500,10.27911545741751
202506,1114061500,9.630209740432852
202506,1114062500,9.175678159932176
202506,1114063500,9.338160002268816
202506,1114064500,9.10093199722222
202506,1114065000,9.38202809681284
202506,1114066500,9.323686397845448
202506,1114067000,9.553536861655326
202506,1114068000,9.29710912422398
202506,1117051000,9.121538200393143
202506,1117052000,8.9002531310318
202506,1117053000,9.594192372309124
202506,1117055500,9.019847930278956
202506,1117056000,9.901095525933451
202506,1117057000,9.549460845100224
202506,1117058000,8.99386767063918
202506,1117059000,9.404994477639509
202506,1117062500,10.296765407970982
202506,1117063000,9.2327242096942
202506,1117064000,9.073763499495724
202506,1117065000,9.8296081389268
202506,1117066000,8.927170222174318
202506,1117068500,9.652755153280244
202506,1117069000,8.602709757837067
202506,1117070000,9.203351958369446
202506,1120052000,9.108781922296595
202506,1120053500,9.106249279363505
202506,1120054000,8.898175032513508
202506,1120055000,9.044237624514029
202506,1120056000,9.380795010171584
202506,1120057000,8.359171668587758
202506,1120058000,8.045580724353744
202506,1120059000,8.418985401397695
202506,1120061500,8.76136355057086
202506,1120062000,9.151430193443202
202506,1120064500,8.78587923764053
202506,1120065000,9.097621245722609
202506,1120066000,9.70410109782784
202506,1120067000,9.774199966689109
202506,1120069000,9.622709065334998
202506,1120072000,8.525747124221741
202506,1120079000,9.209260032444623
202506,1121571000,9.288109091004252
202506,1121573000,9.12579632559856
202506,1121574000,9.35198507618074
202506,1121575000,9.07853957408954
202506,1121576000,8.856299024193593
202506,1121577000,8.666596452749417
202506,1121578000,9.108060922131864
202506,1121581000,8.980248319945268
202506,1121582000,9.113654979925208
202506,1121583000,8.625825486433783
202506,1121584000,9.138174903281795
202506,1121584700,9.158288393066778
202506,1121585000,9.298797757489384
202506,1121586000,8.835328792752183
202506,1121587000,9.542861784403197
202506,1123053600,9.327932389802772
202506,1123054500,10.444937287692266
202506,1123056000,9.064967212397892
202506,1123057000,8.691156362836578
202506,1123060000,9.15761131124256
202506,1123061000,8.81992216896436
202506,1123065000,9.576564650216184
202506,1123066000,9.30467735954863
202506,1123070500,9.28606896712834
202506,1123071000,9.025447453421036
202506,1123072000,9.029729565625615
202506,1123073000,8.583019204812652
202506,1123074000,8.808024177318131
202506,1123075000,8.435555752044142
202506,1126052000,8.679022980866229
202506,1126054000,8.538978539350671
202506,1126055000,8.450259645492567
202506,1126056500,8.998172075955962
202506,1126057000,9.086981321716204
202506,1126057500,8.943138376983985
202506,1126058000,8.474633956523624
202506,1126059000,9.356010942065993
202506,1126060000,8.784054815037285
202506,1126061000,9.07254527173561
202506,1126062000,8.871674545997468
202506,1126063000,8.893607702223457
202506,1126065500,8.942688255090923
202506,1126066000,8.795066659427437
202506,1126068000,8.77954619116528
202506,1126069000,9.204407056668456
202506,1129052500,8.911962821503561
202506,1129055500,9.342842288230182
202506,1129057500,9.252049514937893
202506,1129058000,8.651424690114494
202506,1129059000,8.733567442905308
202506,1129060000,8.92646934182729
202506,1129061000,8.748465911775611
202506,1129062000,8.708080425309216
202506,1129063000,8.506457991638088
202506,1129064000,8.474672105571575
202506,1129065000,8.621834767311203
202506,1129066000,8.504295201449898
202506,1129068500,8.927218106519662
202506,1129070500,8.723378764514758
202506,1129071500,8.7084441258456
202506,1129072500,8.848350588756691
202506,1129076000,8.31125401477281
202506,1129077000,8.753921042013737
202506,1129078000,8.714563908201608
202506,1129081000,8.947564782990437
202506,1130553400,8.582722794483734
202506,1130553500,9.096252455771944
202506,1130554500,9.208213060996291
202506,1130555500,9.042160104336638
202506,1130557500,8.587932946061974
202506,1130559500,9.2938630842502
202506,1130560300,8.03083389255935
202506,1130560800,8.662167297360574
202506,1130561500,9.242007146592805
202506,1130562500,8.751654576936067
202506,1130563500,9.26420156860666
202506,1130564500,8.74862979294173
202506,1130566000,8.454444966375913
202506,1132051100,8.918576781892801
202506,1132051200,8.459072428890934
202506,1132051300,8.850762873098624
202506,1132051400,8.748177096278003
202506,1132051500,9.31056229106454
202506,1132052100,8.924319784162089
202506,1132052200,8.42998634337937
202506,1132066000,8.438475765354045
202506,1132067000,8.822833966275224
202506,1132068000,9.045731400306453
202506,1132068100,8.51803834934608
202506,1132069000,9.078866208628908
202506,1132070000,9.173665171102485
202506,1132071000,8.430300204355522
202506,1135056000,8.715546111434554
202506,1135057000,8.029844602210279
202506,1135058000,8.31463652100555
202506,1135059500,8.988621118083495
202506,1135060000,8.723431211208768
202506,1135061100,9.078602626884166
202506,1135061200,8.123451632009477
202506,1135061900,9.04453694446812
202506,1135062100,8.505416989380164
202506,1135062400,9.209028649189593
202506,1135062500,9.19000843428923
202506,1135063000,8.808103703998372
202506,1135064000,9.496443811624218
202506,1135066500,8.371091667015163
202506,1135067000,8.901204814974902
202506,1135069500,9.403906574314169
202506,1135070000,8.687396911153908
202506,1135071000,8.869332526049282
202506,1135072000,8.298348979171386
202506,1138051000,8.835345774472705
202506,1138052000,8.937390969854523
202506,1138053000,8.724589076069195
202506,1138055100,9.28187554468243
202506,1138055200,9.087521433070432
202506,1138056000,8.302918151769102
202506,1138057000,9.060450345996127
202506,1138058000,8.835667296941827
202506,1138059000,8.664827627821085
202506,1138060000,9.05582156805358
202506,1138062500,8.592296450134157
202506,1138063100,8.698414888603583
202506,1138063200,8.525332903383601
202506,1138064000,8.811046524613092
202506,1138065000,8.291634274516804
202506,1138069000,8.468380637823087
202506,1141052000,9.00449200190497
202506,1141055500,9.177444249512138
202506,1141056500,8.896439022396677
202506,1141058500,9.18608382213347
202506,1141061500,8.880114704595798
202506,1141062000,8.658059605087084
202506,1141064000,9.235842261128631
202506,1141065500,8.75778292362439
202506,1141066000,8.723810356408288
202506,1141068500,8.569888082981421
202506,1141069000,9.41273773080688
202506,1141070000,8.79264558025416
202506,1141071000,8.288020473859694
202506,1141072000,8.808464500050917
202506,1144055500,9.327592440386097
202506,1144056500,9.078778282995405
202506,1144058500,9.45659668611945
202506,1144059000,9.722693453150848
202506,1144060000,9.399993732513083
202506,1144061000,8.774778179561746
202506,1144063000,8.738158679502208
202506,1144065500,8.997299787050963
202506,1144066000,9.794450074259975
202506,1144068000,9.379734308289304
202506,1144069000,9.187414870522977
202506,1144070000,8.998131285444396
202506,1144071000,9.107905652347393
202506,1144072000,8.79224135478313
202506,1144073000,8.783456691572528
202506,1144074000,9.1683971909938
202506,1147051000,9.526768410369824
202506,1147052000,8.724240715394728
202506,1147053000,9.219462019101286
202506,1147054000,8.865749800459744
202506,1147055000,9.38549719904949
202506,1147056000,8.837232133341134
202506,1147057000,8.765764494414865
202506,1147058000,8.473283240505044
202506,1147059000,8.939387115219738
202506,1147060000,8.647296376394863
202506,1147061000,9.44291311017465
202506,1147061100,8.519488646773272
202506,1147062000,9.50058054160766
202506,1147063000,9.229979034030803
202506,1147064000,8.705675213857107
202506,1147065000,9.092092165219912
202506,1147067000,8.63939505648809
202506,1147068000,9.203512015009816
202506,1150051000,9.182705732503596
202506,1150052000,9.433638249990931
202506,1150053000,8.4677259672275
202506,1150053500,9.179799732282468
202506,1150054000,9.013755713125969
202506,1150055000,8.456405586074826
202506,1150056000,8.91985682689352
202506,1150057000,8.960445488353178
202506,1150059000,8.66365863666419
202506,1150059100,8.887264190999403
202506,1150059300,8.496043797517515
202506,1150060300,9.236743297137206
202506,1150060400,9.106647616321606
202506,1150060500,8.930231012579455
202506,1150061100,9.339585553983904
202506,1150061500,8.970472805649942
202506,1150062000,8.758022035224489
202506,1150063000,9.087456802932802
202506,1150064000,8.673653910693833
202506,1150064100,8.57957046937998
202506,1153051000,8.956291302403127
202506,1153052000,8.59678396206928
202506,1153053000,9.604098389758375
202506,1153054000,9.416055975781106
202506,1153055000,9.112517521440294
202506,1153056000,9.264988720540297
202506,1153059500,9.055793119381269
202506,1153072000,9.074944127244123
202506,1153073000,8.942230567519116
202506,1153074000,8.707257464779737
202506,1153075000,8.73384218468328
202506,1153076000,8.657679237862641
202506,1153077000,8.949846106241875
202506,1153078000,8.478773252500318
202506,1153079000,8.411047388705128
202506,1153080000,6.667044682749428
202506,1154551000,10.0231315428476
202506,1154561000,9.51559137479354
202506,1154562000,8.851865664734508
202506,1154563000,9.053705839674588
202506,1154564000,8.655573352216944
202506,1154567000,9.194977720500814
202506,1154568000,8.044580278649965
202506,1154569000,8.57030014556039
202506,1154570000,8.414307759104616
202506,1154571000,9.05255317776707
202506,1156051500,9.433383426778825
202506,1156053500,9.743991833624875
202506,1156054000,9.94280509319472
202506,1156055000,9.72261532855095
202506,1156056000,9.15457655032871
202506,1156058500,8.617195243880811
202506,1156060500,9.66006260492797
202506,1156061000,9.073050909910314
202506,1156062000,9.361955927242056
202506,1156063000,9.040878002857994
202506,1156065000,9.163351602257476
202506,1156066000,8.652365984228114
202506,1156067000,9.02944687919384
202506,1156068000,9.211702524838223
202506,1156069000,8.78729776711272
202506,1156070000,9.162507524597917
202506,1156071000,9.153653134186127
202506,1156072000,9.629188313014764
202506,1159051000,9.920164939456532
202506,1159052000,10.979677899926404
202506,1159053000,9.05919171419385
202506,1159054000,8.878037110391325
202506,1159055000,9.10684163827629
202506,1159056000,8.537702232162374
202506,1159060500,9.189084853105404
202506,1159062000,9.199029526474904
202506,1159063000,9.31116380423274
202506,1159064000,8.706357350302879
202506,1159065000,9.120286094065428
202506,1159065100,8.292968540927017
202506,1159066000,9.083062432826935
202506,1159067000,8.745128066369883
202506,1159068000,9.017632394745757
202506,1162052500,8.743398884538074
202506,1162054500,8.458124195688516
202506,1162056500,8.526452245177977
202506,1162057500,8.897203084505408
202506,1162058500,9.011748709256366
202506,1162059500,9.122786417065582
202506,1162060500,8.834982861079471
202506,1162061500,9.162757813989774
202506,1162062500,9.007029328198529
202506,1162063000,8.958308734084017
202506,1162064500,9.213492221734628
202506,1162065500,8.688056919979124
202506,1162066500,8.510602219815864
202506,1162068500,8.961221468205983
202506,1162069500,9.24069332209524
202506,1162071500,8.167470077840372
202506,1162072500,9.276207798248302
202506,1162073500,8.554724219757265
202506,1162074500,8.364533921874843
202506,1162076500,8.709038392176781
202506,1162077500,8.619248149593911
202506,1165051000,9.37893499078021
202506,1165052000,9.75288702232236
202506,1165053000,9.440847366019058
202506,1165053100,9.89621044176235
202506,1165054000,9.520287559139714
202506,1165055000,9.072606212571149
202506,1165056000,9.573108788044514
202506,1165057000,9.374151688240955
202506,1165058000,10.052467408550656
202506,1165058100,9.510055572589527
202506,1165059000,9.442769753442272
202506,1165060000,9.629763060652644
202506,1165061000,9.415443202535728
202506,1165062000,9.246548526650592
202506,1165062100,9.383769459184297
202506,1165065100,9.35664557095831
202506,1165065200,9.493986078577272
202506,1165066000,8.418235391851997
202506,1168051000,10.137226719553116
202506,1168052100,9.871873707487206
202506,1168053100,9.71613439201771
202506,1168054500,10.19708471758789
202506,1168056500,10.058597072737353
202506,1168058000,9.89131818329539
202506,1168059000,9.44958177862398
202506,1168060000,9.94653801439971
202506,1168061000,9.81764019507802
202506,1168063000,9.86400069039798
202506,1168064000,9.935461105227702
202506,1168065000,9.393365617194336
202506,1168065500,9.417332529147556
202506,1168065600,9.640951342145014
202506,1168066000,7.267255386747586
202506,1168067000,9.112778300389266
202506,1168067500,8.530400674549975
202506,1168069000,9.308059557038154
202506,1168070000,8.948908793648057
202506,1168072000,8.757287877967757
202506,1168073000,9.303839225662712
202506,1168075000,9.611915384312448
202506,1171051000,8.735830698615628
202506,1171052000,8.688870591309282
202506,1171053100,8.969507126459945
202506,1171053200,8.956057489292478
202506,1171054000,9.472604902240262
202506,1171055000,9.19594235741724
202506,1171056100,9.319613172192572
202506,1171056200,9.450434169435496
202506,1171056600,8.741283899127593
202506,1171057000,9.068656980943231
202506,1171058000,9.26843471761512
202506,1171059000,9.073622039778456
202506,1171060000,9.369138454574262
202506,1171061000,9.157161045789817
202506,1171062000,9.156813053090133
202506,1171063100,10.440325533941127
202506,1171063200,9.289518663622545
202506,1171064100,9.03448457485914
202506,1171064200,9.654852302161547
202506,1171064600,8.961633725153664
202506,1171064700,8.140332099153303
202506,1171065000,9.67952968927722
202506,1171067000,9.633914620777114
202506,1171068000,9.510929714206794
202506,1171069000,9.019078542502337
202506,1171071000,10.14328050876378
202506,1171072000,8.831964684137695
202506,1174051500,8.488341310301083
202506,1174052500,8.26309874783092
202506,1174052600,8.658599276741285
202506,1174053000,9.317065212622694
202506,1174054000,9.778801557178996
202506,1174055000,8.485174850660163
202506,1174056000,8.999052068809455
202506,1174057000,8.803562606804517
202506,1174058000,9.126816849669297
202506,1174059000,9.09483712561852
202506,1174060000,8.850624322090512
202506,1174061000,9.388721541577722
202506,1174062000,8.890694912517736
202506,1174064000,9.193381667685005
202506,1174065000,9.286052150676191
202506,1174066000,9.227207069250012
202506,1174068500,9.096811605168972
202506,1174069000,8.945891922071437
202506,1174070000,8.801827872207763
202507,1111051500,8.955582323090693
202507,1111053000,9.507765833178986
202507,1111054000,9.737677602422252
202507,1111055000,8.51411241882295
202507,1111056000,8.353736253107188
202507,1111057000,9.216116661803628
202507,1111058000,8.78608369270008
202507,1111060000,9.32059989042306
202507,1111061500,10.08411640040617
202507,1111063000,9.676985148433818
202507,1111064000,8.931038135467267
202507,1111065000,9.098222735519984
202507,1111067000,9.877637135813847
202507,1111068000,8.90992969981889
202507,1111069000,7.770993025738657
202507,1111070000,8.60155766518725
202507,1111071000,9.171061440884111
202507,1114052000,9.906640144942752
202507,1114054000,9.992605613625646
202507,1114055000,9.728397680363011
202507,1114057000,9.179967117271314
202507,1114058000,9.120658447226711
202507,1114059000,9.773918550106991
202507,1114060500,10.23007208587202
202507,1114061500,9.641343697032198
202507,1114062500,9.156133325901092
202507,1114063500,9.250059951167255
202507,1114064500,9.053697662854232
202507,1114065000,9.366038797376264
202507,1114066500,9.310682941992551
202507,1114067000,9.542952697371533
202507,1114068000,9.263687553052316
202507,1117051000,9.08033146811306
202507,1117052000,8.869824870617832
202507,1117053000,9.544992235841535
202507,1117055500,9.02926548418353
202507,1117056000,9.886198360294978
202507,1117057000,9.559347889412573
202507,1117058000,8.976854876759504
202507,1117059000,9.377209469125404
202507,1117062500,10.247912243160046
202507,1117063000,9.22771813069045
202507,1117064000,8.989375972018724
202507,1117065000,9.796530629099074
202507,1117066000,8.910607624824427
202507,1117068500,9.625460813438837
202507,1117069000,8.619891943436937
202507,1117070000,9.179011637832843
202507,1120052000,9.08941983475524
202507,1120053500,9.083046614860882
202507,1120054000,8.884650506946128
202507,1120055000,9.04931696000329
202507,1120056000,9.370918597931674
202507,1120057000,8.344491530406726
202507,1120058000,8.034990509783308
202507,1120059000,8.409322046655577
202507,1120061500,8.734342245261594
202507,1120062000,9.12606627125601
202507,1120064500,8.778515441246183
202507,1120065000,9.07121542604215
202507,1120066000,9.671325373824931
202507,1120067000,9.733091845835064
202507,1120069000,9.570918991056988
202507,1120072000,8.515353550824791
202507,1120079000,9.173321670138638
202507,1121571000,9.286586155906203
202507,1121573000,9.151818653015496
202507,1121574000,9.324197021552674
202507,1121575000,9.050387160404606
202507,1121576000,8.833798169946968
202507,1121577000,8.661415562651852
202507,1121578000,9.138199807717834
202507,1121581000,8.961748844118585
202507,1121582000,9.0889145568544
202507,1121583000,8.617074174178791
202507,1121584000,9.108879464912816
202507,1121584700,9.124375069410458
202507,1121585000,9.27459907533144
202507,1121586000,8.82851424261033
202507,1121587000,9.509448869129477
202507,1123053600,9.314022879507933
202507,1123054500,10.458322049039092
202507,1123056000,9.047350159750875
202507,1123057000,8.71140551935189
202507,1123060000,9.139692659674036
202507,1123061000,8.801675191622097
202507,1123065000,9.549691002692295
202507,1123066000,9.298180155016132
202507,1123070500,9.262882351926518
202507,1123071000,9.032659254004924
202507,1123072000,8.977433935368708
202507,1123073000,8.561231156660732
202507,1123074000,8.840260291530763
202507,1123075000,8.417524461737276
202507,1126052000,8.658213646136234
202507,1126054000,8.514120709994362
202507,1126055000,8.42619970706285
202507,1126056500,8.972674130848414
202507,1126057000,9.06334517515768
202507,1126057500,8.913237542993535
202507,1126058000,8.630897602260873
202507,1126059000,9.321256467975726
202507,1126060000,8.795895535358142
202507,1126061000,9.02908064051484
202507,1126062000,8.867056904933586
202507,1126063000,8.874917008165548
202507,1126065500,8.938116349291475
202507,1126066000,8.796071902437403
202507,1126068000,8.745424589943848
202507,1126069000,9.191535458915888
202507,1129052500,8.911062414075142
202507,1129055500,9.294957735976434
202507,1129057500,9.26581623519079
202507,1129058000,8.672707999046956
202507,1129059000,8.701098857083775
202507,1129060000,8.940130889715675
202507,1129061000,8.738423295680736
202507,1129062000,8.68352557683695
202507,1129063000,8.505742786630352
202507,1129064000,8.515739290482811
202507,1129065000,8.631405636296993
202507,1129066000,8.489514287568817
202507,1129068500,8.906099092940796
202507,1129070500,8.71824941571487
202507,1129071500,8.685163286643117
202507,1129072500,8.844862202578039
202507,1129076000,8.292548793634127
202507,1129077000,8.760868137783374
202507,1129078000,8.608304093074906
202507,1129081000,8.93850621260501
202507,1130553400,8.568386145609516
202507,1130553500,9.068994599660185
202507,1130554500,9.182155209034528
202507,1130555500,9.031007554430673
202507,1130557500,8.548349057461357
202507,1130559500,9.258912117496786
202507,1130560300,8.01363868455833
202507,1130560800,8.642462287230378
202507,1130561500,9.220273357961853
202507,1130562500,8.727776720132747
202507,1130563500,9.255193052031604
202507,1130564500,8.734233346776204
202507,1130566000,8.431667116290685
202507,1132051100,8.912908451156309
202507,1132051200,8.466004706092397
202507,1132051300,8.800905057071551
202507,1132051400,8.755354507804638
202507,1132051500,9.289790680325522
202507,1132052100,8.897882598319102
202507,1132052200,8.416138607830716
202507,1132066000,8.436996714149716
202507,1132067000,8.808489213477586
202507,1132068000,8.984905177472966
202507,1132068100,8.503608303075897
202507,1132069000,9.051168209605482
202507,1132070000,9.127847770931268
202507,1132071000,8.445214475961654
202507,1135056000,8.711631234725235
202507,1135057000,8.020091359872852
202507,1135058000,8.299699503656967
202507,1135059500,8.977233426667915
202507,1135060000,8.724372407993416
202507,1135061100,9.098847069807226
202507,1135061200,8.086198333022816
202507,1135061900,9.029752747453095
202507,1135062100,8.505499235759975
202507,1135062400,9.193998223606323
202507,1135062500,9.138356154989928
202507,1135063000,8.797668327345468
202507,1135064000,9.468702222212777
202507,1135066500,8.351477527946614
202507,1135067000,8.89574609704338
202507,1135069500,9.380025017196198
202507,1135070000,8.678767204753981
202507,1135071000,8.867700630238966
202507,1135072000,8.292294275761927
202507,1138051000,8.820547020468569
202507,1138052000,8.921745023299112
202507,1138053000,8.711936769098724
202507,1138055100,9.267901373485367
202507,1138055200,9.07829364539136
202507,1138056000,8.282324020219486
202507,1138057000,9.034628502234396
202507,1138058000,8.825753984400455
202507,1138059000,8.64079167699272
202507,1138060000,9.04820619898363
202507,1138062500,8.577672078570208
202507,1138063100,8.697020862537974
202507,1138063200,8.485929793271074
202507,1138064000,8.809367661669725
202507,1138065000,8.248429704252965
202507,1138069000,8.436365347335999
202507,1141052000,8.957795381643072
202507,1141055500,9.165322662922572
202507,1141056500,8.848105251570185
202507,1141058500,9.187386334492592
202507,1141061500,8.872960371175433
202507,1141062000,8.637299423006302
202507,1141064000,9.243162586512746
202507,1141065500,8.738214305778236
202507,1141066000,8.73803770780606
202507,1141068500,8.546034819240178
202507,1141069000,9.331637924859606
202507,1141070000,8.777859079026308
202507,1141071000,8.258806899790693
202507,1141072000,8.807900161307757
202507,1144055500,9.2926153980984
202507,1144056500,9.064895706417012
202507,1144058500,9.436080567687208
202507,1144059000,9.67279549212581
202507,1144060000,9.408726150234182
202507,1144061000,8.758830864158712
202507,1144063000,8.690942468995908
202507,1144065500,8.978914571072952
202507,1144066000,9.759554708668912
202507,1144068000,9.348836803256688
202507,1144069000,9.164048637166331
202507,1144070000,8.992726444715338
202507,1144071000,9.08901400814712
202507,1144072000,8.768964303552815
202507,1144073000,8.818884439242073
202507,1144074000,9.141944892213669
202507,1147051000,9.528040543735464
202507,1147052000,8.707821125036094
202507,1147053000,9.166051723105053
202507,1147054000,8.852238916447352
202507,1147055000,9.390678477227551
202507,1147056000,8.82689212583182
202507,1147057000,8.73945425301451
202507,1147058000,8.474703076011789
202507,1147059000,8.913491640998949
202507,1147060000,8.613878083330144
202507,1147061000,9.43059869995408
202507,1147061100,8.49709985434021
202507,1147062000,9.436787076158671
202507,1147063000,9.204038090148362
202507,1147064000,8.692603368827863
202507,1147065000,9.064984081752876
202507,1147067000,8.661518022090666
202507,1147068000,9.232991991778915
202507,1150051000,9.158691303594292
202507,1150052000,9.497608612347586
202507,1150053000,8.460502514068379
202507,1150053500,9.170473434561089
202507,1150054000,8.991824057142837
202507,1150055000,8.469231986415377
202507,1150056000,8.914755736485063
202507,1150057000,8.940261049646777
202507,1150059000,8.630429340503483
202507,1150059100,8.889307258191325
202507,1150059300,8.45510259648575
202507,1150060300,9.216740030631357
202507,1150060400,9.061280771258996
202507,1150060500,8.946742731418741
202507,1150061100,9.33051531476688
202507,1150061500,8.899854104928222
202507,1150062000,8.734007264272824
202507,1150063000,9.072434076806635
202507,1150064000,8.656987357957375
202507,1150064100,8.558188886632319
202507,1153051000,8.94650195275807
202507,1153052000,8.574602888098315
202507,1153053000,9.586408742995012
202507,1153054000,9.374218625201092
202507,1153055000,9.090527088408727
202507,1153056000,9.242075741905884
202507,1153059500,8.999475512436499
202507,1153072000,9.06208615042845
202507,1153073000,8.930668557186596
202507,1153074000,8.70079354662537
202507,1153075000,8.716698688150743
202507,1153076000,8.646018888153577
202507,1153077000,8.924775011849263
202507,1153078000,8.443818519859688
202507,1153079000,8.404757968864484
202507,1153080000,6.563741055841036
202507,1154551000,9.96141283653662
202507,1154561000,9.505423940009212
202507,1154562000,8.858581919682518
202507,1154563000,8.999626742480485
202507,1154564000,8.630463634533596
202507,1154567000,9.181573825438337
202507,1154568000,8.019071260059366
202507,1154569000,8.599466848129014
202507,1154570000,8.39127575543579
202507,1154571000,9.029424346050234
202507,1156051500,9.396139625400728
202507,1156053500,9.714996947052713
202507,1156054000,9.916683865134514
202507,1156055000,9.720847539824067
202507,1156056000,9.13399856106948
202507,1156058500,8.585237286769319
202507,1156060500,9.680502540917368
202507,1156061000,9.03931561602982
202507,1156062000,9.342174123722607
202507,1156063000,9.009767214066136
202507,1156065000,9.184469101987794
202507,1156066000,8.623165402260728
202507,1156067000,9.041446442710615
202507,1156068000,9.180604845210445
202507,1156069000,8.758533422835367
202507,1156070000,9.13839128877738
202507,1156071000,9.111673407124306
202507,1156072000,9.593421282678886
202507,1159051000,9.890380573777788
202507,1159052000,10.947680530923574
202507,1159053000,9.075400105416582
202507,1159054000,8.871003729863508
202507,1159055000,9.093301551404249
202507,1159056000,8.523516784005025
202507,1159060500,9.19952304626482
202507,1159062000,9.169646802017477
202507,1159063000,9.300479883460456
202507,1159064000,8.696878071546147
202507,1159065000,9.094049160646888
202507,1159065100,8.260334824557535
202507,1159066000,9.068960875766445
202507,1159067000,8.720668889417093
202507,1159068000,9.016213283771332
202507,1162052500,8.73137619758565
202507,1162054500,8.448361502859527
202507,1162056500,8.480844197750024
202507,1162057500,8.883582311176504
202507,1162058500,9.009741222704038
202507,1162059500,9.10694000944662
202507,1162060500,8.817932252119775
202507,1162061500,9.169079858580934
202507,1162062500,8.983383435239842
202507,1162063000,8.928252356209061
202507,1162064500,9.200012156592956
202507,1162065500,8.687922857521649
202507,1162066500,8.50633186465435
202507,1162068500,8.942339502410759
202507,1162069500,9.216839764139864
202507,1162071500,8.139338287811093
202507,1162072500,9.25345886390154
202507,1162073500,8.545488910896031
202507,1162074500,8.36633050813819
202507,1162076500,8.673087708682111
202507,1162077500,8.622187330983577
202507,1165051000,9.33840107629375
202507,1165052000,9.723308807216544
202507,1165053000,9.40675556851859
202507,1165053100,9.863723719026964
202507,1165054000,9.473692148887327
202507,1165055000,9.021011735997204
202507,1165056000,9.529707221985383
202507,1165057000,9.36773782554725
202507,1165058000,10.021690024279756
202507,1165058100,9.476065564890009
202507,1165059000,9.426290712365365
202507,1165060000,9.637172339927178
202507,1165061000,9.396190112196845
202507,1165062000,9.229808032182396
202507,1165062100,9.353396723373066
202507,1165065100,9.314203338733876
202507,1165065200,9.456644420758446
202507,1165066000,8.391331518120229
202507,1168051000,10.102809630984453
202507,1168052100,9.842593457732592
202507,1168053100,9.67987649405132
202507,1168054500,10.175931335977156
202507,1168056500,10.014167711081528
202507,1168058000,9.839972825266797
202507,1168059000,9.43056195699424
202507,1168060000,9.918456645177766
202507,1168061000,9.80901425877067
202507,1168063000,9.834888927793587
202507,1168064000,9.917297180143736
202507,1168065000,9.357179212643782
202507,1168065500,9.383550183285465
202507,1168065600,9.605997732665127
202507,1168066000,7.141831253904516
202507,1168067000,9.08747996640404
202507,1168067500,8.517899714639976
202507,1168069000,9.312065131013266
202507,1168070000,8.931902876620978
202507,1168072000,8.75617556204056
202507,1168073000,9.273316745100724
202507,1168075000,9.62158345038582
202507,1171051000,8.735954458502654
202507,1171052000,8.65161447509924
202507,1171053100,8.98749929723273
202507,1171053200,8.937452123482133
202507,1171054000,9.42561300339375
202507,1171055000,9.174489279683756
202507,1171056100,9.343936207637087
202507,1171056200,9.424655061275129
202507,1171056600,8.684288686689449
202507,1171057000,9.046475829008646
202507,1171058000,9.252192029791408
202507,1171059000,9.070311034078683
202507,1171060000,9.341838939880274
202507,1171061000,9.141369567410292
202507,1171062000,9.135129050515925
202507,1171063100,10.430916831819882
202507,1171063200,9.262852146402778
202507,1171064100,9.0051582660404
202507,1171064200,9.602215200154175
202507,1171064600,8.978467988898917
202507,1171064700,8.119273237234626
202507,1171065000,9.667255186596956
202507,1171067000,9.607448189699335
202507,1171068000,9.499739277307023
202507,1171069000,8.99198678661707
202507,1171071000,10.089202519719656
202507,1171072000,8.811591236885695
202507,1174051500,8.486518638875339
202507,1174052500,8.238576034459294
202507,1174052600,8.609848447166899
202507,1174053000,9.30304202388539
202507,1174054000,9.777012112367547
202507,1174055000,8.485726203473932
202507,1174056000,8.980497809681287
202507,1174057000,8.792866458542006
202507,1174058000,9.099205636359818
202507,1174059000,9.070947083160712
202507,1174060000,8.847704373772656
202507,1174061000,9.371000192977151
202507,1174062000,8.891067092045636
202507,1174064000,9.169983917426606
202507,1174065000,9.283249890917183
202507,1174066000,9.204763179445592
202507,1174068500,9.062297278396349
202507,1174069000,8.956690724001245
202507,1174070000,8.776139196735135
202508,1111051500,8.97526168535363
202508,1111053000,9.543469945837725
202508,1111054000,9.716873004451696
202508,1111055000,8.492231368434764
202508,1111056000,8.337982730898071
202508,1111057000,9.221884306028755
202508,1111058000,8.793482982464223
202508,1111060000,9.319971806484606
202508,1111061500,10.090000742332617
202508,1111063000,9.719389836083511
202508,1111064000,8.970276556431715
202508,1111065000,9.0843514383958
202508,1111067000,9.879848265321566
202508,1111068000,8.934716593205623
202508,1111069000,7.894321073600049
202508,1111070000,8.602621638952373
202508,1111071000,9.176048212601374
202508,1114052000,9.95434994309703
202508,1114054000,10.042363867181235
202508,1114055000,9.77341013324858
202508,1114057000,9.210392017001
202508,1114058000,9.148960892422204
202508,1114059000,9.833548495193924
202508,1114060500,10.27845888716929
202508,1114061500,9.759614977100645
202508,1114062500,9.139612342615989
202508,1114063500,9.235900408346357
202508,1114064500,9.06059441542617
202508,1114065000,9.382520881927654
202508,1114066500,9.338412668933644
202508,1114067000,9.543248029325133
202508,1114068000,9.264364284548058
202508,1117051000,9.05999414382517
202508,1117052000,8.845308966592118
202508,1117053000,9.548727259030874
202508,1117055500,9.015988241665326
202508,1117056000,9.894878280869634
202508,1117057000,9.603817183578576
202508,1117058000,9.013853565972465
202508,1117059000,9.39621001407505
202508,1117062500,10.267134463390027
202508,1117063000,9.241905681471252
202508,1117064000,8.874707023571519
202508,1117065000,9.784136591287488
202508,1117066000,8.905311726940129
202508,1117068500,9.62811991874442
202508,1117069000,8.622543315510509
202508,1117070000,9.17254127714023
202508,1120052000,9.11531064131566
202508,1120053500,9.09860932857172
202508,1120054000,8.888967348001133
202508,1120055000,9.028157132110609
202508,1120056000,9.368508712146898
202508,1120057000,8.352766750981948
202508,1120058000,8.037079266378624
202508,1120059000,8.431357744580872
202508,1120061500,8.723155321657522
202508,1120062000,9.128348707622354
202508,1120064500,8.766954319181634
202508,1120065000,9.061182497577851
202508,1120066000,9.692390461177364
202508,1120067000,9.737734473178394
202508,1120069000,9.637935273681157
202508,1120072000,8.524104024146679
202508,1120079000,9.169082630620805
202508,1121571000,9.27996884261344
202508,1121573000,9.169640841551516
202508,1121574000,9.335160334523303
202508,1121575000,9.059315431647024
202508,1121576000,8.827205448587419
202508,1121577000,8.653234793907517
202508,1121578000,9.171025713605044
202508,1121581000,8.996178113329831
202508,1121582000,9.084715147545008
202508,1121583000,8.582379707070912
202508,1121584000,9.08565601993402
202508,1121584700,9.120966604529244
202508,1121585000,9.278025991992967
202508,1121586000,8.802206245257002
202508,1121587000,9.516081663889864
202508,1123054500,10.50794005176164
202508,1123056000,9.068913909048083
202508,1123057000,8.73004830012013
202508,1123060000,9.13402417000112
202508,1123061000,8.813794752706851
202508,1123065000,9.558373482094842
202508,1123066000,9.309498238421687
202508,1123070500,9.276871071052
202508,1123071000,9.018878018161573
202508,1123072000,8.969574364541321
202508,1123073000,8.531771822739776
202508,1123074000,8.82255518450883
202508,1123075000,8.423262637678153
202508,1126052000,8.654002279825272
202508,1126054000,8.52378733636749
202508,1126055000,8.430077543683131
202508,1126056500,9.002287767798697
202508,1126057000,9.05891655194808
202508,1126057500,8.932605565814464
202508,1126058000,8.737871853347384
202508,1126059000,9.340056647943824
202508,1126060000,8.812224259409978
202508,1126061000,9.033645155152309
202508,1126062000,8.864474883088327
202508,1126063000,8.854484308215666
202508,1126065500,8.94070986882777
202508,1126066000,8.829592855028448
202508,1126068000,8.73886148926151
202508,1126069000,9.190718923765075
202508,1129052500,8.924106411754911
202508,1129055500,9.283802537275418
202508,1129057500,9.276034463319943
202508,1129058000,8.704521164628133
202508,1129059000,8.690129698438637
202508,1129060000,8.9397952979884
202508,1129061000,8.734034707256296
202508,1129062000,8.67607964155646
202508,1129063000,8.515694004486392
202508,1129064000,8.500568845232246
202508,1129065000,8.617896340348393
202508,1129066000,8.492529888932326
202508,1129068500,8.904486630870169
202508,1129070500,8.719912463097097
202508,1129071500,8.704053930573377
202508,1129072500,8.843872710380323
202508,1129076000,8.306404589100403
202508,1129077000,8.755822101966515
202508,1129078000,8.533702984533392
202508,1129081000,8.94908494128715
202508,1130553400,8.591000709673173
202508,1130553500,9.063653486774834
202508,1130554500,9.17373192179483
202508,1130555500,9.024243727396884
202508,1130557500,8.544357585036474
202508,1130559500,9.2450289611879
202508,1130560300,8.023118486040937
202508,1130560800,8.648536534423322
202508,1130561500,9.24119548309772
202508,1130562500,8.734226207706
202508,1130563500,9.263425710355794
202508,1130564500,8.720030584902755
202508,1130566000,8.435555982887847
202508,1132051100,8.943000072438695
202508,1132051200,8.46837949161241
202508,1132051300,8.807945622834323
202508,1132051400,8.760637396149384
202508,1132051500,9.298807034851215
202508,1132052100,8.88423854440966
202508,1132052200,8.428598813509696
202508,1132066000,8.458753736353964
202508,1132067000,8.826380583128042
202508,1132068000,8.970178563103733
202508,1132068100,8.516597308296195
202508,1132069000,9.055077146330875
202508,1132070000,9.12737394226064
202508,1132071000,8.412809767484681
202508,1135056000,8.730155477737267
202508,1135057000,7.975903135782658
202508,1135058000,8.30609184452829
202508,1135059500,8.985661569911239
202508,1135060000,8.706494886501979
202508,1135061100,9.100860159510944
202508,1135061200,8.040828371972394
202508,1135061900,9.04330005143811
202508,1135062100,8.513996424686603
202508,1135062400,9.183921672045344
202508,1135062500,9.144084634218288
202508,1135063000,8.800283183517443
202508,1135064000,9.488372471962562
202508,1135066500,8.351583091655698
202508,1135067000,8.920428256479653
202508,1135069500,9.419046786466785
202508,1135070000,8.692918368474016
202508,1135071000,8.892703197696921
202508,1135072000,8.285291758654013
202508,1138051000,8.831752357565444
202508,1138052000,8.933297517012816
202508,1138053000,8.715397886308741
202508,1138055100,9.27453311053804
202508,1138055200,9.064660437591872
202508,1138056000,8.304833317024814
202508,1138057000,9.038293292051137
202508,1138058000,8.839820023936177
202508,1138059000,8.637057932511501
202508,1138060000,9.05271180448024
202508,1138062500,8.583028838523827
202508,1138063100,8.692000042741713
202508,1138063200,8.465148283286167
202508,1138064000,8.838881099998563
202508,1138065000,8.22581513802655
202508,1138069000,8.428356673648787
202508,1141052000,8.96359387848009
202508,1141055500,9.1805659233031
202508,1141056500,8.875081888674003
202508,1141058500,9.215353759207735
202508,1141061500,8.871214678679792
202508,1141062000,8.634389357043199
202508,1141064000,9.269996927769023
202508,1141065500,8.751581957229469
202508,1141066000,8.761517810743735
202508,1141068500,8.534944601042175
202508,1141069000,9.288245405553708
202508,1141070000,8.764685147322112
202508,1141071000,8.24328466530998
202508,1141072000,8.83111053574823
202508,1144055500,9.3030151617493
202508,1144056500,9.092000041517382
202508,1144058500,9.425508534251271
202508,1144059000,9.650856562863485
202508,1144060000,9.434736390176392
202508,1144061000,8.768655071935818
202508,1144063000,8.690579646994086
202508,1144065500,8.958180093666067
202508,1144066000,9.763913373329329
202508,1144068000,9.348705268968155
202508,1144069000,9.169765589535348
202508,1144070000,8.984497348963249
202508,1144071000,9.08858312539029
202508,1144072000,8.784567419115332
202508,1144073000,8.844630081031857
202508,1144074000,9.163703559702654
202508,1147051000,9.520820585834926
202508,1147052000,8.719708543437557
202508,1147053000,9.167040525765174
202508,1147054000,8.877329264989852
202508,1147055000,9.398592935815293
202508,1147056000,8.828522088010615
202508,1147057000,8.747429066262784
202508,1147058000,8.497805579238298
202508,1147059000,8.913164253012136
202508,1147060000,8.609238153449043
202508,1147061000,9.2944176762904
202508,1147061100,8.496626567946272
202508,1147062000,9.434126915225896
202508,1147063000,9.190266819695353
202508,1147064000,8.69153675735752
202508,1147065000,9.080649599990457
202508,1147067000,8.685436904126622
202508,1147068000,9.260742031305758
202508,1150051000,9.163650105262564
202508,1150052000,9.469573755159722
202508,1150053000,8.467361004949003
202508,1150053500,9.19589932921325
202508,1150054000,9.011396745869565
202508,1150055000,8.517891540132656
202508,1150056000,8.926514874674293
202508,1150057000,8.948518121816152
202508,1150059000,8.631878571031534
202508,1150059100,8.90324773381774
202508,1150059300,8.519699130533931
202508,1150060300,9.2546623340744
202508,1150060400,9.068105044336724
202508,1150060500,8.959487274156288
202508,1150061100,9.345478922316731
202508,1150061500,8.852203309350912
202508,1150062000,8.73353350538669
202508,1150063000,9.065669408387498
202508,1150064000,8.66856815017874
202508,1150064100,8.564936205487435
202508,1153051000,8.955470923272793
202508,1153052000,8.55865093401135
202508,1153053000,9.610244373891655
202508,1153054000,9.42415654457127
202508,1153055000,9.098565469375083
202508,1153056000,9.265945057558865
202508,1153059500,8.980869051087337
202508,1153072000,9.054227799118127
202508,1153073000,8.933353043051161
202508,1153074000,8.704724057199963
202508,1153075000,8.722027974045668
202508,1153076000,8.665973113776408
202508,1153077000,8.92725932571126
202508,1153078000,8.433090984867288
202508,1153079000,8.402770937481389
202508,1153080000,6.445277797620264
202508,1154551000,9.973854709053215
202508,1154561000,9.533407172487356
202508,1154562000,8.862083590599328
202508,1154563000,9.009944306978667
202508,1154564000,8.633357434049241
202508,1154567000,9.1918352245345
202508,1154568000,8.007394890181033
202508,1154569000,8.619472106174905
202508,1154570000,8.39414120806526
202508,1154571000,9.037639014249008
202508,1156051500,9.40154617211568
202508,1156053500,9.733645293105289
202508,1156054000,9.92760761374125
202508,1156055000,9.782269740112918
202508,1156056000,9.172710753603592
202508,1156058500,8.573585013256912
202508,1156060500,9.733705948466069
202508,1156061000,9.036418837643124
202508,1156062000,9.373281348434226
202508,1156063000,9.016966959118278
202508,1156065000,9.229855022919054
202508,1156066000,8.599753360700268
202508,1156067000,9.070545723831655
202508,1156068000,9.192664457399584
202508,1156069000,8.76312693350211
202508,1156070000,9.14371545975944
202508,1156071000,9.10771031217918
202508,1156072000,9.587640577250545
202508,1159051000,9.88815246935869
202508,1159052000,10.952970965706738
202508,1159053000,9.085819117234088
202508,1159054000,8.887263702558268
202508,1159055000,9.098470805644192
202508,1159056000,8.542025913466889
202508,1159060500,9.194211948531002
202508,1159062000,9.159396134512628
202508,1159063000,9.302159995081384
202508,1159064000,8.677238791738263
202508,1159065000,9.10095042546256
202508,1159065100,8.243946446136475
202508,1159066000,9.08364514285851
202508,1159067000,8.72379398630556
202508,1159068000,9.006698042572216
202508,1162052500,8.76243825140995
202508,1162054500,8.473057347253192
202508,1162056500,8.428307522445131
202508,1162057500,8.877107287834102
202508,1162058500,9.011501678705445
202508,1162059500,9.12239925763932
202508,1162060500,8.82653421959894
202508,1162061500,9.200495619729438
202508,1162062500,8.983436280853592
202508,1162063000,8.937013715516938
202508,1162064500,9.207629390807144
202508,1162065500,8.698625814943574
202508,1162066500,8.521732447666423
202508,1162068500,8.94927756035996
202508,1162069500,9.219732453188744
202508,1162071500,8.147107841582374
202508,1162072500,9.403940288608093
202508,1162073500,8.564160999823947
202508,1162074500,8.373266258331846
202508,1162076500,8.663595842444716
202508,1162077500,8.627045768749735
202508,1165051000,9.350508191899388
202508,1165052000,9.744846037669854
202508,1165053000,9.512103222309984
202508,1165053100,9.882568617032549
202508,1165054000,9.443878147366256
202508,1165055000,8.986922851540355
202508,1165056000,9.50925317541509
202508,1165057000,9.344967361240752
202508,1165058000,10.01755122465247
202508,1165058100,9.465091901135144
202508,1165059000,9.427600784589972
202508,1165060000,9.670774539059634
202508,1165061000,9.415606064559327
202508,1165062000,9.233721494309158
202508,1165062100,9.35909372965117
202508,1165065100,9.32393762636058
202508,1165065200,9.469417159671575
202508,1165066000,8.41253554879332
202508,1168051000,10.127588018891904
202508,1168052100,9.888728422685157
202508,1168053100,9.731748944572686
202508,1168054500,10.217111219318308
202508,1168056500,10.018187331128887
202508,1168058000,9.8979973085022
202508,1168059000,9.453328713259577
202508,1168060000,9.94578682056248
202508,1168061000,9.852483021564344
202508,1168063000,9.867376442734182
202508,1168064000,9.94587170842238
202508,1168065000,9.37829001191676
202508,1168065500,9.51723484983073
202508,1168065600,9.582979603877474
202508,1168066000,7.003535753290367
202508,1168067000,9.083870718137614
202508,1168067500,8.560127396476528
202508,1168069000,9.331009208812029
202508,1168070000,8.937875720830764
202508,1168072000,8.78145846456537
202508,1168073000,9.273347228421
202508,1168075000,9.672677897213118
202508,1171051000,8.751754450821236
202508,1171052000,8.676906134006439
202508,1171053100,9.04866823530129
202508,1171053200,8.924935192036877
202508,1171054000,9.387397007592664
202508,1171055000,9.164836845675724
202508,1171056100,9.332399138663474
202508,1171056200,9.421940017410952
202508,1171056600,8.596707819940555
202508,1171057000,9.071903211679675
202508,1171058000,9.25570591914187
202508,1171059000,9.077528479460398
202508,1171060000,9.345718449209992
202508,1171061000,9.155053769580556
202508,1171062000,9.251758170889495
202508,1171063100,10.476708155674332
202508,1171063200,9.251693015363308
202508,1171064100,8.983763865839375
202508,1171064200,9.582580864683145
202508,1171064600,8.999690047842707
202508,1171064700,8.099244193806038
202508,1171065000,9.67948106285841
202508,1171067000,9.599336682195936
202508,1171068000,9.504045903005176
202508,1171069000,8.997232202784582
202508,1171071000,10.124326414525198
202508,1171072000,8.818178652625159
202508,1174051500,8.51085348505654
202508,1174052500,8.23312447034289
202508,1174052600,8.626606499256008
202508,1174053000,9.310096571745158
202508,1174054000,9.791647373031966
202508,1174055000,8.509761414248672
202508,1174056000,8.96760037356943
202508,1174057000,8.81788979470379
202508,1174058000,9.12649067573571
202508,1174059000,9.005343109479405
202508,1174060000,8.869395062023186
202508,1174061000,9.374747563662137
202508,1174062000,8.903467151997132
202508,1174064000,9.169803764494477
202508,1174065000,9.283441433416725
202508,1174066000,9.208733718330738
202508,1174068500,9.076284934926331
202508,1174069000,8.974046161877087
202508,1174070000,8.767479456237092
202509,1111051500,8.940222383055767
202509,1111053000,9.540825961753036
202509,1111054000,9.611168376358942
202509,1111055000,8.436274731686561
202509,1111056000,8.350238571242944
202509,1111057000,9.270561358320826
202509,1111058000,8.790356453747089
202509,1111060000,9.269250379608128
202509,1111061500,10.131386890415058
202509,1111063000,9.662111377009728
202509,1111064000,8.920880959890194
202509,1111065000,9.04647472878646
202509,1111067000,9.807284956734083
202509,1111068000,8.953759205528723
202509,1111069000,8.000362026147885
202509,1111070000,8.61489820594917
202509,1111071000,9.180247515429585
202509,1114052000,9.911166449841348
202509,1114054000,10.018850449986305
202509,1114055000,9.759018336379842
202509,1114057000,9.117787582230212
202509,1114058000,9.146872175876013
202509,1114059000,9.836563409450688
202509,1114060500,10.243917924861336
202509,1114061500,9.724406644862997
202509,1114062500,9.150344169867964
202509,1114063500,9.26406164943045
202509,1114064500,9.015587327003326
202509,1114065000,9.417564675041362
202509,1114066500,9.36924052756432
202509,1114067000,9.544260738125848
202509,1114068000,9.267462815913236
202509,1117051000,9.06104031051045
202509,1117052000,8.847312070008316
202509,1117053000,9.583776720744938
202509,1117055500,8.982539676922231
202509,1117056000,9.912802114580378
202509,1117057000,9.646740055998912
202509,1117058000,9.062294265063498
202509,1117059000,9.413185991031746
202509,1117062500,10.305185001523109
202509,1117063000,9.258428715919267
202509,1117064000,8.715360958157946
202509,1117065000,9.8524326201195
202509,1117066000,8.931700060022177
202509,1117068500,9.624097551060428
202509,1117069000,8.632351062876936
202509,1117070000,9.205007026369646
202509,1120052000,9.135324778373056
202509,1120053500,9.114175580264291
202509,1120054000,8.89623304910409
202509,1120055000,8.91695174035768
202509,1120056000,9.345142276299477
202509,1120057000,8.3827515541923
202509,1120058000,8.063301653136344
202509,1120059000,8.466983176209537
202509,1120061500,8.758407998631194
202509,1120062000,9.123023021399622
202509,1120064500,8.768075635080502
202509,1120065000,9.0369302036336
202509,1120066000,9.713291471316182
202509,1120067000,9.716457733211609
202509,1120069000,9.611518808274546
202509,1120072000,8.554922277753246
202509,1120079000,9.175242745450662
202509,1121571000,9.232776877999166
202509,1121573000,9.134199762610365
202509,1121574000,9.360093643739145
202509,1121575000,9.100218605054382
202509,1121576000,8.84572070002161
202509,1121577000,8.671660260100625
202509,1121578000,9.144022374202184
202509,1121581000,9.006252535199556
202509,1121582000,9.094862330420916
202509,1121583000,8.607461738003263
202509,1121584000,9.115253300326543
202509,1121584700,9.11763516177597
202509,1121585000,9.30470687534598
202509,1121586000,8.817875072420202
202509,1121587000,9.534442171118394
202509,1123054500,10.537926274898853
202509,1123056000,9.087154150621863
202509,1123057000,8.731913886647746
202509,1123060000,9.160229589594774
202509,1123061000,8.849547989410231
202509,1123065000,9.576436205723535
202509,1123066000,9.33061003706992
202509,1123070500,9.287919100649551
202509,1123071000,8.947591591374971
202509,1123072000,8.96719756874819
202509,1123073000,8.498354262156344
202509,1123074000,8.760636417970058
202509,1123075000,8.440022916838997
202509,1126052000,8.652780783804564
202509,1126054000,8.539587908263014
202509,1126055000,8.457889650081226
202509,1126056500,9.041232795886163
202509,1126057000,9.08618540002621
202509,1126057500,8.939104998533445
202509,1126058000,8.879437957242851
202509,1126059000,9.368094672625803
202509,1126060000,8.847596874920388
202509,1126061000,9.05079482055652
202509,1126062000,8.895669420638912
202509,1126063000,8.87459748020798
202509,1126065500,8.957265408632203
202509,1126066000,8.848858381809391
202509,1126068000,8.759179622581515
202509,1126069000,9.204302050188574
202509,1129052500,8.90899156376387
202509,1129055500,9.28921995105141
202509,1129057500,9.262242354860176
202509,1129058000,8.762695217329894
202509,1129059000,8.676120956142555
202509,1129060000,8.844025466844602
202509,1129061000,8.743723913887596
202509,1129062000,8.733522067825575
202509,1129063000,8.538626550166542
202509,1129064000,8.378507494427634
202509,1129065000,8.627286908455808
202509,1129066000,8.518045289814447
202509,1129068500,8.925921039624752
202509,1129070500,8.722290294316528
202509,1129071500,8.71601731938613
202509,1129072500,8.848630130260762
202509,1129076000,8.327355390879838
202509,1129077000,8.796105930924178
202509,1129078000,8.47090851425669
202509,1129081000,8.98012523868639
202509,1130553400,8.631428918870329
202509,1130553500,9.10086487630876
202509,1130554500,9.181031719287452
202509,1130555500,9.046517811694695
202509,1130557500,8.559483657953956
202509,1130559500,9.236787345651114
202509,1130560300,8.048184487670515
202509,1130560800,8.677298063474357
202509,1130561500,9.262981667363746
202509,1130562500,8.759868469334254
202509,1130563500,9.293855521919053
202509,1130564500,8.754641928794047
202509,1130566000,8.459845934882543
202509,1132051100,8.975718843776313
202509,1132051200,8.493614617893812
202509,1132051300,8.842367301834427
202509,1132051400,8.795334060266248
202509,1132051500,9.32820842589476
202509,1132052100,8.892345026322122
202509,1132052200,8.457381196140174
202509,1132066000,8.441031443616344
202509,1132067000,8.839823168699715
202509,1132068000,8.974509617912569
202509,1132068100,8.540053918784592
202509,1132069000,9.088096617587455
202509,1132070000,9.154084364071132
202509,1132071000,8.432788056775836
202509,1135056000,8.701505749114038
202509,1135057000,7.976505266685023
202509,1135058000,8.33971106657177
202509,1135059500,9.012754586269196
202509,1135060000,8.665668867450064
202509,1135061100,9.082276559519052
202509,1135061200,8.069168465533583
202509,1135061900,9.06599472301682
202509,1135062100,8.545132382846786
202509,1135062400,9.199779901053596
202509,1135062500,9.170172949566194
202509,1135063000,8.83349839002821
202509,1135064000,9.52000774547531
202509,1135066500,8.382720626082335
202509,1135067000,8.9690591083198
202509,1135069500,9.407236008525969
202509,1135070000,8.72671618907704
202509,1135071000,8.907158312118183
202509,1135072000,8.305910453382637
202509,1138051000,8.876074755529936
202509,1138052000,8.96577278926104
202509,1138053000,8.755740442844123
202509,1138055100,9.29489587044389
202509,1138055200,9.101940223663254
202509,1138056000,8.336267201890518
202509,1138057000,9.009946285606892
202509,1138058000,8.880854829694178
202509,1138059000,8.664252771872093
202509,1138060000,9.085580920192411
202509,1138062500,8.608163096691158
202509,1138063100,8.723805258465752
202509,1138063200,8.459492095059867
202509,1138064000,8.887283575485002
202509,1138065000,8.273871009895762
202509,1138069000,8.442878865552217
202509,1141052000,8.969460528817548
202509,1141055500,9.209461548149005
202509,1141056500,8.851456668670892
202509,1141058500,9.131057938380213
202509,1141061500,8.875355159857786
202509,1141062000,8.67182146422126
202509,1141064000,9.306262457254132
202509,1141065500,8.781812185171725
202509,1141066000,8.80991611744696
202509,1141068500,8.5368652339243
202509,1141069000,9.32752248264022
202509,1141070000,8.730617177476166
202509,1141071000,8.231395384849936
202509,1141072000,8.89733918850867
202509,1144055500,9.303690393224342
202509,1144056500,9.132111910412764
202509,1144058500,9.36882926125203
202509,1144059000,9.572589345348906
202509,1144060000,9.393676160505011
202509,1144061000,8.943052540186747
202509,1144063000,8.687365907987443
202509,1144065500,8.917779220048956
202509,1144066000,9.783720042137396
202509,1144068000,9.359726998037964
202509,1144069000,9.235457060453983
202509,1144070000,9.009716288828644
202509,1144071000,9.119065392709263
202509,1144072000,8.8026319113569
202509,1144073000,8.896263407506696
202509,1144074000,9.145414919002656
202509,1147051000,9.484970706133224
202509,1147052000,8.775915458989418
202509,1147053000,9.203948325253752
202509,1147054000,8.894386947642989
202509,1147055000,9.384772582332944
202509,1147056000,8.856586335332155
202509,1147057000,8.764544476027398
202509,1147058000,8.536605359046305
202509,1147059000,8.928756139492776
202509,1147060000,8.633249049121758
202509,1147061000,9.106672015793372
202509,1147061100,8.523245411821328
202509,1147062000,9.481023698654226
202509,1147063000,9.175299872552417
202509,1147064000,8.70791072825074
202509,1147065000,9.100151814611335
202509,1147067000,8.747192730162817
202509,1147068000,9.281691513970522
202509,1150051000,9.166859863261278
202509,1150052000,9.51444583999236
202509,1150053000,8.494270332893484
202509,1150053500,9.326892219644876
202509,1150054000,9.0992826590681
202509,1150055000,8.552316962402639
202509,1150056000,8.959016045110477
202509,1150057000,8.982961701094784
202509,1150059000,8.663165288740158
202509,1150059100,8.939577514225475
202509,1150059300,8.810234682604388
202509,1150060300,9.220641994642836
202509,1150060400,9.103350322162925
202509,1150060500,8.966936842244023
202509,1150061100,9.39299143522062
202509,1150061500,8.820772136691215
202509,1150062000,8.70131893361864
202509,1150063000,9.082712453928467
202509,1150064000,8.652431625419576
202509,1150064100,8.588820936434612
202509,1153051000,8.989533509335327
202509,1153052000,8.608440742470442
202509,1153053000,9.640483751587954
202509,1153054000,9.433670780700574
202509,1153055000,9.142867382401592
202509,1153056000,9.282933699056011
202509,1153059500,8.880382336944672
202509,1153072000,9.062322695878226
202509,1153073000,8.954584066916983
202509,1153074000,8.727443381884909
202509,1153075000,8.760342512587753
202509,1153076000,8.84330737128944
202509,1153077000,8.950878112616731
202509,1153078000,8.440087554067054
202509,1153079000,8.363697339553537
202509,1153080000,6.355593290943537
202509,1154551000,9.975015070817498
202509,1154561000,9.565357801205025
202509,1154562000,8.900471004920362
202509,1154563000,9.062042028464136
202509,1154564000,8.666875653975062
202509,1154567000,9.225220953154016
202509,1154568000,8.017503245905107
202509,1154569000,8.642387342021934
202509,1154570000,8.418322884845372
202509,1154571000,9.065173361480596
202509,1156051500,9.42604404531866
202509,1156053500,9.77455929002059
202509,1156054000,9.929102752208832
202509,1156055000,9.83695569645988
202509,1156056000,9.150649741924632
202509,1156058500,8.586951265023695
202509,1156060500,9.748947650319574
202509,1156061000,9.044645664088495
202509,1156062000,9.401525663800816
202509,1156063000,9.065121861860105
202509,1156065000,9.299792432540448
202509,1156066000,8.618920490025646
202509,1156067000,9.089807099363528
202509,1156068000,9.249469718914405
202509,1156069000,8.765225180608608
202509,1156070000,9.093090925325642
202509,1156071000,9.133674924408377
202509,1156072000,9.602337325908085
202509,1159051000,9.895159676890673
202509,1159052000,10.874017978908434
202509,1159053000,9.087076470709851
202509,1159054000,8.913000445117815
202509,1159055000,9.10560254692399
202509,1159056000,8.576278114147925
202509,1159060500,9.145429272084936
202509,1159062000,9.17563287977582
202509,1159063000,9.324369075498808
202509,1159064000,8.714006531499297
202509,1159065000,9.116939931729032
202509,1159065100,8.249558860273156
202509,1159066000,9.107710340912387
202509,1159067000,8.791686336363693
202509,1159068000,8.924269720088358
202509,1162052500,8.885003394420936
202509,1162054500,8.497786511708192
202509,1162056500,8.445828044145054
202509,1162057500,8.876942582846874
202509,1162058500,8.98338915787344
202509,1162059500,9.176495613733229
202509,1162060500,8.84690524635099
202509,1162061500,9.233280878826656
202509,1162062500,9.008038625078797
202509,1162063000,8.95409489969552
202509,1162064500,9.232823516972202
202509,1162065500,8.731149950240868
202509,1162066500,8.557524482828203
202509,1162068500,8.980777210971851
202509,1162069500,9.237458046612222
202509,1162071500,8.16773983068058
202509,1162072500,9.36778719281949
202509,1162073500,8.503155432464457
202509,1162074500,8.39297788931298
202509,1162076500,8.659636691447451
202509,1162077500,8.656308738678073
202509,1165051000,9.353973636694436
202509,1165052000,9.757951748581435
202509,1165053000,9.492865895303352
202509,1165053100,9.902437836337958
202509,1165054000,9.424344602726
202509,1165055000,8.821625020024257
202509,1165056000,9.505559083709809
202509,1165057000,9.340475762418263
202509,1165058000,10.039526662281457
202509,1165058100,9.477981918287323
202509,1165059000,9.45438164176847
202509,1165060000,9.695931782355318
202509,1165061000,9.438608631102143
202509,1165062000,9.227843955634958
202509,1165062100,9.354520087458743
202509,1165065100,9.333073654147803
202509,1165065200,9.445104987602493
202509,1165066000,8.385624334823934
202509,1168051000,10.128221706496175
202509,1168052100,9.9051703219758
202509,1168053100,9.736995373156455
202509,1168054500,10.244222404622109
202509,1168056500,9.982575218949089
202509,1168058000,9.88911889186117
202509,1168059000,9.48060729474918
202509,1168060000,9.961605370568972
202509,1168061000,9.9016018712548
202509,1168063000,9.896209047756868
202509,1168064000,9.975293148966056
202509,1168065000,9.371368459884346
202509,1168065500,9.496598583070162
202509,1168065600,9.606089833277425
202509,1168066000,6.827845660034591
202509,1168067000,9.09765205106724
202509,1168067500,8.578099431646914
202509,1168069000,9.362005792456564
202509,1168070000,8.951253251725516
202509,1168072000,8.807904647151787
202509,1168073000,9.297370697726867
202509,1168075000,9.708988168051578
202509,1171051000,8.799956391593183
202509,1171052000,8.679208633434422
202509,1171053100,9.127819874314744
202509,1171053200,8.96411963815038
202509,1171054000,9.413808053020588
202509,1171055000,9.186234977411468
202509,1171056100,9.35159948963152
202509,1171056200,9.442902818597144
202509,1171056600,8.453896257788758
202509,1171057000,9.103172528010154
202509,1171058000,9.278678866867551
202509,1171059000,9.101736068548965
202509,1171060000,9.364712275141237
202509,1171061000,9.174682893036245
202509,1171062000,9.219587366600797
202509,1171063100,10.50978237461818
202509,1171063200,9.261986993543344
202509,1171064100,8.998194078121847
202509,1171064200,9.594781007740592
202509,1171064600,9.044028114400916
202509,1171064700,8.111111163702205
202509,1171065000,9.706345297984628
202509,1171067000,9.624385807711889
202509,1171068000,9.54295271076948
202509,1171069000,9.037874010841644
202509,1171071000,10.160063292160622
202509,1171072000,8.807344954594083
202509,1174051500,8.538443142994904
202509,1174052500,8.234326378109527
202509,1174052600,8.659886427269575
202509,1174053000,9.333582379081768
202509,1174054000,9.819908895871178
202509,1174055000,8.537101517658629
202509,1174056000,8.944019950755195
202509,1174057000,8.892514892917552
202509,1174058000,9.151113685729268
202509,1174059000,8.985942863977668
202509,1174060000,8.918867512695993
202509,1174061000,9.379205647450425
202509,1174062000,8.94284505862982
202509,1174064000,9.182039020106057
202509,1174065000,9.303375131340635
202509,1174066000,9.210544000089818
202509,1174068500,9.131965555896803
202509,1174069000,8.995051350512826
202509,1174070000,8.767402953262083
202510,1111051500,8.912330326022131
202510,1111053000,9.567490320985277
202510,1111054000,9.56779515287637
202510,1111055000,8.423578957550696
202510,1111056000,8.299357750861498
202510,1111057000,9.255709528430994
202510,1111058000,8.752711525706871
202510,1111060000,9.284916861243255
202510,1111061500,10.123389218133909
202510,1111063000,9.70420358792299
202510,1111064000,8.924908734180852
202510,1111065000,9.051284334661316
202510,1111067000,9.829553158191375
202510,1111068000,8.898613197127373
202510,1111069000,7.880824453651077
202510,1111070000,8.58474889081426
202510,1111071000,9.160527019607896
202510,1114052000,9.96445616990465
202510,1114054000,10.06341490923514
202510,1114055000,9.79806758135209
202510,1114057000,9.161537701376432
202510,1114058000,9.166112321530504
202510,1114059000,9.841891701734276
202510,1114060500,10.279565867682509
202510,1114061500,9.761282543182793
202510,1114062500,9.152442683875718
202510,1114063500,9.223678045397431
202510,1114064500,8.956996738285724
202510,1114065000,9.35033246609081
202510,1114066500,9.327661744348411
202510,1114067000,9.521819596007145
202510,1114068000,9.216097252716928
202510,1117051000,9.022345249100196
202510,1117052000,8.803795452657104
202510,1117053000,9.550115230942907
202510,1117055500,8.991629509691915
202510,1117056000,9.860438762081714
202510,1117057000,9.593119442036084
202510,1117058000,9.043259893112404
202510,1117059000,9.36129429303949
202510,1117062500,10.310913400075163
202510,1117063000,9.22717959194398
202510,1117064000,8.716715266144666
202510,1117065000,9.816224024468022
202510,1117066000,8.903140110243765
202510,1117068500,9.62576264286775
202510,1117069000,8.577770523490287
202510,1117070000,9.191918437836035
202510,1120052000,9.0608468287054
202510,1120053500,9.128882111675736
202510,1120054000,8.871479050440831
202510,1120055000,8.984409459522668
202510,1120056000,9.31338476214592
202510,1120057000,8.345872175313245
202510,1120058000,8.00874182516762
202510,1120059000,8.423964141861383
202510,1120061500,8.705415285711355
202510,1120062000,9.081420222957089
202510,1120064500,8.705542490515091
202510,1120065000,9.019299375020864
202510,1120066000,9.699025318970175
202510,1120067000,9.71329904756642
202510,1120069000,9.629666424674395
202510,1120072000,8.50563067613621
202510,1120079000,9.176744262170184
202510,1121571000,9.23996208905304
202510,1121573000,9.1227731856669
202510,1121574000,9.325319198425971
202510,1121575000,9.063938404537115
202510,1121576000,8.810151197715532
202510,1121577000,8.63377739770834
202510,1121578000,9.089555947290764
202510,1121581000,8.968704083521656
202510,1121582000,9.06760611130613
202510,1121583000,8.562365548443259
202510,1121584000,9.070359600633283
202510,1121584700,9.083099342713773
202510,1121585000,9.29434375657566
202510,1121586000,8.786813546752072
202510,1121587000,9.497034087076484
202510,1123054500,10.509818950087602
202510,1123056000,9.039555900030711
202510,1123057000,8.703483253770505
202510,1123060000,9.127964062157718
202510,1123061000,8.795564139947107
202510,1123065000,9.54598995871098
202510,1123066000,9.291849332808912
202510,1123070500,9.26398581278758
202510,1123071000,8.961759589860263
202510,1123072000,8.899054317992876
202510,1123073000,8.482724240303078
202510,1123074000,8.779294072356794
202510,1123075000,8.413757622959194
202510,1126052000,8.615447684923158
202510,1126054000,8.502844715664478
202510,1126055000,8.361775375918755
202510,1126056500,8.98047817378252
202510,1126057000,9.023674086694207
202510,1126057500,8.902879514837922
202510,1126058000,8.818752121551384
202510,1126059000,9.338387124759482
202510,1126060000,8.779120570458023
202510,1126061000,9.007667553156358
202510,1126062000,8.852292045686008
202510,1126063000,8.825838489136983
202510,1126065500,8.917936065785714
202510,1126066000,8.776976927393623
202510,1126068000,8.71713220871802
202510,1126069000,9.164950028452248
202510,1129052500,8.86586704035743
202510,1129055500,9.251133781204768
202510,1129057500,9.263389093610606
202510,1129058000,8.690627448515531
202510,1129059000,8.629799544631343
202510,1129060000,8.887399904710083
202510,1129061000,8.692858766835357
202510,1129062000,8.685934292997285
202510,1129063000,8.4988705163693
202510,1129064000,8.396947248513449
202510,1129065000,8.587566854622189
202510,1129066000,8.486427352034122
202510,1129068500,8.917798681423333
202510,1129070500,8.697125290839981
202510,1129071500,8.668822135258768
202510,1129072500,8.827383805766866
202510,1129076000,8.270984770927344
202510,1129077000,8.72450513240464
202510,1129078000,8.425254813293648
202510,1129081000,8.937886213546133
202510,1130553400,8.561281931557497
202510,1130553500,9.06463712149847
202510,1130554500,9.125620100125204
202510,1130555500,9.005029321203851
202510,1130557500,8.521338381771198
202510,1130559500,9.20348238357452
202510,1130560300,7.996531945555213
202510,1130560800,8.618140038025658
202510,1130561500,9.238561345224808
202510,1130562500,8.694682812567502
202510,1130563500,9.263151524305536
202510,1130564500,8.692686104769702
202510,1130566000,8.406371525689673
202510,1132051100,8.92408808340835
202510,1132051200,8.46430308446565
202510,1132051300,8.792235765503419
202510,1132051400,8.749614074327276
202510,1132051500,9.281301993813903
202510,1132052100,8.861612746887019
202510,1132052200,8.408128020122325
202510,1132066000,8.40019501127918
202510,1132067000,8.803068030264564
202510,1132068000,8.936306957544446
202510,1132068100,8.497254480662148
202510,1132069000,9.059135172703735
202510,1132070000,9.1127699660907
202510,1132071000,8.361267645203576
202510,1135056000,8.693868157118388
202510,1135057000,7.956530598153548
202510,1135058000,8.28162048358857
202510,1135059500,8.983537549689299
202510,1135060000,8.663870442062205
202510,1135061100,9.059380585360833
202510,1135061200,8.012249550003107
202510,1135061900,9.045554819319362
202510,1135062100,8.486440495399108
202510,1135062400,9.166622841391227
202510,1135062500,9.138895437565008
202510,1135063000,8.777990818008233
202510,1135064000,9.47759828208089
202510,1135066500,8.328458715280627
202510,1135067000,8.91161414535266
202510,1135069500,9.370849455368704
202510,1135070000,8.675334716281567
202510,1135071000,8.846420982294932
202510,1135072000,8.258041124327894
202510,1138051000,8.773611609804064
202510,1138052000,8.900890280676744
202510,1138053000,8.706764770640122
202510,1138055100,9.270955986260878
202510,1138055200,9.051658909307482
202510,1138056000,8.279672152747619
202510,1138057000,9.025136963388652
202510,1138058000,8.812823293758488
202510,1138059000,8.608768831985694
202510,1138060000,9.045911696176672
202510,1138062500,8.588503154143964
202510,1138063100,8.659109997223291
202510,1138063200,8.418310729169333
202510,1138064000,8.842010281959174
202510,1138065000,8.197062153050314
202510,1138069000,8.440288757115274
202510,1141052000,8.949136757833962
202510,1141055500,9.200893856897748
202510,1141056500,8.856653029005804
202510,1141058500,9.162596857627978
202510,1141061500,8.845611051037613
202510,1141062000,8.655133556775363
202510,1141064000,9.292141816814077
202510,1141065500,8.7330152411725
202510,1141066000,8.717532035169885
202510,1141068500,8.513153775608494
202510,1141069000,9.324426624325636
202510,1141070000,8.720544226397003
202510,1141071000,8.16764718294389
202510,1141072000,8.831561988611105
202510,1144055500,9.273715204264768
202510,1144056500,9.10183300272498
202510,1144058500,9.337494021120166
202510,1144059000,9.576477226937676
202510,1144060000,9.40359178500442
202510,1144061000,8.862235680474907
202510,1144063000,8.68353679415061
202510,1144065500,8.906913395023095
202510,1144066000,9.78041148067256
202510,1144068000,9.328171772461744
202510,1144069000,9.182510037686988
202510,1144070000,8.980923625519626
202510,1144071000,9.082001773574408
202510,1144072000,8.764064782341805
202510,1144073000,8.881223366434595
202510,1144074000,9.14647905084907
202510,1147051000,9.455789603362057
202510,1147052000,8.701508604459992
202510,1147053000,9.159000994290038
202510,1147054000,8.849843141425898
202510,1147055000,9.363618446275938
202510,1147056000,8.815046062027875
202510,1147057000,8.706789715175917
202510,1147058000,8.518708125797007
202510,1147059000,8.9065268055015
202510,1147060000,8.591669410685977
202510,1147061000,8.943811821179692
202510,1147061100,8.474400725550597
202510,1147062000,9.450073455275067
202510,1147063000,9.13755090484424
202510,1147064000,8.686982642505006
202510,1147065000,9.05227834410146
202510,1147067000,8.70321046397809
202510,1147068000,9.23437729820761
202510,1150051000,9.119810586972894
202510,1150052000,9.498146807060968
202510,1150053000,8.447824257200983
202510,1150053500,9.252067838560915
202510,1150054000,9.04129469338425
202510,1150055000,8.500179440309013
202510,1150056000,8.907805436989308
202510,1150057000,8.931275327708446
202510,1150059000,8.617591046769887
202510,1150059100,8.87655096918149
202510,1150059300,8.655526346734398
202510,1150060300,9.209050381965383
202510,1150060400,9.0506860750482
202510,1150060500,8.910220789764066
202510,1150061100,9.38865677710963
202510,1150061500,8.744005287117457
202510,1150062000,8.66779847977424
202510,1150063000,9.044505274887698
202510,1150064000,8.610833844862897
202510,1150064100,8.526695407379407
202510,1153051000,9.002453235819898
202510,1153052000,8.561625106826979
202510,1153053000,9.619770756028188
202510,1153054000,9.448845047629948
202510,1153055000,9.080601665664178
202510,1153056000,9.27048006943392
202510,1153059500,8.856804873055436
202510,1153072000,9.030913309862116
202510,1153073000,8.918577639394572
202510,1153074000,8.665862807689736
202510,1153075000,8.703052651887706
202510,1153076000,8.715613141725845
202510,1153077000,8.90008536591229
202510,1153078000,8.399520393378857
202510,1153079000,8.355935345635128
202510,1153080000,6.3364474737511145
202510,1154551000,10.008165416618178
202510,1154561000,9.555616974141598
202510,1154562000,8.844806010298349
202510,1154563000,9.01169545938158
202510,1154564000,8.620731751875818
202510,1154567000,9.1910714067117
202510,1154568000,7.9688708996207
202510,1154569000,8.595711286944752
202510,1154570000,8.35673869933135
202510,1154571000,9.020552626927584
202510,1156051500,9.387168859719514
202510,1156053500,9.673073677862511
202510,1156054000,9.933139932597838
202510,1156055000,9.808670757641451
202510,1156056000,9.189977909868672
202510,1156058500,8.534022978752617
202510,1156060500,9.711645003260196
202510,1156061000,9.029369886933155
202510,1156062000,9.373765429147907
202510,1156063000,9.006893772762496
202510,1156065000,9.248156997737029
202510,1156066000,8.593734593255082
202510,1156067000,9.051010647269448
202510,1156068000,9.257002192878277
202510,1156069000,8.702578968608789
202510,1156070000,9.069136049201273
202510,1156071000,9.10044967835581
202510,1156072000,9.557127942398544
202510,1159051000,9.942591997138358
202510,1159052000,10.922077804847364
202510,1159053000,9.062142353785116
202510,1159054000,8.872778182589686
202510,1159055000,9.064094262257193
202510,1159056000,8.523075702669379
202510,1159060500,9.14571649113496
202510,1159062000,9.16221252379743
202510,1159063000,9.282858672395207
202510,1159064000,8.662654740029247
202510,1159065000,9.071103948419548
202510,1159065100,8.146636187636258
202510,1159066000,9.067217987682175
202510,1159067000,8.738334948725047
202510,1159068000,8.967292828210262
202510,1162052500,8.788549089831596
202510,1162054500,8.497466443827538
202510,1162056500,8.400189132879039
202510,1162057500,8.865011134379836
202510,1162058500,9.00098106557718
202510,1162059500,9.14432162083744
202510,1162060500,8.802502490840302
202510,1162061500,9.202946288906531
202510,1162062500,8.981031866111785
202510,1162063000,8.914772452699744
202510,1162064500,9.18249640411354
202510,1162065500,8.697611414926683
202510,1162066500,8.497114419633188
202510,1162068500,8.949166403741135
202510,1162069500,9.196387710407553
202510,1162071500,8.111226362426237
202510,1162072500,9.324346045422496
202510,1162073500,8.518645528396352
202510,1162074500,8.358389744824645
202510,1162076500,8.629194868133807
202510,1162077500,8.605386343518587
202510,1165051000,9.350219653643082
202510,1165052000,9.753591191253024
202510,1165053000,9.514450874917484
202510,1165053100,9.899505841573426
202510,1165054000,9.401450656754855
202510,1165055000,8.885848611524075
202510,1165056000,9.468817261615612
202510,1165057000,9.291348757743004
202510,1165058000,10.000898686423538
202510,1165058100,9.45775856658353
202510,1165059000,9.421344422637569
202510,1165060000,9.654342095539343
202510,1165061000,9.431180217883648
202510,1165062000,9.2026461485659
202510,1165062100,9.329627171232213
202510,1165065100,9.31125342186468
202510,1165065200,9.449706705240413
202510,1165066000,8.379587171742775
202510,1168051000,10.139985199777016
202510,1168052100,9.90519739999424
202510,1168053100,9.761606410938697
202510,1168054500,10.235458454328455
202510,1168056500,10.013390481770092
202510,1168058000,9.928700756584794
202510,1168059000,9.462744611490614
202510,1168060000,9.91848980977009
202510,1168061000,9.879399234250814
202510,1168063000,9.871654896445364
202510,1168064000,9.969991528772232
202510,1168065000,9.37394444932126
202510,1168065500,9.474143060908764
202510,1168065600,9.57972990971515
202510,1168066000,6.870281592354764
202510,1168067000,9.045700072544935
202510,1168067500,8.537443100069797
202510,1168069000,9.33021263185794
202510,1168070000,8.912435540332993
202510,1168072000,8.772586943970087
202510,1168073000,9.25612760971188
202510,1168075000,9.68803133061941
202510,1171051000,8.738606143632287
202510,1171052000,8.66368020216836
202510,1171053100,9.031991743569106
202510,1171053200,8.924257876795737
202510,1171054000,9.354710711681912
202510,1171055000,9.147227449752496
202510,1171056100,9.314690541796358
202510,1171056200,9.41190100569554
202510,1171056600,8.404808956756716
202510,1171057000,9.054882279039829
202510,1171058000,9.237729288950012
202510,1171059000,9.059035055990234
202510,1171060000,9.334527363713566
202510,1171061000,9.135078664750774
202510,1171062000,9.180156136822276
202510,1171063100,10.475388174839708
202510,1171063200,9.22295534986702
202510,1171064100,8.978189733283271
202510,1171064200,9.62070329357423
202510,1171064600,8.993606290268007
202510,1171064700,8.063806630835403
202510,1171065000,9.654845734435822
202510,1171067000,9.562805533755682
202510,1171068000,9.483453574680162
202510,1171069000,9.019742448418125
202510,1171071000,10.144898848719423
202510,1171072000,8.796281524517768
202510,1174051500,8.483507968129059
202510,1174052500,8.19093436216213
202510,1174052600,8.628763355566525
202510,1174053000,9.283828752252164
202510,1174054000,9.777106325508548
202510,1174055000,8.500208441313392
202510,1174056000,8.910328578627107
202510,1174057000,8.847963567089613
202510,1174058000,9.088052546870223
202510,1174059000,8.899109575623807
202510,1174060000,8.839494726521508
202510,1174061000,9.358475380980815
202510,1174062000,8.89943704035491
202510,1174064000,9.138658537756127
202510,1174065000,9.270334144246988
202510,1174066000,9.194062647872643
202510,1174068500,9.083312172940587
202510,1174069000,8.955736458205049
202510,1174070000,8.717775897731643
202511,1111051500,8.939215182020991
202511,1111053000,9.55680683511916
202511,1111054000,9.629640655415823
202511,1111055000,8.450097858458843
202511,1111056000,8.33076316848088
202511,1111057000,9.260948050107451
202511,1111058000,8.747692337167182
202511,1111060000,9.306791252433037
202511,1111061500,10.131139140136618
202511,1111063000,9.72436368432792
202511,1111064000,8.920913745196502
202511,1111065000,9.05916177963471
202511,1111067000,9.8818408753268
202511,1111068000,8.929315506047475
202511,1111069000,7.848637550333594
202511,1111070000,8.623583561147564
202511,1111071000,9.17979839844956
202511,1114052000,9.957131078423515
202511,1114054000,10.05853098989614
202511,1114055000,9.798462866944137
202511,1114057000,9.149378457233905
202511,1114058000,9.163346840275462
202511,1114059000,9.824071141004207
202511,1114060500,10.26126933600694
202511,1114061500,9.75006290448481
202511,1114062500,9.18641534597368
202511,1114063500,9.259475907915926
202511,1114064500,8.997551266217377
202511,1114065000,9.408559227313006
202511,1114066500,9.36578669728587
202511,1114067000,9.540743229152955
202511,1114068000,9.231175846913295
202511,1117051000,9.056822532605178
202511,1117052000,8.841285623402541
202511,1117053000,9.564557872529743
202511,1117055500,9.012374896804664
202511,1117056000,9.83602943472106
202511,1117057000,9.565758394752072
202511,1117058000,9.093796444319503
202511,1117059000,9.40287736607945
202511,1117062500,10.339444724342169
202511,1117063000,9.251588919409976
202511,1117064000,8.802133307701343
202511,1117065000,9.85600886620666
202511,1117066000,8.948044187984245
202511,1117068500,9.63900087255174
202511,1117069000,8.607404299322162
202511,1117070000,9.248355432099425
202511,1120052000,9.105643054737437
202511,1120053500,9.194624148060624
202511,1120054000,8.916133940461465
202511,1120055000,8.979915980766174
202511,1120056000,9.336056330898352
202511,1120057000,8.38437730383918
202511,1120058000,8.03815304504338
202511,1120059000,8.476277395132549
202511,1120061500,8.749726995140863
202511,1120062000,9.124420453493796
202511,1120064500,8.708393308870114
202511,1120065000,9.030312118900962
202511,1120066000,9.701947628041134
202511,1120067000,9.749220479185158
202511,1120069000,9.642405846425294
202511,1120072000,8.519189031648967
202511,1120079000,9.213022598760377
202511,1121571000,9.251230848982376
202511,1121573000,9.12262496284412
202511,1121574000,9.370111778647638
202511,1121575000,9.108502678345978
202511,1121576000,8.844579742423765
202511,1121577000,8.702506277127892
202511,1121578000,9.094490833889662
202511,1121581000,8.990495673037092
202511,1121582000,9.106068331512605
202511,1121583000,8.59442241504377
202511,1121584000,9.085895018387587
202511,1121584700,9.121341591011502
202511,1121585000,9.346442224804456
202511,1121586000,8.826846049692998
202511,1121587000,9.50482643629306
202511,1123054500,10.527633707601812
202511,1123056000,9.072717455901577
202511,1123057000,8.730804584487137
202511,1123060000,9.170851223663576
202511,1123061000,8.830203906952546
202511,1123065000,9.577150028627372
202511,1123066000,9.334223552018996
202511,1123070500,9.31420985015367
202511,1123071000,8.963246913902816
202511,1123072000,8.932914813546086
202511,1123073000,8.491646855187795
202511,1123074000,8.794214033221774
202511,1123075000,8.495458765529756
202511,1126052000,8.665864788487827
202511,1126054000,8.566500037244628
202511,1126055000,8.37154667522004
202511,1126056500,9.037365021954946
202511,1126057000,9.08017932603966
202511,1126057500,8.950237283622723
202511,1126058000,8.85094209082326
202511,1126059000,9.382279310447965
202511,1126060000,8.757824961867748
202511,1126061000,9.08146771360243
202511,1126062000,8.907971527238372
202511,1126063000,8.859035754132352
202511,1126065500,8.953361394184464
202511,1126066000,8.822988790485418
202511,1126068000,8.760996356179188
202511,1126069000,9.208277369667496
202511,1129052500,8.888220635917788
202511,1129055500,9.28971725533528
202511,1129057500,9.291181294070665
202511,1129058000,8.7231589815498
202511,1129059000,8.661384292509696
202511,1129060000,8.887607101988491
202511,1129061000,8.717712375918952
202511,1129062000,8.729730143542888
202511,1129063000,8.535964833355095
202511,1129064000,8.404144520983532
202511,1129065000,8.642530479049707
202511,1129066000,8.537939595530123
202511,1129068500,8.983702849516515
202511,1129070500,8.737418948217542
202511,1129071500,8.682081238689396
202511,1129072500,8.858654777478264
202511,1129076000,8.314867680355775
202511,1129077000,8.767375281191775
202511,1129078000,8.46930839295116
202511,1129081000,8.981472722194724
202511,1130553400,8.617886065373515
202511,1130553500,9.104245170591954
202511,1130554500,9.161007007653325
202511,1130555500,9.054267981171252
202511,1130557500,8.551804707344472
202511,1130559500,9.229198088068785
202511,1130560300,8.06863087088766
202511,1130560800,8.675249818271975
202511,1130561500,9.310997082267448
202511,1130562500,8.738570676736051
202511,1130563500,9.322110606250634
202511,1130564500,8.728557415454567
202511,1130566000,8.456087242278326
202511,1132051100,8.967482484880431
202511,1132051200,8.518581526405974
202511,1132051300,8.84308228954472
202511,1132051400,8.778177394920284
202511,1132051500,9.329280029394038
202511,1132052100,8.925712856614954
202511,1132052200,8.46465534224391
202511,1132066000,8.449713947806309
202511,1132067000,8.841010051174276
202511,1132068000,8.985655263128619
202511,1132068100,8.544374178885633
202511,1132069000,9.121883635216948
202511,1132070000,9.1753007737622
202511,1132071000,8.40346389829347
202511,1135056000,8.728423021018319
202511,1135057000,8.001483330248757
202511,1135058000,8.31874726264265
202511,1135059500,9.031934341582264
202511,1135060000,8.678182776622364
202511,1135061100,9.098066906718204
202511,1135061200,8.066053275979687
202511,1135061900,9.121038437587195
202511,1135062100,8.48115833603887
202511,1135062400,9.205400764753424
202511,1135062500,9.197561211887512
202511,1135063000,8.82283371544124
202511,1135064000,9.520637814263486
202511,1135066500,8.391868313586773
202511,1135067000,8.971980356158195
202511,1135069500,9.396453024463002
202511,1135070000,8.719971034680288
202511,1135071000,8.87104383902441
202511,1135072000,8.290481137074995
202511,1138051000,8.749979739194826
202511,1138052000,8.948662200249908
202511,1138053000,8.759369450946524
202511,1138055100,9.323076814067974
202511,1138055200,9.11003812151069
202511,1138056000,8.307182436686336
202511,1138057000,9.05954041919668
202511,1138058000,8.842909160856056
202511,1138059000,8.634476440806111
202511,1138060000,9.088655393775646
202511,1138062500,8.673265204841837
202511,1138063100,8.70068606424379
202511,1138063200,8.466713570092772
202511,1138064000,8.87712237941256
202511,1138065000,8.239597088139899
202511,1138069000,8.465814883264093
202511,1141052000,8.990717884429882
202511,1141055500,9.24003442018877
202511,1141056500,8.84675763595594
202511,1141058500,9.160187496826802
202511,1141061500,8.871734285073996
202511,1141062000,8.731452494956422
202511,1141064000,9.366395400232344
202511,1141065500,8.7657441825464
202511,1141066000,8.736609265317275
202511,1141068500,8.5357149714497
202511,1141069000,9.36502080523992
202511,1141070000,8.763474974969931
202511,1141071000,8.20576417803407
202511,1141072000,8.865109917232475
202511,1144055500,9.29758685713919
202511,1144056500,9.135557945013968
202511,1144058500,9.364318844907476
202511,1144059000,9.607730939039746
202511,1144060000,9.416875474879712
202511,1144061000,8.88114409625829
202511,1144063000,8.722329613242907
202511,1144065500,8.927374124887264
202511,1144066000,9.78616731881855
202511,1144068000,9.327726519665962
202511,1144069000,9.234025741740952
202511,1144070000,9.033746135980277
202511,1144071000,9.115925377618456
202511,1144072000,8.783975007036405
202511,1144073000,8.93326947705064
202511,1144074000,9.165824265372173
202511,1147051000,9.478038391191417
202511,1147052000,8.744690950074327
202511,1147053000,9.213190918193982
202511,1147054000,8.890263617398256
202511,1147055000,9.375318874531288
202511,1147056000,8.868746419696167
202511,1147057000,8.762334491665523
202511,1147058000,8.574277637438701
202511,1147059000,8.969102438295987
202511,1147060000,8.649557678466241
202511,1147061000,8.964354920577803
202511,1147061100,8.50931362191885
202511,1147062000,9.478415246458384
202511,1147063000,9.174924128995396
202511,1147064000,8.717717332453208
202511,1147065000,9.09796082116209
202511,1147067000,8.70849520838509
202511,1147068000,9.263010862770996
202511,1150051000,9.143021333234968
202511,1150052000,9.527693068858186
202511,1150053000,8.470181354658619
202511,1150053500,9.281989071977838
202511,1150054000,9.071020120160435
202511,1150055000,8.554816538610563
202511,1150056000,8.937097330720455
202511,1150057000,8.987714173039064
202511,1150059000,8.656819944935961
202511,1150059100,8.905047811979925
202511,1150059300,8.713211079506372
202511,1150060300,9.205995059876017
202511,1150060400,9.082841269483236
202511,1150060500,8.922447126683883
202511,1150061100,9.44288372836236
202511,1150061500,8.763656687902605
202511,1150062000,8.693710076976632
202511,1150063000,9.069604520700407
202511,1150064000,8.647056508769513
202511,1150064100,8.573645320556068
202511,1153051000,8.988272560176322
202511,1153052000,8.59334272557551
202511,1153053000,9.639189417031544
202511,1153054000,9.442808180850484
202511,1153055000,9.113557260486427
202511,1153056000,9.302016341672436
202511,1153059500,8.851856584712559
202511,1153072000,9.060006357053052
202511,1153073000,8.966636726782847
202511,1153074000,8.702648183735798
202511,1153075000,8.763813583983733
202511,1153076000,8.757871285051273
202511,1153077000,8.947447526336877
202511,1153078000,8.45179828809215
202511,1153079000,8.403248267425703
202511,1153080000,6.396202201557165
202511,1154551000,9.995222439272
202511,1154561000,9.597726704692755
202511,1154562000,8.884479920357784
202511,1154563000,9.056348430618554
202511,1154564000,8.67120560309182
202511,1154567000,9.22512389624046
202511,1154568000,8.004021324177465
202511,1154569000,8.620542490793756
202511,1154570000,8.424143352342416
202511,1154571000,9.079967048749232
202511,1156051500,9.434254530992355
202511,1156053500,9.833270433323468
202511,1156054000,9.92936604817932
202511,1156055000,9.739737066622324
202511,1156056000,9.155929213558174
202511,1156058500,8.572135901934779
202511,1156060500,9.60536973475953
202511,1156061000,9.008430807651632
202511,1156062000,9.376223016623406
202511,1156063000,9.04601046544367
202511,1156065000,9.271811286810264
202511,1156066000,8.626899000861954
202511,1156067000,9.10089609384702
202511,1156068000,9.278188206914551
202511,1156069000,8.724894320296034
202511,1156070000,9.103938256553535
202511,1156071000,9.151787105521567
202511,1156072000,9.6017386877669
202511,1159051000,10.0464029083546
202511,1159052000,11.025215603487972
202511,1159053000,9.079628273600765
202511,1159054000,8.903339705621155
202511,1159055000,9.110923486261296
202511,1159056000,8.561909975624515
202511,1159060500,9.164938005930868
202511,1159062000,9.195930693738507
202511,1159063000,9.33030098567529
202511,1159064000,8.688801754931047
202511,1159065000,9.10627022037736
202511,1159065100,8.220991511538145
202511,1159066000,9.083643827438303
202511,1159067000,8.754448206202769
202511,1159068000,8.996613772931779
202511,1162052500,8.81844148243112
202511,1162054500,8.567630433508565
202511,1162056500,8.439029131868711
202511,1162057500,8.881395899822907
202511,1162058500,9.01101672530516
202511,1162059500,9.16836269810623
202511,1162060500,8.837564782132812
202511,1162061500,9.22055659185713
202511,1162062500,9.01612119229558
202511,1162063000,8.922321478165093
202511,1162064500,9.20966074955646
202511,1162065500,8.733702278628567
202511,1162066500,8.512713569555824
202511,1162068500,8.978626825308776
202511,1162069500,9.207225104975237
202511,1162071500,8.1524336244894
202511,1162072500,9.329834482573398
202511,1162073500,8.530913360200664
202511,1162074500,8.414890373744843
202511,1162076500,8.677877938181688
202511,1162077500,8.639379805254833
202511,1165051000,9.362463094909522
202511,1165052000,9.738059182738844
202511,1165053000,9.514588664670846
202511,1165053100,9.908993503847167
202511,1165054000,9.43634626962954
202511,1165055000,8.96364596599251
202511,1165056000,9.477949982762771
202511,1165057000,9.288972442605491
202511,1165058000,10.012281624730043
202511,1165058100,9.469256036496946
202511,1165059000,9.415328870401629
202511,1165060000,9.653828740172836
202511,1165061000,9.46412681536847
202511,1165062000,9.211867107283773
202511,1165062100,9.373343618463847
202511,1165065100,9.32902618212633
202511,1165065200,9.437012655582516
202511,1165066000,8.39264493670569
202511,1168051000,10.15497896592196
202511,1168052100,9.907973413584855
202511,1168053100,9.76159384413005
202511,1168054500,10.245039856559556
202511,1168056500,10.0239780217724
202511,1168058000,9.908490478385488
202511,1168059000,9.46831544356775
202511,1168060000,9.920107237081144
202511,1168061000,9.877071799143296
202511,1168063000,9.880487216198327
202511,1168064000,9.95511272190088
202511,1168065000,9.36995245075391
202511,1168065500,9.4706939991585
202511,1168065600,9.607169464794747
202511,1168066000,6.975631993187051
202511,1168067000,9.07338507085309
202511,1168067500,8.551072535150837
202511,1168069000,9.35574779608881
202511,1168070000,8.934291468714772
202511,1168072000,8.767968880481998
202511,1168073000,9.295600994783443
202511,1168075000,9.701298331539729
202511,1171051000,8.765229318516486
202511,1171052000,8.666197610255615
202511,1171053100,9.029712481169827
202511,1171053200,8.970136973192963
202511,1171054000,9.37649507528728
202511,1171055000,9.19867097643289
202511,1171056100,9.331898890058191
202511,1171056200,9.422905196218174
202511,1171056600,8.449368135262386
202511,1171057000,9.077090296733958
202511,1171058000,9.268039370067038
202511,1171059000,9.085879877488315
202511,1171060000,9.364350916715226
202511,1171061000,9.165795593963402
202511,1171062000,9.202354939000212
202511,1171063100,10.491829018276032
202511,1171063200,9.271658761546496
202511,1171064100,9.025495007888855
202511,1171064200,9.617882948049724
202511,1171064600,9.034220125828668
202511,1171064700,8.085880122337592
202511,1171065000,9.665497138670164
202511,1171067000,9.53165932191538
202511,1171068000,9.557947390832846
202511,1171069000,9.012915535552466
202511,1171071000,10.157310762100243
202511,1171072000,8.810789152343187
202511,1174051500,8.509681803328524
202511,1174052500,8.215497505319927
202511,1174052600,8.636498777481734
202511,1174053000,9.321676947123889
202511,1174054000,9.780076600197708
202511,1174055000,8.534584040570202
202511,1174056000,8.947524123611528
202511,1174057000,8.90733035046819
202511,1174058000,9.12397772434202
202511,1174059000,8.949792180935287
202511,1174060000,8.886741074008544
202511,1174061000,9.389116122493538
202511,1174062000,8.93592819421794
202511,1174064000,9.16443010410614
202511,1174065000,9.31511419087046
202511,1174066000,9.22580648134832
202511,1174068500,9.122056378426086
202511,1174069000,9.01375037343037
202511,1174070000,8.741347815194013
202512,1111051500,8.965014492872177
202512,1111053000,9.556340924460704
202512,1111054000,9.710310461728218
202512,1111055000,8.495727180942257
202512,1111056000,8.318331016017964
202512,1111057000,9.241776811057996
202512,1111058000,8.723631121427623
202512,1111060000,9.349825078512664
202512,1111061500,10.111768776684071
202512,1111063000,9.741901385036734
202512,1111064000,8.920930498417817
202512,1111065000,9.068388402027688
202512,1111067000,9.922133125116536
202512,1111068000,8.918317408963267
202512,1111069000,7.7474521233384115
202512,1111070000,8.620349245760035
202512,1111071000,9.182761488017777
202512,1114052000,9.953721506647756
202512,1114054000,10.06193264369529
202512,1114055000,9.788503212589294
202512,1114057000,9.179327206056348
202512,1114058000,9.18317112929294
202512,1114059000,9.804981951027589
202512,1114060500,10.25012347368559
202512,1114061500,9.743934682817365
202512,1114062500,9.196454514517445
202512,1114063500,9.245944015402632
202512,1114064500,8.978042204816306
202512,1114065000,9.378363334007709
202512,1114066500,9.368176723465902
202512,1114067000,9.526722820385404
202512,1114068000,9.236459217660194
202512,1117051000,9.066127092357991
202512,1117052000,8.855893879666649
202512,1117053000,9.557750659128352
202512,1117055500,9.02732654367036
202512,1117056000,9.781957285556995
202512,1117057000,9.501186464057742
202512,1117058000,9.11699934251339
202512,1117059000,9.394531497315066
202512,1117062500,10.33504405671387
202512,1117063000,9.233193055685218
202512,1117064000,8.815292755040245
202512,1117065000,9.863411512892744
202512,1117066000,8.93519787928824
202512,1117068500,9.622318686873848
202512,1117069000,8.591845217083632
202512,1117070000,9.252707574037714
202512,1120052000,9.101345250780492
202512,1120053500,9.216608581862724
202512,1120054000,8.909611203778296
202512,1120055000,9.033614806544168
202512,1120056000,9.31576192505229
202512,1120057000,8.38548968767851
202512,1120058000,8.000865435922723
202512,1120059000,8.47632020063955
202512,1120061500,8.731602688822305
202512,1120062000,9.117472466308085
202512,1120064500,8.67494333469727
202512,1120065000,9.025247218624257
202512,1120066000,9.688246758785995
202512,1120067000,9.733870419265468
202512,1120069000,9.652451281464208
202512,1120072000,8.47533014680926
202512,1120079000,9.21020429538622
202512,1121571000,9.254313687969546
202512,1121573000,9.1194742909686
202512,1121574000,9.364292722267988
202512,1121575000,9.090881845554362
202512,1121576000,8.838267792434763
202512,1121577000,8.705531950216157
202512,1121578000,9.10948135729338
202512,1121581000,8.976818171548155
202512,1121582000,9.10820248370147
202512,1121583000,8.575869501563563
202512,1121584000,9.066742510154496
202512,1121584700,9.112000218639167
202512,1121585000,9.356580519292038
202512,1121586000,8.821361796037007
202512,1121587000,9.480037486636505
202512,1123054500,10.523774909561345
202512,1123056000,9.065247818785128
202512,1123057000,8.732459968641635
202512,1123060000,9.169063585925398
202512,1123061000,8.813916360448083
202512,1123065000,9.558339645683912
202512,1123066000,9.321512631859456
202512,1123070500,9.322442221178608
202512,1123071000,8.982371078462123
202512,1123072000,8.894476119579151
202512,1123073000,8.479801954968252
202512,1123074000,8.774705318906692
202512,1123075000,8.51645802551049
202512,1126052000,8.706155768953543
202512,1126054000,8.619077943300987
202512,1126055000,8.317620645047594
202512,1126056500,9.027513662981248
202512,1126057000,9.031860932499812
202512,1126057500,8.944358645318776
202512,1126058000,8.830796963069876
202512,1126059000,9.333784561574276
202512,1126060000,8.71728727744249
202512,1126061000,9.06317327845601
202512,1126062000,8.906609445725206
202512,1126063000,8.84826437002759
202512,1126065500,8.932252355374171
202512,1126066000,8.840292917720124
202512,1126068000,8.747573189853929
202512,1126069000,9.18520764701935
202512,1129052500,8.878629150352571
202512,1129055500,9.283610143967293
202512,1129057500,9.302065102192916
202512,1129058000,8.687444467980098
202512,1129059000,8.639677738262789
202512,1129060000,8.905576348175124
202512,1129061000,8.695547779020318
202512,1129062000,8.681028231360793
202512,1129063000,8.526897648191184
202512,1129064000,8.463553773167765
202512,1129065000,8.6465406931283
202512,1129066000,8.545062988849256
202512,1129068500,9.005983217016194
202512,1129070500,8.738275704644735
202512,1129071500,8.665474416654678
202512,1129072500,8.852394415965366
202512,1129076000,8.286086351336259
202512,1129077000,8.757885763215924
202512,1129078000,8.44345240737259
202512,1129081000,8.985605570260335
202512,1130553400,8.603372432331408
202512,1130553500,9.107242098402876
202512,1130554500,9.14357277009436
202512,1130555500,9.043668084924803
202512,1130557500,8.544499929739676
202512,1130559500,9.21722155684467
202512,1130560300,8.052302811036357
202512,1130560800,8.658568600481269
202512,1130561500,9.313851826523036
202512,1130562500,8.713847208962537
202512,1130563500,9.325736553133714
202512,1130564500,8.713987854790773
202512,1130566000,8.442919144373352
202512,1132051100,8.961835644606262
202512,1132051200,8.516863296325583
202512,1132051300,8.838258011228495
202512,1132051400,8.761799837390779
202512,1132051500,9.322440744336008
202512,1132052100,8.942902531153903
202512,1132052200,8.447197368657397
202512,1132066000,8.445962850954439
202512,1132067000,8.81844590211261
202512,1132068000,8.990325861489604
202512,1132068100,8.529615150960717
202512,1132069000,9.121853372080226
202512,1132070000,9.166648451502324
202512,1132071000,8.378392965632116
202512,1135056000,8.725516175970734
202512,1135057000,8.003277088194896
202512,1135058000,8.308990953496524
202512,1135059500,9.02728546482638
202512,1135060000,8.684272465154129
202512,1135061100,9.086016160914063
202512,1135061200,8.054707310421119
202512,1135061900,9.094188723716194
202512,1135062100,8.476770863194911
202512,1135062400,9.194452224774922
202512,1135062500,9.19960471313492
202512,1135063000,8.805718055464899
202512,1135064000,9.51057294012666
202512,1135066500,8.380820946779183
202512,1135067000,8.969828817046931
202512,1135069500,9.371607596470309
202512,1135070000,8.715782472269652
202512,1135071000,8.843091893336016
202512,1135072000,8.27424329841845
202512,1138051000,8.660431564746315
202512,1138052000,8.940325811908215
202512,1138053000,8.754579838879534
202512,1138055100,9.32037066187226
202512,1138055200,9.107549939420554
202512,1138056000,8.283021525166568
202512,1138057000,9.04697112620463
202512,1138058000,8.819026423567152
202512,1138059000,8.612166225979816
202512,1138060000,9.084105301025817
202512,1138062500,8.687550969129127
202512,1138063100,8.685774912130393
202512,1138063200,8.45030194994815
202512,1138064000,8.860032697490146
202512,1138065000,8.228642682463471
202512,1138069000,8.46833197480199
202512,1141052000,8.98945531836884
202512,1141055500,9.243666320911156
202512,1141056500,8.828518255313439
202512,1141058500,9.177893001487575
202512,1141061500,8.860445539914213
202512,1141062000,8.747564684435702
202512,1141064000,9.38179200517176
202512,1141065500,8.765368008878882
202512,1141066000,8.681797832918194
202512,1141068500,8.541616736572417
202512,1141069000,9.346725240816795
202512,1141070000,8.771828862016209
202512,1141071000,8.16531606298055
202512,1141072000,8.847408204454597
202512,1144055500,9.276490189302049
202512,1144056500,9.128385484215178
202512,1144058500,9.367403960290623
202512,1144059000,9.605921652364232
202512,1144060000,9.417541421751364
202512,1144061000,8.881238797022917
202512,1144063000,8.723062563743632
202512,1144065500,8.927817539936264
202512,1144066000,9.773957371234546
202512,1144068000,9.332106448922955
202512,1144069000,9.207875491832096
202512,1144070000,9.036199861772246
202512,1144071000,9.109787921839985
202512,1144072000,8.760167288438895
202512,1144073000,8.943912685230067
202512,1144074000,9.166538512111387
202512,1147051000,9.447977899058465
202512,1147052000,8.728954078975887
202512,1147053000,9.19861163394243
202512,1147054000,8.880299231862322
202512,1147055000,9.336337629387533
202512,1147056000,8.858383773912886
202512,1147057000,8.756767908177371
202512,1147058000,8.560318165665148
202512,1147059000,8.971467898504507
202512,1147060000,8.637266577250278
202512,1147061000,8.940572099668215
202512,1147061100,8.492777049150174
202512,1147062000,9.459426592685713
202512,1147063000,9.162242572071014
202512,1147064000,8.699127597668959
202512,1147065000,9.087534234671685
202512,1147067000,8.67856616884977
202512,1147068000,9.23954147160032
202512,1150051000,9.113176676102125
202512,1150052000,9.541597329590983
202512,1150053000,8.443842182934967
202512,1150053500,9.266836019171445
202512,1150054000,9.058452276256464
202512,1150055000,8.542174143650039
202512,1150056000,8.895020086181889
202512,1150057000,8.98085601282557
202512,1150059000,8.633036960866662
202512,1150059100,8.879668928989696
202512,1150059300,8.708438324449908
202512,1150060300,9.186142317180373
202512,1150060400,9.068186174986028
202512,1150060500,8.89226666522984
202512,1150061100,9.462540516984076
202512,1150061500,8.74484373589267
202512,1150062000,8.685125983695636
202512,1150063000,9.053713759419557
202512,1150064000,8.615335554026212
202512,1150064100,8.559356229197746
202512,1153051000,9.027456658621276
202512,1153052000,8.568700686476653
202512,1153053000,9.624515858062107
202512,1153054000,9.425904479768649
202512,1153055000,9.096910922157852
202512,1153056000,9.298307351838552
202512,1153059500,8.839207284907564
202512,1153072000,9.038247478169255
202512,1153073000,8.96188093355192
202512,1153074000,8.676235492313085
202512,1153075000,8.744125267914269
202512,1153076000,8.734817993929441
202512,1153077000,8.93777787011604
202512,1153078000,8.438473018015483
202512,1153079000,8.391846216887094
202512,1153080000,6.409263920489571
202512,1154551000,9.99355667072742
202512,1154561000,9.597557046641706
202512,1154562000,8.859107826150415
202512,1154563000,9.03019007045421
202512,1154564000,8.661357359218995
202512,1154567000,9.222199364597058
202512,1154568000,7.968222982946292
202512,1154569000,8.593458475649893
202512,1154570000,8.402699459329257
202512,1154571000,9.073421159797409
202512,1156051500,9.42491071042014
202512,1156053500,9.766782381196393
202512,1156054000,9.932228680540506
202512,1156055000,9.700666888461404
202512,1156056000,9.155590529170068
202512,1156058500,8.559185424736432
202512,1156060500,9.516062563845184
202512,1156061000,9.002580062944814
202512,1156062000,9.366352325422604
202512,1156063000,9.031730745537862
202512,1156065000,9.22942525888
202512,1156066000,8.624860232039067
202512,1156067000,9.096769577830136
202512,1156068000,9.254606869142128
202512,1156069000,8.72266578311519
202512,1156070000,9.087889290045783
202512,1156071000,9.144918257595911
202512,1156072000,9.58251376814352
202512,1159051000,10.103660438227925
202512,1159052000,11.08511135878964
202512,1159053000,9.06500514858226
202512,1159054000,8.889199324425565
202512,1159055000,9.09321372092007
202512,1159056000,8.552051672114361
202512,1159060500,9.16397274181963
202512,1159062000,9.19102274012572
202512,1159063000,9.318727255771057
202512,1159064000,8.689835550163474
202512,1159065000,9.07945049567509
202512,1159065100,8.234749032691209
202512,1159066000,9.071974640114991
202512,1159067000,8.734417202353294
202512,1159068000,8.996187956017836
202512,1162052500,8.791078603475283
202512,1162054500,8.556203052432865
202512,1162056500,8.417500215794233
202512,1162057500,8.871094281707267
202512,1162058500,9.008598812214156
202512,1162059500,9.168542440873006
202512,1162060500,8.815762989673345
202512,1162061500,9.21839608720613
202512,1162062500,9.01628982018152
202512,1162063000,8.896848737424866
202512,1162064500,9.190791296029198
202512,1162065500,8.73213394430061
202512,1162066500,8.48122139212937
202512,1162068500,8.960512512059225
202512,1162069500,9.194884304931866
202512,1162071500,8.123508981012321
202512,1162072500,9.298873824785009
202512,1162073500,8.538978106125835
202512,1162074500,8.397389799613874
202512,1162076500,8.671427243148601
202512,1162077500,8.631744179827246
202512,1165051000,9.3604161507026
202512,1165052000,9.71492357910114
202512,1165053000,9.51209066691808
202512,1165053100,9.897519063826746
202512,1165054000,9.417652607252284
202512,1165055000,8.996634901081332
202512,1165056000,9.45668266798441
202512,1165057000,9.265043710768314
202512,1165058000,9.983087557694848
202512,1165058100,9.459581753704486
202512,1165059000,9.392802158066315
202512,1165060000,9.638125378457037
202512,1165061000,9.440042997769435
202512,1165062000,9.187895602268956
202512,1165062100,9.357370063551246
202512,1165065100,9.318649088556128
202512,1165065200,9.428917026190216
202512,1165066000,8.396500628670971
202512,1168051000,10.142805359735505
202512,1168052100,9.894994099683228
202512,1168053100,9.767178701314354
202512,1168054500,10.228737209616185
202512,1168056500,10.022232728217666
202512,1168058000,9.902469272129256
202512,1168059000,9.455647640281796
202512,1168060000,9.893277639314524
202512,1168061000,9.864108443525156
202512,1168063000,9.873006366860302
202512,1168064000,9.949159484089996
202512,1168065000,9.360447686088603
202512,1168065500,9.44012810189375
202512,1168065600,9.604554542528302
202512,1168066000,7.017368456190543
202512,1168067000,9.07087537441307
202512,1168067500,8.522344647362848
202512,1168069000,9.343124166478786
202512,1168070000,8.913638363531359
202512,1168072000,8.738664666742691
202512,1168073000,9.288864067561342
202512,1168075000,9.68540017855782
202512,1171051000,8.745361664113851
202512,1171052000,8.646686273928117
202512,1171053100,8.961395496798616
202512,1171053200,8.96406291379213
202512,1171054000,9.347271747339756
202512,1171055000,9.197591535617269
202512,1171056100,9.326532655890787
202512,1171056200,9.428331201738716
202512,1171056600,8.497931272495318
202512,1171057000,9.051319706173794
202512,1171058000,9.25410145017942
202512,1171059000,9.043971140101217
202512,1171060000,9.356425847432924
202512,1171061000,9.148671750583873
202512,1171062000,9.197257054399754
202512,1171063100,10.484198513207891
202512,1171063200,9.261068681666492
202512,1171064100,9.034072184093873
202512,1171064200,9.609572952335448
202512,1171064600,9.026269503430672
202512,1171064700,8.056818675914316
202512,1171065000,9.631691517377062
202512,1171067000,9.482454702073149
202512,1171068000,9.549981210053732
202512,1171069000,8.939124583207372
202512,1171071000,10.137268909240948
202512,1171072000,8.814025990747135
202512,1174051500,8.479818131091784
202512,1174052500,8.201961570661284
202512,1174052600,8.6153376932212
202512,1174053000,9.320311061185151
202512,1174054000,9.771675508232674
202512,1174055000,8.540591141073975
202512,1174056000,8.948218446365953
202512,1174057000,8.893960600068818
202512,1174058000,9.10336905836744
202512,1174059000,8.864478376466835
202512,1174060000,8.873462368164684
202512,1174061000,9.358492086078972
202512,1174062000,8.932750592998097
202512,1174064000,9.14884385326462
202512,1174065000,9.312822101369935
202512,1174066000,9.2189271905336
202512,1174068500,9.108226890265232
202512,1174069000,9.013583133638733
202512,1174070000,8.715629523783479
202601,1111051500,8.975790622524405
202601,1111053000,9.593163978079083
202601,1111054000,9.748515211941566
202601,1111055000,8.516170580576162
202601,1111056000,8.322549769372012
202601,1111057000,9.25647500187932
202601,1111058000,8.724785810313389
202601,1111060000,9.369645803623472
202601,1111061500,10.144671180285975
202601,1111063000,9.761281309767575
202601,1111064000,8.955453193202292
202601,1111065000,9.125777130920431
202601,1111067000,9.92289559698692
202601,1111068000,8.91356972878288
202601,1111069000,7.820550219344069
202601,1111070000,8.59019962024149
202601,1111071000,9.196797524884088
202601,1114052000,9.982340346337118
202601,1114054000,10.06970213484596
202601,1114055000,9.80971092082587
202601,1114057000,9.236097345212892
202601,1114058000,9.211749213894308
202601,1114059000,9.834489557427348
202601,1114060500,10.27468235208504
202601,1114061500,9.784476140301743
202601,1114062500,9.227581136343918
202601,1114063500,9.205401677652866
202601,1114064500,9.012707559265651
202601,1114065000,9.380639356752912
202601,1114066500,9.354040065648416
202601,1114067000,9.530950039507044
202601,1114068000,9.243172383456496
202601,1117051000,9.06214259770433
202601,1117052000,8.878603558314733
202601,1117053000,9.593198159878932
202601,1117055500,9.054084846107104
202601,1117056000,9.789508510773471
202601,1117057000,9.537518826968268
202601,1117058000,9.117347080668894
202601,1117059000,9.402885388836555
202601,1117062500,10.332315775190471
202601,1117063000,9.239575421448418
202601,1117064000,8.821569817798515
202601,1117065000,9.862765225273453
202601,1117066000,8.936398682625724
202601,1117068500,9.627718897482003
202601,1117069000,8.600215742305574
202601,1117070000,9.268340208646874
202601,1120052000,9.100105711020896
202601,1120053500,9.225127407282852
202601,1120054000,8.916470241339905
202601,1120055000,9.097799528063955
202601,1120056000,9.33040611592569
202601,1120057000,8.374468225004184
202601,1120058000,8.00483239044334
202601,1120059000,8.469283319090456
202601,1120061500,8.73224317110588
202601,1120062000,9.123603783829482
202601,1120064500,8.688462416961816
202601,1120065000,9.05035723943512
202601,1120066000,9.700376101996168
202601,1120067000,9.74789227888843
202601,1120069000,9.676595800706547
202601,1120072000,8.501581913911432
202601,1120079000,9.21366381030589
202601,1121571000,9.29173842269343
202601,1121573000,9.181485998613462
202601,1121574000,9.364464923548253
202601,1121575000,9.0931891714859
202601,1121576000,8.833964998628549
202601,1121577000,8.712146803861726
202601,1121578000,9.13341174556328
202601,1121581000,9.001079026885721
202601,1121582000,9.103608784042384
202601,1121583000,8.585535477713854
202601,1121584000,9.07931477240817
202601,1121584700,9.12080487063256
202601,1121585000,9.354660013397067
202601,1121586000,8.831410469249475
202601,1121587000,9.490922097529324
202601,1123054500,10.530700054084871
202601,1123056000,9.075705888093513
202601,1123057000,8.769919650612765
202601,1123060000,9.168554647844472
202601,1123061000,8.816793928386389
202601,1123065000,9.572610062570387
202601,1123066000,9.32770743187777
202601,1123070500,9.305814651782171
202601,1123071000,9.057151821214523
202601,1123072000,8.920734355341992
202601,1123073000,8.520662234044343
202601,1123074000,8.815670370969794
202601,1123075000,8.53398285372258
202601,1126052000,8.68215234546081
202601,1126054000,8.600876127228046
202601,1126055000,8.312090835698648
202601,1126056500,9.020810937344349
202601,1126057000,9.064972964790636
202601,1126057500,8.965492789560075
202601,1126058000,8.820744267004756
202601,1126059000,9.368452841789187
202601,1126060000,8.74787137200648
202601,1126061000,9.062257588752212
202601,1126062000,8.903073631952156
202601,1126063000,8.856052510217339
202601,1126065500,8.96282714335979
202601,1126066000,8.836726545164824
202601,1126068000,8.750126619003327
202601,1126069000,9.192993872769428
202601,1129052500,8.900251394899689
202601,1129055500,9.288811047286025
202601,1129057500,9.321420246762882
202601,1129058000,8.676730426019102
202601,1129059000,8.6665432959287
202601,1129060000,8.95717190603363
202601,1129061000,8.699235815535692
202601,1129062000,8.640365518660152
202601,1129063000,8.531146582535252
202601,1129064000,8.54514818146556
202601,1129065000,8.645143424435076
202601,1129066000,8.532980048370819
202601,1129068500,8.995186341748065
202601,1129070500,8.746565310062554
202601,1129071500,8.668457498696128
202601,1129072500,8.873147508510309
202601,1129076000,8.291629883309211
202601,1129077000,8.751273663938848
202601,1129078000,8.460169906951766
202601,1129081000,8.983337338235613
202601,1130553400,8.612088621792974
202601,1130553500,9.113357103301167
202601,1130554500,9.175071351454752
202601,1130555500,9.023209305947844
202601,1130557500,8.547098209708178
202601,1130559500,9.239246378001308
202601,1130560300,8.051337641177781
202601,1130560800,8.663380247411041
202601,1130561500,9.319754822162595
202601,1130562500,8.740327597281249
202601,1130563500,9.32105606937776
202601,1130564500,8.735465772781966
202601,1130566000,8.45619198535069
202601,1132051100,8.954010194731387
202601,1132051200,8.531322120095835
202601,1132051300,8.838920416566978
202601,1132051400,8.778708752263022
202601,1132051500,9.326310854869972
202601,1132052100,8.950550682929787
202601,1132052200,8.45386790341186
202601,1132066000,8.470973861855608
202601,1132067000,8.827906777876043
202601,1132068000,8.996496783229903
202601,1132068100,8.546564830146627
202601,1132069000,9.11274329729564
202601,1132070000,9.16898599779254
202601,1132071000,8.387870165161758
202601,1135056000,8.763085086957243
202601,1135057000,8.027173609877305
202601,1135058000,8.32125194328606
202601,1135059500,9.0306866000843
202601,1135060000,8.722289934391904
202601,1135061100,9.115938321220622
202601,1135061200,8.069246696389525
202601,1135061900,9.089244768746774
202601,1135062100,8.482362165393022
202601,1135062400,9.212746640459688
202601,1135062500,9.21399477964536
202601,1135063000,8.82658055031038
202601,1135064000,9.511188246428429
202601,1135066500,8.404009571501167
202601,1135067000,8.868458578236766
202601,1135069500,9.38849505606396
202601,1135070000,8.642660152937182
202601,1135071000,9.030401191598578
202601,1135072000,8.28470056092281
202601,1138051000,8.700566627855027
202601,1138052000,8.938883079438657
202601,1138053000,8.752513747560606
202601,1138055100,9.32952456447372
202601,1138055200,9.113324269195116
202601,1138056000,8.293486726679676
202601,1138057000,9.054209706701656
202601,1138058000,8.816888805457694
202601,1138059000,8.61879906904067
202601,1138060000,9.078511434999765
202601,1138062500,8.678250047857023
202601,1138063100,8.685014777399864
202601,1138063200,8.478454855593242
202601,1138064000,8.855087875351256
202601,1138065000,8.23802130641159
202601,1138069000,8.475658444467534
202601,1141052000,8.99706229271676
202601,1141055500,9.25825388172678
202601,1141056500,8.848251447640926
202601,1141058500,9.23517111452118
202601,1141061500,8.870894949118636
202601,1141062000,8.743381649733676
202601,1141064000,9.365422582395096
202601,1141065500,8.764858976031338
202601,1141066000,8.711438576698601
202601,1141068500,8.549857345129912
202601,1141069000,9.315764877196322
202601,1141070000,8.789582994843373
202601,1141071000,8.16583461818341
202601,1141072000,8.850567742310615
202601,1144055500,9.300073413786627
202601,1144056500,9.137177639634196
202601,1144058500,9.371466624158382
202601,1144059000,9.607793494720546
202601,1144060000,9.452558073501818
202601,1144061000,8.893529555001228
202601,1144063000,8.726317929457073
202601,1144065500,8.953479893285072
202601,1144066000,9.78306711441889
202601,1144068000,9.343165099953726
202601,1144069000,9.222663037506049
202601,1144070000,9.04045342545344
202601,1144071000,9.12568714245885
202601,1144072000,8.772773744083919
202601,1144073000,8.965286200573416
202601,1144074000,9.175888659983777
202601,1147051000,9.4646237513786
202601,1147052000,8.737021836480801
202601,1147053000,9.172030720178398
202601,1147054000,8.884541607176203
202601,1147055000,9.365670979019663
202601,1147056000,8.865096526010957
202601,1147057000,8.768978947978884
202601,1147058000,8.589075077816366
202601,1147059000,8.986104147056698
202601,1147060000,8.630226475655276
202601,1147061000,8.949582845812484
202601,1147061100,8.49916724170451
202601,1147062000,9.47041305716825
202601,1147063000,9.16984618248704
202601,1147064000,8.706840085971137
202601,1147065000,9.091358835555551
202601,1147067000,8.679951666059976
202601,1147068000,9.257044805133113
202601,1150051000,9.1285837509115
202601,1150052000,9.534930475616518
202601,1150053000,8.469990024097529
202601,1150053500,9.30791036807334
202601,1150054000,9.061145128165665
202601,1150055000,8.54028157373051
202601,1150056000,8.925898910844742
202601,1150057000,8.98160688598824
202601,1150059000,8.643391831301157
202601,1150059100,8.877073307587843
202601,1150059300,8.682886334225916
202601,1150060300,9.213089172652108
202601,1150060400,9.08991167807931
202601,1150060500,8.909696773826791
202601,1150061100,9.483302643259863
202601,1150061500,8.742451943945094
202601,1150062000,8.702073497348964
202601,1150063000,9.067741813351978
202601,1150064000,8.61497253544857
202601,1150064100,8.567935110717823
202601,1153051000,9.023357522759367
202601,1153052000,8.588231104369527
202601,1153053000,9.630088341891405
202601,1153054000,9.43839466264072
202601,1153055000,9.09564071374932
202601,1153056000,9.31255848267844
202601,1153059500,8.844481167814381
202601,1153072000,9.062729819697966
202601,1153073000,8.98746829275377
202601,1153074000,8.687632593032488
202601,1153075000,8.738275238594246
202601,1153076000,8.744384641497897
202601,1153077000,8.948561856679357
202601,1153078000,8.446991286354251
202601,1153079000,8.410638182563973
202601,1153080000,7.390318337669534
202601,1154551000,9.998228097581602
202601,1154561000,9.615782320387364
202601,1154562000,8.856473111651793
202601,1154563000,9.021192112392738
202601,1154564000,8.668169623192197
202601,1154567000,9.234054231563317
202601,1154568000,7.977713323356495
202601,1154569000,8.60486193229176
202601,1154570000,8.407236735151855
202601,1154571000,9.070549035088284
202601,1156051500,9.442599077842576
202601,1156053500,9.772047613073038
202601,1156054000,9.946387142069185
202601,1156055000,9.749275986636002
202601,1156056000,9.162449773696684
202601,1156058500,8.56039116590635
202601,1156060500,9.55795817012681
202601,1156061000,9.020890280591509
202601,1156062000,9.37671614610323
202601,1156063000,9.029525694286608
202601,1156065000,9.235821117193543
202601,1156066000,8.619637198050071
202601,1156067000,9.104580637488429
202601,1156068000,9.258776668797626
202601,1156069000,8.70190915567757
202601,1156070000,9.093642646207211
202601,1156071000,9.140987938832296
202601,1156072000,9.5837632756078
202601,1159051000,10.070023603791965
202601,1159052000,11.086797210087514
202601,1159053000,9.0829177586254
202601,1159054000,8.899318388403927
202601,1159055000,9.091027995960404
202601,1159056000,8.567717538192047
202601,1159060500,9.204578138903512
202601,1159062000,9.19291738449845
202601,1159063000,9.329118007394047
202601,1159064000,8.69331058486879
202601,1159065000,9.088370096880636
202601,1159065100,8.253702351403504
202601,1159066000,9.09625760243562
202601,1159067000,8.739272887831739
202601,1159068000,9.002950447101616
202601,1162052500,8.790507179563031
202601,1162054500,8.541651958117571
202601,1162056500,8.426517747604027
202601,1162057500,8.877831246608281
202601,1162058500,9.018088455820092
202601,1162059500,9.176502771001903
202601,1162060500,8.82623052588375
202601,1162061500,9.218895525432345
202601,1162062500,9.018650240142987
202601,1162063000,8.903522041580608
202601,1162064500,9.192263053522096
202601,1162065500,8.744788176127788
202601,1162066500,8.480718396201482
202601,1162068500,8.970393124718486
202601,1162069500,9.197654211199826
202601,1162071500,8.114884826975235
202601,1162072500,9.32896677004535
202601,1162073500,8.574993705218233
202601,1162074500,8.400985001893314
202601,1162076500,8.66596521068147
202601,1162077500,8.641055978810755
202601,1165051000,9.369800347117303
202601,1165052000,9.733902859393728
202601,1165053000,9.535592232777926
202601,1165053100,9.91475591750282
202601,1165054000,9.429471785321589
202601,1165055000,9.087308233580512
202601,1165056000,9.478899611947508
202601,1165057000,9.288703953387786
202601,1165058000,9.998622134992392
202601,1165058100,9.481062825212938
202601,1165059000,9.402657678475158
202601,1165060000,9.669227595425134
202601,1165061000,9.466295166789733
202601,1165062000,9.21235816170196
202601,1165062100,9.362998658586726
202601,1165065100,9.31579721549863
202601,1165065200,9.444737344285222
202601,1165066000,8.467539005785369
202601,1168051000,10.16918489182586
202601,1168052100,9.902724678752602
202601,1168053100,9.775015453172095
202601,1168054500,10.239396419299023
202601,1168056500,10.059106154901494
202601,1168058000,9.94040661113092
202601,1168059000,9.46706839717105
202601,1168060000,9.88827869907468
202601,1168061000,9.868293000963977
202601,1168063000,9.857647841855275
202601,1168064000,9.963248158651028
202601,1168065000,9.365283571638452
202601,1168065500,9.455505393290366
202601,1168065600,9.62396759519847
202601,1168066000,7.097070271739494
202601,1168067000,9.083667801173352
202601,1168067500,8.526989497157938
202601,1168069000,9.351915024619442
202601,1168070000,8.932209844085078
202601,1168072000,8.765169648915636
202601,1168073000,9.296706775413208
202601,1168075000,9.702729465378262
202601,1171051000,8.768173372199165
202601,1171052000,8.665277924786698
202601,1171053100,8.987469110061737
202601,1171053200,8.95682646286227
202601,1171054000,9.378802925049865
202601,1171055000,9.19429316942703
202601,1171056100,9.333132784076
202601,1171056200,9.437111209644929
202601,1171056600,8.509477616509106
202601,1171057000,9.0805001512101
202601,1171058000,9.26237829495945
202601,1171059000,9.070434463323856
202601,1171060000,9.369154574522886
202601,1171061000,9.153631968135624
202601,1171062000,9.208788999055011
202601,1171063100,10.489290417741286
202601,1171063200,9.261764416691344
202601,1171064100,9.041829642773433
202601,1171064200,9.614727160908377
202601,1171064600,9.026364362191906
202601,1171064700,8.072910952977402
202601,1171065000,9.660312305801089
202601,1171067000,9.516069950268076
202601,1171068000,9.583144447212527
202601,1171069000,9.024152291101942
202601,1171071000,10.15805557726696
202601,1171072000,8.889460905603823
202601,1174051500,8.489627435366497
202601,1174052500,8.213599747384528
202601,1174052600,8.623141065329854
202601,1174053000,9.312979631115317
202601,1174054000,9.772153549746832
202601,1174055000,8.548989571027787
202601,1174056000,8.97924261607819
202601,1174057000,8.87999802696042
202601,1174058000,9.11308667704705
202601,1174059000,8.898900536449212
202601,1174060000,8.872754993200722
202601,1174061000,9.384027748791642
202601,1174062000,8.919214399831937
202601,1174064000,9.169215422226882
202601,1174065000,9.334268487318615
202601,1174066000,9.237979491022804
202601,1174068500,9.12581676883614
202601,1174069000,9.026339779758
202601,1174070000,8.73875240678111
202602,1111051500,8.957836408934353
202602,1111053000,9.599701609115646
202602,1111054000,9.695303286410049
202602,1111055000,8.502764748705022
202602,1111056000,8.304269646165618
202602,1111057000,9.25107852810218
202602,1111058000,8.73238999735244
202602,1111060000,9.404216844053126
202602,1111061500,10.12937270209932
202602,1111063000,9.768470023821756
202602,1111064000,8.86761378666731
202602,1111065000,9.115411596042518
202602,1111067000,9.879103826262671
202602,1111068000,8.899651942407003
202602,1111069000,7.867378326651238
202602,1111070000,8.566635817909258
202602,1111071000,9.20166442026613
202602,1114052000,9.997559604086932
202602,1114054000,10.076170084265588
202602,1114055000,9.807872884502704
202602,1114057000,9.250116481985168
202602,1114058000,9.229974485012812
202602,1114059000,9.851437169728651
202602,1114060500,10.302030068985868
202602,1114061500,9.784771174780854
202602,1114062500,9.20247592144963
202602,1114063500,9.189628985740752
202602,1114064500,9.019273544585817
202602,1114065000,9.398286072121405
202602,1114066500,9.333704299864692
202602,1114067000,9.537139956061267
202602,1114068000,9.258974619239364
202602,1117051000,9.070328349697448
202602,1117052000,8.876356306779016
202602,1117053000,9.573533973800291
202602,1117055500,9.05992665687058
202602,1117056000,9.80427046114904
202602,1117057000,9.570128743156536
202602,1117058000,9.110520633851742
202602,1117059000,9.395341841594144
202602,1117062500,10.31376894664245
202602,1117063000,9.246880123207088
202602,1117064000,8.817169870523257
202602,1117065000,9.85737422695039
202602,1117066000,8.931373404886918
202602,1117068500,9.626793999601055
202602,1117069000,8.578188541413034
202602,1117070000,9.265826714620962
202602,1120052000,9.0989888837138
202602,1120053500,9.231127393218042
202602,1120054000,8.911131129270892
202602,1120055000,9.093030141059131
202602,1120056000,9.32954148272676
202602,1120057000,8.366179540077589
202602,1120058000,7.994364099993858
202602,1120059000,8.473127178994982
202602,1120061500,8.739012120368418
202602,1120062000,9.122331863048084
202602,1120064500,8.702289759531995
202602,1120065000,9.059294145827854
202602,1120066000,9.705259138105058
202602,1120067000,9.761241794361894
202602,1120069000,9.671378254145884
202602,1120072000,8.526812968757891
202602,1120079000,9.212107711424732
202602,1121571000,9.293750448176604
202602,1121573000,9.199997579127272
202602,1121574000,9.378232652106858
202602,1121575000,9.09965566378946
202602,1121576000,8.833728789820707
202602,1121577000,8.704835013385727
202602,1121578000,9.136439225660196
202602,1121581000,9.0075564205628
202602,1121582000,9.10890331444986
202602,1121583000,8.594843421092072
202602,1121584000,9.088031786597163
202602,1121584700,9.120549531109427
202602,1121585000,9.344382217632948
202602,1121586000,8.834510585893012
202602,1121587000,9.49661880336034
202602,1123054500,10.497166902161888
202602,1123056000,9.06702031299206
202602,1123057000,8.786860411542312
202602,1123060000,9.166506230883485
202602,1123061000,8.815339120526009
202602,1123065000,9.570875777652573
202602,1123066000,9.33718662689278
202602,1123070500,9.302185196486649
202602,1123071000,9.063312675244063
202602,1123072000,8.92043483372277
202602,1123073000,8.520752283555048
202602,1123074000,8.821014123954493
202602,1123075000,8.54055879413501
202602,1126052000,8.671745614315187
202602,1126054000,8.522470589351569
202602,1126055000,8.318978420460365
202602,1126056500,9.007593941012871
202602,1126057000,9.117630459962248
202602,1126057500,8.981069989876914
202602,1126058000,8.82084507448927
202602,1126059000,9.360642548113336
202602,1126060000,8.765844940691709
202602,1126061000,9.047562646514717
202602,1126062000,8.88396586451799
202602,1126063000,8.864248901091765
202602,1126065500,8.958363595422984
202602,1126066000,8.857927012239404
202602,1126068000,8.759011485936714
202602,1126069000,9.20762565209268
202602,1129052500,8.89588526736125
202602,1129055500,9.284777496801423
202602,1129057500,9.304753883501805
202602,1129058000,8.672553568062598
202602,1129059000,8.704146718638295
202602,1129060000,8.949915036679593
202602,1129061000,8.695636844434851
202602,1129062000,8.637521856290116
202602,1129063000,8.531710704068452
202602,1129064000,8.548664377904313
202602,1129065000,8.654213897956383
202602,1129066000,8.523660389916978
202602,1129068500,8.988938213946394
202602,1129070500,8.743302570625769
202602,1129071500,8.684178587837282
202602,1129072500,8.875454571636407
202602,1129076000,8.290923104249996
202602,1129077000,8.752778221790788
202602,1129078000,8.47333155397611
202602,1129081000,8.984652843356358
202602,1130553400,8.608245804503573
202602,1130553500,9.108063901711551
202602,1130554500,9.150226295785403
202602,1130555500,9.02505192745714
202602,1130557500,8.549957600171
202602,1130559500,9.246495195287714
202602,1130560300,8.030644647557308
202602,1130560800,8.660933986629498
202602,1130561500,9.314357871223484
202602,1130562500,8.741830004344882
202602,1130563500,9.318897916471832
202602,1130564500,8.727316952651504
202602,1130566000,8.45351134101174
202602,1132051100,8.95189842236416
202602,1132051200,8.537117934599223
202602,1132051300,8.833372545569246
202602,1132051400,8.780713851881332
202602,1132051500,9.32042199134456
202602,1132052100,8.939587119784223
202602,1132052200,8.440075430519471
202602,1132066000,8.474692896013423
202602,1132067000,8.826002456611063
202602,1132068000,8.996371610833167
202602,1132068100,8.546795879584817
202602,1132069000,9.103892397531254
202602,1132070000,9.16082545055977
202602,1132071000,8.391380943351596
202602,1135056000,8.753952585943257
202602,1135057000,8.023409112735333
202602,1135058000,8.330282170601741
202602,1135059500,9.022844038891536
202602,1135060000,8.707781564128672
202602,1135061100,9.128089450586453
202602,1135061200,8.100525677090806
202602,1135061900,9.092490938356544
202602,1135062100,8.493542639682914
202602,1135062400,9.214181652371844
202602,1135062500,9.189719486610848
202602,1135063000,8.812671270938175
202602,1135064000,9.485862729123204
202602,1135066500,8.385047245855063
202602,1135067000,8.812040463699251
202602,1135069500,9.40343600283642
202602,1135070000,8.697916401194485
202602,1135071000,8.978950431535797
202602,1135072000,8.29183456784052
202602,1138051000,8.736205637729444
202602,1138052000,8.942916773067006
202602,1138053000,8.756760724017616
202602,1138055100,9.318878741306571
202602,1138055200,9.103745860201796
202602,1138056000,8.293397791837068
202602,1138057000,9.045766418866684
202602,1138058000,8.824281961390739
202602,1138059000,8.624395050440306
202602,1138060000,9.070860482793847
202602,1138062500,8.668168361656225
202602,1138063100,8.687068780619526
202602,1138063200,8.490849215798416
202602,1138064000,8.860666244165188
202602,1138065000,8.237419943070485
202602,1138069000,8.469377912454474
202602,1141052000,8.999193448750548
202602,1141055500,9.242630917308762
202602,1141056500,8.847565626456115
202602,1141058500,9.245300279294138
202602,1141061500,8.880869949226337
202602,1141062000,8.733349479399807
202602,1141064000,9.34479282561508
202602,1141065500,8.7748417681231
202602,1141066000,8.735984971009731
202602,1141068500,8.552402018495444
202602,1141069000,9.31066389846153
202602,1141070000,8.789072539878925
202602,1141071000,8.163527741507236
202602,1141072000,8.853962660643477
202602,1144055500,9.31584665912217
202602,1144056500,9.142057458140693
202602,1144058500,9.383832008109597
202602,1144059000,9.598588988346917
202602,1144060000,9.45688299572872
202602,1144061000,8.91264037383062
202602,1144063000,8.738302727337274
202602,1144065500,8.945492491342634
202602,1144066000,9.77471219566534
202602,1144068000,9.359731613933436
202602,1144069000,9.210889083585496
202602,1144070000,9.035689430503515
202602,1144071000,9.130350405468295
202602,1144072000,8.786849855501094
202602,1144073000,8.968285322549947
202602,1144074000,9.1886810069467
202602,1147051000,9.480956732602946
202602,1147052000,8.739397640940206
202602,1147053000,9.193620253981136
202602,1147054000,8.881791401447577
202602,1147055000,9.410786681187908
202602,1147056000,8.861631478833901
202602,1147057000,8.774248056223035
202602,1147058000,8.602406973465902
202602,1147059000,8.978803668025197
202602,1147060000,8.61826685421974
202602,1147061000,8.980721877841534
202602,1147061100,8.503454546696263
202602,1147062000,9.477536874561794
202602,1147063000,9.185941080360257
202602,1147064000,8.711568006803606
202602,1147065000,9.095437782916884
202602,1147067000,8.675309880372165
202602,1147068000,9.261842022044382
202602,1150051000,9.143142439506274
202602,1150052000,9.534624645074508
202602,1150053000,8.490447630522144
202602,1150053500,9.3024966434007
202602,1150054000,9.061260801867112
202602,1150055000,8.537470219317138
202602,1150056000,8.947146713972083
202602,1150057000,8.97821981184133
202602,1150059000,8.648637543898227
202602,1150059100,8.89251692291233
202602,1150059300,8.678403089571233
202602,1150060300,9.24489053410248
202602,1150060400,9.090690503583591
202602,1150060500,8.930064541914058
202602,1150061100,9.487322460212676
202602,1150061500,8.743286537391334
202602,1150062000,8.709948556011396
202602,1150063000,9.07036452799085
202602,1150064000,8.621696536299513
202602,1150064100,8.583077786882892
202602,1153051000,9.010791205399746
202602,1153052000,8.60508395766642
202602,1153053000,9.63526090877537
202602,1153054000,9.461635010718169
202602,1153055000,9.09013752871
202602,1153056000,9.342842449094746
202602,1153059500,8.873996816255069
202602,1153072000,9.07811855683114
202602,1153073000,8.980593642131728
202602,1153074000,8.687914277432894
202602,1153075000,8.740135650901914
202602,1153076000,8.739911867010663
202602,1153077000,8.95281543679456
202602,1153078000,8.445614301857978
202602,1153079000,8.405386265898926
202602,1153080000,7.728567018564058
202602,1154551000,10.002171184034015
202602,1154561000,9.640934941178312
202602,1154562000,8.869054283826067
202602,1154563000,9.02580636529854
202602,1154564000,8.652970863293906
202602,1154567000,9.231812395781136
202602,1154568000,7.97377054482455
202602,1154569000,8.616321132786858
202602,1154570000,8.408686016347854
202602,1154571000,9.063696006386376
202602,1156051500,9.45142660544377
202602,1156053500,9.7761451221083
202602,1156054000,9.945840865395205
202602,1156055000,9.788341607654308
202602,1156056000,9.180641302455696
202602,1156058500,8.565316428192075
202602,1156060500,9.594736050883098
202602,1156061000,9.030618430764338
202602,1156062000,9.38469266985217
202602,1156063000,9.032107218230816
202602,1156065000,9.2536798103367
202602,1156066000,8.625966019727445
202602,1156067000,9.103670079327072
202602,1156068000,9.263351954202296
202602,1156069000,8.694194795020323
202602,1156070000,9.093830477239726
202602,1156071000,9.141878429315078
202602,1156072000,9.57690022257868
202602,1159051000,10.052117475628012
202602,1159052000,11.098868256990023
202602,1159053000,9.080752003624143
202602,1159054000,8.91330435220399
202602,1159055000,9.089917942855148
202602,1159056000,8.565369123880945
202602,1159060500,9.206559538666683
202602,1159062000,9.196696083960886
202602,1159063000,9.334467107413932
202602,1159064000,8.695181899668068
202602,1159065000,9.096569854192644
202602,1159065100,8.27917062538501
202602,1159066000,9.096275895785254
202602,1159067000,8.756295681106605
202602,1159068000,9.01759768003751
202602,1162052500,8.799435266646231
202602,1162054500,8.54372436420747
202602,1162056500,8.42627866232535
202602,1162057500,8.8725288866893
202602,1162058500,9.034669447664337
202602,1162059500,9.184269435264266
202602,1162060500,8.838389012263086
202602,1162061500,9.233319324493912
202602,1162062500,9.012674636849956
202602,1162063000,8.91477673967991
202602,1162064500,9.182684323244803
202602,1162065500,8.752477683987573
202602,1162066500,8.48597228593457
202602,1162068500,8.971621554896055
202602,1162069500,9.21996298993662
202602,1162071500,8.109125665764598
202602,1162072500,9.336009728336633
202602,1162073500,8.59489752620051
202602,1162074500,8.401485983138492
202602,1162076500,8.651037080190976
202602,1162077500,8.637321450530019
202602,1165051000,9.384313510135476
202602,1165052000,9.75988276609764
202602,1165053000,9.55196392655333
202602,1165053100,9.945609787463283
202602,1165054000,9.444762871604135
202602,1165055000,9.160151730695524
202602,1165056000,9.496650504221536
202602,1165057000,9.309324633565735
202602,1165058000,9.997828199437391
202602,1165058100,9.486833006937768
202602,1165059000,9.423834608576662
202602,1165060000,9.69427609018213
202602,1165061000,9.477291306355554
202602,1165062000,9.235465976059237
202602,1165062100,9.36464844889621
202602,1165065100,9.340306256897236
202602,1165065200,9.464947644006616
202602,1165066000,8.445086376697692
202602,1168051000,10.192164298195324
202602,1168052100,9.921915464125512
202602,1168053100,9.79131938183714
202602,1168054500,10.246090093306112
202602,1168056500,10.079143543473435
202602,1168058000,9.949535491309437
202602,1168059000,9.485392132855583
202602,1168060000,9.931170831995416
202602,1168061000,9.89368678647547
202602,1168063000,9.891444372838455
202602,1168064000,9.97701008936915
202602,1168065000,9.394382797444406
202602,1168065500,9.476155836739666
202602,1168065600,9.627074122891704
202602,1168066000,7.151907373133783
202602,1168067000,9.101065851073518
202602,1168067500,8.518891518347589
202602,1168069000,9.36619264449692
202602,1168070000,8.948377085158914
202602,1168072000,8.782401730752818
202602,1168073000,9.305883067223146
202602,1168075000,9.711112793054475
202602,1171051000,8.764325798366913
202602,1171052000,8.686092693724119
202602,1171053100,8.989441676296055
202602,1171053200,8.963240614928276
202602,1171054000,9.414587771211744
202602,1171055000,9.20123850927772
202602,1171056100,9.340201024758072
202602,1171056200,9.448467167887966
202602,1171056600,8.520280197558458
202602,1171057000,9.103599523841568
202602,1171058000,9.269234551498286
202602,1171059000,9.08070353876562
202602,1171060000,9.373881646346026
202602,1171061000,9.159629810780514
202602,1171062000,9.223040571197274
202602,1171063100,10.480467156890256
202602,1171063200,9.270234762634372
202602,1171064100,9.069912456035466
202602,1171064200,9.62331692598086
202602,1171064600,9.020903942767864
202602,1171064700,8.08575801636066
202602,1171065000,9.67493854224368
202602,1171067000,9.536431594746745
202602,1171068000,9.589475364596863
202602,1171069000,9.041314667739522
202602,1171071000,10.1707043027667
202602,1171072000,8.956767168016059
202602,1174051500,8.498263385877216
202602,1174052500,8.215915469121043
202602,1174052600,8.643281682002412
202602,1174053000,9.325816989622998
202602,1174054000,9.746038140312011
202602,1174055000,8.552707056224826
202602,1174056000,8.98298714116203
202602,1174057000,8.87927932797425
202602,1174058000,9.120678086952108
202602,1174059000,8.911839381027255
202602,1174060000,8.864406855792565
202602,1174061000,9.398111332098052
202602,1174062000,8.92309058655487
202602,1174064000,9.18050241318877
202602,1174065000,9.35766579514664
202602,1174066000,9.253389518462434
202602,1174068500,9.145692387916716
202602,1174069000,9.02330465065293
202602,1174070000,8.754017080931924
202603,1111051500,8.87151610199469
202603,1111053000,9.56258929098482
202603,1111054000,9.595416416304989
202603,1111055000,8.402733348423181
202603,1111056000,8.245120543551764
202603,1111057000,9.205383882316768
202603,1111058000,8.703697189919993
202603,1111060000,9.3113234136219
202603,1111061500,10.091337947505004
202603,1111063000,9.69835524006302
202603,1111064000,8.67210345538589
202603,1111065000,9.013033896390397
202603,1111067000,9.799053214434336
202603,1111068000,8.90779307624696
202603,1111069000,7.913177649589334
202603,1111070000,8.511863455400414
202603,1111071000,9.153119765149048
202603,1114052000,9.919728235397622
202603,1114054000,9.999266052878308
202603,1114055000,9.739236855676545
202603,1114057000,9.1244184728482
202603,1114058000,9.13636274552976
202603,1114059000,9.844285134936612
202603,1114060500,10.314286656056984
202603,1114061500,9.733170914993146
202603,1114062500,9.142161192035973
202603,1114063500,9.19071880836718
202603,1114064500,8.971376098841699
202603,1114065000,9.360604428629085
202603,1114066500,9.294669259914416
202603,1114067000,9.501517489242724
202603,1114068000,9.224616509783528
202603,1117051000,9.060728533285618
202603,1117052000,8.831776919967847
202603,1117053000,9.573129617624184
202603,1117055500,8.960218882729995
202603,1117056000,9.775683208517432
202603,1117057000,9.551841878238132
202603,1117058000,9.059371347707032
202603,1117059000,9.384837955124167
202603,1117062500,10.247424898258148
202603,1117063000,9.21936701112623
202603,1117064000,8.813300962940819
202603,1117065000,9.832784126998815
202603,1117066000,8.912402118761715
202603,1117068500,9.595198483424848
202603,1117069000,8.566316942806251
202603,1117070000,9.154225243712714
202603,1120052000,9.091578645989598
202603,1120053500,9.19045068047006
202603,1120054000,8.856621962102258
202603,1120055000,8.899016378755704
202603,1120056000,9.264830466542408
202603,1120057000,8.343246178031675
202603,1120058000,7.96645039745414
202603,1120059000,8.437903737573265
202603,1120061500,8.717979579467649
202603,1120062000,9.106438166349916
202603,1120064500,8.676067445343314
202603,1120065000,9.01760839540427
202603,1120066000,9.66206458607415
202603,1120067000,9.704916763794486
202603,1120069000,9.64539290426341
202603,1120072000,8.516371971403522
202603,1120079000,9.164130076998196
202603,1121571000,9.192717196464873
202603,1121573000,9.098732650000574
202603,1121574000,9.325390840928792
202603,1121575000,9.07206402663838
202603,1121576000,8.815295796383785
202603,1121577000,8.645350634236308
202603,1121578000,9.0862095713167
202603,1121581000,8.969742432015176
202603,1121582000,9.0551565264441
202603,1121583000,8.57261576386079
202603,1121584000,9.024398599791216
202603,1121584700,9.09420677501176
202603,1121585000,9.309900306557216
202603,1121586000,8.813139515573544
202603,1121587000,9.476320689268713
202603,1123054500,10.440507780833642
202603,1123056000,9.03638765442314
202603,1123057000,8.740501204593892
202603,1123060000,9.12192140858496
202603,1123061000,8.794227105561063
202603,1123065000,9.532964337037434
202603,1123066000,9.325934640911065
202603,1123070500,9.26580639646325
202603,1123071000,8.937727019818624
202603,1123072000,8.900978886926671
202603,1123073000,8.45349133229654
202603,1123074000,8.706460420102093
202603,1123075000,8.534614088715808
202603,1126052000,8.647928438947082
202603,1126054000,8.527128331636655
202603,1126055000,8.292406078827428
202603,1126056500,8.995591523116275
202603,1126057000,9.05944878989445
202603,1126057500,8.94145174614325
202603,1126058000,8.795610975592638
202603,1126059000,9.347283599891703
202603,1126060000,8.757650466727329
202603,1126061000,9.03539287907793
202603,1126062000,8.84680457290127
202603,1126063000,8.865398787774398
202603,1126065500,8.929224381229076
202603,1126066000,8.823384125672687
202603,1126068000,8.742190574357812
202603,1126069000,9.193161015486902
202603,1129052500,8.841983449431286
202603,1129055500,9.255808440498951
202603,1129057500,9.219696397459868
202603,1129058000,8.67829496181383
202603,1129059000,8.69044101097064
202603,1129060000,8.788380524111657
202603,1129061000,8.668065604480237
202603,1129062000,8.645341315382836
202603,1129063000,8.510657995301766
202603,1129064000,8.366781425077951
202603,1129065000,8.608812693360443
202603,1129066000,8.500299736447676
202603,1129068500,8.958631077319291
202603,1129070500,8.68584515011797
202603,1129071500,8.642389881413957
202603,1129072500,8.857861070263862
202603,1129076000,8.27555207697677
202603,1129077000,8.717669153249624
202603,1129078000,8.463468487611605
202603,1129081000,8.970180508819103
202603,1130553400,8.604236721161257
202603,1130553500,9.090604371584211
202603,1130554500,9.134812187798625
202603,1130555500,9.013731179723846
202603,1130557500,8.531895824665877
202603,1130559500,9.233712022829923
202603,1130560300,8.014944888638674
202603,1130560800,8.640342117188963
202603,1130561500,9.285619168577524
202603,1130562500,8.75248541167865
202603,1130563500,9.291211907391784
202603,1130564500,8.696563864093665
202603,1130566000,8.426018526391912
202603,1132051100,8.930687141489951
202603,1132051200,8.506554754251827
202603,1132051300,8.830546414140146
202603,1132051400,8.762201288097895
202603,1132051500,9.311806442216731
202603,1132052100,8.892327408345897
202603,1132052200,8.427581009351583
202603,1132066000,8.41958892536683
202603,1132067000,8.80726762361697
202603,1132068000,8.964949314498334
202603,1132068100,8.51448441954773
202603,1132069000,9.087808320845363
202603,1132070000,9.140721343082843
202603,1132071000,8.379713072720397
202603,1135056000,8.668806877828729
202603,1135057000,7.985273830722016
202603,1135058000,8.322308966832594
202603,1135059500,8.990836270172059
202603,1135060000,8.613826064701941
202603,1135061100,9.076215188888424
202603,1135061200,8.142315050988367
202603,1135061900,9.082802210692757
202603,1135062100,8.460898257940912
202603,1135062400,9.17211931228499
202603,1135062500,9.2082833788075
202603,1135063000,8.7986684586277
202603,1135064000,9.48133113055213
202603,1135066500,8.368397766001275
202603,1135067000,8.810260826185207
202603,1135069500,9.348521367654303
202603,1135070000,8.678793072917854
202603,1135071000,8.928084032047483
202603,1135072000,8.270412495804333
202603,1138051000,8.747948352762634
202603,1138052000,8.919957942557824
202603,1138053000,8.735149728512225
202603,1138055100,9.286426724324537
202603,1138055200,9.083774786010792
202603,1138056000,8.262853036721166
202603,1138057000,9.004332425652306
202603,1138058000,8.803545361575432
202603,1138059000,8.610116060805222
202603,1138060000,9.049032711272332
202603,1138062500,8.6445843644621
202603,1138063100,8.679705617278179
202603,1138063200,8.484232931581442
202603,1138064000,8.848722159981234
202603,1138065000,8.228697917157387
202603,1138069000,8.439307836990812
202603,1141052000,8.965545301502956
202603,1141055500,9.119819170081492
202603,1141056500,8.752708122491432
202603,1141058500,9.095107082979393
202603,1141061500,8.825616292135814
202603,1141062000,8.727081890951766
202603,1141064000,9.29095294742444
202603,1141065500,8.757844486493802
202603,1141066000,8.738775936505757
202603,1141068500,8.503605858961565
202603,1141069000,9.29954889220282
202603,1141070000,8.722185821445086
202603,1141071000,8.139435507177026
202603,1141072000,8.83776064723775
202603,1144055500,9.306176035617286
202603,1144056500,9.122571897156451
202603,1144058500,9.350994934403374
202603,1144059000,9.531347558810848
202603,1144060000,9.360018430824072
202603,1144061000,8.898415620273395
202603,1144063000,8.701286579361074
202603,1144065500,8.846910283622595
202603,1144066000,9.754609290135106
202603,1144068000,9.314080394392814
202603,1144069000,9.186892926918702
202603,1144070000,9.015233314289302
202603,1144071000,9.107857059661924
202603,1144072000,8.754961078330085
202603,1144073000,8.951062329131956
202603,1144074000,9.131943589722002
202603,1147051000,9.481744478196743
202603,1147052000,8.728451234250471
202603,1147053000,9.221120719225294
202603,1147054000,8.866492958907775
202603,1147055000,9.441846036367403
202603,1147056000,8.844330781876648
202603,1147057000,8.75854344241874
202603,1147058000,8.549524873236226
202603,1147059000,8.96164959995756
202603,1147060000,8.590064364178241
202603,1147061000,8.959564176820265
202603,1147061100,8.483405200413177
202603,1147062000,9.433515203715965
202603,1147063000,9.165646966844813
202603,1147064000,8.688992097919789
202603,1147065000,9.075867722510193
202603,1147067000,8.64509835857225
202603,1147068000,9.241419882430582
202603,1150051000,9.132000168380822
202603,1150052000,9.497324793916832
202603,1150053000,8.476622239460529
202603,1150053500,9.188501469833222
202603,1150054000,9.048846265974245
202603,1150055000,8.52070249143163
202603,1150056000,8.931553632093756
202603,1150057000,8.954488398575432
202603,1150059000,8.629943929598182
202603,1150059100,8.879008626762095
202603,1150059300,8.604689495181656
202603,1150060300,9.205127199171828
202603,1150060400,9.048469817442664
202603,1150060500,8.894877827819911
202603,1150061100,9.438147732300212
202603,1150061500,8.74003495899302
202603,1150062000,8.696573626953318
202603,1150063000,9.040929173900192
202603,1150064000,8.62987675536833
202603,1150064100,8.465408730961606
202603,1153051000,8.972882010750716
202603,1153052000,8.57822218153158
202603,1153053000,9.622855800494271
202603,1153054000,9.418055659549331
202603,1153055000,9.092380559767248
202603,1153056000,9.313855484102987
202603,1153059500,8.854804760935219
202603,1153072000,9.03789093004328
202603,1153073000,8.95193175997528
202603,1153074000,8.678166761692902
202603,1153075000,8.726075914652691
202603,1153076000,8.726429292322427
202603,1153077000,8.920017749581085
202603,1153078000,8.420244698404334
202603,1153079000,8.362814215620157
202603,1153080000,7.884801236604984
202603,1154551000,9.92731501659189
202603,1154561000,9.622606102122862
202603,1154562000,8.858497516710615
202603,1154563000,9.013975631531537
202603,1154564000,8.641055224542171
202603,1154567000,9.196837893785352
202603,1154568000,7.962954628785384
202603,1154569000,8.580895018308881
202603,1154570000,8.40205039916665
202603,1154571000,9.049526597395236
202603,1156051500,9.439686586029858
202603,1156053500,9.726043136948686
202603,1156054000,9.87790891152487
202603,1156055000,9.782784319663286
202603,1156056000,9.13761998076358
202603,1156058500,8.54403589823952
202603,1156060500,9.586702780503709
202603,1156061000,8.982944400956733
202603,1156062000,9.338903345751085
202603,1156063000,9.009161583448009
202603,1156065000,9.25096338091996
202603,1156066000,8.62693222313985
202603,1156067000,9.054316807693723
202603,1156068000,9.241489825125846
202603,1156069000,8.676528657034604
202603,1156070000,9.074549607469317
202603,1156071000,9.137363895789663
202603,1156072000,9.571020719337987
202603,1159051000,9.997888668603398
202603,1159052000,11.059860308899466
202603,1159053000,9.015172867964752
202603,1159054000,8.882375992837417
202603,1159055000,9.06908907791195
202603,1159056000,8.547358416050132
202603,1159060500,9.100639154331333
202603,1159062000,9.148057888291186
202603,1159063000,9.32953787850147
202603,1159064000,8.644621884744085
202603,1159065000,9.087818104358226
202603,1159065100,8.253866571511447
202603,1159066000,9.05391940760198
202603,1159067000,8.737806106172012
202603,1159068000,8.988544269821219
202603,1162052500,8.77540299293257
202603,1162054500,8.495612913011323
202603,1162056500,8.413027334157803
202603,1162057500,8.838293875475744
202603,1162058500,8.932039723522292
202603,1162059500,9.138323785600392
202603,1162060500,8.821759915331356
202603,1162061500,9.19647454715315
202603,1162062500,8.98243787053029
202603,1162063000,8.888694556047696
202603,1162064500,9.165104435070168
202603,1162065500,8.717388236409688
202603,1162066500,8.460179631177713
202603,1162068500,8.95292499005943
202603,1162069500,9.190379151964557
202603,1162071500,8.047843711752025
202603,1162072500,9.288752332049
202603,1162073500,8.467489320985955
202603,1162074500,8.38145933080016
202603,1162076500,8.627035821045778
202603,1162077500,8.620346911778704
202603,1165051000,9.341622780195538
202603,1165052000,9.714676191252812
202603,1165053000,9.47691480856219
202603,1165053100,9.928023678536118
202603,1165054000,9.404386775334585
202603,1165055000,9.08474069691343
202603,1165056000,9.448548384151202
202603,1165057000,9.25950492495984
202603,1165058000,9.973117487690368
202603,1165058100,9.48259856855604
202603,1165059000,9.401708688534708
202603,1165060000,9.660363137328106
202603,1165061000,9.4274860693141
202603,1165062000,9.175311503751994
202603,1165062100,9.32990180331396
202603,1165065100,9.260952596810824
202603,1165065200,9.404610887523685
202603,1165066000,8.364582964858952
202603,1168051000,10.13480020282843
202603,1168052100,9.891530413664476
202603,1168053100,9.728550547641635
202603,1168054500,10.187894223835904
202603,1168056500,10.02356599491016
202603,1168058000,9.884758540169338
202603,1168059000,9.436136778239272
202603,1168060000,9.892134346415434
202603,1168061000,9.870479158279224
202603,1168063000,9.87825018098761
202603,1168064000,9.94244702195748
202603,1168065000,9.36585952007303
202603,1168065500,9.445357246540931
202603,1168065600,9.591223897388986
202603,1168066000,7.164720086240172
202603,1168067000,9.07461679882948
202603,1168067500,8.479364909387348
202603,1168069000,9.323120681493869
202603,1168070000,8.919969978019807
202603,1168072000,8.733499572463348
202603,1168073000,9.264619977280232
202603,1168075000,9.665103578481322
202603,1171051000,8.757137012334413
202603,1171052000,8.639751495024276
202603,1171053100,8.980478480155481
202603,1171053200,8.930389143241403
202603,1171054000,9.45836489357575
202603,1171055000,9.193643264377709
202603,1171056100,9.290787664866524
202603,1171056200,9.432313418079431
202603,1171056600,8.480208275439088
202603,1171057000,9.091354904007542
202603,1171058000,9.241657723420348
202603,1171059000,9.058536289209131
202603,1171060000,9.34585758590458
202603,1171061000,9.124377347267597
202603,1171062000,9.176376014899327
202603,1171063100,10.453383775080493
202603,1171063200,9.25946510865244
202603,1171064100,9.03491476397595
202603,1171064200,9.561620613123766
202603,1171064600,8.989053503327073
202603,1171064700,8.057793739215038
202603,1171065000,9.647970403632897
202603,1171067000,9.50787421539374
202603,1171068000,9.612150192347322
202603,1171069000,9.081434988270864
202603,1171071000,10.14797195402001
202603,1171072000,8.961195625889328
202603,1174051500,8.472024530361688
202603,1174052500,8.181744086875518
202603,1174052600,8.599583408810258
202603,1174053000,9.290399914834357
202603,1174054000,9.748366074197737
202603,1174055000,8.523989952689309
202603,1174056000,8.971483707110709
202603,1174057000,8.821331560118644
202603,1174058000,9.100054566117151
202603,1174059000,8.868081827171961
202603,1174060000,8.856683338762322
202603,1174061000,9.3819009464386
202603,1174062000,8.920764577456401
202603,1174064000,9.168120772297328
202603,1174065000,9.361101996728156
202603,1174066000,9.228207895784356
202603,1174068500,9.080045395143395
202603,1174069000,8.99348603922435
202603,1174070000,8.775394359729479
202604,1111051500,8.888049834996194
202604,1111053000,9.573258923200004
202604,1111054000,9.580285213481266
202604,1111055000,8.418695729628734
202604,1111056000,8.28743797825856
202604,1111057000,9.220929659628371
202604,1111058000,8.741577601576434
202604,1111060000,9.319658590073423
202604,1111061500,10.070157940023066
202604,1111063000,9.698979882920892
202604,1111064000,8.684620219204975
202604,1111065000,9.063417587497623
202604,1111067000,9.83956179748731
202604,1111068000,8.918975016461477
202604,1111069000,7.994939849905617
202604,1111070000,8.552483161566494
202604,1111071000,9.170862094286475
202604,1114052000,9.933379729701484
202604,1114054000,9.99508734878416
202604,1114055000,9.742293940669622
202604,1114057000,9.124239636727948
202604,1114058000,9.155836042326856
202604,1114059000,9.850317817467644
202604,1114060500,10.31054932671165
202604,1114061500,9.76249577541881
202604,1114062500,9.16794462650268
202604,1114063500,9.19950158650879
202604,1114064500,8.982793535499907
202604,1114065000,9.396898973600166
202604,1114066500,9.330226591420478
202604,1114067000,9.525748461688904
202604,1114068000,9.23222100198062
202604,1117051000,9.06846557579906
202604,1117052000,8.855999465840128
202604,1117053000,9.568125393144388
202604,1117055500,9.001230644664176
202604,1117056000,9.81990715814636
202604,1117057000,9.567168090034205
202604,1117058000,9.07985655374622
202604,1117059000,9.39696373249568
202604,1117062500,10.25245211180544
202604,1117063000,9.237498131998343
202604,1117064000,8.783132187724688
202604,1117065000,9.864410508089692
202604,1117066000,8.920649961046877
202604,1117068500,9.601782105716747
202604,1117069000,8.597433792679194
202604,1117070000,9.189881414236968
202604,1120052000,9.10942648212506
202604,1120053500,9.212730388168747
202604,1120054000,8.879652341749253
202604,1120055000,8.965815254744893
202604,1120056000,9.282058089288611
202604,1120057000,8.37100145904852
202604,1120058000,7.975316033665447
202604,1120059000,8.453325967584073
202604,1120061500,8.730733861103865
202604,1120062000,9.118472007561698
202604,1120064500,8.69367403412691
202604,1120065000,9.021836223979802
202604,1120066000,9.664871508584351
202604,1120067000,9.737636766783227
202604,1120069000,9.639237114917904
202604,1120072000,8.515797248839826
202604,1120079000,9.186357234633928
202604,1121571000,9.221978660224847
202604,1121573000,9.11657005204792
202604,1121574000,9.351783725607492
202604,1121575000,9.096186912715355
202604,1121576000,8.832371667838538
202604,1121577000,8.671920039649851
202604,1121578000,9.093680981863477
202604,1121581000,8.98098420297772
202604,1121582000,9.071838957771307
202604,1121583000,8.597130211117076
202604,1121584000,9.044094801076628
202604,1121584700,9.115489190584926
202604,1121585000,9.321687720023046
202604,1121586000,8.839633146177999
202604,1121587000,9.486368074183602
202604,1123054500,10.425919506656982
202604,1123056000,9.065036425336178
202604,1123057000,8.76566532293488
202604,1123060000,9.142821496049509
202604,1123061000,8.816656017257356
202604,1123065000,9.54624674755698
202604,1123066000,9.34856412105264
202604,1123070500,9.284607657188854
202604,1123071000,8.972755806900992
202604,1123072000,8.937815596615637
202604,1123073000,8.483584578307013
202604,1123074000,8.769873032297955
202604,1123075000,8.558356828749243
202604,1126052000,8.665930103188844
202604,1126054000,8.541666401656034
202604,1126055000,8.307265878801456
202604,1126056500,9.017983907487377
202604,1126057000,9.083426977123276
202604,1126057500,8.97412740418494
202604,1126058000,8.815145252638155
202604,1126059000,9.359612809263506
202604,1126060000,8.769067460286657
202604,1126061000,9.05588924641209
202604,1126062000,8.881136091835296
202604,1126063000,8.884730888549726
202604,1126065500,8.944868214318536
202604,1126066000,8.83661045146727
202604,1126068000,8.756823258298562
202604,1126069000,9.205528163102292
202604,1129052500,8.871852582365328
202604,1129055500,9.278234071687391
202604,1129057500,9.25887520794972
202604,1129058000,8.705650347890776
202604,1129059000,8.703910596198385
202604,1129060000,8.848924345451094
202604,1129061000,8.68987468414665
202604,1129062000,8.67138617361037
202604,1129063000,8.529973614379715
202604,1129064000,8.420601333593357
202604,1129065000,8.625323111685985
202604,1129066000,8.518870233593132
202604,1129068500,8.97031445318617
202604,1129070500,8.716995850550067
202604,1129071500,8.656768938172922
202604,1129072500,8.857158752927235
202604,1129076000,8.28824681652673
202604,1129077000,8.741895690876708
202604,1129078000,8.483908740195352
202604,1129081000,8.99150595702484
202604,1130553400,8.629382291522358
202604,1130553500,9.112108078641278
202604,1130554500,9.1512039708345
202604,1130555500,9.03836187099238
202604,1130557500,8.548848018040129
202604,1130559500,9.253838033555231
202604,1130560300,8.027742271849869
202604,1130560800,8.665654999155402
202604,1130561500,9.30730902234214
202604,1130562500,8.757070696659794
202604,1130563500,9.31045039771207
202604,1130564500,8.715327162179255
202604,1130566000,8.44861312948054
202604,1132051100,8.954208634823898
202604,1132051200,8.530234564507362
202604,1132051300,8.818266595012014
202604,1132051400,8.773653889039926
202604,1132051500,9.321063188378936
202604,1132052100,8.894982138493122
202604,1132052200,8.446500235139467
202604,1132066000,8.446603233921426
202604,1132067000,8.822443780991806
202604,1132068000,8.977964235280552
202604,1132068100,8.53036383097345
202604,1132069000,9.085809494648531
202604,1132070000,9.207496126152195
202604,1132071000,8.39738869206453
202604,1135056000,8.703801630204454
202604,1135057000,7.997936277724875
202604,1135058000,8.347314236270543
202604,1135059500,9.02045248775122
202604,1135060000,8.65382261235954
202604,1135061100,9.088716594410387
202604,1135061200,8.180464145930722
202604,1135061900,9.09217778121661
202604,1135062100,8.462176560635795
202604,1135062400,9.19509753843628
202604,1135062500,9.214388978700224
202604,1135063000,8.819023660902406
202604,1135064000,9.498210505861682
202604,1135066500,8.396876056312509
202604,1135067000,8.833238340957948
202604,1135069500,9.364286335137669
202604,1135070000,8.69447697347215
202604,1135071000,8.933344789446506
202604,1135072000,8.290635711738444
202604,1138051000,8.777457544177551
202604,1138052000,8.935340720049766
202604,1138053000,8.755678252778322
202604,1138055100,9.308576746883285
202604,1138055200,9.109368214220954
202604,1138056000,8.28029517241171
202604,1138057000,9.015508758304358
202604,1138058000,8.822470487403585
202604,1138059000,8.618683471373073
202604,1138060000,9.061732856555713
202604,1138062500,8.661712178811337
202604,1138063100,8.691103903899114
202604,1138063200,8.508028753632278
202604,1138064000,8.84300937096977
202604,1138065000,8.236156109161719
202604,1138069000,8.464491400891276
202604,1141052000,8.981391461311945
202604,1141055500,9.08976374739969
202604,1141056500,8.766859093268534
202604,1141058500,9.132169117215495
202604,1141061500,8.854603469173734
202604,1141062000,8.718281012178586
202604,1141064000,9.322140112994193
202604,1141065500,8.778296128746799
202604,1141066000,8.757160387272451
202604,1141068500,8.52122666072216
202604,1141069000,9.33101753768026
202604,1141070000,8.746246922779063
202604,1141071000,8.162213015119866
202604,1141072000,8.845320091751814
202604,1144055500,9.284951420026
202604,1144056500,9.148064033937285
202604,1144058500,9.366379068719382
202604,1144059000,9.561565999428838
202604,1144060000,9.400897125205717
202604,1144061000,8.905140799798657
202604,1144063000,8.711950047198616
202604,1144065500,8.88163450359645
202604,1144066000,9.768405138827232
202604,1144068000,9.314729042768397
202604,1144069000,9.209727241350391
202604,1144070000,9.006044255933633
202604,1144071000,9.127942105684737
202604,1144072000,8.779758342215901
202604,1144073000,8.961291653991976
202604,1144074000,9.139519259273332
202604,1147051000,9.480600236750464
202604,1147052000,8.740529970943806
202604,1147053000,9.23664944861422
202604,1147054000,8.877855509497692
202604,1147055000,9.41619255554474
202604,1147056000,8.85725436061385
202604,1147057000,8.77313418650408
202604,1147058000,8.565610853747943
202604,1147059000,8.972092268759212
202604,1147060000,8.594501768748502
202604,1147061000,8.973564429754754
202604,1147061100,8.488731362629126
202604,1147062000,9.427082619540933
202604,1147063000,9.168445608869192
202604,1147064000,8.702906179719156
202604,1147065000,9.09177664725893
202604,1147067000,8.655716817692198
202604,1147068000,9.252337191444544
202604,1150051000,9.14714761496042
202604,1150052000,9.505428343598956
202604,1150053000,8.481929543790386
202604,1150053500,9.193372438463191
202604,1150054000,9.064200904939767
202604,1150055000,8.540046057845634
202604,1150056000,8.980032134950186
202604,1150057000,8.972866585064157
202604,1150059000,8.647062769723508
202604,1150059100,8.892520663007417
202604,1150059300,8.575653451109748
202604,1150060300,9.226058022846471
202604,1150060400,9.060232536846206
202604,1150060500,8.92247710774373
202604,1150061100,9.452943913425113
202604,1150061500,8.747422321815947
202604,1150062000,8.71262785306335
202604,1150063000,9.060834478803748
202604,1150064000,8.636052367675124
202604,1150064100,8.482703689060541
202604,1153051000,8.992616058600593
202604,1153052000,8.590441847948364
202604,1153053000,9.628984639353945
202604,1153054000,9.42527692255448
202604,1153055000,9.105226151906429
202604,1153056000,9.323392422367451
202604,1153059500,8.862151056836854
202604,1153072000,9.04050828569916
202604,1153073000,8.986596076875015
202604,1153074000,8.703977126815394
202604,1153075000,8.74033857201681
202604,1153076000,8.73444805914067
202604,1153077000,8.921152554390417
202604,1153078000,8.437786927864073
202604,1153079000,8.402335879544308
202604,1153080000,7.411654524362285
202604,1154551000,9.931244213596726
202604,1154561000,9.606483812738
202604,1154562000,8.851279293985232
202604,1154563000,9.067219695984493
202604,1154564000,8.655953872918865
202604,1154567000,9.23856419893912
202604,1154568000,7.976735726106586
202604,1154569000,8.595413141364578
202604,1154570000,8.41617822833028
202604,1154571000,9.051605199405854
202604,1156051500,9.487467299741889
202604,1156053500,9.736142912512054
202604,1156054000,9.888581398021175
202604,1156055000,9.77840461191581
202604,1156056000,9.152092338627313
202604,1156058500,8.557843353036835
202604,1156060500,9.595766916404967
202604,1156061000,8.99436509429478
202604,1156062000,9.344518708177532
202604,1156063000,9.021852970742744
202604,1156065000,9.25826899025816
202604,1156066000,8.633135524654655
202604,1156067000,9.06299439288678
202604,1156068000,9.256284153868148
202604,1156069000,8.68724727944443
202604,1156070000,9.096257838973946
202604,1156071000,9.143626897509904
202604,1156072000,9.580786709077827
202604,1159051000,10.000606722514148
202604,1159052000,11.056001278664052
202604,1159053000,9.040689604960528
202604,1159054000,8.908723457824419
202604,1159055000,9.084345772161218
202604,1159056000,8.588910860118066
202604,1159060500,9.133720027577027
202604,1159062000,9.171826848792032
202604,1159063000,9.343892275658355
202604,1159064000,8.652270967779105
202604,1159065000,9.101996511705028
202604,1159065100,8.269676564567442
202604,1159066000,9.069376630165308
202604,1159067000,8.763975852803787
202604,1159068000,9.015828446337752
202604,1162052500,8.771015854327896
202604,1162054500,8.495943383171067
202604,1162056500,8.434713963071543
202604,1162057500,8.85893418511998
202604,1162058500,8.970098125110189
202604,1162059500,9.16778243119068
202604,1162060500,8.843443481048228
202604,1162061500,9.227155820410974
202604,1162062500,9.007310324220702
202604,1162063000,8.920481001905264
202604,1162064500,9.191827311973958
202604,1162065500,8.736906363621355
202604,1162066500,8.478551035528191
202604,1162068500,8.967975149888229
202604,1162069500,9.217726747181125
202604,1162071500,8.06706303582786
202604,1162072500,9.29165651771794
202604,1162073500,8.494917224880778
202604,1162074500,8.407956067246875
202604,1162076500,8.646970892275911
202604,1162077500,8.638824110791342
202604,1165051000,9.366725311794184
202604,1165052000,9.717652342963197
202604,1165053000,9.476906509506811
202604,1165053100,9.94034152584451
202604,1165054000,9.41121339267067
202604,1165055000,8.720407654724744
202604,1165056000,9.449784715546212
202604,1165057000,9.261374136375949
202604,1165058000,9.984541939726151
202604,1165058100,9.491424892962582
202604,1165059000,9.413159146033012
202604,1165060000,9.669714071124703
202604,1165061000,9.423033491296009
202604,1165062000,9.189716674465425
202604,1165062100,9.346255847991978
202604,1165065100,9.259694381651071
202604,1165065200,9.40926910012976
202604,1165066000,8.381501540069797
202604,1168051000,10.13892830762322
202604,1168052100,9.90109967837262
202604,1168053100,9.720740973088548
202604,1168054500,10.19112649105874
202604,1168056500,10.03953381758733
202604,1168058000,9.882499238797736
202604,1168059000,9.441754024030546
202604,1168060000,9.892240619463792
202604,1168061000,9.879539717404231
202604,1168063000,9.88630186343823
202604,1168064000,9.952258205020089
202604,1168065000,9.37058349226567
202604,1168065500,9.442002222936171
202604,1168065600,9.620339791105556
202604,1168066000,7.08112928660336
202604,1168067000,9.088436676638477
202604,1168069000,9.337033371137892
202604,1168070000,8.938123147065086
202604,1168072000,8.760690508039588
202604,1168073000,9.288077788139692
202604,1168075000,9.670129059611368
202604,1171051000,8.785729524598535
202604,1171052000,8.648329011413802
202604,1171053100,9.000720426972828
202604,1171053200,8.936527357799156
202604,1171054000,9.44058443594327
202604,1171055000,9.217541670349688
202604,1171056100,9.325226701328685
202604,1171056200,9.428762330594362
202604,1171056600,8.480104491009046
202604,1171057000,9.096742666291956
202604,1171058000,9.244258029283984
202604,1171059000,9.09135037883413
202604,1171060000,9.348923218326217
202604,1171061000,9.154082569740536
202604,1171062000,9.171355018143204
202604,1171063100,10.464005189002606
202604,1171063200,9.252940938068052
202604,1171064100,9.028784744274075
202604,1171064200,9.583606574631697
202604,1171064600,9.022181928482546
202604,1171064700,8.074505437321632
202604,1171065000,9.661889431426806
202604,1171067000,9.505423624681857
202604,1171068000,9.599114877467205
202604,1171069000,9.12757613619628
202604,1171071000,10.146012239079566
202604,1171072000,9.019951532196158
202604,1174051500,8.48996756829365
202604,1174052500,8.189227530533604
202604,1174052600,8.623168357208979
202604,1174053000,9.30000651519876
202604,1174054000,9.769567750030356
202604,1174055000,8.526524946228198
202604,1174056000,8.991336866804224
202604,1174057000,8.826038390523532
202604,1174058000,9.114275268830404
202604,1174059000,8.880103393758079
202604,1174060000,8.878263705099405
202604,1174061000,9.391943830628652
202604,1174062000,8.943310741991302
202604,1174064000,9.18852265244282
202604,1174065000,9.379230843887951
202604,1174066000,9.236975958543082
202604,1174068500,9.08875259444742
202604,1174069000,8.991763169503777
202604,1174070000,8.808376285630091
202605,1111051500,8.889307606128074
202605,1111053000,9.57557049803699
202605,1111054000,9.615180756629691
202605,1111055000,8.391806335750655
202605,1111056000,8.37464545532889
202605,1111057000,9.200592143256555
202605,1111058000,8.73065291084399
202605,1111060000,9.291198626389939
202605,1111061500,10.10534687942519
202605,1111063000,9.740606796929395
202605,1111064000,8.703024520282344
202605,1111065000,9.074946741512909
202605,1111067000,9.84325263482857
202605,1111068000,8.904233713874975
202605,1111069000,7.616267140512316
202605,1111070000,8.529424021912348
202605,1111071000,9.182438765644934
202605,1114052000,9.962943459927319
202605,1114054000,9.986835441881386
202605,1114055000,9.785047389675567
202605,1114057000,9.12718052617648
202605,1114058000,9.17467001692166
202605,1114059000,9.84195176937553
202605,1114060500,10.330425331758645
202605,1114061500,9.818928488828552
202605,1114062500,9.182775648598147
202605,1114063500,9.203031701290609
202605,1114064500,8.974003423571096
202605,1114065000,9.257735517050738
202605,1114066500,9.290534741984711
202605,1114067000,9.521076683714158
202605,1114068000,9.235215304249524
202605,1117051000,9.066077717196368
202605,1117052000,8.863897273462293
202605,1117053000,9.561848451624316
202605,1117055500,9.003652876321347
202605,1117056000,9.819487420672342
202605,1117057000,9.534907600452021
202605,1117058000,9.090252887147976
202605,1117059000,9.354845662780427
202605,1117062500,10.34751054683396
202605,1117063000,9.22575884731991
202605,1117064000,8.784870305533486
202605,1117065000,9.98694837950178
202605,1117066000,8.907793704014361
202605,1117068500,9.573737682278722
202605,1117069000,8.655988881011108
202605,1117070000,9.153943199621349
202605,1120052000,9.078625678891227
202605,1120053500,9.198806925255491
202605,1120054000,8.887552563689347
202605,1120055000,9.031652297757674
202605,1120056000,9.276575674538005
202605,1120057000,8.410967263067763
202605,1120058000,7.9399533875614905
202605,1120059000,8.437801238869614
202605,1120061500,8.709114756368852
202605,1120062000,9.099607215394588
202605,1120064500,8.688970953300213
202605,1120065000,9.032036339658843
202605,1120066000,9.705493541167012
202605,1120067000,9.76041463566412
202605,1120069000,9.625192662800064
202605,1120072000,8.46344690463328
202605,1120079000,9.186622255489471
202605,1121571000,9.250879079695343
202605,1121573000,9.14135816987542
202605,1121574000,9.324010495804554
202605,1121575000,9.079322986870588
202605,1121576000,8.78967212735014
202605,1121577000,8.673663991965912
202605,1121578000,9.111349592638916
202605,1121581000,8.969834865178045
202605,1121582000,9.076587602777014
202605,1121583000,8.581704543889705
202605,1121584000,9.040923465012781
202605,1121584700,9.108017460499951
202605,1121585000,9.308661417431043
202605,1121586000,8.815944920445306
202605,1121587000,9.468192665164539
202605,1123054500,10.456087613094555
202605,1123056000,9.051879765357965
202605,1123057000,8.74755295959745
202605,1123060000,9.153981330461246
202605,1123061000,8.814293037133629
202605,1123065000,9.541805372150039
202605,1123066000,9.33219678676721
202605,1123070500,9.284519058438846
202605,1123071000,9.014076150405561
202605,1123072000,8.915304256499281
202605,1123073000,8.511189157762818
202605,1123074000,8.808746497475529
202605,1123075000,8.526580728218715
202605,1126052000,8.65622260954558
202605,1126054000,8.54188637801891
202605,1126055000,8.34341879388335
202605,1126056500,9.005548925679095
202605,1126057000,9.079683852892494
202605,1126057500,8.968542519936273
202605,1126058000,8.792216643797365
202605,1126059000,9.342825849491094
202605,1126060000,8.74905809893586
202605,1126061000,9.026089024770288
202605,1126062000,8.861057831124828
202605,1126063000,8.853912806195812
202605,1126065500,8.915877527359447
202605,1126066000,8.80800820948338
202605,1126068000,8.739020930101056
202605,1126069000,9.1995428331046
202605,1129052500,8.86096687616736
202605,1129055500,9.277836993504536
202605,1129057500,9.276050397660818
202605,1129058000,8.688532251645336
202605,1129059000,8.67588549966627
202605,1129060000,8.886211134432484
202605,1129061000,8.680661264437253
202605,1129062000,8.656341105391112
202605,1129063000,8.519290728745492
202605,1129064000,8.469345816037437
202605,1129065000,8.60809154650993
202605,1129066000,8.504479199344347
202605,1129068500,8.974011168114187
202605,1129070500,8.714376493239246
202605,1129071500,8.642401540784384
202605,1129072500,8.840385085739426
202605,1129076000,8.294153968052289
202605,1129077000,8.694740966172246
202605,1129078000,8.486718612053652
202605,1129081000,8.987499205666301
202605,1130553400,8.596155780533836
202605,1130553500,9.100251541097142
202605,1130554500,9.145818484809048
202605,1130555500,9.037055084650229
202605,1130557500,8.537175302323819
202605,1130559500,9.233081841984594
202605,1130560300,8.047906043085094
202605,1130560800,8.649870628854666
202605,1130561500,9.286435419257838
202605,1130562500,8.722153270425403
202605,1130563500,9.289073309850847
202605,1130564500,8.696481109380631
202605,1130566000,8.432271625589088
202605,1132051100,8.92671434029981
202605,1132051200,8.512911829314865
202605,1132051300,8.778391321687204
202605,1132051400,8.758516186826819
202605,1132051500,9.31543618224351
202605,1132052100,8.90926102026479
202605,1132052200,8.420254661388798
202605,1132066000,8.46383368577961
202605,1132067000,8.791442296757848
202605,1132068000,8.96350074797549
202605,1132068100,8.49683380563353
202605,1132069000,9.09206273578087
202605,1132070000,9.200299782615815
202605,1132071000,8.361136469304792
202605,1135056000,8.71485427561191
202605,1135057000,8.048572498228733
202605,1135058000,8.30416112897416
202605,1135059500,9.02364947142131
202605,1135060000,8.653190512517765
202605,1135061100,9.095566963525165
202605,1135061200,8.138963646640883
202605,1135061900,9.102945307954027
202605,1135062100,8.449661877163836
202605,1135062400,9.196955508711264
202605,1135062500,9.18787411100338
202605,1135063000,8.804475393696533
202605,1135064000,9.455849938101126
202605,1135066500,8.363159362753663
202605,1135067000,8.800292110065001
202605,1135069500,9.33518496461535
202605,1135070000,8.683750752327585
202605,1135071000,8.905742680753788
202605,1135072000,8.317195755469726
202605,1138051000,8.764868506805382
202605,1138052000,8.915202215564493
202605,1138053000,8.737649257426662
202605,1138055100,9.292099237349367
202605,1138055200,9.093247707171384
202605,1138056000,8.283297236635038
202605,1138057000,9.005853799897057
202605,1138058000,8.810851051568337
202605,1138059000,8.615922433570319
202605,1138060000,9.034344921119201
202605,1138062500,8.651094050813436
202605,1138063100,8.681130126110416
202605,1138063200,8.484370980845197
202605,1138064000,8.800524021763277
202605,1138065000,8.233769512896162
202605,1138069000,8.42891551893793
202605,1141052000,8.987679297566858
202605,1141055500,9.091026446991686
202605,1141056500,8.747770890160258
202605,1141058500,9.167914062000078
202605,1141061500,8.853834966616061
202605,1141062000,8.684652667933586
202605,1141064000,9.301664340778835
202605,1141065500,8.726267876018031
202605,1141066000,8.731124484394782
202605,1141068500,8.473348107953408
202605,1141069000,9.282027705779718
202605,1141070000,8.730487719254612
202605,1141071000,8.319019842103657
202605,1141072000,8.796607347284874
202605,1144055500,9.272730877336187
202605,1144056500,9.13520900987979
202605,1144058500,9.329854686860276
202605,1144059000,9.570156157088318
202605,1144060000,9.35370700521509
202605,1144061000,8.908294281406762
202605,1144063000,8.699613275910028
202605,1144065500,8.871291090957717
202605,1144066000,9.74074316989242
202605,1144068000,9.291928221938091
202605,1144069000,9.188153959929865
202605,1144070000,8.982128974625608
202605,1144071000,9.121206767142697
202605,1144072000,8.757795553880399
202605,1144073000,8.943337288750477
202605,1144074000,9.148723666433813
202605,1147051000,9.461393492864238
202605,1147052000,8.710896819910118
202605,1147053000,9.219869967730046
202605,1147054000,8.84839992035338
202605,1147055000,9.418675680388567
202605,1147056000,8.823754522071354
202605,1147057000,8.758773651252843
202605,1147058000,8.561199345911621
202605,1147059000,8.935390289489764
202605,1147060000,8.562367205249437
202605,1147061000,8.965079397133596
202605,1147061100,8.479256913163262
202605,1147062000,9.41118972344757
202605,1147063000,9.140985889399772
202605,1147064000,8.693261536683643
202605,1147065000,9.073175900014995
202605,1147067000,8.633450383728526
202605,1147068000,9.229042553643556
202605,1150051000,9.148482366049372
202605,1150052000,9.51403233065607
202605,1150053000,8.46113269144395
202605,1150053500,9.192689023685698
202605,1150054000,9.02124125465466
202605,1150055000,8.52208710171156
202605,1150056000,8.989156570866315
202605,1150057000,8.966750270592824
202605,1150059000,8.625567185882726
202605,1150059100,8.890690623183955
202605,1150059300,8.585720485171255
202605,1150060300,9.240126639341653
202605,1150060400,9.006528284318435
202605,1150060500,8.918800321515421
202605,1150061100,9.455651273302559
202605,1150061500,8.737663043727308
202605,1150062000,8.709155481591031
202605,1150063000,9.032102168453708
202605,1150064000,8.612892923358073
202605,1150064100,8.481475338075349
202605,1153051000,8.975698096734359
202605,1153052000,8.585539443194264
202605,1153053000,9.605340984119215
202605,1153054000,9.430075898093216
202605,1153055000,9.087062525599215
202605,1153056000,9.308267766489982
202605,1153059500,8.83928706619261
202605,1153072000,9.026260968351028
202605,1153073000,8.974871785616514
202605,1153074000,8.683230601514941
202605,1153075000,8.714194181567514
202605,1153076000,8.70142951059925
202605,1153077000,8.904196351378078
202605,1153078000,8.417043709212612
202605,1153079000,8.364333892473592
202605,1153080000,6.66860143256516
202605,1154551000,9.95787210964688
202605,1154561000,9.619655218799362
202605,1154562000,8.824933714255415
202605,1154563000,9.067972356702894
202605,1154564000,8.62850796109885
202605,1154567000,9.24110279759494
202605,1154568000,7.766616807798875
202605,1154569000,8.586205125699612
202605,1154570000,8.358685143989394
202605,1154571000,9.012942348580033
202605,1156051500,9.463774852078467
202605,1156053500,9.748756279796881
202605,1156054000,9.930309457625707
202605,1156055000,9.747506359725419
202605,1156056000,9.171468864493065
202605,1156058500,8.540041439813162
202605,1156060500,9.57879868953534
202605,1156061000,9.022167430293136
202605,1156062000,9.3352223772505
202605,1156063000,9.021121281860976
202605,1156065000,9.199698973071053
202605,1156066000,8.614927720449169
202605,1156067000,9.040975576604556
202605,1156068000,9.234129740105914
202605,1156069000,8.677584971174957
202605,1156070000,9.077478042400932
202605,1156071000,9.134739751278472
202605,1156072000,9.553857986651717
202605,1159051000,10.026721000441977
202605,1159052000,11.074026233616724
202605,1159053000,9.057314613943454
202605,1159054000,8.886438974960724
202605,1159055000,9.083441205974314
202605,1159056000,8.567455963759624
202605,1159060500,9.151653666183364
202605,1159062000,9.188310029391818
202605,1159063000,9.314900904635506
202605,1159064000,8.63403134585711
202605,1159065000,9.067194760934633
202605,1159065100,8.302770511832334
202605,1159066000,9.070540587195499
202605,1159067000,8.74503123021143
202605,1159068000,9.005481974097167
202605,1162052500,8.741250900474922
202605,1162054500,8.620293887738326
202605,1162056500,8.423829329966447
202605,1162057500,8.830702272916016
202605,1162058500,8.99298074933128
202605,1162059500,9.179375187709109
202605,1162060500,8.81175868089132
202605,1162061500,9.221739957240011
202605,1162062500,8.985799093650336
202605,1162063000,8.899630575442105
202605,1162064500,9.171899816153607
202605,1162065500,8.707401835630256
202605,1162066500,8.46577259014105
202605,1162068500,8.962605884308939
202605,1162069500,9.202965589296678
202605,1162071500,7.5668755399185486
202605,1162072500,9.310151700578318
202605,1162073500,8.504350816931183
202605,1162074500,8.399036528201533
202605,1162076500,8.627668782549343
202605,1162077500,8.62598032403744
202605,1165051000,9.34395474869373
202605,1165052000,9.729158681256175
202605,1165053000,9.472978259180792
202605,1165053100,9.963115563412877
202605,1165054000,9.409261767038233
202605,1165055000,8.749796014166362
202605,1165056000,9.432921365635544
202605,1165057000,9.25646284822549
202605,1165058000,10.009433759875623
202605,1165058100,9.483878937353817
202605,1165059000,9.390307208119179
202605,1165060000,9.667293420906306
202605,1165061000,9.418964034933381
202605,1165062000,9.193880405580193
202605,1165062100,9.323423244053522
202605,1165065100,9.233833982049337
202605,1165065200,9.421377200116186
202605,1165066000,8.39397255378316
202605,1168051000,10.245721547741452
202605,1168052100,9.913701673754616
202605,1168053100,9.737583255752114
202605,1168054500,10.273131113556008
202605,1168056500,10.054482438411606
202605,1168058000,9.89906151502161
202605,1168059000,9.428391806049728
202605,1168060000,9.887217199207349
202605,1168061000,9.916596183167798
202605,1168063000,9.88727090386895
202605,1168064000,9.938029457172856
202605,1168065000,9.374975947856433
202605,1168065500,9.423623299393771
202605,1168065600,9.598946670403697
202605,1168066000,7.126568571136794
202605,1168067000,9.100415366223496
202605,1168069000,9.297090208882722
202605,1168070000,8.90917405771384
202605,1168072000,8.740255664139555
202605,1168073000,9.268363973428254
202605,1168075000,9.663874018321575
202605,1171051000,8.796091241878747
202605,1171052000,8.64187317097236
202605,1171053100,8.97976776542221
202605,1171053200,8.91733088976148
202605,1171054000,9.483257853756177
202605,1171055000,9.193741512267795
202605,1171056100,9.312926729209101
202605,1171056200,9.436069062550768
202605,1171056600,8.512683707852664
202605,1171057000,9.083090000160459
202605,1171058000,9.219522383840115
202605,1171059000,9.086109097484071
202605,1171060000,9.33317503365314
202605,1171061000,9.145521819052574
202605,1171062000,9.163122267818059
202605,1171063100,10.473826025228405
202605,1171063200,9.234891570088601
202605,1171064100,9.028838953737706
202605,1171064200,9.566636903341772
202605,1171064600,9.010554798155715
202605,1171064700,7.973355737613802
202605,1171065000,9.66832023624741
202605,1171067000,9.498970566682056
202605,1171068000,9.626550727779406
202605,1171069000,9.11604331809411
202605,1171071000,10.121612443609116
202605,1171072000,9.043289435986589
202605,1174051500,8.465096427333455
202605,1174052500,8.287736540375384
202605,1174052600,8.596534728166029
202605,1174053000,9.288458964996952
202605,1174054000,9.76634454059957
202605,1174055000,8.519094903317548
202605,1174056000,8.992016812762609
202605,1174057000,8.810345891484753
202605,1174058000,9.095025932359162
202605,1174059000,8.87460918228335
202605,1174060000,8.846140934560294
202605,1174061000,9.36976757344714
202605,1174062000,8.917016865300631
202605,1174064000,9.172840236528554
202605,1174065000,9.31482088393187
202605,1174066000,9.217670624157059
202605,1174068500,9.08091052572675
202605,1174069000,8.796717641034304
202605,1174070000,8.790960822009515
