기준_년분기_코드,행정동코드,당월_매출_금액,당월_매출_건수
20191,1111051500,15568061933,764545
20191,1111053000,61451914402,2882370
20191,1111054000,20434470250,884064
20191,1111055000,2735694097,157285
20191,1111056000,8286122649,412735
20191,1111057000,1728320581,49149
20191,1111058000,3792669784,237557
20191,1111060000,10903249749,739529
20191,1111061500,422206480038,9452363
20191,1111063000,79519001286,1993545
20191,1111064000,27844472641,2199712
20191,1111065000,44648580318,2401725
20191,1111067000,81364279788,2191330
20191,1111068000,8430066808,379278
20191,1111069000,377339820,43470
20191,1111070000,3638404690,339575
20191,1111071000,22457294034,1248509
20191,1114052000,70726980643,2821990
20191,1114054000,157060725783,3841815
20191,1114055000,217593640767,9227363
20191,1114057000,26803924172,1396929
20191,1114058000,18543736088,461543
20191,1114059000,125689117355,3547490
20191,1114060500,201714182465,4951264
20191,1114061500,61045815454,1599889
20191,1114062500,27358818417,1490708
20191,1114063500,29189437749,1240433
20191,1114064500,12440468962,370932
20191,1114065000,16001653569,791914
20191,1114066500,10257269280,597302
20191,1114067000,34370261771,990423
20191,1114068000,25298708740,875471
20191,1117051000,14502551794,742542
20191,1117052000,8760391020,399835
20191,1117053000,38769767956,1781487
20191,1117055500,29421968556,1461644
20191,1117056000,215818167408,1549553
20191,1117057000,210112270102,701862
20191,1117058000,8620753103,496397
20191,1117059000,12178983677,471100
20191,1117062500,1015423652233,5075327
20191,1117063000,27830997967,1061975
20191,1117064000,3107081006,209876
20191,1117065000,73901538531,3140383
20191,1117066000,10059900517,387499
20191,1117068500,57251441396,2071685
20191,1117069000,6423218750,74158
20191,1117070000,16594418153,877977
20191,1120052000,8026715140,619364
20191,1120053500,28246215876,1130339
20191,1120054000,17922946290,805987
20191,1120055000,33092771447,3128249
20191,1120056000,32304030901,1432222
20191,1120057000,11280627374,620597
20191,1120058000,1237977485,41474
20191,1120059000,5612484982,163998
20191,1120061500,14978101396,718565
20191,1120062000,7386824867,381893
20191,1120064500,12932521609,941498
20191,1120065000,18869119000,878205
20191,1120066000,35103262541,1262348
20191,1120067000,72528907339,8874509
20191,1120069000,83494655404,3836609
20191,1120072000,4214476061,308617
20191,1120079000,24416720106,1184255
20191,1121571000,78730001448,4852192
20191,1121573000,32968677720,1835621
20191,1121574000,30706040311,1103763
20191,1121575000,29957993722,1356023
20191,1121576000,12240984454,762667
20191,1121577000,26549406195,1127333
20191,1121578000,19199398348,694904
20191,1121581000,23542060153,1111910
20191,1121582000,26591783505,1372554
20191,1121583000,12306742477,746753
20191,1121584000,45383844129,2477547
20191,1121584700,36940035334,1698626
20191,1121585000,43212116598,1814764
20191,1121586000,20740106601,992132
20191,1121587000,148544963413,3444811
20191,1123053600,65646900892,2839672
20191,1123054500,320804264395,5850570
20191,1123056000,25886974532,1422492
20191,1123057000,11057186097,1005336
20191,1123060000,19969298026,677018
20191,1123061000,19016043438,768963
20191,1123065000,97656705187,2569478
20191,1123066000,60995281953,2350559
20191,1123070500,28718650436,1212481
20191,1123071000,23302116609,1728760
20191,1123072000,16624407740,919611
20191,1123073000,11826733219,598618
20191,1123074000,22519378288,2100604
20191,1123075000,6020644228,403328
20191,1126052000,13908836812,671300
20191,1126054000,9862694961,473018
20191,1126055000,8752718926,317584
20191,1126056500,40145578417,2118136
20191,1126057000,29247111347,1642123
20191,1126057500,25287671577,1474835
20191,1126058000,52738725693,1395744
20191,1126059000,48219014696,2363877
20191,1126060000,7522082981,327810
20191,1126061000,30201976953,1226130
20191,1126062000,24913287069,1196492
20191,1126063000,21824172276,1238924
20191,1126065500,45123392490,1926126
20191,1126066000,9535089716,498304
20191,1126068000,40703560273,1462158
20191,1126069000,21685266966,1132118
20191,1129052500,16414850811,584436
20191,1129055500,38782110507,2095770
20191,1129057500,49214292992,2426510
20191,1129058000,4128322804,196476
20191,1129059000,4385944849,317536
20191,1129060000,29966770061,2518239
20191,1129061000,11498515804,674047
20191,1129062000,7288841228,495340
20191,1129063000,9488545218,552127
20191,1129064000,6752753806,422779
20191,1129065000,14322126437,724280
20191,1129066000,9384121477,400394
20191,1129068500,18232167892,550602
20191,1129070500,29000853402,1431611
20191,1129071500,11090025184,546671
20191,1129072500,19156850327,1243836
20191,1129076000,6591021460,361735
20191,1129077000,9701209535,400586
20191,1129078000,5433872318,243563
20191,1129081000,23584657986,1015272
20191,1130553400,12899198264,735056
20191,1130553500,30927222290,1658036
20191,1130554500,62290245534,1996042
20191,1130555500,28187672728,1340963
20191,1130557500,7664118962,363851
20191,1130559500,51294274645,1928441
20191,1130560300,4012845659,218631
20191,1130560800,9821314806,527387
20191,1130561500,27158428832,1149591
20191,1130562500,17209730113,901410
20191,1130563500,57690776901,2494917
20191,1130564500,13578003387,609667
20191,1130566000,13431354541,804078
20191,1132051100,23133026221,1576682
20191,1132051200,14696356208,811748
20191,1132051300,10418351301,435256
20191,1132051400,21880135036,1206032
20191,1132051500,34359006360,1739945
20191,1132052100,38728873291,1314407
20191,1132052200,9868584850,497056
20191,1132066000,9910432629,698506
20191,1132067000,21673100557,1337456
20191,1132068000,16119625068,834722
20191,1132068100,7742069039,497081
20191,1132069000,38235638224,1599472
20191,1132070000,34088064712,952843
20191,1132071000,9847503237,610389
20191,1135056000,19096029889,1185921
20191,1135057000,6116153960,364108
20191,1135058000,5034774631,352867
20191,1135059500,42805217442,1860144
20191,1135060000,25944125570,2019077
20191,1135061100,55403781937,2227635
20191,1135061200,3993140191,224663
20191,1135061900,31302430754,1265770
20191,1135062100,8723461389,383337
20191,1135062400,25543582065,1046003
20191,1135062500,120467531162,3920530
20191,1135063000,33069997698,1781388
20191,1135064000,72545899625,3060643
20191,1135066500,8075443164,487496
20191,1135067000,14179966747,834151
20191,1135069500,69739777067,3073096
20191,1135070000,10517453861,557710
20191,1135071000,12327443422,638359
20191,1135072000,3462211282,146428
20191,1138051000,24480976949,1011469
20191,1138052000,34485522135,1466338
20191,1138053000,20264060955,1043620
20191,1138055100,32462875724,2049366
20191,1138055200,40825208857,2157785
20191,1138056000,9866891914,578431
20191,1138057000,50823077605,2239944
20191,1138058000,35428958628,1558814
20191,1138059000,6901946652,465408
20191,1138060000,33118939170,1408836
20191,1138062500,28646143992,1617355
20191,1138063100,15933514110,909244
20191,1138063200,7791645310,434088
20191,1138064000,9523821109,529963
20191,1138065000,3619509313,143315
20191,1138069000,15215500316,433500
20191,1141052000,12954446868,532581
20191,1141055500,11302077899,435682
20191,1141056500,22163138056,1391699
20191,1141058500,116828300866,6415870
20191,1141061500,49154700699,1670576
20191,1141062000,11716622973,646412
20191,1141064000,27556013578,1366529
20191,1141065500,5145898468,263983
20191,1141066000,9121808212,295644
20191,1141068500,14941265831,883640
20191,1141069000,7893546173,321026
20191,1141070000,16981266448,1034252
20191,1141071000,2890235523,179280
20191,1141072000,27272715222,1249516
20191,1144055500,20928343164,947237
20191,1144056500,32816844380,1349060
20191,1144058500,32798095791,1344152
20191,1144059000,51163448159,1855831
20191,1144060000,33878619969,1942237
20191,1144061000,10349666751,496547
20191,1144063000,16643414710,792421
20191,1144065500,29538547703,1764400
20191,1144066000,269865867712,12330246
20191,1144068000,51718857714,2723340
20191,1144069000,31485840364,1929273
20191,1144070000,19809564451,1053893
20191,1144071000,29765404103,1460835
20191,1144072000,31011371234,1054451
20191,1144073000,34187105165,1963996
20191,1144074000,61210076540,3749222
20191,1147051000,57451735161,2206533
20191,1147052000,21431417799,1149835
20191,1147053000,25202869619,1345101
20191,1147054000,23943541223,937433
20191,1147055000,32994208695,1108661
20191,1147056000,19047964773,944390
20191,1147057000,15886973843,731974
20191,1147058000,4784129736,293464
20191,1147059000,11827865654,625580
20191,1147060000,6214438863,320931
20191,1147061000,8629899078,399594
20191,1147061100,11586885271,648130
20191,1147062000,25140461349,982365
20191,1147063000,21228303377,661243
20191,1147064000,24013113009,1383971
20191,1147065000,67702300838,2465171
20191,1147067000,7050747133,168153
20191,1147068000,17662814431,717228
20191,1150051000,40273869019,2064742
20191,1150052000,56711779796,1613932
20191,1150053000,6286432408,388443
20191,1150053500,46232980415,1938238
20191,1150054000,57628606266,3461397
20191,1150055000,10890598744,421882
20191,1150056000,21925899481,1013989
20191,1150057000,26886033319,1209490
20191,1150059000,27504730517,1399330
20191,1150059100,30765655752,1563362
20191,1150059300,20612820997,1194190
20191,1150060300,75721961021,3262607
20191,1150060400,19988520829,1417021
20191,1150060500,6221531512,261961
20191,1150061100,128890796685,3422612
20191,1150061500,23422026543,1196602
20191,1150062000,25910132842,1217317
20191,1150063000,37085564416,1816573
20191,1150064000,18729612478,886113
20191,1150064100,7963643703,552569
20191,1153051000,29809053161,1657199
20191,1153052000,10214580952,571397
20191,1153053000,140013202194,2105952
20191,1153054000,97750460027,5247307
20191,1153055000,35873514502,1822745
20191,1153056000,59954936394,2647789
20191,1153059500,12892038905,774112
20191,1153072000,41319479393,1429214
20191,1153073000,19618146007,1176234
20191,1153074000,20650935391,1033816
20191,1153075000,17958087026,1110927
20191,1153076000,14030830695,697196
20191,1153077000,27784087767,1916990
20191,1153078000,16298699520,881993
20191,1153079000,7885472903,515796
20191,1154551000,705163041186,16432714
20191,1154561000,231876698879,3015903
20191,1154562000,14770488965,772703
20191,1154563000,29006343384,1345769
20191,1154564000,13952455793,901077
20191,1154567000,57843421958,2511664
20191,1154568000,3039838859,110476
20191,1154569000,8339229376,406270
20191,1154570000,9072696382,508730
20191,1154571000,18362670876,1128272
20191,1156051500,34166049788,2594409
20191,1156053500,236040518345,7379083
20191,1156054000,219356057766,8235814
20191,1156055000,103699268780,3362890
20191,1156056000,39197996316,2563689
20191,1156058500,12326804716,683871
20191,1156060500,86434523524,3261113
20191,1156061000,20892936466,988601
20191,1156062000,37134133343,973131
20191,1156063000,27311601164,1009583
20191,1156065000,9809295812,578162
20191,1156066000,2800530519,111797
20191,1156067000,5117743084,188614
20191,1156068000,25094290810,1243910
20191,1156069000,6160433877,468625
20191,1156070000,19612375369,1070939
20191,1156071000,25676359087,989099
20191,1156072000,96516196276,1841940
20191,1159051000,253925460885,7311501
20191,1159052000,372979878998,6082812
20191,1159053000,48355442875,2696631
20191,1159054000,19272809371,995523
20191,1159055000,25349820931,1087593
20191,1159056000,19533907567,1219012
20191,1159060500,41414385073,2608518
20191,1159062000,46202881997,1956874
20191,1159063000,52628931404,2309077
20191,1159064000,7663967700,362126
20191,1159065000,18376684277,680817
20191,1159065100,4219796412,302410
20191,1159066000,36792753241,1712238
20191,1159067000,14539071382,822515
20191,1159068000,27589323377,1588320
20191,1162052500,18431194442,1140773
20191,1162054500,3439007146,157911
20191,1162056500,7987623061,541042
20191,1162057500,30754184280,1670290
20191,1162058500,33053671076,1466855
20191,1162059500,111929634686,4073973
20191,1162060500,34093374932,1365550
20191,1162061500,30591815823,1644955
20191,1162062500,26056102492,1468822
20191,1162063000,19951786366,1018498
20191,1162064500,47390740902,3007461
20191,1162065500,10450903803,703084
20191,1162066500,12741377717,962320
20191,1162068500,25292575947,1461336
20191,1162069500,49804991017,2652203
20191,1162071500,3266666074,233171
20191,1162072500,34176272135,1575927
20191,1162073500,25033483538,2339885
20191,1162074500,7785609116,356893
20191,1162076500,19765654586,886931
20191,1162077500,10002530272,748205
20191,1165051000,60812520867,2780840
20191,1165052000,91257052478,3740370
20191,1165053000,138030095989,5175584
20191,1165053100,149266107127,4668628
20191,1165054000,51354896110,1896858
20191,1165055000,2534022969,45307
20191,1165056000,53204834344,2053243
20191,1165057000,13531507277,512579
20191,1165058000,64346175545,1805687
20191,1165058100,69613199346,2035196
20191,1165059000,38266853038,1516080
20191,1165060000,52524649452,2196386
20191,1165061000,37312681853,1037523
20191,1165062000,21619564828,479106
20191,1165062100,48857154630,1675840
20191,1165065100,80192545247,3148893
20191,1165065200,114059711717,5514954
20191,1165066000,6655127945,132408
20191,1168051000,248368193211,5355001
20191,1168052100,237747687291,5533690
20191,1168053100,134096186198,4759338
20191,1168054500,220976842410,3289994
20191,1168056500,215016968346,3186535
20191,1168058000,347225172549,7909179
20191,1168059000,90356951467,2688755
20191,1168060000,73896102315,2066601
20191,1168061000,94239217482,2953373
20191,1168063000,124538433030,4861373
20191,1168064000,432570208654,16877400
20191,1168065000,81924014806,3932929
20191,1168065500,53726326235,1698563
20191,1168065600,44676431520,1776449
20191,1168066000,130378290,1858
20191,1168067000,14300149126,688616
20191,1168069000,44787782279,1686852
20191,1168070000,20633619693,891430
20191,1168072000,10683707233,1627005
20191,1168073000,20969377661,1128077
20191,1168074000,2525860305,256659
20191,1168075000,42436274481,2982211
20191,1171051000,9214487000,499433
20191,1171052000,19642435103,780364
20191,1171053100,10221273785,448221
20191,1171053200,18121426209,1006701
20191,1171054000,12617655208,572352
20191,1171055000,22744482839,1121198
20191,1171056100,32593063172,1042871
20191,1171056200,72615693476,3090511
20191,1171056600,2860128611,227482
20191,1171057000,59704761554,1520919
20191,1171058000,47169032806,1618365
20191,1171059000,19197374238,715491
20191,1171060000,58367566586,2793309
20191,1171061000,55883035730,2184058
20191,1171062000,64315007567,2340167
20191,1171063100,325366630306,5912480
20191,1171063200,41109304621,1585828
20191,1171064100,19200667589,855488
20191,1171064200,98165253964,3769092
20191,1171064600,21610264605,966876
20191,1171064700,2189854922,170668
20191,1171065000,103919160841,4357933
20191,1171067000,31037673632,1428542
20191,1171068000,28731339826,1620099
20191,1171069000,6699082893,387170
20191,1171071000,80895920633,3560391
20191,1171072000,3378647610,114321
20191,1174051500,8628606423,471104
20191,1174052000,8651786058,481035
20191,1174053000,40334512243,2115611
20191,1174054000,36458017317,1826298
20191,1174055000,5402328689,273250
20191,1174056000,7450717143,410144
20191,1174057000,24431510848,1377032
20191,1174058000,15738150317,817676
20191,1174059000,11134426186,713629
20191,1174060000,18245957786,895831
20191,1174061000,108990413192,4001892
20191,1174062000,27187647479,1182520
20191,1174064000,33084324915,1228150
20191,1174065000,30495737044,1308369
20191,1174066000,53765021607,1970361
20191,1174068500,67976192635,2845928
20191,1174070000,17003912435,787566
20192,1111051500,16874853653,875427
20192,1111053000,66592862707,3285434
20192,1111054000,24183509046,1113511
20192,1111055000,3758513943,233809
20192,1111056000,9794588122,492503
20192,1111057000,3803366337,410243
20192,1111058000,3977825944,274215
20192,1111060000,13986937357,864559
20192,1111061500,435567614129,10381865
20192,1111063000,84935921838,2286156
20192,1111064000,30215950567,2727681
20192,1111065000,45027253896,2677265
20192,1111067000,77471535794,2325187
20192,1111068000,8991359283,418737
20192,1111069000,415081609,46990
20192,1111070000,4077625454,388837
20192,1111071000,22723508693,1443627
20192,1114052000,77895290955,3383848
20192,1114054000,175785187795,4484799
20192,1114055000,225122751545,10220140
20192,1114057000,29401995502,1737710
20192,1114058000,17942394600,561076
20192,1114059000,120666365649,3792225
20192,1114060500,250313347749,5458961
20192,1114061500,64624152921,1977819
20192,1114062500,30437070419,1565979
20192,1114063500,30672925237,1319741
20192,1114064500,13614579243,435036
20192,1114065000,16797298889,876198
20192,1114066500,14750678697,749362
20192,1114067000,43531785678,1128052
20192,1114068000,34540401271,960581
20192,1117051000,18208119407,892533
20192,1117052000,9587990500,480007
20192,1117053000,43071378054,2057550
20192,1117055500,30055874300,1866530
20192,1117056000,184015133421,1615830
20192,1117057000,159302002372,691823
20192,1117058000,9004240134,554366
20192,1117059000,13327781200,524073
20192,1117062500,818612611609,4742425
20192,1117063000,30044948536,1239989
20192,1117064000,4340734222,247394
20192,1117065000,75861067108,3446493
20192,1117066000,11554907183,460770
20192,1117068500,67091820905,2442939
20192,1117069000,5582542004,88083
20192,1117070000,17797619534,976373
20192,1120052000,8246599389,646224
20192,1120053500,27995045134,1277010
20192,1120054000,17596030022,912178
20192,1120055000,37411419968,3909826
20192,1120056000,34852172245,1602290
20192,1120057000,11536717462,695309
20192,1120058000,1432057359,50198
20192,1120059000,5482564664,180280
20192,1120061500,16271799900,844560
20192,1120062000,7950542798,446683
20192,1120064500,13452480354,1035488
20192,1120065000,20034461070,1124673
20192,1120066000,39490097503,1544339
20192,1120067000,60838975597,15528215
20192,1120069000,88438186661,4076915
20192,1120072000,4718554982,361411
20192,1120079000,27001834014,1428561
20192,1121571000,83771225145,5857326
20192,1121573000,38197021923,2169364
20192,1121574000,31487722610,1199757
20192,1121575000,32743418725,1551180
20192,1121576000,13015639372,805413
20192,1121577000,27001258063,1294165
20192,1121578000,21765645300,892269
20192,1121581000,24514804475,1326153
20192,1121582000,28904920474,1668236
20192,1121583000,14148210877,854062
20192,1121584000,49665884320,2802769
20192,1121584700,39067004983,1945446
20192,1121585000,41934399357,2089780
20192,1121586000,22120911109,1170264
20192,1121587000,132958126278,3589429
20192,1123053600,77568767903,3252105
20192,1123054500,280990928643,6227509
20192,1123056000,27240803975,1644856
20192,1123057000,12177981804,1363498
20192,1123060000,21797538953,773462
20192,1123061000,21997366607,898240
20192,1123065000,100523464920,2915815
20192,1123066000,60478640155,2495089
20192,1123070500,31753121512,1354848
20192,1123071000,27578888927,2533496
20192,1123072000,17551909128,1039689
20192,1123073000,12371514218,734074
20192,1123074000,26834247000,2848317
20192,1123075000,6286006690,446661
20192,1126052000,16278370675,757711
20192,1126054000,9584746154,475532
20192,1126055000,9713407168,320297
20192,1126056500,41660340515,2301588
20192,1126057000,30390503694,1823041
20192,1126057500,26376658150,1700045
20192,1126058000,52378526368,1462384
20192,1126059000,50493979456,2607406
20192,1126060000,7880317476,385456
20192,1126061000,35923057891,1395075
20192,1126062000,28407601632,1355049
20192,1126063000,23195771433,1348191
20192,1126065500,48750701992,2159737
20192,1126066000,10605940915,560063
20192,1126068000,43423400814,1594172
20192,1126069000,21188278320,1247764
20192,1129052500,17358568950,735060
20192,1129055500,41782867368,2419041
20192,1129057500,51784924939,3088348
20192,1129058000,4451378339,209807
20192,1129059000,4984339049,371988
20192,1129060000,34541398379,3321048
20192,1129061000,12021462013,763371
20192,1129062000,8663618825,587421
20192,1129063000,9378372516,628878
20192,1129064000,8335775384,562645
20192,1129065000,16189751371,885042
20192,1129066000,9179545175,429826
20192,1129068500,18712112174,633810
20192,1129070500,32288431577,1658333
20192,1129071500,12065781591,624001
20192,1129072500,21492549254,1568265
20192,1129076000,6769425027,428341
20192,1129077000,9985184396,437818
20192,1129078000,5400090180,272117
20192,1129081000,25850349175,1295571
20192,1130553400,13122744090,800912
20192,1130553500,34574591179,1901971
20192,1130554500,67226722470,2254405
20192,1130555500,31568872096,1506766
20192,1130557500,8475369498,455897
20192,1130559500,54023224952,2186170
20192,1130560300,5266289882,256662
20192,1130560800,11347462459,619698
20192,1130561500,28687457346,1289841
20192,1130562500,18701509718,1015267
20192,1130563500,63176874268,2696527
20192,1130564500,17615927176,786473
20192,1130566000,15081124731,925528
20192,1132051100,25156315874,1798529
20192,1132051200,15145623711,873310
20192,1132051300,10724276786,460348
20192,1132051400,23633074042,1371777
20192,1132051500,36168499952,1938370
20192,1132052100,40750123338,1570178
20192,1132052200,10539161768,560154
20192,1132066000,11194202328,897805
20192,1132067000,21686480200,1472843
20192,1132068000,16510636858,904438
20192,1132068100,9109459565,657859
20192,1132069000,39269052181,1703691
20192,1132070000,30266706497,1050555
20192,1132071000,10877027628,722940
20192,1135056000,21015335473,1561815
20192,1135057000,5878766058,445195
20192,1135058000,5027241522,373631
20192,1135059500,47024233086,2098571
20192,1135060000,29161561832,2590797
20192,1135061100,56838481416,2531379
20192,1135061200,4321633612,247770
20192,1135061900,30763579011,1391489
20192,1135062100,8677251202,434565
20192,1135062400,26585356118,1182771
20192,1135062500,122750781727,4404352
20192,1135063000,35390414738,1979231
20192,1135064000,81875834687,4038973
20192,1135066500,8801174635,536955
20192,1135067000,15207824131,904083
20192,1135069500,69292492264,3142219
20192,1135070000,10991726112,645874
20192,1135071000,13048539983,802418
20192,1135072000,3356810929,196860
20192,1138051000,26842474374,1114347
20192,1138052000,37288810381,1617136
20192,1138053000,21696318901,1111173
20192,1138055100,33206974082,2108790
20192,1138055200,43630926921,2377505
20192,1138056000,9927732723,693120
20192,1138057000,53037313584,2477537
20192,1138058000,36563368043,1679737
20192,1138059000,7618288606,542220
20192,1138060000,35965657058,1622979
20192,1138062500,29841026200,1803415
20192,1138063100,16957448890,1030286
20192,1138063200,7798775601,483301
20192,1138064000,10253667388,568813
20192,1138065000,3204520862,147580
20192,1138069000,19311343148,633522
20192,1141052000,13682649763,624720
20192,1141055500,11619892111,493851
20192,1141056500,23255026622,1696435
20192,1141058500,125431296790,7906232
20192,1141061500,51560619688,1933205
20192,1141062000,12753666867,747726
20192,1141064000,27309609673,1571120
20192,1141065500,5305393530,297421
20192,1141066000,10860939815,385848
20192,1141068500,16400211684,1165594
20192,1141069000,8152123582,375244
20192,1141070000,20093070808,1293954
20192,1141071000,3025726033,213597
20192,1141072000,32096729762,1501413
20192,1144055500,22807350217,1050067
20192,1144056500,34127680160,1486517
20192,1144058500,36416033745,1519913
20192,1144059000,55668869298,2163916
20192,1144060000,36803349063,2337458
20192,1144061000,12192308607,636072
20192,1144063000,19667950074,1015700
20192,1144065500,35060333182,2456867
20192,1144066000,291646916128,13686768
20192,1144068000,56089857571,2964556
20192,1144069000,33652736712,2263681
20192,1144070000,19880522024,1138484
20192,1144071000,30889385723,1577392
20192,1144072000,32689581698,1199031
20192,1144073000,33293604091,2214412
20192,1144074000,65512662778,4262551
20192,1147051000,63557682157,2400213
20192,1147052000,22796534379,1315414
20192,1147053000,29196828509,1465806
20192,1147054000,24582700577,994622
20192,1147055000,34405348804,1372261
20192,1147056000,21079021066,1088429
20192,1147057000,16894632548,797418
20192,1147058000,5759893179,347922
20192,1147059000,12159139827,688376
20192,1147060000,7253761455,386451
20192,1147061000,9037383398,443043
20192,1147061100,13627275236,815111
20192,1147062000,26130750557,1114352
20192,1147063000,23543223843,770100
20192,1147064000,25526515833,1568884
20192,1147065000,68554369537,2701149
20192,1147067000,6659846057,164203
20192,1147068000,18668167211,831650
20192,1150051000,47656252139,2273074
20192,1150052000,58620607804,2091429
20192,1150053000,7235382968,419706
20192,1150053500,48182213288,2165104
20192,1150054000,68560362841,3858706
20192,1150055000,11419068781,561068
20192,1150056000,23264764646,1148746
20192,1150057000,27356768736,1354525
20192,1150059000,26901605100,1463736
20192,1150059100,33025798851,1722753
20192,1150059300,21781084074,1312481
20192,1150060300,77850382227,3683309
20192,1150060400,24010930646,1590884
20192,1150060500,5668846654,304106
20192,1150061100,115510560735,3511518
20192,1150061500,24936962644,1398424
20192,1150062000,26697841836,1454272
20192,1150063000,40234674911,2023044
20192,1150064000,20472277202,1020875
20192,1150064100,8905811845,616259
20192,1153051000,29613545404,1815218
20192,1153052000,10656401721,604934
20192,1153053000,148996688925,2344461
20192,1153054000,106929305507,5711098
20192,1153055000,36775074862,2020901
20192,1153056000,63561599618,2990663
20192,1153059500,14704046801,938464
20192,1153072000,44548307204,1614247
20192,1153073000,20817209983,1324023
20192,1153074000,22652116364,1174095
20192,1153075000,18918532207,1208340
20192,1153076000,14733749428,731161
20192,1153077000,30221005637,2147827
20192,1153078000,17085568756,981589
20192,1153079000,9268274378,667359
20192,1154551000,717136417887,18801968
20192,1154561000,180277708781,2731096
20192,1154562000,14328240659,812235
20192,1154563000,31145449119,1486854
20192,1154564000,14973345487,990490
20192,1154567000,62068312241,2771003
20192,1154568000,4449375196,119003
20192,1154569000,9171465806,441641
20192,1154570000,10404277066,581187
20192,1154571000,19852352122,1278321
20192,1156051500,35215697695,2726606
20192,1156053500,209827487839,7725164
20192,1156054000,241914899981,9523427
20192,1156055000,94436626570,3674946
20192,1156056000,42774724895,2904718
20192,1156058500,12357519033,744707
20192,1156060500,91018779584,3771668
20192,1156061000,25715119032,1189365
20192,1156062000,69982341565,1156702
20192,1156063000,28862772961,1159264
20192,1156065000,11092788850,690279
20192,1156066000,2497285354,127605
20192,1156067000,6041791183,210564
20192,1156068000,26134380609,1384224
20192,1156069000,6125951456,497212
20192,1156070000,21280426234,1192422
20192,1156071000,27679466261,1136322
20192,1156072000,93648753527,2073018
20192,1159051000,209695692989,6793680
20192,1159052000,310243213176,5404282
20192,1159053000,49044828243,3438011
20192,1159054000,20941118519,1070685
20192,1159055000,25130016220,1156814
20192,1159056000,19938572660,1312384
20192,1159060500,46811910730,3337772
20192,1159062000,48329282200,2173814
20192,1159063000,55181600311,2563411
20192,1159064000,7509801816,394740
20192,1159065000,19966563174,739754
20192,1159065100,4068811903,335191
20192,1159066000,37513404979,1952055
20192,1159067000,15762021399,868698
20192,1159068000,29667913451,1816395
20192,1162052500,22409144401,1408726
20192,1162054500,3651502702,174205
20192,1162056500,7726546092,605899
20192,1162057500,32364831649,1851158
20192,1162058500,35838193121,1784415
20192,1162059500,121330031107,4769011
20192,1162060500,36483965558,1545532
20192,1162061500,30552910702,1825911
20192,1162062500,27136659026,1561163
20192,1162063000,21137298772,1134459
20192,1162064500,49164577340,3176880
20192,1162065500,11092689896,735053
20192,1162066500,13052662305,1066325
20192,1162068500,24761804688,1569731
20192,1162069500,53445660823,2959276
20192,1162071500,3599361998,256822
20192,1162072500,42653916496,1776336
20192,1162073500,26920664658,2728859
20192,1162074500,8139273982,388709
20192,1162076500,20176831858,968854
20192,1162077500,11009330331,837117
20192,1165051000,61160820957,3097502
20192,1165052000,93063286178,4119242
20192,1165053000,157320904492,5808161
20192,1165053100,141275233793,4731222
20192,1165054000,56766433808,2204552
20192,1165055000,3446649825,65208
20192,1165056000,53504027366,2305957
20192,1165057000,14993169959,625975
20192,1165058000,67698878414,2040669
20192,1165058100,72546005354,2235750
20192,1165059000,40869604815,1652172
20192,1165060000,61843370383,2506640
20192,1165061000,37732159590,1120932
20192,1165062000,21934089921,524464
20192,1165062100,49670560317,1918036
20192,1165065100,96153767803,3613640
20192,1165065200,116794702478,5598534
20192,1165066000,6550124822,180807
20192,1168051000,253610713178,6053399
20192,1168052100,224393972380,6032571
20192,1168053100,133597437262,5334400
20192,1168054500,239569425674,3795851
20192,1168056500,222881870191,3797917
20192,1168058000,364102081457,8640280
20192,1168059000,96425138258,3068452
20192,1168060000,71736151823,2192742
20192,1168061000,96969571904,3231265
20192,1168063000,122418910430,5133677
20192,1168064000,435486625248,18198280
20192,1168065000,86815519345,4564571
20192,1168065500,55237200117,1877194
20192,1168065600,48541898929,1979646
20192,1168066000,42359882,1568
20192,1168067000,15812008413,837041
20192,1168069000,42606772379,1885851
20192,1168070000,22497658724,1038470
20192,1168072000,11090543723,1700670
20192,1168073000,23674484289,1242772
20192,1168074000,2598785005,282661
20192,1168075000,45057243782,3198501
20192,1171051000,9743419241,533192
20192,1171052000,19820710187,839854
20192,1171053100,9433592419,492724
20192,1171053200,19484178494,1105614
20192,1171054000,13797143232,647085
20192,1171055000,24366629173,1212086
20192,1171056100,34641423523,1156093
20192,1171056200,82804095684,3637113
20192,1171056600,4442181004,445761
20192,1171057000,57503719840,1683387
20192,1171058000,58530499262,1873378
20192,1171059000,20332473600,847673
20192,1171060000,69227026867,4632196
20192,1171061000,49555681643,2490973
20192,1171062000,66715629389,2616496
20192,1171063100,331687800723,6701124
20192,1171063200,41980410838,1809170
20192,1171064100,21719620642,971185
20192,1171064200,107338546307,4415528
20192,1171064600,24896404269,1098972
20192,1171064700,2259352246,191817
20192,1171065000,109719795572,4989250
20192,1171067000,37209873859,2144165
20192,1171068000,29111941735,1667558
20192,1171069000,7341148987,457354
20192,1171071000,81876182492,3760800
20192,1171072000,3509203005,153459
20192,1174051500,9007226715,497401
20192,1174052000,11209655784,554955
20192,1174053000,41255312103,2314857
20192,1174054000,35499385335,1929788
20192,1174055000,5818031507,364518
20192,1174056000,8476254452,497512
20192,1174057000,26242087624,1490760
20192,1174058000,17357472236,907032
20192,1174059000,11847146093,807648
20192,1174060000,21294858011,968026
20192,1174061000,114062465668,4412626
20192,1174062000,29403299298,1266263
20192,1174064000,35817282600,1387035
20192,1174065000,27635665948,1405032
20192,1174066000,57070723691,2225996
20192,1174068500,71718406580,3242039
20192,1174070000,19461344740,913732
20193,1111051500,16424404096,852035
20193,1111053000,65235984792,3346897
20193,1111054000,22757639560,1049180
20193,1111055000,3560263748,188657
20193,1111056000,9683547425,451825
20193,1111057000,3725364419,414640
20193,1111058000,4183047948,279272
20193,1111060000,13381119092,815848
20193,1111061500,416987626157,10912279
20193,1111063000,82152802997,2208081
20193,1111064000,31531817080,2879486
20193,1111065000,45816083942,2802008
20193,1111067000,72435437228,2118115
20193,1111068000,9039457282,442192
20193,1111069000,343473677,47578
20193,1111070000,3856319510,385628
20193,1111071000,24701851378,1543262
20193,1114052000,74176191840,3566750
20193,1114054000,158725586088,4304102
20193,1114055000,220911666808,10302191
20193,1114057000,26908477048,1573577
20193,1114058000,16083438138,506839
20193,1114059000,130929058308,4054129
20193,1114060500,238925387253,5222235
20193,1114061500,59032401177,1963494
20193,1114062500,29909783443,1554992
20193,1114063500,30723988822,1308828
20193,1114064500,13471039737,431290
20193,1114065000,16503514939,903011
20193,1114066500,17699553556,845704
20193,1114067000,41610490858,1168791
20193,1114068000,27561744534,967678
20193,1117051000,15886028830,884060
20193,1117052000,9981052733,477872
20193,1117053000,42760725007,2163797
20193,1117055500,27920165390,1580760
20193,1117056000,194555656637,1707303
20193,1117057000,147127815022,729989
20193,1117058000,8948394914,546646
20193,1117059000,12987613510,533695
20193,1117062500,824099758248,4923028
20193,1117063000,30123193984,1234476
20193,1117064000,4854462374,276294
20193,1117065000,79441133343,3652304
20193,1117066000,10778830966,448792
20193,1117068500,68397615622,2595543
20193,1117069000,5503670315,81064
20193,1117070000,17570228522,953094
20193,1120052000,8271341326,686049
20193,1120053500,27127356150,1283501
20193,1120054000,17967469305,954236
20193,1120055000,33269062095,3246858
20193,1120056000,32753400029,1571789
20193,1120057000,12243341625,705435
20193,1120058000,1536778977,44398
20193,1120059000,4275373068,159893
20193,1120061500,15732867301,873471
20193,1120062000,7834176871,435934
20193,1120064500,14337769625,1041826
20193,1120065000,19556681951,1042490
20193,1120066000,40053479265,1624262
20193,1120067000,58475529975,13489078
20193,1120069000,91624950733,4299447
20193,1120072000,4502195363,357916
20193,1120079000,27044124951,1514470
20193,1121571000,81566807848,5553687
20193,1121573000,38524180065,2059675
20193,1121574000,34188609389,1228232
20193,1121575000,38882455254,1599011
20193,1121576000,13435840547,827154
20193,1121577000,26088963330,1350527
20193,1121578000,19509456360,818596
20193,1121581000,26145810227,1341128
20193,1121582000,29977378735,1698674
20193,1121583000,13909056133,853699
20193,1121584000,49381903774,2716564
20193,1121584700,39821669452,1883390
20193,1121585000,42023038699,2120884
20193,1121586000,19733247895,1127944
20193,1121587000,143398813468,3781609
20193,1123053600,76056055996,3238067
20193,1123054500,340896411853,6537733
20193,1123056000,26844545460,1633922
20193,1123057000,10978860310,1126704
20193,1123060000,20292585930,785134
20193,1123061000,20835802527,923680
20193,1123065000,99444813980,3009548
20193,1123066000,65894944330,2581878
20193,1123070500,30787108612,1333755
20193,1123071000,25106395833,2016204
20193,1123072000,18794559332,1064078
20193,1123073000,11941586300,677061
20193,1123074000,24281048412,2547746
20193,1123075000,6231646998,430496
20193,1126052000,15496974327,729288
20193,1126054000,8499989573,475473
20193,1126055000,10231032997,336671
20193,1126056500,42628840871,2331467
20193,1126057000,30808581730,1838013
20193,1126057500,26929142640,1740802
20193,1126058000,53307726616,1490580
20193,1126059000,53401084487,2816666
20193,1126060000,9959872270,513580
20193,1126061000,34158702235,1559012
20193,1126062000,27783227586,1401542
20193,1126063000,22009356253,1312534
20193,1126065500,50098556782,2224184
20193,1126066000,10823980012,569231
20193,1126068000,49581594991,1628661
20193,1126069000,20508906196,1185617
20193,1129052500,16322878493,723170
20193,1129055500,40909536756,2270572
20193,1129057500,50496775377,3160553
20193,1129058000,4581510287,215755
20193,1129059000,4466487504,286341
20193,1129060000,32645825886,2953076
20193,1129061000,12392165327,763385
20193,1129062000,7904435518,544884
20193,1129063000,9950452297,608662
20193,1129064000,7352534703,472102
20193,1129065000,17357502897,951089
20193,1129066000,8862745900,385445
20193,1129068500,17779615904,677592
20193,1129070500,30855658433,1586797
20193,1129071500,11190001064,597350
20193,1129072500,21488447132,1488985
20193,1129076000,8185096166,449941
20193,1129077000,9845175823,433595
20193,1129078000,5373127831,266616
20193,1129081000,27098505519,1399974
20193,1130553400,13118137185,813660
20193,1130553500,32892910733,1869090
20193,1130554500,67416430583,2324286
20193,1130555500,30920905505,1537233
20193,1130557500,8877246532,495799
20193,1130559500,55033242842,2242297
20193,1130560300,6976822756,250055
20193,1130560800,10947862930,613082
20193,1130561500,29614950048,1366404
20193,1130562500,18247354093,1063978
20193,1130563500,58256084370,2782925
20193,1130564500,18639731975,807839
20193,1130566000,16163563977,956911
20193,1132051100,25767753634,1833637
20193,1132051200,16551503549,935801
20193,1132051300,10687391206,460404
20193,1132051400,23337444227,1387596
20193,1132051500,38889494132,2204587
20193,1132052100,37206899898,1491871
20193,1132052200,11280926337,585404
20193,1132066000,11003945577,843642
20193,1132067000,22376164521,1453998
20193,1132068000,17603101197,1029059
20193,1132068100,8607495558,627952
20193,1132069000,40772812391,1793852
20193,1132070000,34671116518,1139046
20193,1132071000,11347589046,746814
20193,1135056000,20385453823,1452103
20193,1135057000,5752784462,395252
20193,1135058000,5333434593,367879
20193,1135059500,46180752574,2094914
20193,1135060000,29089592082,2374137
20193,1135061100,56987606190,2619843
20193,1135061200,4304496235,236367
20193,1135061900,33027156333,1455520
20193,1135062100,10044974176,432490
20193,1135062400,25624889904,1164891
20193,1135062500,124217159545,4544060
20193,1135063000,35809630258,2032534
20193,1135064000,82453983408,4454640
20193,1135066500,8786653440,523322
20193,1135067000,15516359704,929035
20193,1135069500,70019132671,3375667
20193,1135070000,10637313879,691209
20193,1135071000,13106415640,766516
20193,1135072000,3020477683,178535
20193,1138051000,25677819106,1167878
20193,1138052000,35900781255,1597694
20193,1138053000,21948645736,1156030
20193,1138055100,34293140470,2186642
20193,1138055200,44797267168,2392925
20193,1138056000,10258652893,731843
20193,1138057000,50912648244,2472446
20193,1138058000,37100080770,1696137
20193,1138059000,7077429044,521656
20193,1138060000,36092688499,1731357
20193,1138062500,31315044042,1901090
20193,1138063100,16687905065,1049253
20193,1138063200,7716755952,450734
20193,1138064000,10149226238,578904
20193,1138065000,3310756085,144038
20193,1138069000,19374802973,679089
20193,1141052000,12272836271,579894
20193,1141055500,10706705261,512239
20193,1141056500,23785706909,1683157
20193,1141058500,121240733784,7202899
20193,1141061500,53130732048,1903967
20193,1141062000,12459147630,708547
20193,1141064000,28355791548,1466857
20193,1141065500,5638614996,298107
20193,1141066000,11065965131,399827
20193,1141068500,15427225094,1011544
20193,1141069000,7366743884,342403
20193,1141070000,18193602411,1080856
20193,1141071000,2924709745,221284
20193,1141072000,30781666480,1500599
20193,1144055500,23123016668,1076760
20193,1144056500,33975199079,1450730
20193,1144058500,41542976788,1520778
20193,1144059000,51613559591,2101528
20193,1144060000,34956586378,2208468
20193,1144061000,12004956725,653622
20193,1144063000,16740295917,1006164
20193,1144065500,34253681096,2113523
20193,1144066000,290516041925,14233988
20193,1144068000,56842498091,3081442
20193,1144069000,34217742616,2267694
20193,1144070000,21348892186,1174243
20193,1144071000,32528317811,1776413
20193,1144072000,31972895164,1280967
20193,1144073000,33761706274,2242023
20193,1144074000,68243487151,4478410
20193,1147051000,60908448148,2505620
20193,1147052000,22201134968,1380195
20193,1147053000,30692901050,1468284
20193,1147054000,23435046464,1017986
20193,1147055000,37244015253,1463713
20193,1147056000,21559140773,1156771
20193,1147057000,16384353582,807361
20193,1147058000,5280859509,347037
20193,1147059000,11960341410,717413
20193,1147060000,7316535918,414478
20193,1147061000,8437626845,413510
20193,1147061100,13883203830,813449
20193,1147062000,27601144992,1125543
20193,1147063000,23714485418,764520
20193,1147064000,25278024083,1517187
20193,1147065000,66990880664,2843152
20193,1147067000,7010501277,168944
20193,1147068000,19449355484,909556
20193,1150051000,50037409972,2363151
20193,1150052000,54264910811,2318279
20193,1150053000,7955420734,437017
20193,1150053500,50205009218,2288641
20193,1150054000,61781587566,3891740
20193,1150055000,11642279238,561060
20193,1150056000,23954171809,1268583
20193,1150057000,28134955594,1438602
20193,1150059000,26923255783,1552756
20193,1150059100,34659159711,1883729
20193,1150059300,21363655861,1354840
20193,1150060300,81691554653,3899897
20193,1150060400,24490109558,1550737
20193,1150060500,6968841036,326452
20193,1150061100,126498968314,3653486
20193,1150061500,24312312960,1422177
20193,1150062000,29064953940,1565685
20193,1150063000,38112224193,2107046
20193,1150064000,20993478569,958077
20193,1150064100,8448121110,598463
20193,1153051000,31236259062,1810607
20193,1153052000,10447628076,588736
20193,1153053000,147273717414,2383172
20193,1153054000,133778339403,6179403
20193,1153055000,37779446386,2014190
20193,1153056000,66326091256,3111965
20193,1153059500,15765453195,954280
20193,1153072000,45329503377,1621529
20193,1153073000,20428253810,1285539
20193,1153074000,23818989862,1304035
20193,1153075000,19420740151,1207494
20193,1153076000,14547003155,719501
20193,1153077000,30146912817,2170916
20193,1153078000,17521772349,1023361
20193,1153079000,8765649167,697405
20193,1154551000,679876585959,19127687
20193,1154561000,229454599669,3108830
20193,1154562000,15605437878,860741
20193,1154563000,31592359460,1434320
20193,1154564000,15885445963,1038463
20193,1154567000,64289062819,2851616
20193,1154568000,3417542565,109010
20193,1154569000,9657758094,439008
20193,1154570000,9571499625,570667
20193,1154571000,20508036920,1345393
20193,1156051500,34355828119,2768782
20193,1156053500,243569570223,8286765
20193,1156054000,239978387491,9574242
20193,1156055000,98120925407,3887555
20193,1156056000,42296306741,2925371
20193,1156058500,12623089895,777068
20193,1156060500,93695054473,3963409
20193,1156061000,26634818095,1161695
20193,1156062000,72439216712,1238432
20193,1156063000,27741635620,1197879
20193,1156065000,10491571840,652982
20193,1156066000,2349026521,135047
20193,1156067000,5226204354,207731
20193,1156068000,26437550190,1387768
20193,1156069000,6660543637,518028
20193,1156070000,22145665579,1226174
20193,1156071000,28439262310,1158345
20193,1156072000,102019021811,2197933
20193,1159051000,202681585966,6891128
20193,1159052000,333476579821,5571953
20193,1159053000,47673925833,3086503
20193,1159054000,18369598486,1057343
20193,1159055000,26378528826,1182631
20193,1159056000,19476135516,1305827
20193,1159060500,45410872977,2975538
20193,1159062000,48812295975,2286004
20193,1159063000,57344412925,2651288
20193,1159064000,7625567346,408143
20193,1159065000,19590618337,739953
20193,1159065100,4089162051,322666
20193,1159066000,39731913796,1972651
20193,1159067000,16002665510,912955
20193,1159068000,29262337601,1852867
20193,1162052500,21233601367,1429208
20193,1162054500,3513551992,164524
20193,1162056500,7901817312,569325
20193,1162057500,33051250250,1864044
20193,1162058500,38379492862,1847730
20193,1162059500,113206290958,4812183
20193,1162060500,35041971634,1538461
20193,1162061500,33427554692,1876512
20193,1162062500,26512777593,1569258
20193,1162063000,21345706380,1184153
20193,1162064500,50207696237,3264762
20193,1162065500,11907065971,760216
20193,1162066500,13435869298,1097089
20193,1162068500,24329294349,1604354
20193,1162069500,52968214296,3064857
20193,1162071500,3623877339,261090
20193,1162072500,42046291972,1841238
20193,1162073500,25977762125,2666235
20193,1162074500,7986150106,385555
20193,1162076500,19964475573,982722
20193,1162077500,10858322794,808355
20193,1165051000,62979487223,3168211
20193,1165052000,94283354314,4357539
20193,1165053000,142201140370,6034040
20193,1165053100,147893701609,5172277
20193,1165054000,59750711102,2344765
20193,1165055000,3269080026,86170
20193,1165056000,56133234528,2257741
20193,1165057000,16992199906,676192
20193,1165058000,68478046297,2076387
20193,1165058100,72158282122,2235949
20193,1165059000,43269333845,1690008
20193,1165060000,58634294703,2418767
20193,1165061000,37698449780,1122688
20193,1165062000,22342362636,524238
20193,1165062100,51504796727,1960489
20193,1165065100,86862962458,3564734
20193,1165065200,115744782384,5759932
20193,1165066000,5501044698,184115
20193,1168051000,243225769311,6013493
20193,1168052100,232367224120,6373961
20193,1168053100,141797479054,5383449
20193,1168054500,260276786886,3982917
20193,1168056500,225081662785,3911643
20193,1168058000,357845278263,8696360
20193,1168059000,95026870543,3302453
20193,1168060000,81157859620,2397544
20193,1168061000,101892832145,3568379
20193,1168063000,134061858275,5854326
20193,1168064000,437701602831,19422493
20193,1168065000,82259205352,4693620
20193,1168065500,54481066748,1945320
20193,1168065600,49632625987,2079087
20193,1168066000,70637140,1729
20193,1168067000,16719445308,867948
20193,1168069000,43208555879,1913575
20193,1168070000,23270683399,1062617
20193,1168072000,11467638829,1794506
20193,1168073000,24077797124,1400788
20193,1168074000,2187072663,294468
20193,1168075000,43642450366,3190614
20193,1171051000,9610730683,516362
20193,1171052000,19846197881,858987
20193,1171053100,9210146552,481015
20193,1171053200,19616331250,1106240
20193,1171054000,13590284117,654885
20193,1171055000,25558643959,1224146
20193,1171056100,36288981722,1176148
20193,1171056200,81607588275,3681578
20193,1171056600,3627832355,516613
20193,1171057000,59849818758,1714350
20193,1171058000,54039631644,1855119
20193,1171059000,19965479878,909097
20193,1171060000,71628959851,4029320
20193,1171061000,55303418660,2560973
20193,1171062000,69699256354,2793800
20193,1171063100,349914460003,6946767
20193,1171063200,43278695354,1816846
20193,1171064100,20820518006,990273
20193,1171064200,95200848437,4498563
20193,1171064600,24770932550,1082414
20193,1171064700,2198642724,178180
20193,1171065000,115302016792,5216253
20193,1171067000,36415461804,1955586
20193,1171068000,30194979077,1810302
20193,1171069000,7082999408,449524
20193,1171071000,85981934966,3783646
20193,1171072000,3468555013,142253
20193,1174051500,9871322957,526557
20193,1174052000,13884080443,541508
20193,1174053000,41136332621,2383355
20193,1174054000,37248355198,2085949
20193,1174055000,5323556446,318722
20193,1174056000,7942282784,491845
20193,1174057000,27688917129,1670173
20193,1174058000,17409086265,1113326
20193,1174059000,12107298355,802052
20193,1174060000,18417730283,994098
20193,1174061000,118721421446,4550357
20193,1174062000,28358733897,1302358
20193,1174064000,37101652524,1481318
20193,1174065000,31180079355,1547697
20193,1174066000,60511763668,2287290
20193,1174068500,72765695842,3410523
20193,1174070000,19441898435,963109
20194,1111051500,17702770570,872203
20194,1111053000,74912823719,3485830
20194,1111054000,23958967947,1026530
20194,1111055000,3949049491,226724
20194,1111056000,9295377982,445410
20194,1111057000,5638453132,422600
20194,1111058000,4316497290,287947
20194,1111060000,14814074921,817667
20194,1111061500,456423630274,10790538
20194,1111063000,94832648153,2395592
20194,1111064000,33318963487,2838661
20194,1111065000,49663178460,3018913
20194,1111067000,91933053883,2716678
20194,1111068000,9568743159,448765
20194,1111069000,318828839,45195
20194,1111070000,4258967598,400499
20194,1111071000,25777308034,1474992
20194,1114052000,84605640576,3483839
20194,1114054000,190472284806,4458488
20194,1114055000,243291185283,10612301
20194,1114057000,28022686978,1794958
20194,1114058000,18852180244,537789
20194,1114059000,133912207869,3839376
20194,1114060500,266122946698,5745426
20194,1114061500,73642822785,1988787
20194,1114062500,34402116165,1637699
20194,1114063500,33424457588,1348109
20194,1114064500,13994688734,437756
20194,1114065000,18789567975,983732
20194,1114066500,19454625535,806729
20194,1114067000,47093422454,1191513
20194,1114068000,29277351097,957886
20194,1117051000,19524614740,974532
20194,1117052000,10108670168,476684
20194,1117053000,45988846741,2286723
20194,1117055500,31715608715,1884981
20194,1117056000,221383901445,1534367
20194,1117057000,146843500383,662343
20194,1117058000,9351767670,565011
20194,1117059000,15005550723,551197
20194,1117062500,888883257445,5236976
20194,1117063000,32071800397,1200668
20194,1117064000,4928994292,288828
20194,1117065000,88031394425,3679566
20194,1117066000,12556976816,487961
20194,1117068500,79446791527,2680936
20194,1117069000,3477232288,78232
20194,1117070000,18543095217,957757
20194,1120052000,8906832196,681274
20194,1120053500,31189252549,1301025
20194,1120054000,23819995885,977763
20194,1120055000,37796440690,3873388
20194,1120056000,35181898470,1620765
20194,1120057000,12254794490,696885
20194,1120058000,2098643196,42565
20194,1120059000,5727665821,184928
20194,1120061500,15857137783,852201
20194,1120062000,8796240967,444144
20194,1120064500,13965769755,1100283
20194,1120065000,18956583399,1030875
20194,1120066000,50677065952,1713040
20194,1120067000,66375970877,15308620
20194,1120069000,98216221519,4364986
20194,1120072000,4697673268,331023
20194,1120079000,31843886525,1607895
20194,1121571000,89258034710,6087154
20194,1121573000,42326199301,2362939
20194,1121574000,36517031217,1311355
20194,1121575000,36219449596,1729286
20194,1121576000,14152638606,845877
20194,1121577000,32091755708,1384159
20194,1121578000,22621992668,881471
20194,1121581000,27062604891,1356197
20194,1121582000,32317531971,1775373
20194,1121583000,15242079142,859362
20194,1121584000,52278857741,2717856
20194,1121584700,45079775621,2047821
20194,1121585000,52831709177,2286298
20194,1121586000,20438618587,1202249
20194,1121587000,148886350835,3690666
20194,1123053600,82049539589,3297917
20194,1123054500,372129174804,6803681
20194,1123056000,30793706482,1722164
20194,1123057000,12227939121,1311367
20194,1123060000,22198087689,812977
20194,1123061000,21124122884,933755
20194,1123065000,116429559443,3048487
20194,1123066000,74125914936,2793222
20194,1123070500,32748822524,1373800
20194,1123071000,28992035942,2497381
20194,1123072000,20352060496,1095923
20194,1123073000,13016307083,736529
20194,1123074000,26241284231,2983450
20194,1123075000,6715879723,463875
20194,1126052000,16746621339,804832
20194,1126054000,9730310829,515210
20194,1126055000,8132832038,320109
20194,1126056500,44541786744,2364523
20194,1126057000,34725630706,1855512
20194,1126057500,28590143659,1783671
20194,1126058000,52531717271,1217787
20194,1126059000,58362362020,2977570
20194,1126060000,12407155204,572838
20194,1126061000,40897036417,1615268
20194,1126062000,28720196635,1422181
20194,1126063000,23577292987,1299508
20194,1126065500,52776670066,2374011
20194,1126066000,11706301676,555795
20194,1126068000,50179166801,1608962
20194,1126069000,23084073843,1290373
20194,1129052500,17112643427,756060
20194,1129055500,44170137200,2473253
20194,1129057500,57245788802,3430315
20194,1129058000,4544961016,225722
20194,1129059000,5797167222,378897
20194,1129060000,37708143283,3381485
20194,1129061000,12360473519,774504
20194,1129062000,9325236527,587045
20194,1129063000,10470176453,629004
20194,1129064000,7921246089,535831
20194,1129065000,17639614025,1045932
20194,1129066000,9803521330,426027
20194,1129068500,19398980155,655887
20194,1129070500,32799219182,1719889
20194,1129071500,13351639609,715834
20194,1129072500,24712036210,1762142
20194,1129076000,7668028970,454715
20194,1129077000,11172769351,493039
20194,1129078000,5937564661,282298
20194,1129081000,28140234850,1426290
20194,1130553400,13866589090,874132
20194,1130553500,36012830081,1999518
20194,1130554500,77384625529,2486583
20194,1130555500,33637446314,1585088
20194,1130557500,9480959481,516979
20194,1130559500,58901264362,2312530
20194,1130560300,7219025311,253199
20194,1130560800,11814416480,658160
20194,1130561500,33334717715,1420955
20194,1130562500,19256380050,1081424
20194,1130563500,64135234754,2771893
20194,1130564500,17734948944,769205
20194,1130566000,15826957072,942956
20194,1132051100,25610198223,1811574
20194,1132051200,17512686924,929909
20194,1132051300,12345866336,516270
20194,1132051400,22689752369,1337897
20194,1132051500,38672316058,2170400
20194,1132052100,44833486958,1597573
20194,1132052200,11749916316,576066
20194,1132066000,11299048808,920682
20194,1132067000,21853923145,1500693
20194,1132068000,19564089313,1060501
20194,1132068100,8982325594,637193
20194,1132069000,45147740559,1841893
20194,1132070000,26626019616,1176320
20194,1132071000,11283524739,726051
20194,1135056000,21286602449,1606880
20194,1135057000,4703068180,406330
20194,1135058000,5425531957,359970
20194,1135059500,51140896801,2229591
20194,1135060000,31913625599,2832609
20194,1135061100,57289428071,2337180
20194,1135061200,4319803050,233219
20194,1135061900,32946645118,1499381
20194,1135062100,10388254265,465425
20194,1135062400,27518121967,1228486
20194,1135062500,127597539218,3967747
20194,1135063000,37189148105,2031411
20194,1135064000,85959046078,4421170
20194,1135066500,9824393811,551072
20194,1135067000,16521274028,980903
20194,1135069500,71776481928,3370896
20194,1135070000,11336389752,665767
20194,1135071000,13273374855,806651
20194,1135072000,3340741872,177181
20194,1138051000,30706523784,1199008
20194,1138052000,38149907321,1665549
20194,1138053000,22700128580,1171618
20194,1138055100,34886117856,2094416
20194,1138055200,47081359427,2391652
20194,1138056000,9537965433,672176
20194,1138057000,55742004311,2505770
20194,1138058000,35980617609,1670798
20194,1138059000,8214626196,555492
20194,1138060000,39205240293,1811708
20194,1138062500,33770445622,1873185
20194,1138063100,17390997127,1081168
20194,1138063200,8241259147,476842
20194,1138064000,11233877884,605975
20194,1138065000,3412874388,142765
20194,1138069000,22953130757,710185
20194,1141052000,13690568466,639097
20194,1141055500,11695464295,551222
20194,1141056500,27143396812,1779360
20194,1141058500,138220316120,7996661
20194,1141061500,56709491410,1967216
20194,1141062000,14272663221,782327
20194,1141064000,31469949298,1616425
20194,1141065500,5430447084,293199
20194,1141066000,12724042528,445326
20194,1141068500,16636428767,1071830
20194,1141069000,9462955688,401768
20194,1141070000,19911039185,1227408
20194,1141071000,2766165844,199844
20194,1141072000,30398151799,1535548
20194,1144055500,24816512237,1197056
20194,1144056500,39940366216,1488416
20194,1144058500,38772350531,1553767
20194,1144059000,60360198205,2143398
20194,1144060000,36559940939,2277439
20194,1144061000,12590352940,663650
20194,1144063000,18965801358,1038231
20194,1144065500,34435062937,2441868
20194,1144066000,327755846512,15376853
20194,1144068000,58989925541,3118172
20194,1144069000,36013127688,2297082
20194,1144070000,23894734032,1254936
20194,1144071000,36751969819,1642008
20194,1144072000,29225613761,1279869
20194,1144073000,33612115780,2270648
20194,1144074000,74540809130,4643316
20194,1147051000,62419617769,2503114
20194,1147052000,24452198420,1424897
20194,1147053000,31955431452,1547840
20194,1147054000,25634595260,1109541
20194,1147055000,37437227574,1340571
20194,1147056000,22653360187,1176220
20194,1147057000,16041169144,778323
20194,1147058000,6220204992,431137
20194,1147059000,12447126899,713003
20194,1147060000,8254361955,423181
20194,1147061000,8797326543,439853
20194,1147061100,15660611961,923790
20194,1147062000,27134698994,1114305
20194,1147063000,23442710379,818292
20194,1147064000,26267899368,1557803
20194,1147065000,73247509223,2860820
20194,1147067000,6766215713,155775
20194,1147068000,19156429273,933416
20194,1150051000,58443916676,2380122
20194,1150052000,60538397844,2303948
20194,1150053000,8100490786,432831
20194,1150053500,52042951817,2353193
20194,1150054000,64140398492,4033565
20194,1150055000,11564286005,554210
20194,1150056000,23956887473,1253521
20194,1150057000,33820105520,1553177
20194,1150059000,28617954363,1568119
20194,1150059100,34803752643,1867817
20194,1150059300,24668269068,1461392
20194,1150060300,85729461707,3907029
20194,1150060400,24920771036,1502191
20194,1150060500,10161777110,323281
20194,1150061100,146529169937,3988104
20194,1150061500,24228705267,1333736
20194,1150062000,29116282944,1560403
20194,1150063000,41063754157,2229545
20194,1150064000,21450622987,1023799
20194,1150064100,9289235768,652653
20194,1153051000,31427226964,1744131
20194,1153052000,11035390415,608619
20194,1153053000,155382020272,2468433
20194,1153054000,116409685011,5906802
20194,1153055000,39861279015,2084246
20194,1153056000,69621310259,3209342
20194,1153059500,16288038616,958235
20194,1153072000,49683022192,1849169
20194,1153073000,21880007131,1375584
20194,1153074000,25731563270,1363739
20194,1153075000,19914523448,1213248
20194,1153076000,13760500960,713203
20194,1153077000,30405897170,2163363
20194,1153078000,18827307266,1078922
20194,1153079000,8995687252,715024
20194,1154551000,720533381314,16851551
20194,1154561000,210154975500,3067292
20194,1154562000,16784466163,898622
20194,1154563000,31432921160,1477109
20194,1154564000,15342551098,999700
20194,1154567000,68087782884,2882175
20194,1154568000,4634033436,130832
20194,1154569000,11622224332,488286
20194,1154570000,9987832727,597057
20194,1154571000,21079924016,1355218
20194,1156051500,39980143416,2720505
20194,1156053500,243685658855,7990379
20194,1156054000,261763989661,9614816
20194,1156055000,90026273885,3575463
20194,1156056000,47413753673,2934884
20194,1156058500,12638832869,741027
20194,1156060500,91669550037,4163334
20194,1156061000,29732121743,1139814
20194,1156062000,72612597195,1301192
20194,1156063000,27430583075,1186267
20194,1156065000,11816791652,716808
20194,1156066000,2556880765,122812
20194,1156067000,5081389824,182284
20194,1156068000,28152636463,1395699
20194,1156069000,7884206405,544436
20194,1156070000,23402894344,1272372
20194,1156071000,29765533342,1155395
20194,1156072000,100469420513,2334989
20194,1159051000,336784231201,8588721
20194,1159052000,487087456600,7704872
20194,1159053000,50018130976,3411660
20194,1159054000,20494700403,1092969
20194,1159055000,28739219619,1250036
20194,1159056000,21817019245,1406747
20194,1159060500,50995493347,3540750
20194,1159062000,52679789076,2303346
20194,1159063000,59292855517,2720939
20194,1159064000,8664527577,432298
20194,1159065000,18375960004,734167
20194,1159065100,4256063657,331062
20194,1159066000,42160795746,2033117
20194,1159067000,17018010873,929620
20194,1159068000,31435741561,1878168
20194,1162052500,23466810553,1466373
20194,1162054500,3880756353,169029
20194,1162056500,8040430508,542072
20194,1162057500,35952820677,1915901
20194,1162058500,41165717270,1921674
20194,1162059500,127775261056,4721761
20194,1162060500,34791084841,1539167
20194,1162061500,33745281994,1844735
20194,1162062500,29206004094,1717291
20194,1162063000,23619830312,1221202
20194,1162064500,51801718333,3146171
20194,1162065500,12747321471,782276
20194,1162066500,14473571425,1125521
20194,1162068500,26775555080,1630669
20194,1162069500,55219456623,3020279
20194,1162071500,3401072967,180174
20194,1162072500,48544081965,1762307
20194,1162073500,26375883003,2604440
20194,1162074500,8076985568,394675
20194,1162076500,20995795578,953727
20194,1162077500,11832779103,883475
20194,1165051000,67338818055,3042010
20194,1165052000,103407426330,4266547
20194,1165053000,151041224802,5936461
20194,1165053100,150892606114,4900832
20194,1165054000,64199581049,2394277
20194,1165055000,4017347877,93389
20194,1165056000,56328701629,2182290
20194,1165057000,16454595693,705907
20194,1165058000,72743502811,1995970
20194,1165058100,77842803411,2362130
20194,1165059000,42523236178,1740091
20194,1165060000,78275839219,2575411
20194,1165061000,43247330010,1176093
20194,1165062000,22733855921,526775
20194,1165062100,52352845640,1960793
20194,1165065100,94155774635,3594305
20194,1165065200,121272034216,5801293
20194,1165066000,5670827154,194204
20194,1168051000,271783197416,5872529
20194,1168052100,258258065697,6378230
20194,1168053100,163702296731,5601684
20194,1168054500,279934740373,3907793
20194,1168056500,247371456637,4004118
20194,1168058000,390300878581,8779535
20194,1168059000,100881610422,3220031
20194,1168060000,73864453868,2277685
20194,1168061000,119745201159,3292030
20194,1168063000,134709777301,5495497
20194,1168064000,457089035717,19202760
20194,1168065000,97152498181,4631892
20194,1168065500,57982199423,1968663
20194,1168065600,53697857077,2118750
20194,1168066000,64590406,1777
20194,1168067000,17040927038,890480
20194,1168069000,44146799498,1929549
20194,1168070000,24502322628,1055657
20194,1168072000,11085444458,1715080
20194,1168073000,24950097863,1373133
20194,1168074000,2657105058,284814
20194,1168075000,46424200482,3309471
20194,1171051000,9280375553,482875
20194,1171052000,20194151533,914051
20194,1171053100,10325173095,502494
20194,1171053200,20638745047,1158283
20194,1171054000,15119220247,667645
20194,1171055000,26160954345,1230290
20194,1171056100,36618465165,1202240
20194,1171056200,87106068013,3763516
20194,1171056600,3887615613,474453
20194,1171057000,64576313863,1703890
20194,1171058000,55526033240,1795639
20194,1171059000,20943677807,928144
20194,1171060000,78414042205,3836312
20194,1171061000,54319970173,2477795
20194,1171062000,68467192551,2699602
20194,1171063100,389273990549,7631625
20194,1171063200,44732727098,1828464
20194,1171064100,27160292651,1049203
20194,1171064200,107957938867,4458495
20194,1171064600,25643800825,1189260
20194,1171064700,2335230660,186873
20194,1171065000,119014365716,5194692
20194,1171067000,34649568951,1710808
20194,1171068000,32415393214,1818186
20194,1171069000,7054848744,439077
20194,1171071000,140354504313,4146993
20194,1171072000,4388102713,176434
20194,1174051500,9818215880,534857
20194,1174052000,14789957597,522978
20194,1174053000,43785014552,2450910
20194,1174054000,41948075764,2176189
20194,1174055000,5776940229,332526
20194,1174056000,10290430778,607377
20194,1174057000,28557069951,1643170
20194,1174058000,18191963234,1178331
20194,1174059000,11840055425,597205
20194,1174060000,24686640345,1058395
20194,1174061000,123998814317,4512652
20194,1174062000,31139562890,1347419
20194,1174064000,35836534012,1383546
20194,1174065000,35296505506,1568459
20194,1174066000,59355494037,2325103
20194,1174068500,79665826887,3494357
20194,1174070000,20293279942,973643
20201,1111051500,15611509280,752827
20201,1111053000,56656503365,2732729
20201,1111054000,16495570845,730864
20201,1111055000,3040761691,166065
20201,1111056000,8561212577,393449
20201,1111057000,4348627840,383348
20201,1111058000,3770526556,256863
20201,1111060000,11459892925,664895
20201,1111061500,355363078184,8996142
20201,1111063000,80643961413,1994692
20201,1111064000,26747926294,2297256
20201,1111065000,39873338311,2324436
20201,1111067000,62911012994,1799297
20201,1111068000,8661448991,418482
20201,1111069000,299991455,32256
20201,1111070000,3527506691,312238
20201,1111071000,20641646944,1230113
20201,1114052000,71549410863,3082178
20201,1114054000,129735835592,3264879
20201,1114055000,186121893053,8369463
20201,1114057000,23944973546,1376766
20201,1114058000,12705779269,461391
20201,1114059000,112611763289,3168609
20201,1114060500,197193309612,4965992
20201,1114061500,48835090087,1664245
20201,1114062500,27495067701,1508755
20201,1114063500,33518726225,1381024
20201,1114064500,13868051715,410187
20201,1114065000,16032987910,884061
20201,1114066500,14047169421,736009
20201,1114067000,34123394811,1072323
20201,1114068000,22907904727,899943
20201,1117051000,17179828118,973344
20201,1117052000,8502126058,427807
20201,1117053000,40207148724,2122848
20201,1117055500,25421733811,1375636
20201,1117056000,192903515352,1247586
20201,1117057000,143236571549,693219
20201,1117058000,8428004395,549449
20201,1117059000,15328709430,592363
20201,1117062500,861233208336,4990754
20201,1117063000,29306609993,1171281
20201,1117064000,4283594371,255304
20201,1117065000,63426901975,2863933
20201,1117066000,10171484497,421951
20201,1117068500,66433883518,2363236
20201,1117069000,2905162011,71255
20201,1117070000,17889726906,924460
20201,1120052000,8298283475,694774
20201,1120053500,27889378148,1174998
20201,1120054000,21092180804,914593
20201,1120055000,28315761692,2782928
20201,1120056000,32974621652,1562017
20201,1120057000,11798135661,611199
20201,1120058000,1285725135,39865
20201,1120059000,6539383423,169300
20201,1120061500,15058633417,827885
20201,1120062000,8021242388,437728
20201,1120064500,13436067418,1037008
20201,1120065000,18647038146,973368
20201,1120066000,40653884782,1659328
20201,1120067000,50578261411,9125868
20201,1120069000,87343327217,4081443
20201,1120072000,4342073871,323169
20201,1120079000,26632759900,1573133
20201,1121571000,71866957873,4485911
20201,1121573000,41956713294,2002908
20201,1121574000,39569273097,1357653
20201,1121575000,34292154675,1701896
20201,1121576000,14276750537,877483
20201,1121577000,27983797295,1363485
20201,1121578000,17767351584,737394
20201,1121581000,23039730779,1129806
20201,1121582000,29791393450,1617014
20201,1121583000,13369920499,856338
20201,1121584000,40729302109,2081348
20201,1121584700,36071703027,1741340
20201,1121585000,45627320211,2156511
20201,1121586000,19977502145,1067841
20201,1121587000,136103321537,3139482
20201,1123053600,76401149903,3077686
20201,1123054500,335937387240,6395032
20201,1123056000,24797630919,1496282
20201,1123057000,11370227999,905340
20201,1123060000,20346260201,755656
20201,1123061000,20141595517,944272
20201,1123065000,100395561802,2957753
20201,1123066000,69933521267,2820700
20201,1123070500,30494073700,1351842
20201,1123071000,21763989334,1555277
20201,1123072000,16426001871,924702
20201,1123073000,11142326909,576495
20201,1123074000,21276625443,2017804
20201,1123075000,6270357564,424164
20201,1126052000,15820515109,790341
20201,1126054000,9394978843,487624
20201,1126055000,8748193542,330859
20201,1126056500,43391682601,2344745
20201,1126057000,34260002287,1831605
20201,1126057500,27031547900,1719157
20201,1126058000,47332135376,1186312
20201,1126059000,52050382328,2738622
20201,1126060000,11612631020,550338
20201,1126061000,32891887080,1533725
20201,1126062000,26671544525,1344891
20201,1126063000,21390575669,1271717
20201,1126065500,47087100811,2251244
20201,1126066000,10832112786,538914
20201,1126068000,52370708391,1679070
20201,1126069000,21680623175,1201040
20201,1129052500,15636365626,682506
20201,1129055500,39881271925,2302027
20201,1129057500,46017153273,2763646
20201,1129058000,4659584795,201974
20201,1129059000,4287833901,320671
20201,1129060000,27605414868,2337859
20201,1129061000,12402722973,788270
20201,1129062000,8473242093,546746
20201,1129063000,9524251499,581367
20201,1129064000,6340494574,395319
20201,1129065000,17024459106,954893
20201,1129066000,8529794723,382982
20201,1129068500,16976454697,626399
20201,1129070500,28423934721,1523608
20201,1129071500,11641533495,641332
20201,1129072500,20775900303,1290190
20201,1129076000,7386920636,451400
20201,1129077000,10025021698,478501
20201,1129078000,5994202998,285621
20201,1129081000,28378351704,1340053
20201,1130553400,14113279854,905554
20201,1130553500,32871043742,1833076
20201,1130554500,65214567973,2270177
20201,1130555500,32205226909,1617657
20201,1130557500,9220110969,481572
20201,1130559500,55151516953,2213507
20201,1130560300,5398437451,231375
20201,1130560800,11427076943,674540
20201,1130561500,30168718270,1390977
20201,1130562500,18184955878,1053733
20201,1130563500,58144079931,2697013
20201,1130564500,15027856664,775797
20201,1130566000,14618406421,913501
20201,1132051100,24634398436,1708601
20201,1132051200,15804833512,927557
20201,1132051300,11454140647,532156
20201,1132051400,21584192242,1238893
20201,1132051500,37605323703,2107223
20201,1132052100,35997727392,1440180
20201,1132052200,10091388484,541602
20201,1132066000,10011872775,715006
20201,1132067000,23481675281,1424232
20201,1132068000,19277927741,1070645
20201,1132068100,9429882061,624332
20201,1132069000,40111886776,1758888
20201,1132070000,27365073296,1180049
20201,1132071000,10773276663,685779
20201,1135056000,18548619002,1237424
20201,1135057000,4805433004,350561
20201,1135058000,4769108490,347042
20201,1135059500,44949197674,2126017
20201,1135060000,28195359891,2023122
20201,1135061100,54429667016,2323755
20201,1135061200,4099690341,225698
20201,1135061900,31700286671,1454080
20201,1135062100,10167509908,460672
20201,1135062400,24305314759,1113720
20201,1135062500,125036303032,3908822
20201,1135063000,33728195327,1885147
20201,1135064000,73533236181,3842099
20201,1135066500,9704106194,568221
20201,1135067000,16497008421,949479
20201,1135069500,67226527748,3095263
20201,1135070000,10967029016,633636
20201,1135071000,12972353920,735105
20201,1135072000,2814603080,121164
20201,1138051000,23804206028,1063904
20201,1138052000,35482171102,1592137
20201,1138053000,22550768583,1196478
20201,1138055100,34276117765,1995836
20201,1138055200,43876788692,2296764
20201,1138056000,12383473154,645867
20201,1138057000,50377099413,2263459
20201,1138058000,33827258370,1632057
20201,1138059000,8121519459,599582
20201,1138060000,38297696418,1910273
20201,1138062500,32605526302,1809578
20201,1138063100,18445032127,1076091
20201,1138063200,8305224008,476521
20201,1138064000,10763474410,580785
20201,1138065000,2944261361,141449
20201,1138069000,17372693066,608689
20201,1141052000,12153027729,576890
20201,1141055500,10614484803,507797
20201,1141056500,25106228839,1534640
20201,1141058500,104180738853,5577290
20201,1141061500,49614523197,1791142
20201,1141062000,13112467247,681862
20201,1141064000,30869596655,1464822
20201,1141065500,6078156299,295705
20201,1141066000,12248926687,501131
20201,1141068500,13593427503,812095
20201,1141069000,8315626461,388002
20201,1141070000,17907095514,1017749
20201,1141071000,2379670680,185149
20201,1141072000,31753983479,1548281
20201,1144055500,23221269468,1204386
20201,1144056500,34662964771,1375700
20201,1144058500,38923137973,1487337
20201,1144059000,51119984980,1935041
20201,1144060000,34355046140,1880340
20201,1144061000,12020138670,603936
20201,1144063000,15757648360,926736
20201,1144065500,27077098453,1647981
20201,1144066000,250516788674,11541705
20201,1144068000,53610062853,2777837
20201,1144069000,35407577690,2304373
20201,1144070000,23013761163,1274955
20201,1144071000,30782934249,1500915
20201,1144072000,29991536980,1177578
20201,1144073000,34306164567,1975046
20201,1144074000,64190519750,4137313
20201,1147051000,59650537177,2384236
20201,1147052000,23340461325,1427633
20201,1147053000,33351496350,1529543
20201,1147054000,24049121991,1098510
20201,1147055000,34086758390,1253542
20201,1147056000,22731115792,1239572
20201,1147057000,16074057775,779558
20201,1147058000,6019304050,413416
20201,1147059000,11864235465,683837
20201,1147060000,7152003937,394574
20201,1147061000,7918042867,398246
20201,1147061100,13911181759,882094
20201,1147062000,25470604041,1071897
20201,1147063000,20671071263,718031
20201,1147064000,24537125952,1413211
20201,1147065000,67564139212,2706296
20201,1147067000,6409074632,158797
20201,1147068000,18466125219,878749
20201,1150051000,48213461926,2310743
20201,1150052000,64801666919,2346886
20201,1150053000,7282103576,395540
20201,1150053500,49391372500,2130673
20201,1150054000,65880316847,3730602
20201,1150055000,11258548620,525447
20201,1150056000,22095825794,1175098
20201,1150057000,30641147742,1558938
20201,1150059000,26796034980,1544081
20201,1150059100,32857580946,1768980
20201,1150059300,22948988104,1383473
20201,1150060300,84221817213,3768437
20201,1150060400,23300376032,1346969
20201,1150060500,6801220700,331711
20201,1150061100,155803244716,4030785
20201,1150061500,23555194366,1235802
20201,1150062000,28216308829,1432674
20201,1150063000,40738259450,2149295
20201,1150064000,21855493689,992689
20201,1150064100,8793974188,691578
20201,1153051000,26550847713,1512894
20201,1153052000,11783416560,619632
20201,1153053000,149024560787,2324270
20201,1153054000,105139872211,5626306
20201,1153055000,35345162232,1948044
20201,1153056000,62760308722,2865138
20201,1153059500,14602343717,891142
20201,1153072000,43849919517,1542018
20201,1153073000,21079850886,1305459
20201,1153074000,21886652770,1315950
20201,1153075000,18731639310,1148022
20201,1153076000,13467167470,708475
20201,1153077000,30228128652,2131457
20201,1153078000,17783457633,1029616
20201,1153079000,8512417170,627948
20201,1154551000,611039840449,15298119
20201,1154561000,236694993731,3347659
20201,1154562000,17119110406,921771
20201,1154563000,28154823172,1383452
20201,1154564000,15203659836,944625
20201,1154567000,64363982177,2822197
20201,1154568000,6287054092,125142
20201,1154569000,11266263412,532720
20201,1154570000,8702535653,540736
20201,1154571000,21384998962,1361177
20201,1156051500,27772363738,2131138
20201,1156053500,229483740503,6720022
20201,1156054000,223733377263,8673970
20201,1156055000,107875986829,3550828
20201,1156056000,41143480972,2749141
20201,1156058500,11729878137,725097
20201,1156060500,86483989838,3891868
20201,1156061000,27333908677,1132250
20201,1156062000,67632860367,1182638
20201,1156063000,26227964385,1148112
20201,1156065000,11151352339,666209
20201,1156066000,2569532865,119544
20201,1156067000,4664193269,186249
20201,1156068000,27334721153,1341921
20201,1156069000,6876567721,473886
20201,1156070000,22058749644,1229517
20201,1156071000,22124567006,990707
20201,1156072000,106149501943,2326011
20201,1159051000,249170359692,7177998
20201,1159052000,406351589315,6649097
20201,1159053000,47264482480,2735684
20201,1159054000,18973859292,1060507
20201,1159055000,28455190695,1280147
20201,1159056000,22132007130,1443161
20201,1159060500,42273863089,2655657
20201,1159062000,45642997456,2124630
20201,1159063000,58399563781,2754253
20201,1159064000,7798319935,396611
20201,1159065000,18537054425,756170
20201,1159065100,4043993849,313103
20201,1159066000,41124714742,1977299
20201,1159067000,14923913448,817587
20201,1159068000,26964642342,1665698
20201,1162052500,20638880680,1398916
20201,1162054500,3161780812,170119
20201,1162056500,7438395304,503392
20201,1162057500,33233292725,1856350
20201,1162058500,34333022688,1728672
20201,1162059500,95432051194,4094253
20201,1162060500,32827607431,1458737
20201,1162061500,31415091823,1724625
20201,1162062500,26826659411,1700964
20201,1162063000,19937047658,1144082
20201,1162064500,46418705803,2920937
20201,1162065500,13125192729,772727
20201,1162066500,15006465750,1088932
20201,1162068500,24158800815,1553637
20201,1162069500,48609978513,2808557
20201,1162071500,3005342648,167800
20201,1162072500,41382132311,1674235
20201,1162073500,26144642161,2600974
20201,1162074500,8222529185,401175
20201,1162076500,19649977206,912727
20201,1162077500,11746349314,899830
20201,1165051000,55546010689,2636683
20201,1165052000,88028972999,3934205
20201,1165053000,140404891450,5283646
20201,1165053100,148703812344,4598345
20201,1165054000,58497569315,2219326
20201,1165055000,3102601660,78747
20201,1165056000,53168514838,2028645
20201,1165057000,14618048181,606998
20201,1165058000,64036394162,1764039
20201,1165058100,63168286864,2036569
20201,1165059000,42425965716,1642756
20201,1165060000,65794316566,2327691
20201,1165061000,35733431230,1059858
20201,1165062000,21656034441,498917
20201,1165062100,50466442223,1828201
20201,1165065100,85701414836,3297671
20201,1165065200,111438920248,5278707
20201,1165066000,6051821810,189502
20201,1168051000,241356323394,5096883
20201,1168052100,240812409852,6074948
20201,1168053100,139120821878,5100778
20201,1168054500,234308902920,3484851
20201,1168056500,213794003888,3553897
20201,1168058000,293921053060,6872143
20201,1168059000,95886003592,3134360
20201,1168060000,67629151131,2163969
20201,1168061000,110644395685,2986263
20201,1168063000,119363691863,4993503
20201,1168064000,424653832349,17707033
20201,1168065000,78686883823,4340116
20201,1168065500,53165560226,1871931
20201,1168065600,48049285813,1955313
20201,1168066000,83449984,1827
20201,1168067000,15901681186,852574
20201,1168069000,44834577534,1840659
20201,1168070000,23418586063,1057317
20201,1168072000,9016287342,1497198
20201,1168073000,23218513880,1310728
20201,1168074000,2469643117,264273
20201,1168075000,49720443783,2834080
20201,1171051000,9240716210,504143
20201,1171052000,20297720422,1000459
20201,1171053100,9592283423,478605
20201,1171053200,19912158970,1121824
20201,1171054000,17999319039,729319
20201,1171055000,24507265292,1257294
20201,1171056100,27320694892,1137871
20201,1171056200,79850125865,3564768
20201,1171056600,2555082390,255614
20201,1171057000,60696819274,1663804
20201,1171058000,52060364615,1707726
20201,1171059000,20343736182,877842
20201,1171060000,70406680326,2813571
20201,1171061000,56709108223,2493641
20201,1171062000,61728656150,2649774
20201,1171063100,322031760891,6553416
20201,1171063200,40885703782,1704561
20201,1171064100,21385637452,996582
20201,1171064200,92871680893,4029993
20201,1171064600,24339614855,1130299
20201,1171064700,2175010755,175538
20201,1171065000,107970136831,4873027
20201,1171067000,31009280065,1353894
20201,1171068000,32561380874,1479023
20201,1171069000,7293155139,402866
20201,1171071000,107383936552,3439895
20201,1171072000,3764666340,142329
20201,1174051500,8816816556,505862
20201,1174052000,15015745928,548416
20201,1174053000,40834553799,2237035
20201,1174054000,38071581845,2000633
20201,1174055000,4843247768,236444
20201,1174056000,10739632618,647607
20201,1174057000,28544480330,1660677
20201,1174058000,17677497458,1118440
20201,1174059000,11388724273,531727
20201,1174060000,24472707677,1135576
20201,1174061000,118560921733,4317002
20201,1174062000,27331771005,1254688
20201,1174064000,34129210220,1342122
20201,1174065000,31678508860,1558156
20201,1174066000,56195738610,2211639
20201,1174068500,75435815989,3490512
20201,1174070000,18196588552,932404
20202,1111051500,18298442834,916108
20202,1111053000,63091680882,3038001
20202,1111054000,21739341656,971176
20202,1111055000,4196925190,231470
20202,1111056000,10498958597,473241
20202,1111057000,4683510037,430879
20202,1111058000,3467259157,244283
20202,1111060000,13042545549,802458
20202,1111061500,372104672720,9910232
20202,1111063000,85561922406,2290537
20202,1111064000,26562341250,2371716
20202,1111065000,39884815780,2361179
20202,1111067000,69287908854,2510305
20202,1111068000,10189662839,477046
20202,1111069000,329137821,33405
20202,1111070000,4010942780,344207
20202,1111071000,21740723017,1395604
20202,1114052000,75254288263,3292492
20202,1114054000,155363421682,3968712
20202,1114055000,186922226259,8520508
20202,1114057000,23450714547,1522008
20202,1114058000,17375304178,552267
20202,1114059000,113146362734,3413013
20202,1114060500,240762261535,5365330
20202,1114061500,57295796071,1963965
20202,1114062500,31174733590,1637998
20202,1114063500,34856229869,1413306
20202,1114064500,14287480221,459759
20202,1114065000,18250655895,932904
20202,1114066500,16400940886,748160
20202,1114067000,48036761471,1312127
20202,1114068000,26871177259,1005462
20202,1117051000,18538844657,1068549
20202,1117052000,9245195496,511208
20202,1117053000,41788255661,2178933
20202,1117055500,27954691269,1486378
20202,1117056000,191768537435,1296913
20202,1117057000,114406677876,753575
20202,1117058000,9642270144,584792
20202,1117059000,16463458863,722635
20202,1117062500,947360013828,5150798
20202,1117063000,32572814944,1343679
20202,1117064000,5256709430,297067
20202,1117065000,50430865637,2161225
20202,1117066000,11357545869,458178
20202,1117068500,70913989748,2337630
20202,1117069000,4107521081,82919
20202,1117070000,18933146422,984687
20202,1120052000,8898350996,647157
20202,1120053500,27437908971,1260645
20202,1120054000,20497563716,1013516
20202,1120055000,31249229482,3122605
20202,1120056000,35335757035,1655864
20202,1120057000,12765252906,650720
20202,1120058000,1469238970,44206
20202,1120059000,5713126683,204450
20202,1120061500,16631989995,923910
20202,1120062000,9564162709,462430
20202,1120064500,16230977417,1142171
20202,1120065000,24061709928,1252448
20202,1120066000,48474997675,1851686
20202,1120067000,56368125932,13411384
20202,1120069000,89823915208,4652515
20202,1120072000,4656806480,356391
20202,1120079000,30887128751,1663480
20202,1121571000,74202031718,4679895
20202,1121573000,37806228777,2144023
20202,1121574000,42804855673,1708227
20202,1121575000,38566336066,1953252
20202,1121576000,15994304691,1029312
20202,1121577000,33402622319,1672021
20202,1121578000,21991146618,847461
20202,1121581000,27959907317,1404542
20202,1121582000,33469461399,1792426
20202,1121583000,16048163735,939352
20202,1121584000,43711030938,2185344
20202,1121584700,35233044603,1896505
20202,1121585000,47428424986,2283963
20202,1121586000,25516949075,1266481
20202,1121587000,150407099922,3289827
20202,1123053600,82071225794,3497005
20202,1123054500,412269077166,11206508
20202,1123056000,27169717632,1644967
20202,1123057000,12218564661,1021719
20202,1123060000,22889790038,917826
20202,1123061000,22108944043,1085155
20202,1123065000,112007977822,3220169
20202,1123066000,78172429975,3187967
20202,1123070500,39012946821,1527122
20202,1123071000,23305049818,1631298
20202,1123072000,19173836863,1062576
20202,1123073000,12703768095,656499
20202,1123074000,21665787142,2141231
20202,1123075000,6579229149,415914
20202,1126052000,18501750620,960684
20202,1126054000,9661039241,620666
20202,1126055000,9892927635,360379
20202,1126056500,47628941277,2657176
20202,1126057000,34548165336,2070573
20202,1126057500,30012958148,1865602
20202,1126058000,52841543420,1304472
20202,1126059000,57549356456,2924160
20202,1126060000,13879116005,634938
20202,1126061000,33055519269,1754041
20202,1126062000,31801341396,1532533
20202,1126063000,23369584656,1318764
20202,1126065500,55062371854,2501567
20202,1126066000,11162375543,606491
20202,1126068000,53424344697,1747689
20202,1126069000,24258123249,1286920
20202,1129052500,17306045361,790978
20202,1129055500,43217829233,2420103
20202,1129057500,53368786352,3226481
20202,1129058000,5286936187,210584
20202,1129059000,4734926793,340828
20202,1129060000,30432644547,2579260
20202,1129061000,14157811691,857477
20202,1129062000,9456203895,622752
20202,1129063000,10917977271,604936
20202,1129064000,8357119706,482013
20202,1129065000,18500750763,1052798
20202,1129066000,9031572567,381227
20202,1129068500,22382441805,722191
20202,1129070500,29353198809,1684286
20202,1129071500,12992640246,717931
20202,1129072500,23634493466,1479893
20202,1129076000,8709492699,537136
20202,1129077000,11989517790,541104
20202,1129078000,7024292119,320838
20202,1129081000,31314872935,1579146
20202,1130553400,15688888132,964756
20202,1130553500,38396639487,2092386
20202,1130554500,82170965173,2602355
20202,1130555500,36389982073,1820008
20202,1130557500,9848635618,542403
20202,1130559500,58876888189,2379994
20202,1130560300,6070270991,253438
20202,1130560800,11852090112,709601
20202,1130561500,38536333583,1791264
20202,1130562500,19767882943,1173848
20202,1130563500,62212274886,2887067
20202,1130564500,20439588988,1047110
20202,1130566000,16272332723,1021741
20202,1132051100,25629157259,1793734
20202,1132051200,18163849799,1063354
20202,1132051300,12254665246,577423
20202,1132051400,23187482239,1328313
20202,1132051500,39360175522,2102932
20202,1132052100,48186278970,1816565
20202,1132052200,11675547921,626987
20202,1132066000,11185284296,836146
20202,1132067000,24201767473,1459379
20202,1132068000,21035154732,1214881
20202,1132068100,9650871039,669511
20202,1132069000,41441872014,1882561
20202,1132070000,31681682158,1400380
20202,1132071000,12556815365,745206
20202,1135056000,20634218557,1342525
20202,1135057000,4623542501,359803
20202,1135058000,5502416291,371124
20202,1135059500,51502892519,2441663
20202,1135060000,31874796666,2258818
20202,1135061100,56358110472,2334902
20202,1135061200,4164067852,219883
20202,1135061900,34012420086,1576957
20202,1135062100,10673347506,490765
20202,1135062400,26791660678,1201398
20202,1135062500,129994115607,4356399
20202,1135063000,38438458920,2075427
20202,1135064000,77937648767,4201464
20202,1135066500,10569484601,593527
20202,1135067000,19980052082,1012313
20202,1135069500,68827398206,3146670
20202,1135070000,11630269680,745666
20202,1135071000,13768777602,770612
20202,1135072000,2545880345,136063
20202,1138051000,27556619160,1216652
20202,1138052000,41102152486,1735425
20202,1138053000,25099393363,1381125
20202,1138055100,37386576842,2113348
20202,1138055200,49730688336,2583014
20202,1138056000,14032778740,831150
20202,1138057000,55226993638,2475610
20202,1138058000,38746169741,1868730
20202,1138059000,10123648296,683142
20202,1138060000,43750191929,2111337
20202,1138062500,37560285826,2001802
20202,1138063100,19222441301,1143280
20202,1138063200,9411367911,508572
20202,1138064000,10890447871,606845
20202,1138065000,3276298082,138184
20202,1138069000,23577754928,802736
20202,1141052000,13720511636,619567
20202,1141055500,13286021359,526089
20202,1141056500,25320086746,1701252
20202,1141058500,101403549955,5717063
20202,1141061500,55240364521,2040454
20202,1141062000,14920042978,855226
20202,1141064000,34951937678,1694025
20202,1141065500,5777792277,319585
20202,1141066000,14392766197,606307
20202,1141068500,16179643618,903541
20202,1141069000,10271796386,446265
20202,1141070000,20510844391,1107730
20202,1141071000,3593763374,213396
20202,1141072000,35915882915,1816247
20202,1144055500,25352412629,1299819
20202,1144056500,36903692361,1495466
20202,1144058500,40187256925,1585838
20202,1144059000,50574739974,2052831
20202,1144060000,44733097989,2302232
20202,1144061000,13879088552,735404
20202,1144063000,17702118752,1059162
20202,1144065500,32594817565,1815817
20202,1144066000,248348559638,11272589
20202,1144068000,58427016074,3096577
20202,1144069000,42027325575,2860417
20202,1144070000,23641776590,1421978
20202,1144071000,29271328097,1458128
20202,1144072000,30765544343,1215156
20202,1144073000,34798243252,2113964
20202,1144074000,67903229794,4418772
20202,1147051000,64287500348,2519367
20202,1147052000,28076646683,1616471
20202,1147053000,35935474014,1676057
20202,1147054000,26447864295,1220568
20202,1147055000,38048236532,1456853
20202,1147056000,25299036490,1374288
20202,1147057000,16553503010,787604
20202,1147058000,6388466595,505188
20202,1147059000,13094963892,758848
20202,1147060000,7784615494,441308
20202,1147061000,9387273642,458692
20202,1147061100,14905972909,918004
20202,1147062000,27916687593,1232204
20202,1147063000,23568130980,774035
20202,1147064000,26374464378,1483017
20202,1147065000,69086068370,2882220
20202,1147067000,7961724417,194918
20202,1147068000,21673307875,921418
20202,1150051000,49576243691,2478069
20202,1150052000,68096826750,2488423
20202,1150053000,8017557357,423932
20202,1150053500,52619549411,2517082
20202,1150054000,67917081412,4017435
20202,1150055000,11237772634,609413
20202,1150056000,24530643314,1312985
20202,1150057000,34736951846,1786134
20202,1150059000,30024188167,1640433
20202,1150059100,33622103217,1863614
20202,1150059300,24121937233,1511780
20202,1150060300,87206835598,4051474
20202,1150060400,25357708692,1339305
20202,1150060500,7321707816,369978
20202,1150061100,158774451255,4430213
20202,1150061500,25382921938,1358931
20202,1150062000,29412181292,1526885
20202,1150063000,45412023851,2491371
20202,1150064000,23814566856,1042027
20202,1150064100,9212266239,722185
20202,1153051000,32048939701,1619466
20202,1153052000,12122835460,630065
20202,1153053000,155261892641,2468874
20202,1153054000,104642918137,6086907
20202,1153055000,41200957902,2166772
20202,1153056000,69435909192,3117530
20202,1153059500,16199997521,1056109
20202,1153072000,49144442495,1708493
20202,1153073000,23232515018,1371771
20202,1153074000,28706796056,1458639
20202,1153075000,21568505088,1314703
20202,1153076000,15629135083,848480
20202,1153077000,32652416554,2239999
20202,1153078000,19074266900,1094302
20202,1153079000,10058245826,726377
20202,1154551000,729773112844,19014594
20202,1154561000,207883790023,3318643
20202,1154562000,17961612577,948210
20202,1154563000,33046852804,1543841
20202,1154564000,16149705036,1035592
20202,1154567000,72889674085,3241162
20202,1154568000,4921550841,139726
20202,1154569000,14087648352,581246
20202,1154570000,10233526585,591047
20202,1154571000,23627328132,1465858
20202,1156051500,28010596071,1946246
20202,1156053500,224043378998,7219429
20202,1156054000,243362360062,9539082
20202,1156055000,110355460828,4014348
20202,1156056000,43105096259,3023544
20202,1156058500,12875831696,810984
20202,1156060500,100482979390,4448359
20202,1156061000,28520938043,1176871
20202,1156062000,70570250282,1323347
20202,1156063000,29190190093,1246901
20202,1156065000,13851958510,801008
20202,1156066000,2610785813,131545
20202,1156067000,4929686728,195752
20202,1156068000,28461246207,1429047
20202,1156069000,7200389987,500781
20202,1156070000,23709096036,1295713
20202,1156071000,26395091555,1155225
20202,1156072000,112237727598,2580212
20202,1159051000,237048256741,7221622
20202,1159052000,523833674842,8693595
20202,1159053000,50686876248,3190434
20202,1159054000,19532698403,1112735
20202,1159055000,30032502528,1343408
20202,1159056000,23695159793,1520129
20202,1159060500,45867055733,2801992
20202,1159062000,48402980810,2279994
20202,1159063000,62325117559,3157704
20202,1159064000,9155239597,447491
20202,1159065000,19386171329,825657
20202,1159065100,4489174632,340313
20202,1159066000,43106998368,2138399
20202,1159067000,15579476311,831943
20202,1159068000,28164939901,1791121
20202,1162052500,21147152933,1422243
20202,1162054500,3372172993,197210
20202,1162056500,8250245179,523358
20202,1162057500,37599331655,2014529
20202,1162058500,39467523968,1910054
20202,1162059500,111061321908,4620477
20202,1162060500,36319536199,1526758
20202,1162061500,33433217395,1811386
20202,1162062500,31006169778,1899106
20202,1162063000,20684042865,1239952
20202,1162064500,49609046132,3030531
20202,1162065500,14886027297,854542
20202,1162066500,16323590275,1226932
20202,1162068500,25668455033,1710665
20202,1162069500,52624101892,3031600
20202,1162071500,2938713250,173181
20202,1162072500,46366546883,1781991
20202,1162073500,29210799633,2826489
20202,1162074500,9107990394,459072
20202,1162076500,22793678784,1045863
20202,1162077500,12675962352,942023
20202,1165051000,60663211497,3073821
20202,1165052000,90142315413,4185325
20202,1165053000,154965477092,5803126
20202,1165053100,141218462683,4499023
20202,1165054000,62147670556,2407780
20202,1165055000,3966298170,85621
20202,1165056000,59133005291,2220405
20202,1165057000,16994745319,706359
20202,1165058000,66969338139,1837251
20202,1165058100,75864699159,2186581
20202,1165059000,46501055473,1825417
20202,1165060000,62706768021,2444096
20202,1165061000,35470959385,1159617
20202,1165062000,22778664878,583131
20202,1165062100,53360123978,2072818
20202,1165065100,89386539216,3665215
20202,1165065200,120208145818,5632908
20202,1165066000,7236699065,207193
20202,1168051000,264831580503,5902670
20202,1168052100,232508805283,6186599
20202,1168053100,142327775979,5592152
20202,1168054500,251002621959,3718988
20202,1168056500,242732801985,4137058
20202,1168058000,308466383973,7184988
20202,1168059000,99566937204,3457591
20202,1168060000,72992945337,2191403
20202,1168061000,119531982069,3259253
20202,1168063000,127644699578,5206022
20202,1168064000,425433150077,18388272
20202,1168065000,86474406460,4716988
20202,1168065500,54505366842,1947187
20202,1168065600,57930350931,2217168
20202,1168066000,116564377,2397
20202,1168067000,17660345313,914029
20202,1168069000,47000646634,2011089
20202,1168070000,25599297389,1199731
20202,1168072000,8859173036,1446383
20202,1168073000,24433443341,1382024
20202,1168074000,2536503386,305822
20202,1168075000,54070261745,2766744
20202,1171051000,10206166346,580222
20202,1171052000,22061843706,1060623
20202,1171053100,10539572638,540715
20202,1171053200,21481978616,1157527
20202,1171054000,18851178725,809523
20202,1171055000,28592716434,1488722
20202,1171056100,31041724364,1281918
20202,1171056200,89380392933,3944131
20202,1171056600,4218707772,347330
20202,1171057000,68623562508,1834097
20202,1171058000,59280613477,1963019
20202,1171059000,21755066313,931862
20202,1171060000,77423686003,4066744
20202,1171061000,57966092664,2746062
20202,1171062000,70133220166,2911675
20202,1171063100,326415736392,6944815
20202,1171063200,43391047269,1801730
20202,1171064100,27302832034,1149974
20202,1171064200,101961736397,4496145
20202,1171064600,27503702327,1212157
20202,1171064700,2934524597,216510
20202,1171065000,117599002824,5385691
20202,1171067000,34209943914,1388144
20202,1171068000,29413737413,1405335
20202,1171069000,7728690296,433065
20202,1171071000,125969962350,3481110
20202,1171072000,4640702466,188988
20202,1174051500,10805445663,607156
20202,1174052000,17928308213,673016
20202,1174053000,46636811175,2445344
20202,1174054000,42422744948,2116858
20202,1174055000,5841219405,272307
20202,1174056000,14180438860,854976
20202,1174057000,32718236157,1832603
20202,1174058000,20197410170,1190507
20202,1174059000,13972323396,853688
20202,1174060000,26112436925,1170279
20202,1174061000,126067397641,4567619
20202,1174062000,31931774064,1327396
20202,1174064000,41056864969,1500059
20202,1174065000,37918816649,1756130
20202,1174066000,60120027169,2504173
20202,1174068500,79825868317,3812539
20202,1174070000,22428908903,1072291
20203,1111051500,17568744854,829066
20203,1111053000,59709509694,3026956
20203,1111054000,21968080921,910674
20203,1111055000,3924824269,224955
20203,1111056000,10447676317,453095
20203,1111057000,4688841954,437383
20203,1111058000,3620465352,233234
20203,1111060000,12475347780,788813
20203,1111061500,369635622932,9539423
20203,1111063000,77366483632,2166688
20203,1111064000,27294700985,2391881
20203,1111065000,39189811079,2230713
20203,1111067000,59361043403,1834115
20203,1111068000,10292613188,492802
20203,1111069000,407489203,33195
20203,1111070000,4000159769,336069
20203,1111071000,20984629502,1325070
20203,1114052000,73766168374,3376142
20203,1114054000,122790077189,3329189
20203,1114055000,179762922398,8574300
20203,1114057000,23395653356,1467847
20203,1114058000,15111831865,520438
20203,1114059000,110048427446,3553863
20203,1114060500,230291272983,5542932
20203,1114061500,48046841900,1890014
20203,1114062500,29207977770,1500861
20203,1114063500,34546718693,1351592
20203,1114064500,13565445835,446581
20203,1114065000,19383729651,908031
20203,1114066500,17892522823,711288
20203,1114067000,45929342938,1325100
20203,1114068000,22661397586,945367
20203,1117051000,19781945445,1103191
20203,1117052000,10823101658,626176
20203,1117053000,38500176730,2000059
20203,1117055500,27773096722,1420311
20203,1117056000,170507745435,1336477
20203,1117057000,90624450335,756602
20203,1117058000,9504635075,584665
20203,1117059000,16688292270,738176
20203,1117062500,993796406105,5051033
20203,1117063000,32869189321,1330654
20203,1117064000,5484999632,318383
20203,1117065000,50476478203,2231745
20203,1117066000,12325967190,465958
20203,1117068500,72839335939,2342097
20203,1117069000,5093985603,75944
20203,1117070000,19017875439,987838
20203,1120052000,8847648660,563710
20203,1120053500,27386658763,1307940
20203,1120054000,18887192077,952587
20203,1120055000,28104003936,2591642
20203,1120056000,35290997810,1576957
20203,1120057000,11987014880,653234
20203,1120058000,1375411810,44425
20203,1120059000,4335201051,178340
20203,1120061500,17042086861,923716
20203,1120062000,8757617367,434319
20203,1120064500,16534762671,1105119
20203,1120065000,21061015073,1210994
20203,1120066000,41041044665,1900549
20203,1120067000,53711931089,14085842
20203,1120069000,87875255403,4590705
20203,1120072000,5069613429,339344
20203,1120079000,30646358317,1586270
20203,1121571000,70303934345,4352343
20203,1121573000,38101378935,2116753
20203,1121574000,44827327897,1696373
20203,1121575000,37008625335,1887383
20203,1121576000,15194673876,973053
20203,1121577000,29757657873,1649607
20203,1121578000,19638116089,817825
20203,1121581000,28076220223,1396241
20203,1121582000,31077421463,1706406
20203,1121583000,15137149236,914260
20203,1121584000,40412928763,2053755
20203,1121584700,32739990951,1820450
20203,1121585000,44669617176,2137576
20203,1121586000,24487368632,1185228
20203,1121587000,139424593396,3154391
20203,1123053600,82249060344,3506246
20203,1123054500,452465697955,11030777
20203,1123056000,27765849266,1581911
20203,1123057000,11517609399,967826
20203,1123060000,24145628706,947231
20203,1123061000,21142503454,1013105
20203,1123065000,106704956368,3162411
20203,1123066000,75316367052,3118020
20203,1123070500,38644925057,1541420
20203,1123071000,22591547258,1518934
20203,1123072000,17212554390,994304
20203,1123073000,13451904780,675386
20203,1123074000,21653179416,2042940
20203,1123075000,6739462600,421521
20203,1126052000,20591301886,1203556
20203,1126054000,10371261656,627177
20203,1126055000,10509959221,386483
20203,1126056500,46765474182,2629314
20203,1126057000,34937924074,2117518
20203,1126057500,29609916540,1717822
20203,1126058000,50821306023,1333503
20203,1126059000,52764055667,2854332
20203,1126060000,12677960145,653568
20203,1126061000,33052973647,1727881
20203,1126062000,28104700565,1457990
20203,1126063000,22470661800,1342381
20203,1126065500,54967087533,2547140
20203,1126066000,11761438523,640713
20203,1126068000,52768876093,1645831
20203,1126069000,23299082805,1199968
20203,1129052500,15702099483,700860
20203,1129055500,42628176279,2323575
20203,1129057500,48934108462,2947076
20203,1129058000,5565431886,199957
20203,1129059000,4736800059,347472
20203,1129060000,28896128842,2423137
20203,1129061000,13283871985,812712
20203,1129062000,9655512078,588407
20203,1129063000,9853448047,567683
20203,1129064000,7434314264,463068
20203,1129065000,17701179505,960093
20203,1129066000,8461037643,369705
20203,1129068500,17533296545,676514
20203,1129070500,28742091123,1716250
20203,1129071500,12894059319,665780
20203,1129072500,21888725093,1373029
20203,1129076000,9399014604,516974
20203,1129077000,12250500611,708817
20203,1129078000,7547957408,315659
20203,1129081000,29912978893,1559984
20203,1130553400,15691360750,924649
20203,1130553500,34211065502,2013118
20203,1130554500,70313729781,2339688
20203,1130555500,34978382046,1769474
20203,1130557500,9631441495,521112
20203,1130559500,57830511785,2335474
20203,1130560300,8408498884,263073
20203,1130560800,11856210439,649417
20203,1130561500,37676625299,1761356
20203,1130562500,20016342021,1173878
20203,1130563500,57199906254,2693717
20203,1130564500,20262660372,966751
20203,1130566000,16652922407,1009095
20203,1132051100,25472595554,1771013
20203,1132051200,18787611453,1060328
20203,1132051300,12002085933,599257
20203,1132051400,21546691950,1248349
20203,1132051500,37860360497,1931013
20203,1132052100,39018248271,1673163
20203,1132052200,10825372813,592977
20203,1132066000,11022339556,834162
20203,1132067000,22000751445,1419663
20203,1132068000,20912141501,1180218
20203,1132068100,9421926827,665100
20203,1132069000,39835223213,1871294
20203,1132070000,41204003739,1395954
20203,1132071000,12757043996,721448
20203,1135056000,18224483824,1163362
20203,1135057000,5071504005,372257
20203,1135058000,5134842908,358252
20203,1135059500,48322757345,2291601
20203,1135060000,30666683347,2160516
20203,1135061100,57070770752,2517624
20203,1135061200,4137452220,213401
20203,1135061900,33016707225,1540520
20203,1135062100,9637727572,458841
20203,1135062400,25895079297,1162564
20203,1135062500,125887394964,4545979
20203,1135063000,35794639753,1956069
20203,1135064000,72286504305,3935460
20203,1135066500,11595984187,610108
20203,1135067000,18194963799,1030869
20203,1135069500,69348218639,2905404
20203,1135070000,10752520238,676907
20203,1135071000,12529732407,721096
20203,1135072000,2695238902,145906
20203,1138051000,27038763971,1253295
20203,1138052000,35699410063,1671582
20203,1138053000,24685180351,1405471
20203,1138055100,36267329519,1999191
20203,1138055200,48123697704,2492309
20203,1138056000,15033481839,829347
20203,1138057000,52766374214,2428095
20203,1138058000,37673090427,1825809
20203,1138059000,8475754258,552810
20203,1138060000,40842530004,2039827
20203,1138062500,36918697992,2075256
20203,1138063100,19438802897,1160155
20203,1138063200,9329756766,492736
20203,1138064000,10295983357,581077
20203,1138065000,3265308004,149663
20203,1138069000,20848060786,820217
20203,1141052000,12495685889,561053
20203,1141055500,11057805954,498389
20203,1141056500,25501957509,1673967
20203,1141058500,94107755166,5376371
20203,1141061500,55020704492,1960372
20203,1141062000,14218499692,760382
20203,1141064000,34677659150,1609920
20203,1141065500,5739589282,309388
20203,1141066000,13659429040,503501
20203,1141068500,15296071677,856108
20203,1141069000,9416568791,418917
20203,1141070000,18730164374,1041942
20203,1141071000,3836376028,223466
20203,1141072000,34545340689,1739610
20203,1144055500,24614028553,1214076
20203,1144056500,36123109801,1464994
20203,1144058500,36700570839,1484340
20203,1144059000,52807004883,2047769
20203,1144060000,46800628741,2275700
20203,1144061000,13298801131,692891
20203,1144063000,18010357718,1090845
20203,1144065500,31208746926,1769532
20203,1144066000,249853906065,11405081
20203,1144068000,62939286311,3193392
20203,1144069000,42381696808,2826507
20203,1144070000,24893854158,1404297
20203,1144071000,29400165824,1441413
20203,1144072000,31035900020,1234639
20203,1144073000,32600366308,2133343
20203,1144074000,67172468865,4443483
20203,1147051000,63727999575,2372619
20203,1147052000,25789005194,1558497
20203,1147053000,36271966606,1562804
20203,1147054000,26208037708,1205047
20203,1147055000,38605498641,1471204
20203,1147056000,23972371907,1328425
20203,1147057000,16243553506,805276
20203,1147058000,6648705946,513518
20203,1147059000,12456983069,730937
20203,1147060000,8974988221,446937
20203,1147061000,11036589537,515149
20203,1147061100,13720378058,801506
20203,1147062000,27117240694,1174982
20203,1147063000,22471118208,742523
20203,1147064000,25782831260,1470378
20203,1147065000,64749814520,2832549
20203,1147067000,8482384157,230820
20203,1147068000,21276768498,919398
20203,1150051000,53202446073,2326966
20203,1150052000,59441690107,2449954
20203,1150053000,7705779935,454935
20203,1150053500,53938470250,2362773
20203,1150054000,63683906284,3970087
20203,1150055000,10774568946,610056
20203,1150056000,23386235344,1265153
20203,1150057000,33782897818,1749306
20203,1150059000,28940387421,1645047
20203,1150059100,32375001233,1801210
20203,1150059300,24033786933,1577774
20203,1150060300,87153905070,4183472
20203,1150060400,27734398145,1371833
20203,1150060500,8114130849,414780
20203,1150061100,164892389523,4618352
20203,1150061500,24473530852,1347671
20203,1150062000,30747168141,1523962
20203,1150063000,42965732606,2314671
20203,1150064000,22307173492,1005276
20203,1150064100,9501163017,706232
20203,1153051000,31129278564,1679213
20203,1153052000,11725913507,609404
20203,1153053000,166736973187,2706162
20203,1153054000,108390799860,6186347
20203,1153055000,38481140190,2069533
20203,1153056000,66986519714,3029004
20203,1153059500,16794128922,1107302
20203,1153072000,47312422372,1654794
20203,1153073000,23436109328,1348438
20203,1153074000,26984902918,1507353
20203,1153075000,21522437006,1307098
20203,1153076000,16587246162,877936
20203,1153077000,31895187203,2245647
20203,1153078000,19851406130,1107694
20203,1153079000,10043968712,716604
20203,1154551000,672872936731,18951587
20203,1154561000,248086345509,3880282
20203,1154562000,18671675750,934855
20203,1154563000,33153667431,1615545
20203,1154564000,15748808107,1000483
20203,1154567000,70436289613,3212183
20203,1154568000,5250271360,135849
20203,1154569000,11517352489,556200
20203,1154570000,10443925651,588663
20203,1154571000,23882268384,1408199
20203,1156051500,26396295494,1900421
20203,1156053500,252512069103,7267806
20203,1156054000,240236368126,9242741
20203,1156055000,128531639049,4083509
20203,1156056000,41424027447,2794605
20203,1156058500,13037666785,786658
20203,1156060500,105869370134,4434218
20203,1156061000,25142446992,1220510
20203,1156062000,71847574946,1317439
20203,1156063000,29023569732,1161179
20203,1156065000,15219333760,908845
20203,1156066000,3206209541,180047
20203,1156067000,8476990527,222047
20203,1156068000,28060969094,1409654
20203,1156069000,7859315285,541158
20203,1156070000,23986032212,1283390
20203,1156071000,28161803673,1208831
20203,1156072000,114488921611,2451984
20203,1159051000,195555004687,6136616
20203,1159052000,569103255901,8946230
20203,1159053000,49471402574,3105430
20203,1159054000,18706478572,1035720
20203,1159055000,27893850319,1211136
20203,1159056000,22807515638,1465368
20203,1159060500,44186152052,2627487
20203,1159062000,49980661695,2273925
20203,1159063000,61573347703,3088802
20203,1159064000,8921717928,452033
20203,1159065000,19124953787,824623
20203,1159065100,4499941457,347426
20203,1159066000,43191778224,2100279
20203,1159067000,15726152575,835714
20203,1159068000,28056368739,1751356
20203,1162052500,21405213500,1324644
20203,1162054500,3240755296,189195
20203,1162056500,7661159279,513461
20203,1162057500,35921484991,1943442
20203,1162058500,39937235395,1984439
20203,1162059500,94347756363,4222111
20203,1162060500,37945940837,1563381
20203,1162061500,31868145640,1759375
20203,1162062500,29637744792,1843571
20203,1162063000,20347868356,1229856
20203,1162064500,45505881362,2811538
20203,1162065500,15074945009,833157
20203,1162066500,16088471739,1241157
20203,1162068500,25357546268,1710406
20203,1162069500,49352893140,2951332
20203,1162071500,2822675251,156356
20203,1162072500,50374104384,1723224
20203,1162073500,27715809675,2802931
20203,1162074500,9805444225,505795
20203,1162076500,20561426223,1021241
20203,1162077500,12437200548,903278
20203,1165051000,58451041110,3120678
20203,1165052000,90859768090,4291198
20203,1165053000,137199939575,5710918
20203,1165053100,144202723772,4539156
20203,1165054000,64216358341,2444044
20203,1165055000,2670735045,75225
20203,1165056000,60759383272,2130713
20203,1165057000,16961086695,641728
20203,1165058000,65273438580,1778025
20203,1165058100,75980733451,2116684
20203,1165059000,42447165437,1748647
20203,1165060000,61969938334,2336722
20203,1165061000,35638442559,1109741
20203,1165062000,21774991203,510028
20203,1165062100,56917059039,2127844
20203,1165065100,88784021719,3520885
20203,1165065200,108889954375,5375836
20203,1165066000,5017347095,194252
20203,1168051000,258911029768,5708266
20203,1168052100,238484531073,6133205
20203,1168053100,144661267908,5624341
20203,1168054500,265947877606,3735891
20203,1168056500,253265854211,4104779
20203,1168058000,305919317149,7118693
20203,1168059000,102782358926,3473467
20203,1168060000,72223973079,2197676
20203,1168061000,134939114971,3631848
20203,1168063000,126333630411,5167375
20203,1168064000,428719108569,18137301
20203,1168065000,90864713918,4638463
20203,1168065500,55051733389,1837243
20203,1168065600,54089774887,2066830
20203,1168066000,48155180,1282
20203,1168067000,17332285369,895992
20203,1168069000,46896706387,1912378
20203,1168070000,25334907048,1168015
20203,1168072000,9761951434,1534269
20203,1168073000,24538551496,1294116
20203,1168074000,2484192376,316608
20203,1168075000,54149279108,2786498
20203,1171051000,10042508512,567755
20203,1171052000,21579065051,1032356
20203,1171053100,14543758632,511084
20203,1171053200,21270286245,1153601
20203,1171054000,18880027623,845998
20203,1171055000,27929591335,1475178
20203,1171056100,29077725912,1229208
20203,1171056200,85214821574,3898222
20203,1171056600,3122944365,319841
20203,1171057000,70364246064,1825769
20203,1171058000,60835270042,1998139
20203,1171059000,21368649628,901485
20203,1171060000,77789507010,3124057
20203,1171061000,58785110068,2723207
20203,1171062000,60863422310,2754436
20203,1171063100,350828795192,6981103
20203,1171063200,44097828311,1917588
20203,1171064100,23923137954,1114050
20203,1171064200,100877093559,4674621
20203,1171064600,25804697037,1079072
20203,1171064700,3087061504,249013
20203,1171065000,115210379995,5187302
20203,1171067000,36383004187,1458375
20203,1171068000,28260710350,1388735
20203,1171069000,8155626768,417535
20203,1171071000,134771955579,3443637
20203,1171072000,4531473086,140233
20203,1174051500,11053057400,610060
20203,1174052000,16248075818,580788
20203,1174053000,44519783129,2372894
20203,1174054000,38551881232,1883861
20203,1174055000,4980840157,237815
20203,1174056000,14032658389,788771
20203,1174057000,31574174649,1779559
20203,1174058000,19112092122,947956
20203,1174059000,13510650782,819791
20203,1174060000,21520221729,1106185
20203,1174061000,117195987535,4319596
20203,1174062000,27886343780,1232069
20203,1174064000,39693709158,1448624
20203,1174065000,33784327384,1653552
20203,1174066000,60286043707,2439956
20203,1174068500,81371098170,3810071
20203,1174070000,22082100367,1008204
20204,1111051500,18070526330,804644
20204,1111053000,61140772889,2861421
20204,1111054000,24055072606,992296
20204,1111055000,3921886610,241577
20204,1111056000,8877030052,407215
20204,1111057000,5095970488,438640
20204,1111058000,5406209691,277553
20204,1111060000,13781327632,815824
20204,1111061500,378967201451,8737623
20204,1111063000,83620763578,2076311
20204,1111064000,26615308504,2191013
20204,1111065000,39345120212,2180486
20204,1111067000,72623875544,2124856
20204,1111068000,9711193426,460983
20204,1111069000,401911145,45783
20204,1111070000,4042394658,346105
20204,1111071000,21946415747,1312524
20204,1114052000,73090401659,3123772
20204,1114054000,135010670014,3178708
20204,1114055000,180890218926,8039662
20204,1114057000,23544708664,1407155
20204,1114058000,16862741403,477547
20204,1114059000,109001754870,3379724
20204,1114060500,252655436974,5299061
20204,1114061500,53277846687,1779467
20204,1114062500,28766352352,1366568
20204,1114063500,32089177022,1227056
20204,1114064500,13632695961,397595
20204,1114065000,18781669195,694741
20204,1114066500,16202096271,684936
20204,1114067000,40966957948,1258846
20204,1114068000,28994466103,886669
20204,1117051000,17918620912,1011729
20204,1117052000,11252158939,591172
20204,1117053000,36509427172,1863753
20204,1117055500,27181740999,1387569
20204,1117056000,182609023485,1602566
20204,1117057000,93856453570,691916
20204,1117058000,9187308038,553205
20204,1117059000,16617182303,678121
20204,1117062500,1025149322160,5066315
20204,1117063000,31390074829,1246915
20204,1117064000,6019954619,288639
20204,1117065000,53620595920,2138039
20204,1117066000,11551515445,413192
20204,1117068500,74300526731,2165883
20204,1117069000,3192938911,72440
20204,1117070000,17444408305,922842
20204,1120052000,8671722235,553768
20204,1120053500,27383628108,1183240
20204,1120054000,20200910622,882833
20204,1120055000,26746558774,2581173
20204,1120056000,34980291047,1467228
20204,1120057000,11360824099,599690
20204,1120058000,1479744037,39754
20204,1120059000,5511874758,183721
20204,1120061500,16372294057,867031
20204,1120062000,8684645666,418722
20204,1120064500,16552874662,1020755
20204,1120065000,20422507212,1097370
20204,1120066000,46720346941,1796271
20204,1120067000,55298252424,12700141
20204,1120069000,93179214339,4158887
20204,1120072000,5027855422,323329
20204,1120079000,30485970969,1525507
20204,1121571000,66575749122,3960929
20204,1121573000,36931361425,2037336
20204,1121574000,40111589785,1589330
20204,1121575000,34171314473,1786537
20204,1121576000,14785873248,915511
20204,1121577000,33440475017,1556618
20204,1121578000,18211919973,756110
20204,1121581000,27217031975,1247392
20204,1121582000,29983590124,1600507
20204,1121583000,14801149488,853417
20204,1121584000,38569017348,1887142
20204,1121584700,30865234433,1678424
20204,1121585000,47927455132,2024620
20204,1121586000,24784153712,1146267
20204,1121587000,142946743339,3016129
20204,1123053600,82172599920,3437682
20204,1123054500,405904610689,9886914
20204,1123056000,28885614799,1729243
20204,1123057000,11557013361,948609
20204,1123060000,25162065399,932311
20204,1123061000,20124957142,1008353
20204,1123065000,110946764627,3092870
20204,1123066000,73090226620,2939158
20204,1123070500,35832236588,1452115
20204,1123071000,22853477691,1548528
20204,1123072000,16610323077,909272
20204,1123073000,13004339074,624516
20204,1123074000,21030719209,2011021
20204,1123075000,6888008718,442812
20204,1126052000,19650911397,1204110
20204,1126054000,10713399323,651337
20204,1126055000,9431136854,359336
20204,1126056500,44476575625,2437176
20204,1126057000,34897110668,2027046
20204,1126057500,27478983283,1601890
20204,1126058000,50509575315,1140967
20204,1126059000,52267744530,2710002
20204,1126060000,13614078325,596978
20204,1126061000,31867482547,1811017
20204,1126062000,28416206434,1370940
20204,1126063000,23065515369,1287979
20204,1126065500,53780183284,2430925
20204,1126066000,11759371518,585012
20204,1126068000,53024707654,1594898
20204,1126069000,22194920529,1150851
20204,1129052500,15644152680,655270
20204,1129055500,44959856271,2261535
20204,1129057500,48410339993,2751183
20204,1129058000,5922446951,200504
20204,1129059000,4795432216,355533
20204,1129060000,27512887416,2268780
20204,1129061000,12343065915,688211
20204,1129062000,9046147370,547235
20204,1129063000,11862677680,527919
20204,1129064000,7581139540,459344
20204,1129065000,17606624804,936195
20204,1129066000,8247776501,366746
20204,1129068500,19568381743,655742
20204,1129070500,29836918074,2175860
20204,1129071500,12711401885,621301
20204,1129072500,22465090786,1324349
20204,1129076000,8243611490,500141
20204,1129077000,11920193290,654958
20204,1129078000,7335308951,297883
20204,1129081000,28543402850,1470247
20204,1130553400,14880923651,873050
20204,1130553500,34818079557,1953829
20204,1130554500,74776526864,2289342
20204,1130555500,34365638829,1726668
20204,1130557500,9563568592,504626
20204,1130559500,56263125899,2106646
20204,1130560300,8218259798,260885
20204,1130560800,11163052112,612790
20204,1130561500,38860215714,1699237
20204,1130562500,21259759301,1133389
20204,1130563500,55627658918,2575166
20204,1130564500,17598903874,819502
20204,1130566000,15928939428,920798
20204,1132051100,24297204560,1652284
20204,1132051200,19009741012,1040546
20204,1132051300,10597428688,577036
20204,1132051400,19803571591,1150376
20204,1132051500,36370542216,1832563
20204,1132052100,47783782917,1623083
20204,1132052200,10508764841,578447
20204,1132066000,10379324071,777360
20204,1132067000,22319490489,1368192
20204,1132068000,20185839784,1104050
20204,1132068100,9983522272,644391
20204,1132069000,39840607298,1731217
20204,1132070000,40296312012,1367410
20204,1132071000,10916096974,661440
20204,1135056000,18249663617,1188918
20204,1135057000,4622867121,352442
20204,1135058000,5055440779,342300
20204,1135059500,50419710431,2202801
20204,1135060000,29750856836,2179767
20204,1135061100,56074303509,2225307
20204,1135061200,3733956649,193184
20204,1135061900,34427278336,1535534
20204,1135062100,9755478986,426586
20204,1135062400,25440402766,1097137
20204,1135062500,123525093934,3763177
20204,1135063000,34164807038,1873499
20204,1135064000,75115856163,3532457
20204,1135066500,10411296786,592025
20204,1135067000,18648763523,965220
20204,1135069500,67564189511,2773154
20204,1135070000,10445416248,650479
20204,1135071000,12585909261,697926
20204,1135072000,2452276798,132989
20204,1138051000,34489197177,1202588
20204,1138052000,37334310015,1572946
20204,1138053000,23649367596,1323830
20204,1138055100,35327492311,1949800
20204,1138055200,47200427897,2410643
20204,1138056000,14737937881,814062
20204,1138057000,52017310597,2217501
20204,1138058000,35141834528,1678970
20204,1138059000,8356146132,566538
20204,1138060000,39501896523,1914807
20204,1138062500,31287055321,1961835
20204,1138063100,19056765441,1169778
20204,1138063200,9469871163,481069
20204,1138064000,9650935030,533341
20204,1138065000,3443423629,169267
20204,1138069000,22507737993,820027
20204,1141052000,13177215894,578528
20204,1141055500,11044388624,492121
20204,1141056500,27258337627,1659799
20204,1141058500,93078602477,5019037
20204,1141061500,52397703087,1825510
20204,1141062000,13295792689,709536
20204,1141064000,36596972152,1604548
20204,1141065500,5698916578,312889
20204,1141066000,12014659300,503566
20204,1141068500,13554017963,790684
20204,1141069000,10677267024,421871
20204,1141070000,18089090142,1030903
20204,1141071000,3645510213,201450
20204,1141072000,34490769464,1637709
20204,1144055500,25642714898,1128052
20204,1144056500,36921119773,1341962
20204,1144058500,34328031517,1383488
20204,1144059000,56586253864,1953752
20204,1144060000,53975618569,2168140
20204,1144061000,12256001814,621350
20204,1144063000,19799137947,985076
20204,1144065500,29069612489,1609491
20204,1144066000,237406392760,10299458
20204,1144068000,57715499813,2893116
20204,1144069000,39378313333,2588677
20204,1144070000,24177508207,1292787
20204,1144071000,29537830891,1302289
20204,1144072000,29266098973,1153907
20204,1144073000,33885926010,2010607
20204,1144074000,65075188152,4137744
20204,1147051000,58144424093,2131709
20204,1147052000,24879267113,1483657
20204,1147053000,31434091711,1473142
20204,1147054000,25891936653,1121715
20204,1147055000,38562537896,1400119
20204,1147056000,23009606254,1256487
20204,1147057000,15910182480,794202
20204,1147058000,6500684717,464241
20204,1147059000,11859976834,701206
20204,1147060000,9286541963,415777
20204,1147061000,11829353939,542444
20204,1147061100,13970102638,810899
20204,1147062000,27570440814,1160795
20204,1147063000,21243153841,732706
20204,1147064000,24776740316,1433389
20204,1147065000,63725387903,2720477
20204,1147067000,8766978758,219893
20204,1147068000,20671869425,885519
20204,1150051000,47141035228,2166749
20204,1150052000,58700378957,2166346
20204,1150053000,8821447033,512860
20204,1150053500,57576373007,2273352
20204,1150054000,63465662253,3670475
20204,1150055000,10125823507,560576
20204,1150056000,21662532118,1123799
20204,1150057000,32789056756,1649707
20204,1150059000,27887033794,1600514
20204,1150059100,29379572839,1642322
20204,1150059300,23290788055,1571327
20204,1150060300,85822054433,3942695
20204,1150060400,24440125836,1304471
20204,1150060500,7218152800,379373
20204,1150061100,180818783857,4855900
20204,1150061500,23666419130,1271179
20204,1150062000,34371573461,1456154
20204,1150063000,40184070589,2147180
20204,1150064000,20424258140,912486
20204,1150064100,8845033709,599744
20204,1153051000,31260014869,1518311
20204,1153052000,11437760579,622961
20204,1153053000,170450149214,2780218
20204,1153054000,130402949061,5729289
20204,1153055000,36871514115,1965522
20204,1153056000,66315526353,3030665
20204,1153059500,15553569044,1019154
20204,1153072000,48097247405,1533283
20204,1153073000,22558416636,1296616
20204,1153074000,24506976280,1465889
20204,1153075000,21811945543,1228080
20204,1153076000,15041915754,800976
20204,1153077000,31708660218,2141138
20204,1153078000,19433846486,1097818
20204,1153079000,9050613901,636670
20204,1154551000,735866478794,16718517
20204,1154561000,219991829140,3598491
20204,1154562000,17415012593,910054
20204,1154563000,31376983218,1507314
20204,1154564000,15111523863,917944
20204,1154567000,68961432458,2960718
20204,1154568000,5416530401,132738
20204,1154569000,10568668901,520049
20204,1154570000,9796831215,577987
20204,1154571000,23354017354,1340325
20204,1156051500,25231041152,1780239
20204,1156053500,232775960158,6871858
20204,1156054000,242949550497,8427547
20204,1156055000,98645014869,3481204
20204,1156056000,39273171130,2477821
20204,1156058500,12336646571,759493
20204,1156060500,113226946707,4169223
20204,1156061000,26628415993,1183289
20204,1156062000,67897054211,1259554
20204,1156063000,27317113302,1086398
20204,1156065000,16087068835,922514
20204,1156066000,3445444753,226177
20204,1156067000,7945939189,195811
20204,1156068000,27381617344,1347817
20204,1156069000,7275162847,455179
20204,1156070000,23400165920,1244177
20204,1156071000,26688583738,1132186
20204,1156072000,114145277897,2223353
20204,1159051000,265018967714,6769106
20204,1159052000,826982750142,12492196
20204,1159053000,51661149384,2975014
20204,1159054000,17858168644,1005684
20204,1159055000,30052912625,1420535
20204,1159056000,21400560322,1358930
20204,1159060500,41669311593,2500495
20204,1159062000,46240259580,1983832
20204,1159063000,57776018835,2776019
20204,1159064000,7718659746,414813
20204,1159065000,19001735092,804046
20204,1159065100,3980328096,302875
20204,1159066000,41795737861,2022413
20204,1159067000,15660235797,830055
20204,1159068000,28077041738,1620120
20204,1162052500,21464805744,1236720
20204,1162054500,3103014585,177925
20204,1162056500,7502232952,474453
20204,1162057500,35256164754,1808362
20204,1162058500,37855823344,1781209
20204,1162059500,104176105708,4144913
20204,1162060500,34518172875,1496944
20204,1162061500,30352395273,1622147
20204,1162062500,28577728313,1824401
20204,1162063000,19096908974,1133967
20204,1162064500,42239580347,2563746
20204,1162065500,13393383705,769508
20204,1162066500,14849998521,1129503
20204,1162068500,26643773387,1668348
20204,1162069500,48339376834,2715428
20204,1162071500,2896691984,155872
20204,1162072500,42655267459,1600087
20204,1162073500,25090719016,2527000
20204,1162074500,9904714510,491573
20204,1162076500,20781234659,955459
20204,1162077500,12524795126,920848
20204,1165051000,60364933428,2730128
20204,1165052000,90533514734,4037486
20204,1165053000,139628059253,5396671
20204,1165053100,144491267081,4006546
20204,1165054000,60468007826,2191181
20204,1165055000,3550667899,94452
20204,1165056000,54671176060,1893223
20204,1165057000,16182218301,572925
20204,1165058000,66541272764,1585315
20204,1165058100,74606278361,1949788
20204,1165059000,44920964671,1642391
20204,1165060000,63194686906,2245466
20204,1165061000,32737074165,1009010
20204,1165062000,21697735643,462945
20204,1165062100,53388673855,1953806
20204,1165065100,85625204753,3330703
20204,1165065200,111520198445,5098628
20204,1165066000,5173085223,184411
20204,1168051000,250103781057,5150391
20204,1168052100,237573493478,5665599
20204,1168053100,160950007529,5437528
20204,1168054500,275595121894,3352567
20204,1168056500,269630534859,3909294
20204,1168058000,309672689981,6528056
20204,1168059000,104762088253,3293191
20204,1168060000,67431197205,2060693
20204,1168061000,151074224605,3288181
20204,1168063000,116941990850,4791646
20204,1168064000,420872697352,16142320
20204,1168065000,95236497594,4308262
20204,1168065500,52589062603,1710205
20204,1168065600,52765812113,1858222
20204,1168066000,32937046,1056
20204,1168067000,15654265035,836803
20204,1168069000,47737215012,1829168
20204,1168070000,24394238011,1060248
20204,1168072000,9362499952,1458748
20204,1168073000,22304422343,1223764
20204,1168074000,2322331329,279666
20204,1168075000,54521227591,2558101
20204,1171051000,9982038041,547169
20204,1171052000,21801641785,963329
20204,1171053100,9394649911,476142
20204,1171053200,20917871142,1183452
20204,1171054000,17861267218,797343
20204,1171055000,28840162744,1439927
20204,1171056100,27676636225,1127570
20204,1171056200,80489899009,3723677
20204,1171056600,2907729434,268853
20204,1171057000,67828834046,1697501
20204,1171058000,59199062932,1880243
20204,1171059000,20706597009,817879
20204,1171060000,82961586076,3551695
20204,1171061000,54428484404,2587883
20204,1171062000,65762786261,2628515
20204,1171063100,324923918410,6767998
20204,1171063200,43093106542,1833393
20204,1171064100,26137290476,1034948
20204,1171064200,111225567463,4502199
20204,1171064600,22880202297,1017518
20204,1171064700,3285409256,267158
20204,1171065000,106498296029,4840201
20204,1171067000,34179004480,1369587
20204,1171068000,31227991571,1295879
20204,1171069000,7551051838,381532
20204,1171071000,141430057671,3256075
20204,1171072000,3971076620,126211
20204,1174051500,10296024108,584305
20204,1174052000,16778071104,572058
20204,1174053000,42132086921,2168134
20204,1174054000,38209553746,1807461
20204,1174055000,5267443163,260288
20204,1174056000,15378732620,809880
20204,1174057000,29362445385,1674950
20204,1174058000,17588810677,878370
20204,1174059000,13056698549,789048
20204,1174060000,22870083649,1131726
20204,1174061000,114661791149,3946596
20204,1174062000,27974773627,1182928
20204,1174064000,40317361943,1392776
20204,1174065000,33489135641,1684637
20204,1174066000,56571373741,2317036
20204,1174068500,81916509356,3759932
20204,1174070000,22512674114,952339
20211,1111051500,20399790801,882334
20211,1111053000,68038165369,3405262
20211,1111054000,25806139358,1004652
20211,1111055000,5805538667,226357
20211,1111056000,9948492638,408991
20211,1111057000,7372282834,477826
20211,1111058000,8285065957,362996
20211,1111060000,16491876630,974636
20211,1111061500,438821284360,10315770
20211,1111063000,85830238734,2545299
20211,1111064000,26911507520,2328988
20211,1111065000,37363474988,2160453
20211,1111067000,69019374188,2036440
20211,1111068000,10769525796,514458
20211,1111069000,361578901,30495
20211,1111070000,3233666901,202459
20211,1111071000,23587930197,1156376
20211,1114052000,114207649691,4252278
20211,1114054000,162927139667,4726926
20211,1114055000,170081707521,8086235
20211,1114057000,25005092807,1483650
20211,1114058000,18099318066,480358
20211,1114059000,117748934677,3612168
20211,1114060500,217700532494,7251953
20211,1114061500,53307254349,2044942
20211,1114062500,34948033929,1311252
20211,1114063500,25236421964,1339852
20211,1114064500,10409551886,340572
20211,1114065000,19771657181,919713
20211,1114066500,15364208623,748799
20211,1114067000,43200646415,1355549
20211,1114068000,20233638701,795639
20211,1117051000,20226051872,1187363
20211,1117052000,12049024913,735601
20211,1117053000,40925109946,2119854
20211,1117055500,34178393012,2294401
20211,1117056000,164769575195,1972367
20211,1117057000,48530842872,580815
20211,1117058000,11117519028,427553
20211,1117059000,22419886605,1074232
20211,1117062500,941683974668,4745699
20211,1117063000,32574421483,1169524
20211,1117064000,5193693787,215771
20211,1117065000,48618153835,2001099
20211,1117066000,13351579532,581398
20211,1117068500,72175593150,2006584
20211,1117069000,4809396701,190074
20211,1117070000,16679313077,882582
20211,1120052000,9971197267,440988
20211,1120053500,30435587630,1168279
20211,1120054000,24874890606,1091904
20211,1120055000,30070432558,3177241
20211,1120056000,32522169871,1433291
20211,1120057000,5161479525,295565
20211,1120058000,2271844352,117665
20211,1120059000,8447023181,266831
20211,1120061500,17098384301,846224
20211,1120062000,11526188522,515972
20211,1120064500,8206940641,247204
20211,1120065000,20750431471,909962
20211,1120066000,48265202631,1857937
20211,1120067000,46822000526,2314426
20211,1120069000,84569285557,4350765
20211,1120072000,6708175304,360846
20211,1120079000,24523426119,1443114
20211,1121571000,67600647372,4068155
20211,1121573000,33265511592,1653661
20211,1121574000,41370434921,1643144
20211,1121575000,36529193828,1715133
20211,1121576000,17626158173,1201364
20211,1121577000,30248275234,1512967
20211,1121578000,23328321092,830603
20211,1121581000,30787430290,1336361
20211,1121582000,33329438621,1870425
20211,1121583000,16668258961,922098
20211,1121584000,30597871496,1497038
20211,1121584700,32394804971,1645405
20211,1121585000,50936033990,2093502
20211,1121586000,26441329019,1369351
20211,1121587000,132596173045,2885163
20211,1123053600,84288391989,3488616
20211,1123054500,526560431604,12299617
20211,1123056000,45020327089,2176155
20211,1123057000,14250896736,865444
20211,1123060000,28790131432,921020
20211,1123061000,25265687323,1302503
20211,1123065000,102542921390,3180369
20211,1123066000,79746988720,3591848
20211,1123070500,44212889086,1677194
20211,1123071000,25598166148,1642632
20211,1123072000,15429677305,781398
20211,1123073000,14180255614,646770
20211,1123074000,20729392690,1731355
20211,1123075000,7197136911,470693
20211,1126052000,23737975318,1204153
20211,1126054000,12575176638,846316
20211,1126055000,7185475498,267628
20211,1126056500,50570728330,2913424
20211,1126057000,36699236159,1937418
20211,1126057500,31127168342,1819220
20211,1126058000,11229425411,717348
20211,1126059000,48697249597,2421272
20211,1126060000,14272116279,697649
20211,1126061000,34503387492,1929379
20211,1126062000,29404240535,1297852
20211,1126063000,26280089019,1638930
20211,1126065500,60529345121,2924192
20211,1126066000,15966136508,810513
20211,1126068000,33540824443,1385394
20211,1126069000,22085430611,1192143
20211,1129052500,23766338636,898294
20211,1129055500,47447611389,2146558
20211,1129057500,52853490017,2800619
20211,1129058000,7403397346,175848
20211,1129059000,6148795785,391849
20211,1129060000,27790449389,2285719
20211,1129061000,13166766906,671531
20211,1129062000,8589791422,523816
20211,1129063000,12606336573,656181
20211,1129064000,8405209089,529693
20211,1129065000,19810912722,1068411
20211,1129066000,9122975537,450043
20211,1129068500,19962088141,874393
20211,1129070500,32129563901,2209836
20211,1129071500,15943292676,933950
20211,1129072500,27828481193,1491301
20211,1129076000,9084261130,614587
20211,1129077000,11361925413,508959
20211,1129078000,8318823690,367110
20211,1129081000,32730550235,1583159
20211,1130553400,15963549407,992962
20211,1130553500,37624751201,1994068
20211,1130554500,73861945721,2665143
20211,1130555500,38215867294,1948000
20211,1130557500,11381033860,611192
20211,1130559500,55151542370,1924594
20211,1130560300,7530798067,351643
20211,1130560800,12133800126,683340
20211,1130561500,46305958514,2085133
20211,1130562500,20143993140,1176976
20211,1130563500,68877362401,3545462
20211,1130564500,22606455865,1093006
20211,1130566000,18540970953,1031003
20211,1132051100,24240769829,1460292
20211,1132051200,20486409452,1204882
20211,1132051300,13981688220,714651
20211,1132051400,16592036021,941827
20211,1132051500,51996927953,2377871
20211,1132052100,44706686387,1801012
20211,1132052200,9856298350,527065
20211,1132066000,12852158964,895044
20211,1132067000,25571217542,1329925
20211,1132068000,27076120984,1480445
20211,1132068100,11034381950,620614
20211,1132069000,43575214549,1999027
20211,1132070000,43639491033,1511310
20211,1132071000,11864689079,652983
20211,1135056000,18913263426,1180367
20211,1135057000,5110426774,289424
20211,1135058000,7418454807,458842
20211,1135059500,49398185684,2536721
20211,1135060000,31993800554,2157920
20211,1135061100,56441262132,2411283
20211,1135061200,3223339853,201255
20211,1135061900,35949722726,1461390
20211,1135062100,9496751451,440676
20211,1135062400,28389513316,1309241
20211,1135062500,43463561340,1875904
20211,1135063000,39876893274,2327476
20211,1135064000,75155551604,3706099
20211,1135066500,12411348395,827495
20211,1135067000,23980146931,1297700
20211,1135069500,79333761320,3119870
20211,1135070000,10228026743,540789
20211,1135071000,16283581475,908829
20211,1135072000,4491783209,223378
20211,1138051000,36662810543,1371229
20211,1138052000,46645352927,2036589
20211,1138053000,28193574390,1533886
20211,1138055100,40568214146,2373571
20211,1138055200,50043906264,2343741
20211,1138056000,16439000477,824679
20211,1138057000,58305868097,2833602
20211,1138058000,36772128576,1698323
20211,1138059000,19329324727,1033819
20211,1138060000,41501858932,2254455
20211,1138062500,33429624030,1948251
20211,1138063100,20465062895,1298922
20211,1138063200,11945046475,691528
20211,1138064000,10593832514,613888
20211,1138065000,3580224812,169675
20211,1138069000,23056310930,863331
20211,1141052000,17780724242,722727
20211,1141055500,12378838877,499823
20211,1141056500,28298739831,1647784
20211,1141058500,96146696657,5232039
20211,1141061500,50386577423,1887427
20211,1141062000,20037742825,967222
20211,1141064000,46367816396,2136268
20211,1141065500,6653154753,561891
20211,1141066000,20839678142,906053
20211,1141068500,17206123381,801123
20211,1141069000,9161730537,381097
20211,1141070000,24382979039,1469820
20211,1141071000,4275655004,208620
20211,1141072000,32816926455,1552195
20211,1144055500,25930040955,1112736
20211,1144056500,42693372707,1662476
20211,1144058500,37181207523,1490753
20211,1144059000,63323879087,2320370
20211,1144060000,49196593855,2072647
20211,1144061000,14220448259,803255
20211,1144063000,17602876598,810985
20211,1144065500,27910482997,1491275
20211,1144066000,250379907349,10823357
20211,1144068000,47129025826,2158000
20211,1144069000,43241015707,2686390
20211,1144070000,26152629436,1367874
20211,1144071000,33930049953,1480177
20211,1144072000,26918270955,1045275
20211,1144073000,29678485811,1940247
20211,1144074000,62960851182,4185149
20211,1147051000,66492227429,2532851
20211,1147052000,27585739596,1553001
20211,1147053000,33253455647,1796200
20211,1147054000,29566625902,1379101
20211,1147055000,50916240189,1486987
20211,1147056000,30730514504,1484665
20211,1147057000,16318032368,829729
20211,1147058000,9139420288,628405
20211,1147059000,13869497540,765233
20211,1147060000,13085041258,706441
20211,1147061000,13978165642,613866
20211,1147061100,13965266522,846576
20211,1147062000,28392964205,1228242
20211,1147063000,26961154297,1052879
20211,1147064000,31623130704,1985035
20211,1147065000,69715403583,2995511
20211,1147067000,8611795844,243743
20211,1147068000,29082165170,1415894
20211,1150051000,43376316103,2481696
20211,1150052000,69041750290,2766755
20211,1150053000,10702431463,436905
20211,1150053500,57442722751,2289679
20211,1150054000,71624130084,3888586
20211,1150055000,12115108209,620489
20211,1150056000,26713883381,1325450
20211,1150057000,38107709924,1940865
20211,1150059000,35900292695,1846798
20211,1150059100,32598029533,1721251
20211,1150059300,33378655843,1962487
20211,1150060300,87746144069,3414648
20211,1150060400,20560553439,1031803
20211,1150060500,8897510459,556226
20211,1150061100,185373672943,4685913
20211,1150061500,25264716298,1118503
20211,1150062000,32852382614,1810826
20211,1150063000,55854188504,2616625
20211,1150064000,27032426007,1232734
20211,1150064100,9962555345,789466
20211,1153051000,29153292803,1349315
20211,1153052000,10216073151,610472
20211,1153053000,178409164524,3140169
20211,1153054000,110767255099,6448692
20211,1153055000,42618483675,2233957
20211,1153056000,72556138193,2943483
20211,1153059500,19495075681,1230657
20211,1153072000,48531488742,1660185
20211,1153073000,25683253637,1384128
20211,1153074000,28039466271,1508129
20211,1153075000,23946528728,1335921
20211,1153076000,17132078935,860156
20211,1153077000,31714488743,2147347
20211,1153078000,19511399784,1038892
20211,1153079000,11936490147,790634
20211,1153080000,173704679,24410
20211,1154551000,708362929724,19188770
20211,1154561000,256723252389,4220004
20211,1154562000,22543339011,1234099
20211,1154563000,35852545293,1707899
20211,1154564000,14949736984,898198
20211,1154567000,76375392025,3245521
20211,1154568000,3892379022,131574
20211,1154569000,11751439017,536584
20211,1154570000,12046906278,698215
20211,1154571000,25890920434,1430317
20211,1156051500,43396333637,2746401
20211,1156053500,223307372869,7150821
20211,1156054000,257328979780,10062281
20211,1156055000,143042962766,4366150
20211,1156056000,47764104679,2583518
20211,1156058500,13139956739,578583
20211,1156060500,103805862349,3422034
20211,1156061000,23523453582,1355776
20211,1156062000,73382244998,1605638
20211,1156063000,32137732167,1318334
20211,1156065000,19633363885,931072
20211,1156066000,6135987990,336057
20211,1156067000,8701136485,337984
20211,1156068000,31804904941,1725566
20211,1156069000,10805078025,535633
20211,1156070000,27861286398,1421598
20211,1156071000,33655340764,1435908
20211,1156072000,139183126820,2205871
20211,1159051000,280777709066,7015706
20211,1159052000,858923300125,12601414
20211,1159053000,52133115360,2371815
20211,1159054000,19708648708,1076950
20211,1159055000,34530439611,1833830
20211,1159056000,20234083938,1170230
20211,1159060500,43070373556,2589903
20211,1159062000,46216195507,2004005
20211,1159063000,63870477521,3438023
20211,1159064000,9225832057,470130
20211,1159065000,20400167889,903180
20211,1159065100,4279380156,323112
20211,1159066000,44005119027,1811026
20211,1159067000,14260017754,836952
20211,1159068000,33403867337,2117673
20211,1162052500,24413980016,1564282
20211,1162054500,4050020748,171981
20211,1162056500,27656579887,1081602
20211,1162057500,39306297883,2063585
20211,1162058500,39855496948,1731786
20211,1162059500,78307449238,3642355
20211,1162060500,37727502451,1585147
20211,1162061500,34329347858,1621129
20211,1162062500,34776784492,2156192
20211,1162063000,21314129829,1199075
20211,1162064500,42828156788,2675728
20211,1162065500,17233414658,1064733
20211,1162066500,15512052501,1212762
20211,1162068500,26659022870,1780415
20211,1162069500,57844888934,3196757
20211,1162071500,4992528693,328910
20211,1162072500,58957941988,2082827
20211,1162073500,31200306342,3288716
20211,1162074500,11433742511,598045
20211,1162076500,23639551790,1173634
20211,1162077500,16207865483,1284883
20211,1165051000,61017460274,2658514
20211,1165052000,109350308869,4459827
20211,1165053000,149928515874,5789012
20211,1165053100,173614229519,4043870
20211,1165054000,66081490601,1890082
20211,1165055000,2923298960,38938
20211,1165056000,62869634153,2075710
20211,1165057000,14027137537,438837
20211,1165058000,79000941794,2412627
20211,1165058100,79947314354,1846446
20211,1165059000,47030261286,1749758
20211,1165060000,55703964944,1915214
20211,1165061000,32363169410,1192776
20211,1165062000,24442237085,678432
20211,1165062100,51720235242,1748714
20211,1165065100,89069566885,3268167
20211,1165065200,115208502594,5475838
20211,1165066000,5711310375,178683
20211,1168051000,250025314389,4532929
20211,1168052100,249414169802,5739343
20211,1168053100,158390599674,5079813
20211,1168054500,305430188484,4545310
20211,1168056500,236544444638,3350740
20211,1168058000,246013634369,7400233
20211,1168059000,83187676602,3267118
20211,1168060000,95011483127,2451021
20211,1168061000,158612937094,3631882
20211,1168063000,172295367023,5820919
20211,1168064000,457377634218,19306403
20211,1168065000,97957847003,4719524
20211,1168065500,61847362346,2259396
20211,1168065600,56453348842,2061535
20211,1168066000,275992420,7101
20211,1168067000,19697708250,911404
20211,1168069000,53153566802,2150221
20211,1168070000,27209609640,1107738
20211,1168072000,9912140890,1449865
20211,1168073000,22957057240,1047340
20211,1168074000,2992894143,296229
20211,1168075000,46978191988,3109095
20211,1171051000,10525383011,529670
20211,1171052000,26449910814,966720
20211,1171053100,15909949329,692565
20211,1171053200,21202641919,1142781
20211,1171054000,38817023418,806235
20211,1171055000,35242045724,1759188
20211,1171056100,31678329946,1012695
20211,1171056200,87391451223,3742011
20211,1171056600,3463877070,220619
20211,1171057000,73646265823,1951316
20211,1171058000,62309254344,1941868
20211,1171059000,29536042976,923398
20211,1171060000,78690477812,3289010
20211,1171061000,66733844212,2776733
20211,1171062000,64495413608,2827391
20211,1171063100,318727638298,6236188
20211,1171063200,52572527335,2271775
20211,1171064100,23688645399,942891
20211,1171064200,147378772851,5427912
20211,1171064600,29455574030,1203812
20211,1171064700,4178523979,322808
20211,1171065000,123921523799,4867695
20211,1171067000,40320562088,1635467
20211,1171068000,43075962876,1773270
20211,1171069000,9771419668,540763
20211,1171071000,126582763701,2962878
20211,1171072000,5770338432,259923
20211,1174051500,9871524861,489157
20211,1174052000,19378234691,703487
20211,1174053000,48478627165,2321009
20211,1174054000,55240452771,2442675
20211,1174055000,12862326015,487560
20211,1174056000,19111825659,1010128
20211,1174057000,32246598796,1838414
20211,1174058000,19506472042,904175
20211,1174059000,12222371710,604504
20211,1174060000,22538389721,1164276
20211,1174061000,125219421260,4017573
20211,1174062000,32255218680,1494461
20211,1174064000,40553464886,1388783
20211,1174065000,42438612623,1933369
20211,1174066000,67229495922,2638962
20211,1174068500,85728217357,4199366
20211,1174070000,25460361631,1077459
20212,1111051500,24633583996,1137675
20212,1111053000,82363328679,4249343
20212,1111054000,35567521723,1453756
20212,1111055000,7098262378,294769
20212,1111056000,12168737455,478329
20212,1111057000,7882363450,554531
20212,1111058000,9241537534,423047
20212,1111060000,20894777010,1188525
20212,1111061500,489655836470,13003944
20212,1111063000,102790481867,3172180
20212,1111064000,30871160052,2693731
20212,1111065000,42976679046,2575269
20212,1111067000,71659001314,2609018
20212,1111068000,12152333249,580483
20212,1111069000,457602393,37730
20212,1111070000,3818504421,239421
20212,1111071000,29457235759,1511429
20212,1114052000,117497850157,4745882
20212,1114054000,196587089282,6044718
20212,1114055000,197805011515,9622317
20212,1114057000,29103984487,1864093
20212,1114058000,22539791856,583474
20212,1114059000,114530519813,4259295
20212,1114060500,225574171574,7784511
20212,1114061500,67353202046,2535408
20212,1114062500,35881696640,1472780
20212,1114063500,25559646363,1403956
20212,1114064500,11720336211,409692
20212,1114065000,23781056701,1225344
20212,1114066500,19594699390,877317
20212,1114067000,53261869084,1505514
20212,1114068000,22535619900,936581
20212,1117051000,20898171844,1321628
20212,1117052000,14230856338,907133
20212,1117053000,48395298001,2405240
20212,1117055500,39369748949,2812083
20212,1117056000,173183560922,2423004
20212,1117057000,55686721185,712282
20212,1117058000,10032971820,488641
20212,1117059000,23390277031,1128066
20212,1117062500,831042493416,4711871
20212,1117063000,36275002259,1319129
20212,1117064000,5820393833,250564
20212,1117065000,64436606647,2550052
20212,1117066000,16034373270,723246
20212,1117068500,82868439211,2474928
20212,1117069000,5278662446,222655
20212,1117070000,17523965887,974633
20212,1120052000,11571472961,493030
20212,1120053500,36413270580,1327835
20212,1120054000,24142703292,1197273
20212,1120055000,36051424641,3932243
20212,1120056000,35917418092,1770519
20212,1120057000,5834254264,359173
20212,1120058000,2675942084,138909
20212,1120059000,6125439719,278629
20212,1120061500,18926786665,949537
20212,1120062000,12719299539,569264
20212,1120064500,9099806922,304098
20212,1120065000,24980692131,1151001
20212,1120066000,65650285675,2318698
20212,1120067000,50593946374,2610249
20212,1120069000,107000803545,5351522
20212,1120072000,8188493082,403943
20212,1120079000,29467482851,1652867
20212,1121571000,82665773522,4982619
20212,1121573000,42505289895,1893969
20212,1121574000,42080678289,1821116
20212,1121575000,41179402113,1876541
20212,1121576000,19716842953,1346486
20212,1121577000,32258117181,1732513
20212,1121578000,25473797872,1062390
20212,1121581000,34617382527,1608372
20212,1121582000,35282511505,2039423
20212,1121583000,18868915703,1092332
20212,1121584000,41160191336,1856928
20212,1121584700,38425399836,1937816
20212,1121585000,49014781515,2323610
20212,1121586000,27223604428,1601654
20212,1121587000,117481035788,3161824
20212,1123053600,92684065032,4171591
20212,1123054500,487104853859,13078926
20212,1123056000,46247269183,2454171
20212,1123057000,14193158790,1005689
20212,1123060000,33836907693,1093962
20212,1123061000,29009455974,1515070
20212,1123065000,129779210360,3570032
20212,1123066000,85626714290,3998308
20212,1123070500,50730740007,1901255
20212,1123071000,30780188704,2031879
20212,1123072000,17656114685,891373
20212,1123073000,15847305467,730236
20212,1123074000,23189884541,2043136
20212,1123075000,7429634020,518596
20212,1126052000,25366924768,1335160
20212,1126054000,13338124317,925520
20212,1126055000,8856383132,300263
20212,1126056500,53127198666,3155019
20212,1126057000,38804484962,2132454
20212,1126057500,36056229113,2144604
20212,1126058000,12933040222,759767
20212,1126059000,59645831979,2885161
20212,1126060000,14918502849,701150
20212,1126061000,39785365508,2121693
20212,1126062000,34856616257,1489784
20212,1126063000,29402320559,1903632
20212,1126065500,67580444262,3302855
20212,1126066000,16903831225,896622
20212,1126068000,36266771762,1627287
20212,1126069000,24572967482,1366129
20212,1129052500,27141316077,1081258
20212,1129055500,50069873776,2400365
20212,1129057500,58705782932,3282553
20212,1129058000,7728543655,201684
20212,1129059000,6744202566,454589
20212,1129060000,33308108175,2829651
20212,1129061000,14058348828,749916
20212,1129062000,9600213355,648633
20212,1129063000,13762812339,744797
20212,1129064000,10604384921,647615
20212,1129065000,21575560887,1243089
20212,1129066000,10203137965,517379
20212,1129068500,21468371654,956161
20212,1129070500,37552296742,3182606
20212,1129071500,17194120239,1084679
20212,1129072500,30159556852,1697033
20212,1129076000,10438883620,723129
20212,1129077000,13348661076,616319
20212,1129078000,9131228213,410799
20212,1129081000,36820290589,1795059
20212,1130553400,16925375230,1076662
20212,1130553500,42030977198,2246548
20212,1130554500,84613096016,3025868
20212,1130555500,41407640252,2137908
20212,1130557500,12630315499,718577
20212,1130559500,56172800670,2193120
20212,1130560300,6827315378,394828
20212,1130560800,12705953656,740542
20212,1130561500,47897668868,2298389
20212,1130562500,21661342134,1280017
20212,1130563500,77667313012,3991270
20212,1130564500,28667741693,1391994
20212,1130566000,20121122580,1151011
20212,1132051100,26254647009,1620808
20212,1132051200,20704600919,1299825
20212,1132051300,14443405802,772000
20212,1132051400,18617339423,1040675
20212,1132051500,57503908348,2744627
20212,1132052100,47483687258,2098721
20212,1132052200,11527338089,608371
20212,1132066000,13750138722,1050931
20212,1132067000,28458889043,1484928
20212,1132068000,33369280086,1609617
20212,1132068100,12130306538,690390
20212,1132069000,47104267570,2283245
20212,1132070000,44094849417,1587262
20212,1132071000,13752799543,750341
20212,1135056000,21677066817,1394695
20212,1135057000,5716748156,330339
20212,1135058000,8381208326,524816
20212,1135059500,53833232740,2871017
20212,1135060000,37013062325,2605826
20212,1135061100,58433029045,2456131
20212,1135061200,3327246103,229714
20212,1135061900,37897588880,1678942
20212,1135062100,10014974667,494717
20212,1135062400,32729894942,1558077
20212,1135062500,45696209493,2127306
20212,1135063000,44483878075,2612064
20212,1135064000,93419102942,4637654
20212,1135066500,12825817046,908630
20212,1135067000,25089590071,1395398
20212,1135069500,87121057002,3616247
20212,1135070000,10935393934,612895
20212,1135071000,17335815678,1030965
20212,1135072000,4658104870,265175
20212,1138051000,43580803874,1603091
20212,1138052000,49365249919,2235241
20212,1138053000,30093287344,1636848
20212,1138055100,41788198775,2465201
20212,1138055200,54224829502,2623623
20212,1138056000,15733673699,911356
20212,1138057000,63526879424,3268397
20212,1138058000,40568936447,1904720
20212,1138059000,19380015182,1091961
20212,1138060000,45317602753,2529505
20212,1138062500,42396115531,2118739
20212,1138063100,21931880215,1453381
20212,1138063200,10915283707,738380
20212,1138064000,10742968291,636881
20212,1138065000,3995119550,198091
20212,1138069000,27182173230,1016709
20212,1141052000,18502605383,813715
20212,1141055500,13504087998,588423
20212,1141056500,32420826766,1926143
20212,1141058500,107702354327,6377320
20212,1141061500,60883681661,2311793
20212,1141062000,19299631324,1139106
20212,1141064000,48256505868,2319849
20212,1141065500,7339039207,634375
20212,1141066000,19429161890,960019
20212,1141068500,19671018116,983831
20212,1141069000,10055839312,424606
20212,1141070000,26073549655,1532247
20212,1141071000,5192054221,232331
20212,1141072000,37307596426,1741653
20212,1144055500,27327012386,1275818
20212,1144056500,45521892972,1868994
20212,1144058500,45878080743,1641214
20212,1144059000,75161320953,2805814
20212,1144060000,54877999264,2619954
20212,1144061000,16679013855,1011566
20212,1144063000,20114252199,904021
20212,1144065500,34019360791,1939365
20212,1144066000,302826703061,13632363
20212,1144068000,54056055439,2760187
20212,1144069000,50071391635,3166290
20212,1144070000,27725555449,1602620
20212,1144071000,40528820639,1776102
20212,1144072000,32910346673,1219207
20212,1144073000,33028918564,2264259
20212,1144074000,73215292249,5022339
20212,1147051000,74757173388,2937313
20212,1147052000,30815083081,1708468
20212,1147053000,34639963314,1947517
20212,1147054000,30634130258,1554157
20212,1147055000,53774455018,1796754
20212,1147056000,32949102307,1666789
20212,1147057000,17221313461,890131
20212,1147058000,11163812332,732436
20212,1147059000,15724502080,877113
20212,1147060000,14813836761,802837
20212,1147061000,15643108980,715824
20212,1147061100,15184579081,875735
20212,1147062000,31396913788,1388161
20212,1147063000,28044773592,1180418
20212,1147064000,35428867276,2353365
20212,1147065000,78020459803,3422156
20212,1147067000,9497827216,304000
20212,1147068000,32388467421,1724930
20212,1150051000,53447819709,2941124
20212,1150052000,79435475723,3510806
20212,1150053000,11234943262,458538
20212,1150053500,61674787644,2631860
20212,1150054000,74716825734,4333058
20212,1150055000,12474572807,675110
20212,1150056000,29879397099,1506863
20212,1150057000,38995531836,2100790
20212,1150059000,37784801109,2031303
20212,1150059100,36965183075,1960813
20212,1150059300,33413494227,2119884
20212,1150060300,98807021891,3940281
20212,1150060400,21005967084,1170209
20212,1150060500,8617060461,653588
20212,1150061100,165960433535,4600721
20212,1150061500,26955664089,1232343
20212,1150062000,37939743787,2097541
20212,1150063000,58776797207,2981329
20212,1150064000,28863853231,1318355
20212,1150064100,12048196455,989660
20212,1153051000,32156117790,1569506
20212,1153052000,11726558313,663394
20212,1153053000,178835625428,3276284
20212,1153054000,125355058831,7549352
20212,1153055000,47353040641,2560278
20212,1153056000,79566682956,3440671
20212,1153059500,19523081094,1304458
20212,1153072000,53151258471,1894066
20212,1153073000,27748642323,1551327
20212,1153074000,31270985709,1653290
20212,1153075000,26218240904,1473368
20212,1153076000,17792165269,928224
20212,1153077000,35264668086,2441128
20212,1153078000,21330768852,1184060
20212,1153079000,14339486948,943056
20212,1153080000,250913534,36821
20212,1154551000,729637752375,22139129
20212,1154561000,216024518624,3798297
20212,1154562000,22580126902,1349396
20212,1154563000,37902991827,1879774
20212,1154564000,16212932888,1010339
20212,1154567000,83051784688,3599936
20212,1154568000,3992160894,152722
20212,1154569000,13545388274,602510
20212,1154570000,12737966572,832374
20212,1154571000,27677045874,1619574
20212,1156051500,50589256763,3112309
20212,1156053500,228030847062,8004920
20212,1156054000,293688371006,12122796
20212,1156055000,145195990613,5163521
20212,1156056000,53854866890,3039903
20212,1156058500,13602954150,633134
20212,1156060500,109525368128,4158199
20212,1156061000,26191156769,1627697
20212,1156062000,73606488019,1853084
20212,1156063000,33945704308,1512767
20212,1156065000,21141695190,1046878
20212,1156066000,7566027154,413167
20212,1156067000,10760313507,334449
20212,1156068000,34884437070,1985819
20212,1156069000,11376310849,559778
20212,1156070000,28938761465,1544670
20212,1156071000,39694970347,1778106
20212,1156072000,152429839232,2576621
20212,1159051000,232546051926,6704601
20212,1159052000,673699664728,10153618
20212,1159053000,53015871072,2773868
20212,1159054000,24822653661,1375846
20212,1159055000,34900301339,1906859
20212,1159056000,21717006766,1277760
20212,1159060500,48135273159,2987757
20212,1159062000,51993026955,2302814
20212,1159063000,71448914049,3764066
20212,1159064000,10292773981,554429
20212,1159065000,21142680566,955838
20212,1159065100,4769295788,356044
20212,1159066000,48238341143,1979598
20212,1159067000,15634664859,909036
20212,1159068000,37200499986,2515297
20212,1162052500,26233019379,1626832
20212,1162054500,4690910453,209967
20212,1162056500,25393791369,1176871
20212,1162057500,41824717712,2294347
20212,1162058500,47005358496,2012128
20212,1162059500,92371289320,4234023
20212,1162060500,40574010129,1678795
20212,1162061500,37594380977,1835206
20212,1162062500,38059924103,2391412
20212,1162063000,23409956938,1374973
20212,1162064500,48569278115,3050883
20212,1162065500,17612520464,1113751
20212,1162066500,16427340949,1335969
20212,1162068500,28986534288,2014163
20212,1162069500,65998495948,3663140
20212,1162071500,5569713417,354495
20212,1162072500,70378006476,2349654
20212,1162073500,35306631377,3659823
20212,1162074500,11595010629,661340
20212,1162076500,25705525315,1316203
20212,1162077500,16979336712,1398375
20212,1165051000,65349737396,3186314
20212,1165052000,123167901682,5268164
20212,1165053000,178333260529,6939110
20212,1165053100,174812642782,4756677
20212,1165054000,69031782921,2221912
20212,1165055000,2595074455,44523
20212,1165056000,68207140863,2481246
20212,1165057000,18719343493,652770
20212,1165058000,83544621730,2732254
20212,1165058100,93077081076,2281255
20212,1165059000,49715594518,2023330
20212,1165060000,67675714872,2190775
20212,1165061000,36595048082,1383229
20212,1165062000,25175189822,752359
20212,1165062100,56674553988,2023235
20212,1165065100,104611072443,3869785
20212,1165065200,129960988030,6248835
20212,1165066000,7222097018,226444
20212,1168051000,263172352489,5318615
20212,1168052100,248335640482,6438722
20212,1168053100,184855495039,6011976
20212,1168054500,354503782172,5412841
20212,1168056500,266512806786,4070806
20212,1168058000,291962047521,9148896
20212,1168059000,92290506318,3888404
20212,1168060000,102571359830,2802028
20212,1168061000,136083493984,4242796
20212,1168063000,177123001673,6434527
20212,1168064000,501408509743,23056764
20212,1168065000,103154145977,5431464
20212,1168065500,70913390548,2584005
20212,1168065600,69396470359,2404310
20212,1168066000,465437149,17039
20212,1168067000,22403838895,1100360
20212,1168069000,61428615925,2516900
20212,1168070000,29665602773,1249884
20212,1168072000,9841299613,1495113
20212,1168073000,24859279723,1195310
20212,1168074000,3907443260,353448
20212,1168075000,56450890925,3668545
20212,1171051000,11328091860,589688
20212,1171052000,31044378409,1089266
20212,1171053100,16292977635,719611
20212,1171053200,23307990618,1290404
20212,1171054000,40522244021,898134
20212,1171055000,35977270165,1888065
20212,1171056100,34781913355,1146608
20212,1171056200,103550052010,4322996
20212,1171056600,5786118509,412369
20212,1171057000,75130124437,2216161
20212,1171058000,65193765033,2207731
20212,1171059000,30722361107,1050129
20212,1171060000,86624891303,4410354
20212,1171061000,69967578782,2988031
20212,1171062000,74451242730,3217989
20212,1171063100,376593645237,7163812
20212,1171063200,58670146822,2563823
20212,1171064100,26907729830,1094197
20212,1171064200,143969688091,6046541
20212,1171064600,30475190727,1432092
20212,1171064700,5585280384,510577
20212,1171065000,141884408443,5676182
20212,1171067000,49337070891,2413660
20212,1171068000,45085366617,2089449
20212,1171069000,10803023094,647347
20212,1171071000,159463771531,3679708
20212,1171072000,6328030718,305114
20212,1174051500,11720291760,575035
20212,1174052000,21259038220,829211
20212,1174053000,52220627682,2612660
20212,1174054000,59247363862,2739441
20212,1174055000,8454387943,502244
20212,1174056000,19944630157,1105170
20212,1174057000,34263638289,1972541
20212,1174058000,22844495582,1208867
20212,1174059000,13287487280,699284
20212,1174060000,25288260951,1300269
20212,1174061000,129932991008,4474763
20212,1174062000,36620979695,1625890
20212,1174064000,46764298585,1618216
20212,1174065000,44325242569,2180489
20212,1174066000,69845241712,2932607
20212,1174068500,91646359398,4634705
20212,1174070000,29619567239,1260686
20213,1111051500,24733472067,1273155
20213,1111053000,76784172199,4110373
20213,1111054000,31106554791,1243450
20213,1111055000,6763952349,289373
20213,1111056000,11155278837,473974
20213,1111057000,7730505149,566868
20213,1111058000,8864940609,420424
20213,1111060000,18132224183,1099175
20213,1111061500,462202544340,12002926
20213,1111063000,93593284437,2910937
20213,1111064000,28869943181,2576326
20213,1111065000,40190912997,2450827
20213,1111067000,61368376372,2327920
20213,1111068000,12059000530,583686
20213,1111069000,428252225,34145
20213,1111070000,3970723813,255833
20213,1111071000,27060587071,1496622
20213,1114052000,105846288950,4178387
20213,1114054000,182476177943,5583988
20213,1114055000,172083682050,9041168
20213,1114057000,26512660126,1733586
20213,1114058000,19329006254,539325
20213,1114059000,124706704288,4329289
20213,1114060500,200743510686,7689519
20213,1114061500,54916034735,2421527
20213,1114062500,33902989222,1487396
20213,1114063500,25143852203,1416839
20213,1114064500,10536799550,401829
20213,1114065000,23078489112,1232249
20213,1114066500,15574623249,868514
20213,1114067000,53526409513,1531499
20213,1114068000,24173970070,856669
20213,1117051000,20070261842,1332831
20213,1117052000,13338120774,886925
20213,1117053000,41187374152,2215770
20213,1117055500,37048463962,2524771
20213,1117056000,150662069795,2279412
20213,1117057000,56826632461,705187
20213,1117058000,9670728679,477542
20213,1117059000,25019723752,1171842
20213,1117062500,932601382892,4950925
20213,1117063000,33885763494,1239992
20213,1117064000,5479877761,259434
20213,1117065000,52218724774,2392149
20213,1117066000,15230438703,679625
20213,1117068500,73824196507,2369287
20213,1117069000,6130125916,202994
20213,1117070000,17527629197,974927
20213,1120052000,10253603090,496920
20213,1120053500,36173017761,1320877
20213,1120054000,23473102957,1229160
20213,1120055000,30196310933,3148088
20213,1120056000,35129632661,1741159
20213,1120057000,6101532198,327719
20213,1120058000,2418763281,133248
20213,1120059000,5010013967,228578
20213,1120061500,19061349943,979902
20213,1120062000,12216192362,564550
20213,1120064500,9555423427,313186
20213,1120065000,22457979990,1065224
20213,1120066000,49973649217,2169708
20213,1120067000,50042464855,2631871
20213,1120069000,103005979795,5008331
20213,1120072000,7939786820,423535
20213,1120079000,28424594075,1646765
20213,1121571000,72964728457,4590679
20213,1121573000,34409533309,1780605
20213,1121574000,47569539674,1963535
20213,1121575000,40194593083,1925828
20213,1121576000,20024326328,1431132
20213,1121577000,31411943355,1775895
20213,1121578000,23655144658,1006836
20213,1121581000,34170606540,1592837
20213,1121582000,37343356658,2125251
20213,1121583000,19740847967,1100059
20213,1121584000,36276025005,1792303
20213,1121584700,36029882638,1912007
20213,1121585000,47846125190,2270363
20213,1121586000,28457334978,1615191
20213,1121587000,136085188038,3199048
20213,1123053600,94853677744,4280189
20213,1123054500,683162105047,17203460
20213,1123056000,46313544077,2355125
20213,1123057000,15946437315,1006954
20213,1123060000,33763167831,1149614
20213,1123061000,30702830303,1594132
20213,1123065000,134264449165,3659001
20213,1123066000,87627293524,4118590
20213,1123070500,46064320098,1953220
20213,1123071000,28629786250,1873806
20213,1123072000,15937972740,851038
20213,1123073000,14986240314,726876
20213,1123074000,22817259875,1955184
20213,1123075000,7735629561,522177
20213,1126052000,25726462683,1345005
20213,1126054000,13472316448,907091
20213,1126055000,8808266649,313245
20213,1126056500,56178712198,3352387
20213,1126057000,41044042895,2241857
20213,1126057500,34267472422,2173063
20213,1126058000,12504263280,684670
20213,1126059000,58173469192,2914153
20213,1126060000,14982210187,706886
20213,1126061000,37767792257,2236237
20213,1126062000,40873973442,1587475
20213,1126063000,28764226382,1846511
20213,1126065500,67379485801,3390487
20213,1126066000,16661287520,955154
20213,1126068000,36289206478,1699803
20213,1126069000,27001060303,1421399
20213,1129052500,24897563934,1045373
20213,1129055500,50579404203,2473437
20213,1129057500,58788088356,3278385
20213,1129058000,7971338642,211161
20213,1129059000,6489613239,438934
20213,1129060000,28459532818,2394673
20213,1129061000,14140143322,755324
20213,1129062000,10401361447,714192
20213,1129063000,13039774660,695859
20213,1129064000,11051672231,664452
20213,1129065000,22413098953,1240819
20213,1129066000,10340161799,529762
20213,1129068500,20314587307,1001299
20213,1129070500,35059336940,2723078
20213,1129071500,17284215028,1077710
20213,1129072500,29867052289,1671819
20213,1129076000,10859474398,739110
20213,1129077000,13074641774,646401
20213,1129078000,10132549506,430951
20213,1129081000,36045807740,1808173
20213,1130553400,18883656204,1166188
20213,1130553500,42313600579,2330722
20213,1130554500,79363576227,2901278
20213,1130555500,41673513937,2262298
20213,1130557500,12764229733,729804
20213,1130559500,56422988096,2334401
20213,1130560300,7993126981,392053
20213,1130560800,13973185212,822631
20213,1130561500,56904631858,2646406
20213,1130562500,22940770857,1307524
20213,1130563500,74323540783,3932362
20213,1130564500,29464329028,1449176
20213,1130566000,21153930421,1224566
20213,1132051100,26694778005,1672665
20213,1132051200,22611882821,1402977
20213,1132051300,15249918450,805812
20213,1132051400,17648856378,1052681
20213,1132051500,58637839744,2823105
20213,1132052100,45764411080,2161993
20213,1132052200,11100295185,596369
20213,1132066000,14347185239,1057795
20213,1132067000,28262256038,1483526
20213,1132068000,29586901360,1668163
20213,1132068100,13059743039,698334
20213,1132069000,47974016458,2372205
20213,1132070000,51413116985,1810600
20213,1132071000,12637006352,730648
20213,1135056000,18951739338,1265397
20213,1135057000,6445827110,329567
20213,1135058000,8551825104,538768
20213,1135059500,56087372845,3033126
20213,1135060000,35207514243,2418776
20213,1135061100,58702294173,2564119
20213,1135061200,3714136435,243817
20213,1135061900,40404383956,1721097
20213,1135062100,10829357455,512577
20213,1135062400,32251009627,1511941
20213,1135062500,45881554774,2247562
20213,1135063000,45159411052,2558846
20213,1135064000,86282746771,4499304
20213,1135066500,12344125049,869023
20213,1135067000,29008464417,1504872
20213,1135069500,88013676315,3654926
20213,1135070000,11661230701,654624
20213,1135071000,18396474933,1077292
20213,1135072000,4844123761,255809
20213,1138051000,41777067503,1551792
20213,1138052000,48760765527,2314009
20213,1138053000,31567931188,1684899
20213,1138055100,41583153084,2405139
20213,1138055200,53189687523,2651133
20213,1138056000,16817950602,974306
20213,1138057000,62296338176,3170625
20213,1138058000,42504312522,1968235
20213,1138059000,20810997335,1146409
20213,1138060000,45289337805,2470547
20213,1138062500,41521539800,2165859
20213,1138063100,22718292730,1472055
20213,1138063200,12235875528,746271
20213,1138064000,10851966333,652680
20213,1138065000,4107818100,205150
20213,1138069000,26867937997,1045629
20213,1141052000,16931784585,770709
20213,1141055500,13142831064,594547
20213,1141056500,26620739894,1746480
20213,1141058500,100907291450,5854007
20213,1141061500,60338275656,2309592
20213,1141062000,17436247686,1040747
20213,1141064000,51731914143,2476899
20213,1141065500,7797066162,617451
20213,1141066000,24212845980,1047750
20213,1141068500,18005568732,918401
20213,1141069000,9982220570,451393
20213,1141070000,24661285657,1428915
20213,1141071000,5077587856,239464
20213,1141072000,33924967808,1762938
20213,1144055500,28408404896,1300099
20213,1144056500,42904290095,1859352
20213,1144058500,38642339386,1560480
20213,1144059000,68337442349,2637923
20213,1144060000,57924079821,2611234
20213,1144061000,15758600150,947360
20213,1144063000,21858116176,888197
20213,1144065500,30506890328,1700996
20213,1144066000,273111444600,12445805
20213,1144068000,47927339394,2647562
20213,1144069000,48968203534,3084171
20213,1144070000,28464434853,1679906
20213,1144071000,34076482163,1562244
20213,1144072000,30319752876,1250919
20213,1144073000,33173142244,2228700
20213,1144074000,66187534675,4726348
20213,1147051000,74491143480,2958498
20213,1147052000,29383455549,1690766
20213,1147053000,34680681502,1993167
20213,1147054000,33585339724,1635953
20213,1147055000,58558864062,1823261
20213,1147056000,34558682351,1737567
20213,1147057000,18590363179,907899
20213,1147058000,11213182813,766311
20213,1147059000,16355643109,912317
20213,1147060000,15520180077,788656
20213,1147061000,16219522095,743407
20213,1147061100,15784061561,896128
20213,1147062000,31869424539,1395130
20213,1147063000,29524358163,1198513
20213,1147064000,35573697656,2287384
20213,1147065000,76520689356,3454000
20213,1147067000,10322110225,307182
20213,1147068000,34207895905,1763161
20213,1150051000,55029966006,2955463
20213,1150052000,73019434577,3350894
20213,1150053000,11278217339,461261
20213,1150053500,59970278108,2518615
20213,1150054000,73029464829,4392259
20213,1150055000,13044286505,709711
20213,1150056000,29036424990,1522934
20213,1150057000,43379763624,2288125
20213,1150059000,37022303898,2095420
20213,1150059100,36232866558,1984368
20213,1150059300,34280914564,2173735
20213,1150060300,88750731507,3826357
20213,1150060400,23833320634,1198770
20213,1150060500,8647509288,648890
20213,1150061100,173073200431,4813808
20213,1150061500,26711856567,1262976
20213,1150062000,36479690759,2107514
20213,1150063000,62815891649,3049752
20213,1150064000,25883326142,1318963
20213,1150064100,13349145773,1198281
20213,1153051000,31718518091,1486082
20213,1153052000,12300866647,756810
20213,1153053000,187512179174,3468102
20213,1153054000,126912291951,7230524
20213,1153055000,49612676946,2777420
20213,1153056000,80061229930,3416629
20213,1153059500,18808221497,1263862
20213,1153072000,50137773601,1797071
20213,1153073000,28319648825,1521528
20213,1153074000,32768166269,1755706
20213,1153075000,25985066002,1484485
20213,1153076000,18657942687,969083
20213,1153077000,36552012721,2574916
20213,1153078000,21273648502,1258036
20213,1153079000,14737669857,989582
20213,1153080000,217215620,31843
20213,1154551000,672984773237,21749892
20213,1154561000,260334674121,4517805
20213,1154562000,26048488450,1455067
20213,1154563000,41968951500,2046599
20213,1154564000,16352769090,1048756
20213,1154567000,86204837646,3772903
20213,1154568000,3830817571,146093
20213,1154569000,14583781823,627004
20213,1154570000,14509481471,868974
20213,1154571000,27742757808,1642222
20213,1156051500,43491059937,2653972
20213,1156053500,261546688449,8041541
20213,1156054000,250051907451,10948995
20213,1156055000,175023679224,4951269
20213,1156056000,50274984508,2925378
20213,1156058500,13583422903,653021
20213,1156060500,103588579878,3972552
20213,1156061000,25962782026,1664515
20213,1156062000,71013778123,1662644
20213,1156063000,35540671958,1513476
20213,1156065000,21400637342,1103261
20213,1156066000,7352211112,413964
20213,1156067000,11637008358,363500
20213,1156068000,35270888062,2063619
20213,1156069000,11519841516,564168
20213,1156070000,29426172113,1585808
20213,1156071000,38494298391,1850563
20213,1156072000,144265006922,2405712
20213,1159051000,211588571077,6464187
20213,1159052000,591356807015,9033779
20213,1159053000,56063090380,2641541
20213,1159054000,25183249764,1345087
20213,1159055000,36199914443,1998622
20213,1159056000,23110460802,1349516
20213,1159060500,45500323912,2817180
20213,1159062000,49026996843,2297529
20213,1159063000,70826208102,3772734
20213,1159064000,9962569859,546586
20213,1159065000,23735569502,1020429
20213,1159065100,4940309019,379905
20213,1159066000,47227295200,2001611
20213,1159067000,15281112079,930727
20213,1159068000,36663766902,2494923
20213,1162052500,25463864278,1538610
20213,1162054500,4616898324,217155
20213,1162056500,28270426508,1216233
20213,1162057500,40432764237,2249158
20213,1162058500,40620833798,1979648
20213,1162059500,84093813772,4088860
20213,1162060500,39490391874,1736130
20213,1162061500,38588670192,1862873
20213,1162062500,38840491190,2509828
20213,1162063000,22533723427,1365173
20213,1162064500,46612541789,2985685
20213,1162065500,20874818705,1245053
20213,1162066500,15883080710,1330210
20213,1162068500,30827344891,2113016
20213,1162069500,64993027196,3841396
20213,1162071500,5195293420,341426
20213,1162072500,56384248124,2137658
20213,1162073500,31960609440,3468924
20213,1162074500,13048852312,686965
20213,1162076500,27009469452,1375718
20213,1162077500,18003022826,1393020
20213,1165051000,63355410471,3105419
20213,1165052000,118722247902,4883947
20213,1165053000,168613810783,6617870
20213,1165053100,167154285369,4513154
20213,1165054000,68483763690,2201824
20213,1165055000,2475140948,40463
20213,1165056000,66064209770,2459738
20213,1165057000,18307375089,652876
20213,1165058000,84212730823,2625846
20213,1165058100,90329691790,2214888
20213,1165059000,55117652909,2054996
20213,1165060000,56846647697,2127503
20213,1165061000,32043260871,1311091
20213,1165062000,25507501807,750199
20213,1165062100,57537290625,1984272
20213,1165065100,102007593420,3624765
20213,1165065200,127951841588,6225780
20213,1165066000,5504965891,205737
20213,1168051000,251094655644,4717322
20213,1168052100,239147383003,6351920
20213,1168053100,170811430176,5665655
20213,1168054500,344775323650,5201255
20213,1168056500,242491247937,3765066
20213,1168058000,258371703085,8117258
20213,1168059000,89265603216,3615583
20213,1168060000,112963892539,2919208
20213,1168061000,140759935677,4009472
20213,1168063000,185259943069,6613286
20213,1168064000,461984838081,21787560
20213,1168065000,99184744418,5290905
20213,1168065500,72008610653,2563147
20213,1168065600,62085767700,2270725
20213,1168066000,139646902,4425
20213,1168067000,21630290432,1082133
20213,1168069000,56350996614,2376462
20213,1168070000,28838021223,1201447
20213,1168072000,10788977915,1558338
20213,1168073000,25219416825,1230393
20213,1168074000,4038044477,366398
20213,1168075000,54698270285,3610926
20213,1171051000,11462852161,592222
20213,1171052000,28877493387,1095458
20213,1171053100,15503501368,737483
20213,1171053200,23255833749,1360323
20213,1171054000,40322014748,951941
20213,1171055000,40222963004,1989298
20213,1171056100,34344674564,1155998
20213,1171056200,95011359892,4235514
20213,1171056600,3994435541,374157
20213,1171057000,69915640124,2145048
20213,1171058000,67807756827,2192917
20213,1171059000,30504788643,1020470
20213,1171060000,83533230349,3885089
20213,1171061000,67646596463,2993204
20213,1171062000,66043123157,3093293
20213,1171063100,440986501363,7803009
20213,1171063200,59947047078,2538929
20213,1171064100,24601066924,1034383
20213,1171064200,155747180669,5804233
20213,1171064600,29692892482,1371066
20213,1171064700,6194035495,521734
20213,1171065000,133886654662,5599160
20213,1171067000,47241582992,2008802
20213,1171068000,48263867991,1962778
20213,1171069000,11272522716,645822
20213,1171071000,151897673450,3455332
20213,1171072000,6410483026,307664
20213,1174051500,12047515932,627802
20213,1174052000,19472171691,781823
20213,1174053000,52818271310,2684042
20213,1174054000,66616438017,2949435
20213,1174055000,9663808782,536515
20213,1174056000,21946986546,1156890
20213,1174057000,36045818008,2033566
20213,1174058000,22591730075,1184942
20213,1174059000,14153213116,706430
20213,1174060000,26595424807,1348935
20213,1174061000,124953860613,4410630
20213,1174062000,34126011795,1585126
20213,1174064000,47313077676,1584391
20213,1174065000,42410149700,2182721
20213,1174066000,70962290548,3005516
20213,1174068500,94787654549,4679009
20213,1174070000,31203014410,1316701
20214,1111051500,28096750182,1336006
20214,1111053000,96684693807,4416698
20214,1111054000,39295763872,1425627
20214,1111055000,6669283667,270339
20214,1111056000,10767574783,455397
20214,1111057000,8361287447,583911
20214,1111058000,9257175116,417038
20214,1111060000,23918154223,1258550
20214,1111061500,560731483035,12817979
20214,1111063000,107965495762,3145669
20214,1111064000,33459289332,2657090
20214,1111065000,47223358974,2686004
20214,1111067000,84025887753,2572207
20214,1111068000,12648312095,566262
20214,1111069000,429161534,32864
20214,1111070000,3526774717,223026
20214,1111071000,30906293384,1520686
20214,1114052000,116733904113,4392952
20214,1114054000,228960803996,6432313
20214,1114055000,212484388888,9892554
20214,1114057000,30774870767,1834984
20214,1114058000,27002924691,601744
20214,1114059000,124627352563,4369176
20214,1114060500,265832634375,8197133
20214,1114061500,74577373833,2565712
20214,1114062500,36572353931,1465858
20214,1114063500,27685243834,1402013
20214,1114064500,10771829447,366872
20214,1114065000,26773676140,1246576
20214,1114066500,18913698978,812615
20214,1114067000,54675796823,1613403
20214,1114068000,28920880250,905177
20214,1117051000,21470811108,1310493
20214,1117052000,13996694345,862861
20214,1117053000,53604330618,2445155
20214,1117055500,41503445645,2663423
20214,1117056000,201883275398,2389674
20214,1117057000,56630623200,680277
20214,1117058000,10883490167,460103
20214,1117059000,27264199524,1128938
20214,1117062500,1017676419040,4961630
20214,1117063000,33677845556,1132775
20214,1117064000,5608728648,226472
20214,1117065000,72309970359,2954924
20214,1117066000,18180381447,683644
20214,1117068500,92582513326,2497684
20214,1117069000,5238927934,208387
20214,1117070000,18159398383,930761
20214,1120052000,11942616047,495163
20214,1120053500,35939210094,1356315
20214,1120054000,27649410600,1177210
20214,1120055000,38322341062,3618185
20214,1120056000,37264851141,1673715
20214,1120057000,5862194873,335095
20214,1120058000,2310053091,120797
20214,1120059000,7481301632,239000
20214,1120061500,18524281238,907986
20214,1120062000,13342244694,561469
20214,1120064500,10557486546,301879
20214,1120065000,24954627455,1038261
20214,1120066000,64341603456,2205243
20214,1120067000,73776681837,2796811
20214,1120069000,110035219113,5597127
20214,1120072000,7457612308,394522
20214,1120079000,30221184015,1678322
20214,1121571000,89769318474,5040397
20214,1121573000,39258075779,1833411
20214,1121574000,49910445409,1942390
20214,1121575000,42553466927,1859621
20214,1121576000,21400797994,1401171
20214,1121577000,36685144673,1686232
20214,1121578000,29380237656,1014309
20214,1121581000,33981379147,1580310
20214,1121582000,36933911652,2031889
20214,1121583000,18996504478,978207
20214,1121584000,42980079261,1798034
20214,1121584700,40214588757,1925149
20214,1121585000,56442864428,2286638
20214,1121586000,30177564024,1583805
20214,1121587000,141404741749,3158634
20214,1123053600,101714329272,4342855
20214,1123054500,624160385781,16770900
20214,1123056000,49106308404,2456989
20214,1123057000,16618896792,1009171
20214,1123060000,39270551105,1075408
20214,1123061000,31314654380,1507037
20214,1123065000,136115124548,3516986
20214,1123066000,91260242435,4184141
20214,1123070500,45262402846,1871426
20214,1123071000,33581149890,2092526
20214,1123072000,17160305611,907870
20214,1123073000,16359508961,714990
20214,1123074000,25517884757,2065813
20214,1123075000,8997244848,509036
20214,1126052000,26613765465,1293781
20214,1126054000,15466523246,921700
20214,1126055000,7818707353,275721
20214,1126056500,57095143152,3213137
20214,1126057000,41862175666,2199750
20214,1126057500,35823615422,2127129
20214,1126058000,11443056417,603533
20214,1126059000,64441935343,2943248
20214,1126060000,14781732846,657459
20214,1126061000,40258894918,2193877
20214,1126062000,39651381633,1584780
20214,1126063000,28658503236,1737121
20214,1126065500,68372205135,3242559
20214,1126066000,14955887575,897433
20214,1126068000,36662555703,1668295
20214,1126069000,27052164883,1433245
20214,1129052500,26977352515,1007592
20214,1129055500,53731567623,2479932
20214,1129057500,63628369506,3374264
20214,1129058000,7721624486,208862
20214,1129059000,7208205237,454722
20214,1129060000,33796870593,2733261
20214,1129061000,14420350012,712061
20214,1129062000,10730964036,682317
20214,1129063000,14276373424,705290
20214,1129064000,10471508769,607511
20214,1129065000,22716275394,1248439
20214,1129066000,10671732850,515104
20214,1129068500,20673123050,988790
20214,1129070500,37599038054,3121208
20214,1129071500,17137398831,1069163
20214,1129072500,32242293797,1655303
20214,1129076000,11033130716,700739
20214,1129077000,13636420115,637710
20214,1129078000,9287834823,408286
20214,1129081000,38958184791,1817404
20214,1130553400,18108349039,1086692
20214,1130553500,45156859793,2221781
20214,1130554500,91237577594,2999063
20214,1130555500,43131169818,2136646
20214,1130557500,13127645069,709211
20214,1130559500,59232729852,2166116
20214,1130560300,7897232121,385200
20214,1130560800,13527047036,761586
20214,1130561500,60459902524,2467835
20214,1130562500,23019295336,1277638
20214,1130563500,86469139021,3960611
20214,1130564500,28512994351,1314631
20214,1130566000,20894691728,1152762
20214,1132051100,27184218234,1622341
20214,1132051200,22179471497,1336970
20214,1132051300,15934801689,808585
20214,1132051400,18084467529,967391
20214,1132051500,60215457265,2716329
20214,1132052100,53052754911,2157858
20214,1132052200,12481400707,588863
20214,1132066000,13929483928,990247
20214,1132067000,27255668455,1448266
20214,1132068000,30672411245,1630491
20214,1132068100,13343246368,675706
20214,1132069000,52168572742,2296001
20214,1132070000,48696709967,1807081
20214,1132071000,12880574172,687127
20214,1135056000,22304584879,1360139
20214,1135057000,6233676420,310697
20214,1135058000,8537139571,549116
20214,1135059500,62124913221,2959902
20214,1135060000,37551601157,2560048
20214,1135061100,60663345666,2230387
20214,1135061200,3455199807,250796
20214,1135061900,39321933325,1700745
20214,1135062100,10490611519,480568
20214,1135062400,33661210993,1503567
20214,1135062500,49429723063,2287375
20214,1135063000,45178843297,2419322
20214,1135064000,93047214169,4360890
20214,1135066500,12376635966,832350
20214,1135067000,26660599421,1471676
20214,1135069500,87073038561,3656172
20214,1135070000,12470653107,630511
20214,1135071000,17849580605,1062445
20214,1135072000,4201975786,246694
20214,1138051000,42665836613,1476132
20214,1138052000,48959307937,2171148
20214,1138053000,31156697321,1675735
20214,1138055100,45993183891,2391484
20214,1138055200,54492669277,2619984
20214,1138056000,17179438846,898935
20214,1138057000,66149515350,3083129
20214,1138058000,44204444263,1963198
20214,1138059000,19101801866,1081358
20214,1138060000,48561832589,2414787
20214,1138062500,40047642729,2077521
20214,1138063100,22345820015,1398897
20214,1138063200,12213543841,705233
20214,1138064000,12087901059,608892
20214,1138065000,4187166366,182772
20214,1138069000,30504941872,1030151
20214,1141052000,18834991226,795580
20214,1141055500,14277278003,559064
20214,1141056500,31897890376,1844139
20214,1141058500,119252041878,6354521
20214,1141061500,62355149645,2272172
20214,1141062000,19148609547,1041739
20214,1141064000,55106781152,2552619
20214,1141065500,7756450762,546977
20214,1141066000,19036723360,899107
20214,1141068500,20386151907,939374
20214,1141069000,10993598225,464875
20214,1141070000,26148344946,1377012
20214,1141071000,5277002700,228382
20214,1141072000,38580931360,1797364
20214,1144055500,31297950224,1296388
20214,1144056500,46657275018,1863862
20214,1144058500,49294178487,1652397
20214,1144059000,83614973568,2733871
20214,1144060000,67173552997,2647667
20214,1144061000,17663724560,962851
20214,1144063000,23627398057,872701
20214,1144065500,34913468372,1884936
20214,1144066000,330566400792,14010374
20214,1144068000,55395263084,2724410
20214,1144069000,50925854166,3042582
20214,1144070000,28930772281,1670577
20214,1144071000,42376938684,1686357
20214,1144072000,33866834048,1232613
20214,1144073000,35393247622,2208312
20214,1144074000,80916131872,5072390
20214,1147051000,73803475483,2932161
20214,1147052000,30614832660,1657319
20214,1147053000,37524288914,1979270
20214,1147054000,30176960026,1487751
20214,1147055000,54062814138,1733891
20214,1147056000,33126379932,1672790
20214,1147057000,16790727273,847913
20214,1147058000,10775203275,711678
20214,1147059000,17012988918,923997
20214,1147060000,15697156202,777797
20214,1147061000,17036589107,746938
20214,1147061100,16194895094,904644
20214,1147062000,32439365311,1337794
20214,1147063000,30912085647,1227917
20214,1147064000,37199882986,2307087
20214,1147065000,82375908193,3356272
20214,1147067000,9311749074,272157
20214,1147068000,33634197135,1725505
20214,1150051000,58469052492,2891359
20214,1150052000,72804636618,3176053
20214,1150053000,9847659956,437420
20214,1150053500,65120234777,2415894
20214,1150054000,78724977860,4617601
20214,1150055000,12880370343,664387
20214,1150056000,29979482287,1425760
20214,1150057000,40647908601,2122771
20214,1150059000,39569048169,2054139
20214,1150059100,39388707057,1931275
20214,1150059300,34694333614,2119483
20214,1150060300,103798552998,3828925
20214,1150060400,21692134483,1219516
20214,1150060500,8591887434,639720
20214,1150061100,184608821243,4954401
20214,1150061500,28251095743,1213833
20214,1150062000,39793332233,1912899
20214,1150063000,60488521374,3061662
20214,1150064000,27278193902,1271030
20214,1150064100,13590431076,934690
20214,1153051000,34630302966,1476993
20214,1153052000,11740809846,678849
20214,1153053000,185408018305,3487493
20214,1153054000,146131519978,7616562
20214,1153055000,48322860653,2698056
20214,1153056000,87409432742,3579029
20214,1153059500,17038508996,1042405
20214,1153072000,54739979566,1839402
20214,1153073000,28440429807,1522632
20214,1153074000,33531553033,1666344
20214,1153075000,26601687520,1416148
20214,1153076000,17797839404,895881
20214,1153077000,37046283772,2477848
20214,1153078000,22806688938,1262461
20214,1153079000,14136646389,945310
20214,1153080000,193313596,27465
20214,1154551000,767141266705,19942364
20214,1154561000,257435748085,4333171
20214,1154562000,25030108759,1346261
20214,1154563000,42417533698,1983817
20214,1154564000,17856955283,979214
20214,1154567000,89892020404,3752001
20214,1154568000,4034476191,155054
20214,1154569000,15207009154,618996
20214,1154570000,13249298328,830319
20214,1154571000,29232821216,1668777
20214,1156051500,43138802256,2353967
20214,1156053500,266104029636,8261825
20214,1156054000,311464142065,11688875
20214,1156055000,147629030752,4770499
20214,1156056000,60133184606,3005860
20214,1156058500,14246387076,614436
20214,1156060500,110123065134,4036449
20214,1156061000,27097347651,1644788
20214,1156062000,71715817689,1669115
20214,1156063000,34269212927,1456118
20214,1156065000,21780821025,1038688
20214,1156066000,7719766039,393407
20214,1156067000,11774446041,341407
20214,1156068000,37047229433,2132527
20214,1156069000,11571049694,540666
20214,1156070000,29004106499,1528031
20214,1156071000,41596106216,1678635
20214,1156072000,148992611897,2341747
20214,1159051000,283849179897,7243097
20214,1159052000,798134797287,11384439
20214,1159053000,59321117329,2689314
20214,1159054000,26252263213,1314995
20214,1159055000,36250868433,1923367
20214,1159056000,22326323618,1366668
20214,1159060500,48625119900,2918905
20214,1159062000,58785030826,2418181
20214,1159063000,74892870917,3796071
20214,1159064000,10311043498,519893
20214,1159065000,23106016807,957066
20214,1159065100,5260151145,391025
20214,1159066000,51713464867,2016212
20214,1159067000,15228309412,874565
20214,1159068000,38219128965,2381531
20214,1162052500,27146751583,1503497
20214,1162054500,4243570268,201611
20214,1162056500,27381579554,1153168
20214,1162057500,41213479678,2193131
20214,1162058500,50160890105,2022981
20214,1162059500,92819212465,4124174
20214,1162060500,40255069171,1688613
20214,1162061500,38636041159,1799242
20214,1162062500,40576341724,2530700
20214,1162063000,26267660111,1417789
20214,1162064500,57307811975,3143060
20214,1162065500,19802304977,1168590
20214,1162066500,18134437584,1257056
20214,1162068500,30552653633,2041487
20214,1162069500,74505416731,3911938
20214,1162071500,5052658429,313022
20214,1162072500,53755110474,1956949
20214,1162073500,32418628555,3341055
20214,1162074500,12391330964,696588
20214,1162076500,26705680137,1308255
20214,1162077500,17790535062,1391066
20214,1165051000,67898135927,2970878
20214,1165052000,134452032032,4962044
20214,1165053000,187654798484,6811465
20214,1165053100,187094213252,4786399
20214,1165054000,70857071580,2168831
20214,1165055000,2496210479,37099
20214,1165056000,71277405297,2385192
20214,1165057000,18845958962,598143
20214,1165058000,87620949767,2418890
20214,1165058100,100924927362,2239308
20214,1165059000,53438191526,2113565
20214,1165060000,67283380784,2207772
20214,1165061000,40240661850,1391009
20214,1165062000,24990420584,717741
20214,1165062100,64676889059,2019859
20214,1165065100,113220162872,3697460
20214,1165065200,142400433562,6106185
20214,1165066000,5365583183,200842
20214,1168051000,288938258197,4992971
20214,1168052100,272876454216,6500923
20214,1168053100,206719585344,6029659
20214,1168054500,398838888508,5335655
20214,1168056500,293233632104,3937938
20214,1168058000,301627005367,9287034
20214,1168059000,99959404882,3757655
20214,1168060000,108442174173,2744935
20214,1168061000,140061773629,4072739
20214,1168063000,208095277142,6724438
20214,1168064000,533830343527,22479518
20214,1168065000,109296441513,5363757
20214,1168065500,72249021646,2561421
20214,1168065600,68046849005,2254969
20214,1168066000,164655704,5796
20214,1168067000,21012790914,1012517
20214,1168069000,60297198631,2343490
20214,1168070000,30594434894,1247208
20214,1168072000,10042829604,1503232
20214,1168073000,25961955442,1219594
20214,1168074000,4268131612,329570
20214,1168075000,56716783462,3693654
20214,1171051000,11960908137,568967
20214,1171052000,30893897525,1041440
20214,1171053100,16498496966,719354
20214,1171053200,24262336910,1353297
20214,1171054000,38745693857,934877
20214,1171055000,40890321738,1896714
20214,1171056100,38107356376,1141538
20214,1171056200,115987545217,4372998
20214,1171056600,4348924701,356353
20214,1171057000,76738766413,2089226
20214,1171058000,68389209738,2157218
20214,1171059000,31384878676,1028091
20214,1171060000,89129058545,4009271
20214,1171061000,78936673381,2867556
20214,1171062000,74576344603,3089836
20214,1171063100,424735124684,7312319
20214,1171063200,58481138149,2381639
20214,1171064100,32123071668,1095597
20214,1171064200,151433492357,6107383
20214,1171064600,30810699727,1417165
20214,1171064700,6551703723,547343
20214,1171065000,142919477571,5623011
20214,1171067000,50651230703,2255905
20214,1171068000,56482907950,2083266
20214,1171069000,12041431485,639198
20214,1171071000,159819193443,3496543
20214,1171072000,6019667468,303411
20214,1174051500,12742963416,664080
20214,1174052000,19460766437,718741
20214,1174053000,57719087601,2784731
20214,1174054000,70651605968,2934372
20214,1174055000,8845894160,523041
20214,1174056000,21358913042,1115514
20214,1174057000,35367344008,1961736
20214,1174058000,23486799629,1220765
20214,1174059000,15439395904,697821
20214,1174060000,27889962316,1323927
20214,1174061000,140225212313,4382208
20214,1174062000,38690920219,1628822
20214,1174064000,48588680543,1555189
20214,1174065000,45545765564,2127919
20214,1174066000,72550001001,2978353
20214,1174068500,103553902421,4736589
20214,1174070000,27837131130,1220908
20221,1111051500,23188035752,1161776
20221,1111053000,73430316771,3638549
20221,1111054000,31441629606,1138092
20221,1111055000,5501979961,224343
20221,1111056000,7649687699,354651
20221,1111057000,7442070060,479415
20221,1111058000,8951974775,389592
20221,1111060000,21966988544,1220912
20221,1111061500,479125646694,10936549
20221,1111063000,90762398990,2881973
20221,1111064000,29122597383,2385146
20221,1111065000,42067398619,2279846
20221,1111067000,70112327497,2287500
20221,1111068000,11639494036,536091
20221,1111069000,402870615,28243
20221,1111070000,3254044390,210515
20221,1111071000,22998135074,1287165
20221,1114052000,99148128872,3824934
20221,1114054000,165930957430,5784247
20221,1114055000,172007999703,8351226
20221,1114057000,24452956433,1463274
20221,1114058000,20330075578,519802
20221,1114059000,107659698372,3715359
20221,1114060500,208055903405,7438069
20221,1114061500,52245198763,2171300
20221,1114062500,35369969701,1427859
20221,1114063500,22741151182,1106143
20221,1114064500,9445036787,331985
20221,1114065000,22856254647,1121240
20221,1114066500,15230168173,732390
20221,1114067000,45966464644,1439189
20221,1114068000,20260340032,828861
20221,1117051000,21328998325,1259964
20221,1117052000,11948293645,705858
20221,1117053000,46616634704,2098683
20221,1117055500,37556096562,2378886
20221,1117056000,177003430255,1779110
20221,1117057000,62234470123,654786
20221,1117058000,10156906645,461796
20221,1117059000,25035509884,1088467
20221,1117062500,784695243106,4286763
20221,1117063000,30407924958,1038727
20221,1117064000,5631501232,197203
20221,1117065000,59581949181,2312563
20221,1117066000,14549106466,610813
20221,1117068500,79512003154,2291003
20221,1117069000,4471902002,203078
20221,1117070000,18223673089,951993
20221,1120052000,10729888403,461615
20221,1120053500,31361541781,1225983
20221,1120054000,26883461915,1148995
20221,1120055000,31170888465,3055302
20221,1120056000,34414327021,1537458
20221,1120057000,5079777417,287959
20221,1120058000,2089224527,111279
20221,1120059000,8685456747,249910
20221,1120061500,17384631959,857310
20221,1120062000,12126291822,569486
20221,1120064500,9126101760,272248
20221,1120065000,20804912336,956444
20221,1120066000,52454117711,1960898
20221,1120067000,72602732384,2630016
20221,1120069000,106163884231,5001956
20221,1120072000,7093883868,376210
20221,1120079000,28585428021,1608938
20221,1121571000,79413953342,4456519
20221,1121573000,33023095580,1575410
20221,1121574000,45407006926,1887048
20221,1121575000,37640614182,1760761
20221,1121576000,20816899406,1369296
20221,1121577000,32553801205,1549124
20221,1121578000,23316653400,833838
20221,1121581000,32015910807,1449639
20221,1121582000,35353968811,2107810
20221,1121583000,17693677926,916984
20221,1121584000,33511837424,1512497
20221,1121584700,36806351765,1789463
20221,1121585000,47661110859,2074336
20221,1121586000,25147304927,1293884
20221,1121587000,116270641848,2859525
20221,1123053600,90227504119,3763932
20221,1123054500,552743845201,15349270
20221,1123056000,28629111905,1784706
20221,1123057000,17157890314,994918
20221,1123060000,32283858680,961216
20221,1123061000,27341975738,1260008
20221,1123065000,119912510812,3353215
20221,1123066000,80606395446,3721514
20221,1123070500,44946713807,1878503
20221,1123071000,28550641142,1701603
20221,1123072000,16193230187,850939
20221,1123073000,13128360605,613633
20221,1123074000,22192022140,1736604
20221,1123075000,7536551540,479420
20221,1126052000,24986014702,1217713
20221,1126054000,14108149027,880842
20221,1126055000,7558587321,259943
20221,1126056500,52982933466,3033013
20221,1126057000,38948332355,2091111
20221,1126057500,34991587578,2054140
20221,1126058000,10276817438,562681
20221,1126059000,55084811063,2519357
20221,1126060000,14092202842,643437
20221,1126061000,35076289547,2080731
20221,1126062000,31791085216,1367513
20221,1126063000,22142402138,1175690
20221,1126065500,62343432155,3015864
20221,1126066000,14219386086,836999
20221,1126068000,32259634091,1519847
20221,1126069000,28139283138,1425951
20221,1129052500,24473060087,904070
20221,1129055500,48748338265,2539545
20221,1129057500,57695703278,2964618
20221,1129058000,8658751777,209866
20221,1129059000,6316911313,443185
20221,1129060000,30492278432,2413953
20221,1129061000,9869790970,472350
20221,1129062000,10334422713,641359
20221,1129063000,12718305917,658573
20221,1129064000,9088264093,543058
20221,1129065000,21500726227,1191937
20221,1129066000,10435431883,538287
20221,1129068500,20375611294,916595
20221,1129070500,33284284838,2552715
20221,1129071500,16254271342,975462
20221,1129072500,27324635606,1486320
20221,1129076000,10113965210,651618
20221,1129077000,12984937626,610772
20221,1129078000,7405291722,316618
20221,1129081000,34858448009,1586062
20221,1130553400,19152674554,1095588
20221,1130553500,41279890137,2034232
20221,1130554500,69098966607,2516078
20221,1130555500,39160880123,1977075
20221,1130557500,12647401415,600224
20221,1130559500,54133313628,1955348
20221,1130560300,6501440337,368951
20221,1130560800,13500299140,798949
20221,1130561500,51825796110,2340541
20221,1130562500,21157518042,1166966
20221,1130563500,72077583446,3527892
20221,1130564500,23762803976,1217572
20221,1130566000,19822780036,1078026
20221,1132051100,25189820827,1550937
20221,1132051200,21150157926,1251955
20221,1132051300,14333890787,738132
20221,1132051400,17092883262,916850
20221,1132051500,53777939440,2491360
20221,1132052100,45694507146,1920752
20221,1132052200,10141065204,548814
20221,1132066000,12593377660,942245
20221,1132067000,26250780762,1431871
20221,1132068000,29970580252,1569762
20221,1132068100,12307922441,640965
20221,1132069000,47034014418,2210758
20221,1132070000,45978000984,1716276
20221,1132071000,11142495563,589108
20221,1135056000,19574979781,1257654
20221,1135057000,5218438480,290912
20221,1135058000,8046573105,526295
20221,1135059500,56474689885,2736816
20221,1135060000,33629362894,2257877
20221,1135061100,59497734201,2216020
20221,1135061200,2161997435,165038
20221,1135061900,41183402402,1550167
20221,1135062100,9762511584,373474
20221,1135062400,29527501259,1428406
20221,1135062500,47190759944,2159744
20221,1135063000,41917246063,2267176
20221,1135064000,80313082400,3682749
20221,1135066500,12035425257,826889
20221,1135067000,24186829276,1390849
20221,1135069500,83536384393,3287584
20221,1135070000,11815806290,628699
20221,1135071000,13852250402,843259
20221,1135072000,3665522059,152334
20221,1138051000,38309342272,1327482
20221,1138052000,41699889715,1830722
20221,1138053000,28311602959,1488388
20221,1138055100,42046917690,2181828
20221,1138055200,50964180229,2378614
20221,1138056000,15329416765,834003
20221,1138057000,57959429631,2738035
20221,1138058000,40512985181,1902587
20221,1138059000,18774736618,1043072
20221,1138060000,42020331483,2157426
20221,1138062500,35834275839,1804422
20221,1138063100,22639959608,1325825
20221,1138063200,11636871587,657666
20221,1138064000,11548918167,597424
20221,1138065000,3931727927,181331
20221,1138069000,28055246270,986413
20221,1141052000,17277303926,759969
20221,1141055500,13572810080,549843
20221,1141056500,28575649080,1658081
20221,1141058500,100322919100,5349705
20221,1141061500,56000233041,2098810
20221,1141062000,18739673453,884357
20221,1141064000,48788937126,2352046
20221,1141065500,7029270634,500854
20221,1141066000,21306607115,879384
20221,1141068500,19320543721,862549
20221,1141069000,10851212877,467393
20221,1141070000,25477173138,1294922
20221,1141071000,3490031808,197349
20221,1141072000,35236781944,1670865
20221,1144055500,28913464061,1241506
20221,1144056500,40350994635,1724904
20221,1144058500,40299683229,1468962
20221,1144059000,64685376591,2339669
20221,1144060000,50719964910,2397235
20221,1144061000,17025432419,889479
20221,1144063000,18141687542,778666
20221,1144065500,27947520823,1573276
20221,1144066000,277657145201,11694082
20221,1144068000,49747839140,2402226
20221,1144069000,48054395463,2813239
20221,1144070000,28942257216,1652570
20221,1144071000,36042544317,1480544
20221,1144072000,34463877371,1113558
20221,1144073000,28773564494,1868507
20221,1144074000,66223882370,4304205
20221,1147051000,75590759617,2747936
20221,1147052000,29824481818,1631330
20221,1147053000,35275640255,1931263
20221,1147054000,27757394620,1301346
20221,1147055000,52495480732,1551242
20221,1147056000,30450390126,1618428
20221,1147057000,16135350881,813328
20221,1147058000,9849437746,666545
20221,1147059000,16512336616,899658
20221,1147060000,15711638390,735943
20221,1147061000,15875984569,701015
20221,1147061100,16381781030,930174
20221,1147062000,30682037412,1240341
20221,1147063000,29603602794,1219978
20221,1147064000,33666145583,2058113
20221,1147065000,71339629020,3027202
20221,1147067000,9445456259,262090
20221,1147068000,30814321487,1546590
20221,1150051000,47575375391,2663635
20221,1150052000,72632616082,3007345
20221,1150053000,8368623055,407546
20221,1150053500,60690134406,2212687
20221,1150054000,73670522840,4442703
20221,1150055000,11020039429,641425
20221,1150056000,26830566308,1280986
20221,1150057000,38641817701,1914469
20221,1150059000,37367740308,2061378
20221,1150059100,32900255380,1629967
20221,1150059300,34498032879,2047142
20221,1150060300,85898804270,3303792
20221,1150060400,21412424099,1151073
20221,1150060500,8445098135,593870
20221,1150061100,175893738018,4347256
20221,1150061500,26018149715,1107311
20221,1150062000,36799537142,1725805
20221,1150063000,56401202464,2760099
20221,1150064000,25226268841,1226549
20221,1150064100,10862722967,832293
20221,1153051000,30659847388,1230173
20221,1153052000,11386198479,663932
20221,1153053000,172496978945,3256089
20221,1153054000,105875463936,6552857
20221,1153055000,46613425053,2603324
20221,1153056000,75907995731,3368884
20221,1153059500,18236146386,1173631
20221,1153072000,48807533005,1695289
20221,1153073000,27898878484,1479942
20221,1153074000,29478450934,1615677
20221,1153075000,24475268011,1337201
20221,1153076000,17219710616,842677
20221,1153077000,35802362308,2395478
20221,1153078000,19545022975,1102555
20221,1153079000,13139540918,864819
20221,1153080000,144531612,20586
20221,1154551000,698176713629,18151551
20221,1154561000,254650511904,4254865
20221,1154562000,23257862645,1264508
20221,1154563000,39354930322,1941472
20221,1154564000,20324201996,878115
20221,1154567000,81319284545,3477495
20221,1154568000,3935564325,166368
20221,1154569000,13646730704,549042
20221,1154570000,12432878669,832190
20221,1154571000,26930431542,1632610
20221,1156051500,31940479939,1708299
20221,1156053500,260806013123,7778128
20221,1156054000,274430985076,10481183
20221,1156055000,142433605265,3999394
20221,1156056000,52121233559,2691334
20221,1156058500,13304209440,628756
20221,1156060500,98729629907,3639853
20221,1156061000,26249601812,1597462
20221,1156062000,68566139543,1357881
20221,1156063000,33337178199,1362433
20221,1156065000,20206206779,1016418
20221,1156066000,6904513630,349927
20221,1156067000,10267281965,291424
20221,1156068000,33732508424,1932969
20221,1156069000,10351385663,436798
20221,1156070000,28000031879,1481117
20221,1156071000,38279024072,1502589
20221,1156072000,142324034620,2237586
20221,1159051000,329729421445,7594200
20221,1159052000,729966212740,10030310
20221,1159053000,50384618961,2517058
20221,1159054000,23716635691,1265976
20221,1159055000,31629400566,1737055
20221,1159056000,21728223210,1353863
20221,1159060500,48336912502,2752492
20221,1159062000,49820991594,2208350
20221,1159063000,72196352849,3524729
20221,1159064000,9344929961,467650
20221,1159065000,20804895790,891445
20221,1159065100,4657745058,353183
20221,1159066000,50952480995,1925494
20221,1159067000,13852135992,794286
20221,1159068000,36840117109,2284206
20221,1162052500,24864370450,1459320
20221,1162054500,4538031849,206605
20221,1162056500,23318778205,1015322
20221,1162057500,37567070051,2005024
20221,1162058500,41270670510,1786707
20221,1162059500,70690757785,3392132
20221,1162060500,38281657959,1502948
20221,1162061500,35706204817,1652610
20221,1162062500,37169358860,2411064
20221,1162063000,22400852987,1217048
20221,1162064500,50533787237,2823083
20221,1162065500,19222384570,1120225
20221,1162066500,14637198527,1131707
20221,1162068500,28732795094,1933058
20221,1162069500,65981381800,3675076
20221,1162071500,4398173321,279099
20221,1162072500,50447256038,1820942
20221,1162073500,30370460434,3039061
20221,1162074500,12231152412,655727
20221,1162076500,23348796825,1212004
20221,1162077500,17245790516,1318924
20221,1165051000,61382503353,2451851
20221,1165052000,128013008510,4654158
20221,1165053000,166619365796,5971972
20221,1165053100,180975461728,4134675
20221,1165054000,66339779222,1923027
20221,1165055000,2528831249,25446
20221,1165056000,64013688012,2185552
20221,1165057000,18245109657,565918
20221,1165058000,52834310335,1743479
20221,1165058100,91917206768,2011530
20221,1165059000,48744563619,1825151
20221,1165060000,68227092633,2034337
20221,1165061000,29928710647,1142596
20221,1165062000,24370834115,662933
20221,1165062100,53958696713,1793609
20221,1165065100,95068376698,3509148
20221,1165065200,126372643021,5674602
20221,1165066000,5209536225,177838
20221,1168051000,269359405810,4470922
20221,1168052100,258946713313,5743703
20221,1168053100,176941603714,5366459
20221,1168054500,324022844808,4630192
20221,1168056500,248699567876,3497753
20221,1168058000,259530691542,8182401
20221,1168059000,88000040388,3361208
20221,1168060000,112807360280,2677319
20221,1168061000,134431264825,3539695
20221,1168063000,183173992867,6068880
20221,1168064000,485921227216,20034175
20221,1168065000,94434044452,4800552
20221,1168065500,67128459485,2365216
20221,1168065600,64886904712,2064031
20221,1168066000,104414916,9979
20221,1168067000,20435135719,933565
20221,1168069000,54462433561,2213254
20221,1168070000,28254417530,1063972
20221,1168072000,10222345905,1449050
20221,1168073000,22787408865,1060804
20221,1168074000,4071532259,282724
20221,1168075000,56328548749,3511399
20221,1171051000,10762679098,538342
20221,1171052000,27452952237,1075737
20221,1171053100,15401248441,694578
20221,1171053200,23083304664,1307794
20221,1171054000,40594955552,909393
20221,1171055000,38626820419,1906440
20221,1171056100,33916685557,1000132
20221,1171056200,96118176838,3845177
20221,1171056600,3456541038,255445
20221,1171057000,69185546782,1831520
20221,1171058000,63090770658,1969904
20221,1171059000,31565682300,970634
20221,1171060000,76700825503,3177867
20221,1171061000,74087085231,2671693
20221,1171062000,63966141768,2774949
20221,1171063100,381622629404,6380337
20221,1171063200,56186387973,2191443
20221,1171064100,27457342807,1007705
20221,1171064200,121423819369,5033261
20221,1171064600,30453118023,1370463
20221,1171064700,6148544080,523299
20221,1171065000,133707650420,5155530
20221,1171067000,39633781793,1651629
20221,1171068000,30986812529,1406881
20221,1171069000,11036239578,549434
20221,1171071000,41831970135,1751124
20221,1171072000,6147076182,290680
20221,1174051500,12304788504,615962
20221,1174052000,17659625593,597438
20221,1174053000,53947982783,2640589
20221,1174054000,70445563884,2592893
20221,1174055000,7794619122,464206
20221,1174056000,19389438967,1040766
20221,1174057000,32928779198,1780917
20221,1174058000,22315966674,1152774
20221,1174059000,13224198878,614689
20221,1174060000,26049679958,1222626
20221,1174061000,148558635453,3969014
20221,1174062000,29927155164,1385074
20221,1174064000,36376583539,1274646
20221,1174065000,41215272295,1889678
20221,1174066000,69234045283,2748454
20221,1174068500,92006472596,4322444
20221,1174070000,24868688289,1200466
20222,1111051500,27676469357,1383622
20222,1111053000,106167043161,4876380
20222,1111054000,48619726127,2004936
20222,1111055000,7577473484,365496
20222,1111056000,9421310493,404157
20222,1111057000,7623974153,559500
20222,1111058000,9857222233,460026
20222,1111060000,30094372416,1538063
20222,1111061500,558534687876,13909918
20222,1111063000,112927161477,3665564
20222,1111064000,36159321360,2875832
20222,1111065000,52538270452,2840326
20222,1111067000,88685787535,2868156
20222,1111068000,12887473025,603611
20222,1111069000,436189194,34339
20222,1111070000,3644869629,237992
20222,1111071000,32917277349,1594393
20222,1114052000,120803255933,4796373
20222,1114054000,227721921885,7616862
20222,1114055000,217499909096,10752301
20222,1114057000,34558957683,1949827
20222,1114058000,23803501524,675510
20222,1114059000,132611982627,4523085
20222,1114060500,263682933491,8294091
20222,1114061500,67507984935,2664717
20222,1114062500,40237586862,1547898
20222,1114063500,23434797868,1233856
20222,1114064500,9345756475,361736
20222,1114065000,28284374843,1296593
20222,1114066500,16764878442,831391
20222,1114067000,56318484857,1651529
20222,1114068000,25086737107,981597
20222,1117051000,20849240666,1353863
20222,1117052000,14481708615,861103
20222,1117053000,58715411947,2539276
20222,1117055500,42510290045,2947816
20222,1117056000,145202919226,1893390
20222,1117057000,35346202496,751126
20222,1117058000,11233939322,502920
20222,1117059000,26039543957,1143198
20222,1117062500,681819641176,4553744
20222,1117063000,35411409717,1213019
20222,1117064000,6705322895,223679
20222,1117065000,98798338314,3853043
20222,1117066000,20184682949,775754
20222,1117068500,99235695334,2779418
20222,1117069000,4493748721,155883
20222,1117070000,19680510393,1051877
20222,1120052000,11115489193,497249
20222,1120053500,42756729636,1354533
20222,1120054000,26769323169,1259842
20222,1120055000,43848676296,4319869
20222,1120056000,40287716970,1647021
20222,1120057000,5835256306,320186
20222,1120058000,2751369549,143027
20222,1120059000,6116656072,242611
20222,1120061500,19698458378,902152
20222,1120062000,14414901383,585867
20222,1120064500,11022858349,305621
20222,1120065000,26400169409,1153071
20222,1120066000,69641050376,2314176
20222,1120067000,79661072602,2832654
20222,1120069000,125051027474,5704540
20222,1120072000,8140472189,389738
20222,1120079000,32195674329,1756973
20222,1121571000,103530548755,5732086
20222,1121573000,42411048654,1765286
20222,1121574000,49606025792,1990136
20222,1121575000,41830580030,1856619
20222,1121576000,20814570305,1321926
20222,1121577000,34589243364,1781072
20222,1121578000,32162948838,1044650
20222,1121581000,36277864256,1698755
20222,1121582000,37586388168,2285835
20222,1121583000,18744941610,971049
20222,1121584000,41513808260,1787833
20222,1121584700,44998369517,2161414
20222,1121585000,51707247005,2237466
20222,1121586000,29371933994,1486052
20222,1121587000,124824470210,3380769
20222,1123053600,99496362463,4301947
20222,1123054500,552759676984,17338821
20222,1123056000,33591080493,2180982
20222,1123057000,18200553298,1228797
20222,1123060000,36874480374,1063896
20222,1123061000,30206194826,1368714
20222,1123065000,136334127247,3698990
20222,1123066000,85168899814,3792488
20222,1123070500,49283392197,2052045
20222,1123071000,37357083213,2171907
20222,1123072000,18763052479,960590
20222,1123073000,15813714446,737358
20222,1123074000,26522637372,2234412
20222,1123075000,7800110161,499637
20222,1126052000,25631500316,1305904
20222,1126054000,14564145036,951300
20222,1126055000,8031181609,304681
20222,1126056500,55769110417,3196031
20222,1126057000,42490168729,2310349
20222,1126057500,39797652853,2336912
20222,1126058000,12056710168,594887
20222,1126059000,68857630808,3025786
20222,1126060000,14695317566,684094
20222,1126061000,41704246582,2199467
20222,1126062000,36940035214,1456872
20222,1126063000,25935119096,1293164
20222,1126065500,68935560889,3296925
20222,1126066000,14799067099,924390
20222,1126068000,37629457366,1700742
20222,1126069000,30025132129,1525514
20222,1129052500,27465918216,1059218
20222,1129055500,57084229528,2821684
20222,1129057500,71706156851,3654934
20222,1129058000,9143795039,240995
20222,1129059000,6414139311,457146
20222,1129060000,41905476705,3428646
20222,1129061000,12367622521,605180
20222,1129062000,11469112338,724198
20222,1129063000,14932361268,711825
20222,1129064000,11897228430,673220
20222,1129065000,22959875736,1241857
20222,1129066000,11990193681,586199
20222,1129068500,23299125247,994404
20222,1129070500,39930727658,3039474
20222,1129071500,17678349396,1059369
20222,1129072500,32238285345,1757982
20222,1129076000,11418426192,743269
20222,1129077000,13709490551,647794
20222,1129078000,7494044447,360770
20222,1129081000,39809922781,1813929
20222,1130553400,19159465624,1106040
20222,1130553500,45370742967,2211587
20222,1130554500,81977144565,3013615
20222,1130555500,44229430732,2159549
20222,1130557500,12155257060,610501
20222,1130559500,59224595216,2200061
20222,1130560300,7842455315,402671
20222,1130560800,13882084172,778670
20222,1130561500,54490637595,2444689
20222,1130562500,22756553934,1205931
20222,1130563500,87262052873,4118756
20222,1130564500,32318414358,1476089
20222,1130566000,21575840748,1145395
20222,1132051100,27454428683,1667724
20222,1132051200,21953936942,1309286
20222,1132051300,16022499116,772572
20222,1132051400,20334535404,1068039
20222,1132051500,60359306588,2706125
20222,1132052100,53101373611,2120697
20222,1132052200,12245542031,626983
20222,1132066000,13417817141,1071477
20222,1132067000,27944814899,1429442
20222,1132068000,33427430442,1709144
20222,1132068100,12299285106,678065
20222,1132069000,53035873112,2533953
20222,1132070000,41751692723,1729931
20222,1132071000,12523712179,640816
20222,1135056000,24394533311,1528992
20222,1135057000,5280357237,340072
20222,1135058000,7967275724,526402
20222,1135059500,64518923853,3038059
20222,1135060000,40520121235,2874884
20222,1135061100,59112351126,2360862
20222,1135061200,2273965543,179924
20222,1135061900,39885601020,1761970
20222,1135062100,10557218333,383557
20222,1135062400,34248706598,1565647
20222,1135062500,52847524554,2556420
20222,1135063000,49013542450,2504345
20222,1135064000,96943901896,4295066
20222,1135066500,13110182777,850468
20222,1135067000,26207235343,1456018
20222,1135069500,92838575843,3707397
20222,1135070000,12105550564,679741
20222,1135071000,14728951352,917063
20222,1135072000,4301188519,238817
20222,1138051000,43235305384,1484808
20222,1138052000,46585970499,1975982
20222,1138053000,29745524718,1502178
20222,1138055100,47813077280,2339584
20222,1138055200,57541984740,2714352
20222,1138056000,16375890124,926764
20222,1138057000,63935067489,3065256
20222,1138058000,44490916915,2015571
20222,1138059000,17405921593,1033392
20222,1138060000,46945760108,2400588
20222,1138062500,39568476144,1965934
20222,1138063100,23154998977,1400976
20222,1138063200,10260688835,590950
20222,1138064000,12951903348,636475
20222,1138065000,4576162349,190824
20222,1138069000,35726543809,1137703
20222,1141052000,18759195582,785728
20222,1141055500,13417329718,587511
20222,1141056500,31665869020,1897307
20222,1141058500,129022805434,6911030
20222,1141061500,64946743758,2475264
20222,1141062000,19729447587,961792
20222,1141064000,51465997351,2287654
20222,1141065500,8329537247,632052
20222,1141066000,18863642488,880341
20222,1141068500,23400076366,1071650
20222,1141069000,12204690688,490270
20222,1141070000,28875338987,1433902
20222,1141071000,4114095540,226212
20222,1141072000,39482673760,1758322
20222,1144055500,31484145901,1405492
20222,1144056500,48331593496,1873856
20222,1144058500,57833713359,1704358
20222,1144059000,81099317751,2477556
20222,1144060000,52917302137,2710254
20222,1144061000,20162034468,1098396
20222,1144063000,20674339803,857158
20222,1144065500,37263692925,2192538
20222,1144066000,359506687880,15268082
20222,1144068000,69978058332,2854486
20222,1144069000,53161354754,3175095
20222,1144070000,30238444089,1781585
20222,1144071000,44044427315,1764579
20222,1144072000,37957734831,1208928
20222,1144073000,31929886950,2095829
20222,1144074000,82386496518,5133195
20222,1147051000,85516097601,2997823
20222,1147052000,33787953389,1791300
20222,1147053000,37477850941,1982161
20222,1147054000,28260498423,1357831
20222,1147055000,60343272408,1841176
20222,1147056000,31931480485,1625365
20222,1147057000,16800892195,842239
20222,1147058000,10474425628,709399
20222,1147059000,18224136256,973494
20222,1147060000,16377601292,750369
20222,1147061000,18184324124,738672
20222,1147061100,15879641524,862876
20222,1147062000,34070813094,1343439
20222,1147063000,31963797277,1313221
20222,1147064000,35726996082,2239223
20222,1147065000,82568207581,3330472
20222,1147067000,9691651828,301867
20222,1147068000,33882669229,1755405
20222,1150051000,53517317243,2992905
20222,1150052000,70791389005,3023609
20222,1150053000,9454154854,431037
20222,1150053500,66314307722,2584886
20222,1150054000,83379775508,4878053
20222,1150055000,11774983844,669103
20222,1150056000,31847369625,1483579
20222,1150057000,38814489131,2010366
20222,1150059000,38111004527,2108657
20222,1150059100,39463675480,1906328
20222,1150059300,32763680513,2008405
20222,1150060300,100088197066,3649290
20222,1150060400,21978635293,1221615
20222,1150060500,7700778422,548269
20222,1150061100,164107363495,4265208
20222,1150061500,29745997932,1223308
20222,1150062000,39811523274,1803518
20222,1150063000,64331534071,2881575
20222,1150064000,29587204877,1336985
20222,1150064100,13466166250,1140708
20222,1153051000,33303086031,1434561
20222,1153052000,11620135864,629316
20222,1153053000,180932376135,3353752
20222,1153054000,135050135689,7985629
20222,1153055000,51328543824,2756210
20222,1153056000,82987132007,3622238
20222,1153059500,18954334980,1286028
20222,1153072000,55017139062,2036525
20222,1153073000,28852185042,1502233
20222,1153074000,31473815767,1656258
20222,1153075000,26226930275,1398780
20222,1153076000,17596360654,874057
20222,1153077000,35144304976,2404186
20222,1153078000,21075136380,1178733
20222,1153079000,14378731221,976750
20222,1153080000,165285602,15844
20222,1154551000,735764795079,21296197
20222,1154561000,212007990953,3897545
20222,1154562000,21982187568,1285378
20222,1154563000,40767262872,1963186
20222,1154564000,18478536593,1024771
20222,1154567000,88189192704,3632187
20222,1154568000,3892759924,162387
20222,1154569000,14499372510,582417
20222,1154570000,14354006780,877757
20222,1154571000,29687387732,1814574
20222,1156051500,43569672616,2221557
20222,1156053500,281620465786,9520106
20222,1156054000,342530594698,13151156
20222,1156055000,132173328260,4199020
20222,1156056000,60093570918,3035179
20222,1156058500,15196740285,647420
20222,1156060500,114142685973,4189673
20222,1156061000,28096315919,1669449
20222,1156062000,78118738756,1510733
20222,1156063000,34501195516,1467473
20222,1156065000,21680248032,1107199
20222,1156066000,7373360277,364739
20222,1156067000,11546068161,324654
20222,1156068000,35697302128,2029557
20222,1156069000,11283166953,440330
20222,1156070000,28736052630,1520064
20222,1156071000,42997276287,1544238
20222,1156072000,146315812907,2432318
20222,1159051000,329846866381,7688152
20222,1159052000,809341858730,10676747
20222,1159053000,56440783283,2944155
20222,1159054000,25101189779,1308038
20222,1159055000,36162711280,1943981
20222,1159056000,23320450367,1332261
20222,1159060500,53951961362,3224024
20222,1159062000,61801654826,2559573
20222,1159063000,81457578040,3854996
20222,1159064000,11820824056,534302
20222,1159065000,21585922130,938982
20222,1159065100,5204276641,375265
20222,1159066000,54477987457,2037621
20222,1159067000,15343899832,873271
20222,1159068000,43941001764,2715205
20222,1162052500,26856238764,1572132
20222,1162054500,4791067801,204017
20222,1162056500,22628932946,1125012
20222,1162057500,43120632144,2163911
20222,1162058500,52698365899,2137882
20222,1162059500,92028071555,4105058
20222,1162060500,39317095713,1573241
20222,1162061500,38046811940,1753350
20222,1162062500,39617916102,2434668
20222,1162063000,27321063359,1399449
20222,1162064500,65518666597,3601529
20222,1162065500,19869959346,1185436
20222,1162066500,17155138103,1284699
20222,1162068500,30165114937,2031550
20222,1162069500,77042345829,3890844
20222,1162071500,4526108910,283935
20222,1162072500,59789849154,2002927
20222,1162073500,34292600626,3351360
20222,1162074500,11000246818,616788
20222,1162076500,25555800744,1282473
20222,1162077500,18016222143,1194503
20222,1165051000,70550942900,2884882
20222,1165052000,139344244991,5385409
20222,1165053000,198311134403,6966097
20222,1165053100,190805582461,5018444
20222,1165054000,79244087105,2482265
20222,1165055000,2447191547,29005
20222,1165056000,72210789018,2472877
20222,1165057000,22425276951,850233
20222,1165058000,73750128551,2233273
20222,1165058100,106019380159,2430598
20222,1165059000,56426795149,2125878
20222,1165060000,68318266998,2357785
20222,1165061000,41812304790,1345187
20222,1165062000,25450327298,691245
20222,1165062100,61738126607,2115816
20222,1165065100,116994034241,4084951
20222,1165065200,148113654602,6348311
20222,1165066000,6944613202,235487
20222,1168051000,284552819563,5273342
20222,1168052100,264455127441,6578242
20222,1168053100,200729149518,6357395
20222,1168054500,384559573802,5599651
20222,1168056500,281696104380,4038923
20222,1168058000,310596821254,9724027
20222,1168059000,98345514186,3957433
20222,1168060000,114174774275,2934089
20222,1168061000,145016778643,4040863
20222,1168063000,201110488499,6853933
20222,1168064000,536295264237,23144129
20222,1168065000,97560786465,5265449
20222,1168065500,71947173543,2635858
20222,1168065600,77581403020,2394422
20222,1168066000,37493565,1120
20222,1168067000,22097705191,1029267
20222,1168069000,62031019222,2353287
20222,1168070000,31048187956,1295749
20222,1168072000,11802226594,1592594
20222,1168073000,26871734774,1174566
20222,1168074000,4178880709,340723
20222,1168075000,60303285392,4103680
20222,1171051000,11315969133,541291
20222,1171052000,29179237275,1183131
20222,1171053100,16584431555,729720
20222,1171053200,27090575979,1446779
20222,1171054000,43531084978,933987
20222,1171055000,40056021612,1850693
20222,1171056100,36701397098,1110421
20222,1171056200,121426045253,4376678
20222,1171056600,7519167740,639494
20222,1171057000,80636867118,1972987
20222,1171058000,69774266941,2296636
20222,1171059000,32422433093,1046947
20222,1171060000,86316610976,3848803
20222,1171061000,77906599750,2858808
20222,1171062000,77536352047,3135666
20222,1171063100,439898784757,7031260
20222,1171063200,61400266313,2400819
20222,1171064100,30366196299,1110246
20222,1171064200,123829158852,5597823
20222,1171064600,31792149457,1425505
20222,1171064700,7227691263,590016
20222,1171065000,162799912657,6058082
20222,1171067000,51207062678,2759344
20222,1171068000,32260127250,1566358
20222,1171069000,11692257555,636644
20222,1171071000,42104200996,2208955
20222,1171072000,5889499495,332796
20222,1174051500,13715416229,719053
20222,1174052000,17659996495,772694
20222,1174053000,59249960543,2912791
20222,1174054000,73905285370,2846890
20222,1174055000,8853034844,593580
20222,1174056000,21126685918,1139725
20222,1174057000,35566013290,1885197
20222,1174058000,25185861119,1225872
20222,1174059000,14759602095,710833
20222,1174060000,27572564200,1269668
20222,1174061000,160589808204,4469104
20222,1174062000,36756367899,1618630
20222,1174064000,46234097795,1382876
20222,1174065000,45840627291,2223137
20222,1174066000,74039144457,2918397
20222,1174068500,103453494319,4760846
20222,1174070000,28722454726,1220590
20223,1111051500,24855240251,1278758
20223,1111053000,101626881127,4850745
20223,1111054000,41476405165,1712467
20223,1111055000,7690536727,293018
20223,1111056000,9333746515,391338
20223,1111057000,8696245161,620121
20223,1111058000,9739923005,459538
20223,1111060000,26772554448,1336181
20223,1111061500,545962216220,13944546
20223,1111063000,95911437453,3432851
20223,1111064000,36239910675,2849404
20223,1111065000,54093307374,2933928
20223,1111067000,77117756488,2423130
20223,1111068000,12400484946,568464
20223,1111069000,430318932,32213
20223,1111070000,3690057138,243706
20223,1111071000,28061234817,1550604
20223,1114052000,126186257796,4981593
20223,1114054000,194233870358,6814587
20223,1114055000,217165737011,11243790
20223,1114057000,34418185274,2131778
20223,1114058000,25633556241,703881
20223,1114059000,136190634631,4637393
20223,1114060500,242157743035,7969477
20223,1114061500,67294779572,2686454
20223,1114062500,39506369006,1507641
20223,1114063500,24150954817,1220864
20223,1114064500,10200961989,359943
20223,1114065000,27661858782,1255504
20223,1114066500,17654119827,799764
20223,1114067000,57964326707,1655737
20223,1114068000,24050261599,1005954
20223,1117051000,21626575264,1372703
20223,1117052000,13782847797,815802
20223,1117053000,58822989297,2581731
20223,1117055500,41994171460,2757835
20223,1117056000,153798911498,1821939
20223,1117057000,41592969014,752262
20223,1117058000,11780599728,469603
20223,1117059000,27966344977,1120453
20223,1117062500,719943295442,4667709
20223,1117063000,33573539467,1160762
20223,1117064000,5124204110,227189
20223,1117065000,98618147427,4167979
20223,1117066000,18431038963,743637
20223,1117068500,96060153038,2902345
20223,1117069000,4751729909,146245
20223,1117070000,20062440560,1016393
20223,1120052000,11557612497,506195
20223,1120053500,37579076608,1350230
20223,1120054000,25921453382,1198928
20223,1120055000,38901360466,3464049
20223,1120056000,37794553771,1628776
20223,1120057000,5845833200,318175
20223,1120058000,2736051330,133703
20223,1120059000,6833441517,242648
20223,1120061500,18542901415,854861
20223,1120062000,14799061033,605166
20223,1120064500,10454132594,294872
20223,1120065000,24042848278,1054637
20223,1120066000,55606045701,2342196
20223,1120067000,86119015520,2806363
20223,1120069000,121571383063,5986757
20223,1120072000,7011427687,390010
20223,1120079000,32485708873,1818203
20223,1121571000,97352272336,5391192
20223,1121573000,41813742823,1740412
20223,1121574000,50240402767,2069429
20223,1121575000,38384762206,1875190
20223,1121576000,20324083885,1329333
20223,1121577000,33981165424,1783926
20223,1121578000,25258686380,986838
20223,1121581000,36549653386,1697961
20223,1121582000,38011383962,2111776
20223,1121583000,19734586512,1062196
20223,1121584000,39549865593,1881621
20223,1121584700,43793349843,2179975
20223,1121585000,53107458857,2372614
20223,1121586000,28571955157,1423149
20223,1121587000,128530469026,3696264
20223,1123053600,94792097350,4138970
20223,1123054500,680124186520,17975092
20223,1123056000,33450526090,2170695
20223,1123057000,17141416929,1164501
20223,1123060000,35911226206,1095149
20223,1123061000,31138480751,1357938
20223,1123065000,134404958824,3711082
20223,1123066000,86411441432,3712566
20223,1123070500,51186460425,2118288
20223,1123071000,35393428025,2026461
20223,1123072000,18879845385,955651
20223,1123073000,15570671672,698738
20223,1123074000,26227928151,2169840
20223,1123075000,7865522015,508643
20223,1126052000,26289830736,1356999
20223,1126054000,13326913079,878485
20223,1126055000,7544824984,301578
20223,1126056500,56864792680,3160799
20223,1126057000,41777331217,2288217
20223,1126057500,39332676861,2308275
20223,1126058000,11224936705,599293
20223,1126059000,68246976420,3042684
20223,1126060000,15529857091,694126
20223,1126061000,41413135266,2104154
20223,1126062000,35148996082,1489361
20223,1126063000,24302783500,1288455
20223,1126065500,66438774064,3268513
20223,1126066000,14801858781,923671
20223,1126068000,37705942494,1693162
20223,1126069000,30001667049,1479251
20223,1129052500,25222934552,1011744
20223,1129055500,56064469815,2848060
20223,1129057500,72590781161,3767277
20223,1129058000,9830529929,279676
20223,1129059000,7135175740,490803
20223,1129060000,38305077161,2973910
20223,1129061000,12187951256,583872
20223,1129062000,11844648511,739920
20223,1129063000,13921554935,686188
20223,1129064000,11253988845,614179
20223,1129065000,22905433458,1221436
20223,1129066000,12440135032,578215
20223,1129068500,22602622008,1061691
20223,1129070500,39253727865,2739490
20223,1129071500,17459018951,1036843
20223,1129072500,31048330857,1683882
20223,1129076000,11481842608,733669
20223,1129077000,12944834175,630042
20223,1129078000,7351680815,371044
20223,1129081000,40540070514,1807210
20223,1130553400,22308912415,1150670
20223,1130553500,43998277537,2258461
20223,1130554500,75370540615,2914448
20223,1130555500,41483824567,2146676
20223,1130557500,13441574961,653167
20223,1130559500,60958104377,2283657
20223,1130560300,6715390547,403344
20223,1130560800,13085461647,690802
20223,1130561500,55307574847,2472364
20223,1130562500,24036917010,1245429
20223,1130563500,87502477640,4259503
20223,1130564500,31932338372,1439012
20223,1130566000,21284192531,1131271
20223,1132051100,27669948869,1647500
20223,1132051200,21388997894,1204628
20223,1132051300,16211017656,757771
20223,1132051400,20403318892,1086392
20223,1132051500,61040059335,2812472
20223,1132052100,47325796374,2084894
20223,1132052200,12543426899,641739
20223,1132066000,13000011455,988305
20223,1132067000,30702057330,1492911
20223,1132068000,33481714022,1682150
20223,1132068100,12815119021,708660
20223,1132069000,51793712769,2509088
20223,1132070000,51486791298,1748377
20223,1132071000,12826772533,634973
20223,1135056000,24878858273,1532909
20223,1135057000,5426529428,292133
20223,1135058000,8018337715,509779
20223,1135059500,59132058121,3032351
20223,1135060000,39768004990,2624116
20223,1135061100,60076749248,2504048
20223,1135061200,2134874471,183464
20223,1135061900,41218622705,1826550
20223,1135062100,10696326742,395842
20223,1135062400,33488102039,1559531
20223,1135062500,54955133721,2675639
20223,1135063000,50167201403,2603551
20223,1135064000,93639746430,4279382
20223,1135066500,13023302520,845656
20223,1135067000,24034341948,1302407
20223,1135069500,95791508264,3780265
20223,1135070000,11869205725,735276
20223,1135071000,14338841363,873031
20223,1135072000,4267146901,219335
20223,1138051000,43827881238,1448107
20223,1138052000,44343743138,2007740
20223,1138053000,28512407723,1458022
20223,1138055100,46699044035,2293073
20223,1138055200,57005386861,2614541
20223,1138056000,15677919890,925762
20223,1138057000,63851625939,3027599
20223,1138058000,43790343050,1912200
20223,1138059000,10576135654,617277
20223,1138060000,46679472620,2386870
20223,1138062500,38313666073,1991450
20223,1138063100,22820251412,1405289
20223,1138063200,10183722099,557141
20223,1138064000,14580655859,865293
20223,1138065000,4530226991,161551
20223,1138069000,34889764552,1143293
20223,1141052000,17865900320,759041
20223,1141055500,14336869682,590095
20223,1141056500,31599898920,1833496
20223,1141058500,129584517724,6911568
20223,1141061500,63044804429,2418498
20223,1141062000,21091264465,937260
20223,1141064000,53107998204,2384335
20223,1141065500,8986191597,665773
20223,1141066000,22706412643,915503
20223,1141068500,24645534124,1036794
20223,1141069000,10429493840,476536
20223,1141070000,28302038241,1400827
20223,1141071000,5456770833,223931
20223,1141072000,39982995884,1814554
20223,1144055500,37246841058,1553486
20223,1144056500,45593353586,1893807
20223,1144058500,60664344977,1683552
20223,1144059000,79337562404,2608368
20223,1144060000,60102125597,2809024
20223,1144061000,19625302359,1036292
20223,1144063000,19801486854,859021
20223,1144065500,37487706620,2094048
20223,1144066000,368984051225,15698686
20223,1144068000,62014687790,2739170
20223,1144069000,51061891838,3078303
20223,1144070000,30587455254,1839710
20223,1144071000,42567593132,1720426
20223,1144072000,39962665875,1241752
20223,1144073000,31368268270,2076210
20223,1144074000,81499828000,5234149
20223,1147051000,82902572361,3061136
20223,1147052000,33369348337,1783054
20223,1147053000,35744210862,1811377
20223,1147054000,30071529276,1363706
20223,1147055000,60647741820,1888692
20223,1147056000,32539618584,1657604
20223,1147057000,16448270308,785535
20223,1147058000,11145939916,744937
20223,1147059000,17454066025,942599
20223,1147060000,16070745742,748472
20223,1147061000,18536339356,775322
20223,1147061100,16979008002,905969
20223,1147062000,34394936435,1289663
20223,1147063000,32077423022,1333276
20223,1147064000,35384918305,2274547
20223,1147065000,82820706783,3372281
20223,1147067000,10119039890,307358
20223,1147068000,35718865074,1842869
20223,1150051000,56414658885,3085737
20223,1150052000,69760230377,3333123
20223,1150053000,10017687603,445452
20223,1150053500,65112899175,2623202
20223,1150054000,84669595281,4929219
20223,1150055000,12121414070,664800
20223,1150056000,30490027758,1446041
20223,1150057000,39522217567,2055317
20223,1150059000,38558667288,2091287
20223,1150059100,39324370416,1945342
20223,1150059300,33851677813,2025364
20223,1150060300,99022883623,3645942
20223,1150060400,24582529222,1259106
20223,1150060500,7787922432,523404
20223,1150061100,160284260322,4201074
20223,1150061500,29123194621,1162259
20223,1150062000,38671132591,1846987
20223,1150063000,59365234911,2885712
20223,1150064000,27971954663,1272675
20223,1150064100,13826283719,1264654
20223,1153051000,33907094174,1411826
20223,1153052000,12454501533,699057
20223,1153053000,175595345767,3376446
20223,1153054000,151373282504,8098634
20223,1153055000,51556489182,2814567
20223,1153056000,84402845501,3829497
20223,1153059500,21989153751,1299407
20223,1153072000,52188638818,1917128
20223,1153073000,28152332995,1458433
20223,1153074000,31660265926,1717767
20223,1153075000,26529848146,1400911
20223,1153076000,19233013015,895254
20223,1153077000,34303081851,2302807
20223,1153078000,20537350171,1106229
20223,1153079000,13861404227,998732
20223,1153080000,224669498,26758
20223,1154551000,711595715720,21234119
20223,1154561000,245690996538,4216923
20223,1154562000,22058582871,1219482
20223,1154563000,41741660282,1994123
20223,1154564000,18947149808,1037268
20223,1154567000,89025627391,3713102
20223,1154568000,4252390518,165150
20223,1154569000,12970207181,580350
20223,1154570000,12990266806,847271
20223,1154571000,31291084926,1872452
20223,1156051500,44318506155,2886013
20223,1156053500,305439262439,9163415
20223,1156054000,333932586857,13041048
20223,1156055000,144739067392,4022731
20223,1156056000,60231744964,3133059
20223,1156058500,15505019302,652586
20223,1156060500,120826180805,4351711
20223,1156061000,26978312853,1705131
20223,1156062000,71741920125,1575990
20223,1156063000,34749777555,1520163
20223,1156065000,20647968258,1101652
20223,1156066000,7118801345,364230
20223,1156067000,12268445658,353446
20223,1156068000,35618015546,2121014
20223,1156069000,10086742483,431894
20223,1156070000,28823983227,1579895
20223,1156071000,41440957298,1643755
20223,1156072000,146601649293,2441013
20223,1159051000,293851099051,7453183
20223,1159052000,658778574698,9406591
20223,1159053000,57005109825,2893747
20223,1159054000,25341460040,1293513
20223,1159055000,35485452159,1903667
20223,1159056000,23355804497,1359033
20223,1159060500,53512882875,3122412
20223,1159062000,60274703771,2457234
20223,1159063000,77364568193,3715003
20223,1159064000,13532103109,580624
20223,1159065000,20892188195,910129
20223,1159065100,5313345717,381318
20223,1159066000,53916880506,2071877
20223,1159067000,16345608970,976010
20223,1159068000,42839782318,2764611
20223,1162052500,27130738264,1570701
20223,1162054500,4547808464,196341
20223,1162056500,27248464271,1176102
20223,1162057500,41119829928,2178816
20223,1162058500,51871104527,2112457
20223,1162059500,81222078590,3924049
20223,1162060500,39482345671,1648661
20223,1162061500,39225616495,1797247
20223,1162062500,39845107144,2469127
20223,1162063000,26144391101,1292844
20223,1162064500,64609986627,3510678
20223,1162065500,20053352656,1117669
20223,1162066500,16497583509,1212646
20223,1162068500,32297606268,2111536
20223,1162069500,75263457147,3814183
20223,1162071500,4515086555,282514
20223,1162072500,59995691436,2077918
20223,1162073500,32267397745,3104043
20223,1162074500,12076277521,627157
20223,1162076500,25048917430,1297777
20223,1162077500,18193478664,1262439
20223,1165051000,69035337217,2900509
20223,1165052000,137349532127,5520883
20223,1165053000,192145000367,7358721
20223,1165053100,205233925913,5151355
20223,1165054000,77938944018,2569376
20223,1165055000,2318604482,30456
20223,1165056000,76476812450,2555207
20223,1165057000,22507476932,856812
20223,1165058000,83269961808,2492671
20223,1165058100,105518012458,2395581
20223,1165059000,52272427793,2086776
20223,1165060000,74886697102,2248120
20223,1165061000,45340506179,1408864
20223,1165062000,25941523381,705820
20223,1165062100,62133480380,2154713
20223,1165065100,112638799441,3942164
20223,1165065200,133509218881,5774790
20223,1165066000,7143005889,234114
20223,1168051000,276882336841,5082749
20223,1168052100,254739186066,6876889
20223,1168053100,192979401871,6242710
20223,1168054500,357196025063,5578004
20223,1168056500,269306292975,4064220
20223,1168058000,319563470740,9897158
20223,1168059000,99951751463,3988162
20223,1168060000,124076474519,3225420
20223,1168061000,166424154849,4206160
20223,1168063000,218973467511,7588242
20223,1168064000,540126422349,23642947
20223,1168065000,99043132100,5461404
20223,1168065500,69062837159,2533184
20223,1168065600,72847815762,2251907
20223,1168066000,44448046,996
20223,1168067000,20865358286,971489
20223,1168069000,59047856912,2321891
20223,1168070000,32887295898,1440361
20223,1168072000,12152477847,1689538
20223,1168073000,28602103755,1209282
20223,1168074000,4218181450,342970
20223,1168075000,61341771836,4272691
20223,1171051000,10768394289,550599
20223,1171052000,28855945529,1161290
20223,1171053100,18648982361,746666
20223,1171053200,26147624013,1397601
20223,1171054000,29469470712,932049
20223,1171055000,38805307689,1764713
20223,1171056100,37995663664,1087481
20223,1171056200,114988644001,4293867
20223,1171056600,5495148404,561833
20223,1171057000,80226583126,1947980
20223,1171058000,67334192662,2170751
20223,1171059000,31121086297,1074952
20223,1171060000,84472106647,3657801
20223,1171061000,76553622473,2806756
20223,1171062000,74325983116,3109020
20223,1171063100,481565142609,6855332
20223,1171063200,60699557949,2366640
20223,1171064100,25999367695,1079686
20223,1171064200,133180117195,5827902
20223,1171064600,32475829134,1447947
20223,1171064700,6937081321,546928
20223,1171065000,157491378395,6093337
20223,1171067000,53355271185,2804730
20223,1171068000,36093213391,1742683
20223,1171069000,12374143793,645746
20223,1171071000,45380207863,2275593
20223,1171072000,6648537463,381753
20223,1174051500,13987736954,717053
20223,1174052000,16071541319,733479
20223,1174053000,58424988627,2966219
20223,1174054000,77149595662,3028137
20223,1174055000,7978112458,512124
20223,1174056000,21787987260,1148112
20223,1174057000,36175954504,1898807
20223,1174058000,24275380207,1235747
20223,1174059000,16136812364,754029
20223,1174060000,27868142600,1341243
20223,1174061000,157167573796,4581980
20223,1174062000,35212122367,1693757
20223,1174064000,42755740015,1361449
20223,1174065000,46406010376,2229913
20223,1174066000,75396049384,2901891
20223,1174068500,104127423430,4746592
20223,1174070000,30346887856,1295934
20224,1111051500,26087653457,1202497
20224,1111053000,107191595177,4737702
20224,1111054000,48634733593,1703911
20224,1111055000,8315198567,348912
20224,1111056000,8851775787,387241
20224,1111057000,8257676764,569176
20224,1111058000,9904741362,464470
20224,1111060000,33390875570,1604019
20224,1111061500,609884241000,13459287
20224,1111063000,110165404815,3454886
20224,1111064000,39293854342,2759319
20224,1111065000,57993371852,2995242
20224,1111067000,101515034888,2770203
20224,1111068000,14176089965,581867
20224,1111069000,409503376,31351
20224,1111070000,3582209687,228837
20224,1111071000,31139572931,1528935
20224,1114052000,135873153163,4886273
20224,1114054000,237354749394,7491748
20224,1114055000,239172641841,11377097
20224,1114057000,36858026778,2296378
20224,1114058000,26746264846,704330
20224,1114059000,131877668021,4458444
20224,1114060500,263002172258,7718860
20224,1114061500,83009948795,2729578
20224,1114062500,42293900448,1498627
20224,1114063500,25566712276,1214555
20224,1114064500,9992501384,343258
20224,1114065000,27902087312,1247660
20224,1114066500,15633746713,811527
20224,1114067000,57774156716,1587157
20224,1114068000,33504008345,992578
20224,1117051000,21012950911,1237978
20224,1117052000,12592688209,696805
20224,1117053000,61694724697,2500128
20224,1117055500,45631724501,2969552
20224,1117056000,125479582433,1841601
20224,1117057000,42880730110,649764
20224,1117058000,12747502316,467854
20224,1117059000,26697981613,1080416
20224,1117062500,850223909589,4602825
20224,1117063000,34220555899,1107777
20224,1117064000,7555198304,199883
20224,1117065000,73822795497,2906014
20224,1117066000,17445716642,660431
20224,1117068500,96183385220,2630038
20224,1117069000,4033601020,141742
20224,1117070000,19495724978,976154
20224,1120052000,13221205329,502690
20224,1120053500,43183550666,1320078
20224,1120054000,30781369512,1203542
20224,1120055000,44366374718,4056973
20224,1120056000,39050851400,1598599
20224,1120057000,5759560183,319877
20224,1120058000,2759186103,131831
20224,1120059000,5176829867,255759
20224,1120061500,19623743366,872399
20224,1120062000,15552638309,652309
20224,1120064500,10991493233,280075
20224,1120065000,25713272430,1013089
20224,1120066000,58567549051,2223417
20224,1120067000,93902163163,2693675
20224,1120069000,127481761485,5489264
20224,1120072000,7664452386,377709
20224,1120079000,34075730420,1746739
20224,1121571000,100915855561,5452779
20224,1121573000,45063936928,1872600
20224,1121574000,52856527793,2050089
20224,1121575000,39445828462,1808995
20224,1121576000,21173038102,1290813
20224,1121577000,34117311377,1707719
20224,1121578000,25867175550,974531
20224,1121581000,36307973008,1664234
20224,1121582000,37275645177,1991150
20224,1121583000,20090143093,1023170
20224,1121584000,39470185354,1764730
20224,1121584700,44569230665,2139136
20224,1121585000,59421314044,2359792
20224,1121586000,29125033858,1379328
20224,1121587000,123109180615,3339485
20224,1123053600,104536117753,4225668
20224,1123054500,595430081423,17135446
20224,1123056000,36505418240,2461122
20224,1123057000,16474688120,1061737
20224,1123060000,36154583397,1071795
20224,1123061000,30840050689,1367426
20224,1123065000,147000062397,3752746
20224,1123066000,86282687617,3710300
20224,1123070500,50496017095,2086634
20224,1123071000,37678847453,2249124
20224,1123072000,19887896102,951450
20224,1123073000,16043333289,745039
20224,1123074000,26785338692,2348085
20224,1123075000,8445002058,537204
20224,1126052000,27769425889,1312643
20224,1126054000,14424959028,855348
20224,1126055000,7106198029,276708
20224,1126056500,55965859697,2934462
20224,1126057000,42196015706,2254291
20224,1126057500,38496803096,2221507
20224,1126058000,13216521561,828120
20224,1126059000,69437987760,2951425
20224,1126060000,15103573061,658814
20224,1126061000,41882634393,2030258
20224,1126062000,37949760032,1452905
20224,1126063000,26666840540,1289359
20224,1126065500,66869986537,3201022
20224,1126066000,15435931392,858182
20224,1126068000,37214566776,1561309
20224,1126069000,30859125395,1569542
20224,1129052500,24854751292,919308
20224,1129055500,59538141191,2883454
20224,1129057500,71023057772,3688718
20224,1129058000,9602632974,275914
20224,1129059000,7591895936,516422
20224,1129060000,43446587139,3479183
20224,1129061000,12482097291,560785
20224,1129062000,12126226275,751700
20224,1129063000,14731630391,723941
20224,1129064000,11753880356,674384
20224,1129065000,22701387703,1227433
20224,1129066000,12397363637,569936
20224,1129068500,25893661866,1042504
20224,1129070500,41273483373,2990013
20224,1129071500,17566491346,995869
20224,1129072500,32870092891,1719150
20224,1129076000,12685831393,757830
20224,1129077000,14193437526,641059
20224,1129078000,7495146680,353274
20224,1129081000,40352355694,1789900
20224,1130553400,20215256867,1169822
20224,1130553500,46648603246,2237886
20224,1130554500,79253410540,2752647
20224,1130555500,42616186488,2116771
20224,1130557500,12937906908,632830
20224,1130559500,60901649251,2160307
20224,1130560300,8215600344,398250
20224,1130560800,13267055538,691547
20224,1130561500,56795933673,2381146
20224,1130562500,27213542959,1258804
20224,1130563500,92691849656,4145360
20224,1130564500,29311708651,1319904
20224,1130566000,20855719703,1054329
20224,1132051100,27708398422,1639652
20224,1132051200,21779201830,1222210
20224,1132051300,15879992266,752237
20224,1132051400,20533599515,1024359
20224,1132051500,59884654979,2711567
20224,1132052100,52055744383,2012672
20224,1132052200,13607303887,645547
20224,1132066000,13718271708,1082802
20224,1132067000,28992715843,1518433
20224,1132068000,34858487629,1628764
20224,1132068100,14053631686,678055
20224,1132069000,53995481643,2380268
20224,1132070000,51739669179,1839164
20224,1132071000,12663752760,585829
20224,1135056000,24982142872,1550265
20224,1135057000,5179336536,324537
20224,1135058000,8217533866,516486
20224,1135059500,64110619772,3058364
20224,1135060000,40242255847,2791164
20224,1135061100,58590904194,2279884
20224,1135061200,2093718912,180986
20224,1135061900,40251784807,1725482
20224,1135062100,10367905913,342465
20224,1135062400,36761618913,1614154
20224,1135062500,60882616239,2606854
20224,1135063000,51205241593,2549354
20224,1135064000,95420109001,4037488
20224,1135066500,13122340253,807413
20224,1135067000,24577598433,1280470
20224,1135069500,95244484219,3588488
20224,1135070000,12481096793,706398
20224,1135071000,15206372351,948258
20224,1135072000,3583290864,192647
20224,1138051000,44708574496,1438826
20224,1138052000,46843427372,1995438
20224,1138053000,29388679764,1499341
20224,1138055100,47061970564,2192678
20224,1138055200,56893762034,2595010
20224,1138056000,15425814554,901396
20224,1138057000,62079489804,2930077
20224,1138058000,43297364461,1855777
20224,1138059000,15325486404,893818
20224,1138060000,48290829332,2204446
20224,1138062500,40516942674,1909257
20224,1138063100,23046828414,1355831
20224,1138063200,11403574288,560250
20224,1138064000,16285225583,822623
20224,1138065000,5388399740,189186
20224,1138069000,35467219962,1048670
20224,1141052000,20012317642,853038
20224,1141055500,14724188489,596440
20224,1141056500,33898196576,1780418
20224,1141058500,142053233766,7421644
20224,1141061500,65343137001,2361987
20224,1141062000,22110363480,982566
20224,1141064000,53029184038,2450584
20224,1141065500,9617669513,620687
20224,1141066000,19598832468,846394
20224,1141068500,23481236300,1102357
20224,1141069000,15470404181,758970
20224,1141070000,29288440763,1445908
20224,1141071000,4934492835,209750
20224,1141072000,43180192563,1761269
20224,1144055500,36885246797,1568141
20224,1144056500,51055702994,1880729
20224,1144058500,60189916511,1658832
20224,1144059000,84789406485,2717551
20224,1144060000,62758952096,2766324
20224,1144061000,18750733803,988042
20224,1144063000,16901368913,820253
20224,1144065500,38472795185,2211182
20224,1144066000,369242759211,14964511
20224,1144068000,65877024191,2585500
20224,1144069000,53141369257,3025967
20224,1144070000,30189994488,1710157
20224,1144071000,44249321009,1722916
20224,1144072000,41386266735,1191418
20224,1144073000,31912440514,2039920
20224,1144074000,85057524339,5039225
20224,1147051000,82214222765,2961354
20224,1147052000,33423173425,1704180
20224,1147053000,36540987234,1817539
20224,1147054000,29203950088,1353302
20224,1147055000,65818534708,1813317
20224,1147056000,32232031266,1606432
20224,1147057000,15917559121,750369
20224,1147058000,10846694136,709944
20224,1147059000,17173819996,917815
20224,1147060000,17748960399,786000
20224,1147061000,19358363654,818121
20224,1147061100,16142104784,922508
20224,1147062000,33287856835,1279572
20224,1147063000,32645967250,1348604
20224,1147064000,36394174672,2146397
20224,1147065000,84618743903,3223737
20224,1147067000,9142992170,268701
20224,1147068000,36689257801,1643234
20224,1150051000,58401023696,2957997
20224,1150052000,69333130512,3388145
20224,1150053000,10036623571,438355
20224,1150053500,67200995158,2715992
20224,1150054000,85998971521,4824969
20224,1150055000,11988077335,611161
20224,1150056000,29854028522,1322835
20224,1150057000,41510416948,2025706
20224,1150059000,39820558999,2021215
20224,1150059100,39892371962,1865596
20224,1150059300,33532462256,2023771
20224,1150060300,108799639767,3558833
20224,1150060400,23784438159,1237607
20224,1150060500,8165363575,478321
20224,1150061100,185972771356,4531728
20224,1150061500,29939491240,1131281
20224,1150062000,39191504692,1697434
20224,1150063000,63059380446,2873213
20224,1150064000,28121703957,1263228
20224,1150064100,12583099464,951897
20224,1153051000,35171100817,1371474
20224,1153052000,12525260011,651262
20224,1153053000,190910095625,3256112
20224,1153054000,170123594766,7769611
20224,1153055000,52082462271,2834274
20224,1153056000,92848744004,3872589
20224,1153059500,21409791596,1254467
20224,1153072000,52870899930,2016779
20224,1153073000,27721817411,1426557
20224,1153074000,30329290721,1647660
20224,1153075000,27738772977,1446602
20224,1153076000,18684186126,907493
20224,1153077000,33899363352,2257562
20224,1153078000,22146209433,1175883
20224,1153079000,12960002529,929411
20224,1153080000,247265230,22787
20224,1154551000,773725214841,19145262
20224,1154561000,241689565748,4111628
20224,1154562000,22635547795,1240505
20224,1154563000,39913397250,1944286
20224,1154564000,18372811399,988500
20224,1154567000,89944469362,3622853
20224,1154568000,4217815332,182264
20224,1154569000,14086967908,607917
20224,1154570000,12874648995,820822
20224,1154571000,32722748849,1827030
20224,1156051500,62137689193,4772129
20224,1156053500,291361066171,10293973
20224,1156054000,346717243159,12407575
20224,1156055000,113446769234,3521238
20224,1156056000,63595168345,3068564
20224,1156058500,15530872406,680035
20224,1156060500,113570014940,4188563
20224,1156061000,28031817024,1616417
20224,1156062000,74556619563,1541544
20224,1156063000,35036359647,1507587
20224,1156065000,22556456952,1079904
20224,1156066000,8091174693,379269
20224,1156067000,12229955493,354490
20224,1156068000,35485423034,2083001
20224,1156069000,9790359573,370000
20224,1156070000,30623497594,1587984
20224,1156071000,41725903846,1561722
20224,1156072000,132166791878,2287108
20224,1159051000,429673897761,8879191
20224,1159052000,917016419527,12404962
20224,1159053000,59146387720,2999888
20224,1159054000,25996239615,1326910
20224,1159055000,37552856148,1939172
20224,1159056000,23396187997,1349801
20224,1159060500,56218009130,3344417
20224,1159062000,66774150037,2414252
20224,1159063000,78834285555,3627053
20224,1159064000,13891445148,584769
20224,1159065000,21516090523,908982
20224,1159065100,5106144176,407865
20224,1159066000,55387071684,2038691
20224,1159067000,16347154876,981708
20224,1159068000,41309785656,2485648
20224,1162052500,28725626868,1607149
20224,1162054500,4705791781,193045
20224,1162056500,9897740824,632942
20224,1162057500,42404912532,2103048
20224,1162058500,52934639558,2009858
20224,1162059500,87298375784,3862456
20224,1162060500,40128162690,1606495
20224,1162061500,39273878564,1821483
20224,1162062500,42484022613,2650594
20224,1162063000,28198695936,1351040
20224,1162064500,63816402982,3327360
20224,1162065500,20089940915,1109148
20224,1162066500,16507589171,1179339
20224,1162068500,31597037389,2023695
20224,1162069500,78678671116,3700882
20224,1162071500,4760004082,273007
20224,1162072500,62317041886,2098285
20224,1162073500,33020660655,3089762
20224,1162074500,13180399837,637669
20224,1162076500,27107094231,1239057
20224,1162077500,18581843568,1280026
20224,1165051000,71343745970,2722849
20224,1165052000,138817460050,5144562
20224,1165053000,200887770957,7414935
20224,1165053100,188134358174,4806813
20224,1165054000,75806638524,2385368
20224,1165055000,1996478591,35346
20224,1165056000,73776797353,2453736
20224,1165057000,25778670934,745270
20224,1165058000,87207679086,2529296
20224,1165058100,109240899632,2368443
20224,1165059000,51072884633,1946739
20224,1165060000,68538585527,2251738
20224,1165061000,48475516508,1397654
20224,1165062000,26042016357,702688
20224,1165062100,63281581995,2103384
20224,1165065100,113880667520,3786190
20224,1165065200,143318213467,5800737
20224,1165066000,5677887558,231628
20224,1168051000,280328244657,4876105
20224,1168052100,273632076522,6537943
20224,1168053100,221667688993,6184836
20224,1168054500,365712966215,5379185
20224,1168056500,295816181542,4057291
20224,1168058000,314623116932,9046449
20224,1168059000,97241071838,3776600
20224,1168060000,120520787411,3016963
20224,1168061000,164239197435,3998298
20224,1168063000,226652845886,7225200
20224,1168064000,550704585319,22965758
20224,1168065000,105028019423,5291855
20224,1168065500,69364958323,2472107
20224,1168065600,71055740458,2219214
20224,1168066000,38351352,1295
20224,1168067000,22114979363,1012124
20224,1168069000,60165270029,2260411
20224,1168070000,34229134672,1391974
20224,1168072000,12406805182,1602401
20224,1168073000,27526534007,1252256
20224,1168074000,5019121121,330308
20224,1168075000,61837519807,4294922
20224,1171051000,11381915897,577486
20224,1171052000,28272541404,1035498
20224,1171053100,18549121087,728864
20224,1171053200,26702525031,1393002
20224,1171054000,34463643492,875112
20224,1171055000,41092843949,1802942
20224,1171056100,40784421819,1083817
20224,1171056200,120782388617,4258650
20224,1171056600,5361841337,483930
20224,1171057000,82762361907,1914342
20224,1171058000,68508608023,2114200
20224,1171059000,26328526443,1006200
20224,1171060000,84764393594,3696596
20224,1171061000,74114419018,2733476
20224,1171062000,78132734481,2949300
20224,1171063100,511139895654,7433384
20224,1171063200,57047466717,2262312
20224,1171064100,31929947465,1030192
20224,1171064200,137793096307,5411940
20224,1171064600,35355087067,1428991
20224,1171064700,7161488276,579902
20224,1171065000,163449485696,5854505
20224,1171067000,48756488243,2332211
20224,1171068000,34575278988,1614720
20224,1171069000,13117802294,642753
20224,1171071000,48379564278,2159994
20224,1171072000,6610490765,375800
20224,1174051500,14239277623,693675
20224,1174052000,16321274911,681584
20224,1174053000,59127487862,2821597
20224,1174054000,74861740589,2778758
20224,1174055000,8057624540,506342
20224,1174056000,22990906180,1168451
20224,1174057000,38455325952,1942930
20224,1174058000,24001040134,1203678
20224,1174059000,13889406113,639978
20224,1174060000,27084442169,1267162
20224,1174061000,157949548139,4316801
20224,1174062000,36556911285,1658853
20224,1174064000,44032038344,1315478
20224,1174065000,47994148005,2180949
20224,1174066000,71803771629,2835608
20224,1174068500,107772982790,4767451
20224,1174070000,31459854434,1252062
20231,1111051500,25095837542,1198412
20231,1111053000,96882252207,4242091
20231,1111054000,40348316093,1415450
20231,1111055000,6457026670,263134
20231,1111056000,8069357153,358566
20231,1111057000,7968152790,501063
20231,1111058000,9806855312,439070
20231,1111060000,29926695625,1401885
20231,1111061500,566069273016,12745393
20231,1111063000,106940660550,3329307
20231,1111064000,36378863928,2682857
20231,1111065000,55107319562,2745121
20231,1111067000,74311907708,2555424
20231,1111068000,12892380435,534733
20231,1111069000,441866406,30208
20231,1111070000,3095269178,195646
20231,1111071000,30145053817,1431923
20231,1114052000,142191559552,4788852
20231,1114054000,225069851748,6690834
20231,1114055000,229262050906,11127593
20231,1114057000,33365145598,1965289
20231,1114058000,22912962663,605852
20231,1114059000,144845703867,4350212
20231,1114060500,220428855108,7363043
20231,1114061500,65025708908,2496668
20231,1114062500,42915040491,1377642
20231,1114063500,25764532700,1177064
20231,1114064500,8829442596,313773
20231,1114065000,26691078618,1150145
20231,1114066500,13781182179,816058
20231,1114067000,58688309144,1723886
20231,1114068000,24759465730,963783
20231,1117051000,19570470550,1154994
20231,1117052000,11662260415,707305
20231,1117053000,61320366176,2431757
20231,1117055500,41402638448,2492841
20231,1117056000,121419750814,1666692
20231,1117057000,41585716445,673056
20231,1117058000,11431840963,399436
20231,1117059000,25181334580,1049963
20231,1117062500,688952034150,4685560
20231,1117063000,34326110022,1074703
20231,1117064000,4987646075,178582
20231,1117065000,62111899861,2412449
20231,1117066000,14286730912,521587
20231,1117068500,94011384307,2489970
20231,1117069000,3861186004,135270
20231,1117070000,17655454737,836799
20231,1120052000,11937648950,446368
20231,1120053500,40602143480,1209287
20231,1120054000,27909922972,1089485
20231,1120055000,40399660328,3470132
20231,1120056000,40355400923,1570570
20231,1120057000,5393906113,289454
20231,1120058000,2577785936,117317
20231,1120059000,6503077055,267109
20231,1120061500,18875381565,826635
20231,1120062000,15155806812,608523
20231,1120064500,10024508480,258005
20231,1120065000,20409859897,920180
20231,1120066000,62079374161,2214643
20231,1120067000,85895017237,2546553
20231,1120069000,114956734178,5203203
20231,1120072000,6661445953,334517
20231,1120079000,29443406645,1574133
20231,1121571000,96877649597,4979663
20231,1121573000,44715387801,1738546
20231,1121574000,51301242454,1956000
20231,1121575000,37951901887,1668654
20231,1121576000,18729199230,1116945
20231,1121577000,37270194408,1637111
20231,1121578000,25280885635,917117
20231,1121581000,37833303877,1585967
20231,1121582000,36196771041,1958771
20231,1121583000,19011117185,950428
20231,1121584000,44726939058,1862846
20231,1121584700,43967107766,2133557
20231,1121585000,55218299174,2183289
20231,1121586000,28532894645,1486371
20231,1121587000,112406191690,3077109
20231,1123053600,102310686793,4052194
20231,1123054500,612496469653,18094823
20231,1123056000,45056076336,2521949
20231,1123057000,16118535972,971941
20231,1123060000,34614118346,983922
20231,1123061000,30807039045,1384135
20231,1123065000,141739409176,3582934
20231,1123066000,89755120757,3654088
20231,1123070500,49377358453,2034035
20231,1123071000,34238178854,1879879
20231,1123072000,19400317078,859900
20231,1123073000,16022125287,655308
20231,1123074000,26833025246,2090368
20231,1123075000,8083410025,495153
20231,1126052000,26430098288,1251480
20231,1126054000,13013329723,818270
20231,1126055000,7025249940,260405
20231,1126056500,55554795896,2789972
20231,1126057000,40695269191,2152440
20231,1126057500,36877947707,2060086
20231,1126058000,13027229949,767726
20231,1126059000,64842242473,2721389
20231,1126060000,17543763726,776509
20231,1126061000,40839995410,1972575
20231,1126062000,38426228827,1379820
20231,1126063000,28790817307,1555182
20231,1126065500,66482306837,3054061
20231,1126066000,14273852223,791986
20231,1126068000,37379124931,1549456
20231,1126069000,29983172856,1565685
20231,1129052500,25909275387,945619
20231,1129055500,55391680839,2743510
20231,1129057500,70568614882,3314573
20231,1129058000,9562947409,254189
20231,1129059000,6671044649,446846
20231,1129060000,37913046856,3000916
20231,1129061000,14700169561,675075
20231,1129062000,10966960204,646907
20231,1129063000,13760997748,679876
20231,1129064000,11222788572,599695
20231,1129065000,22388179514,1171135
20231,1129066000,12834016985,547757
20231,1129068500,24581931408,1041129
20231,1129070500,37489031625,2405512
20231,1129071500,16892302840,943526
20231,1129072500,28662111596,1423016
20231,1129076000,12213848077,739415
20231,1129077000,12732331199,570377
20231,1129078000,7421452639,330117
20231,1129081000,39516908537,1685580
20231,1130553400,19264547198,1092629
20231,1130553500,47629119978,2111257
20231,1130554500,74613542910,2620588
20231,1130555500,41358113024,1995691
20231,1130557500,12745277264,592500
20231,1130559500,59585453698,2105874
20231,1130560300,6288331760,348684
20231,1130560800,14727853244,635451
20231,1130561500,52366352287,2306724
20231,1130562500,23375292278,1176985
20231,1130563500,90407830089,3991516
20231,1130564500,25952198718,1202988
20231,1130566000,18768910383,995392
20231,1132051100,27216109930,1591416
20231,1132051200,20181259287,1184994
20231,1132051300,15779000800,743479
20231,1132051400,20552792423,1001473
20231,1132051500,57843340336,2580646
20231,1132052100,46585266913,1866373
20231,1132052200,11629545970,586764
20231,1132066000,12297549469,930245
20231,1132067000,28441415542,1389871
20231,1132068000,30496496299,1511048
20231,1132068100,14236152760,630940
20231,1132069000,52493457227,2253327
20231,1132070000,48730769084,1676885
20231,1132071000,13084995723,590121
20231,1135056000,23767567049,1415171
20231,1135057000,5457814781,265156
20231,1135058000,7992530493,478741
20231,1135059500,60837920717,2880459
20231,1135060000,38894915856,2477975
20231,1135061100,57787317367,2247435
20231,1135061200,2765906716,213680
20231,1135061900,41810267199,1596026
20231,1135062100,11669625975,422328
20231,1135062400,41971744875,1728438
20231,1135062500,56957250746,2348625
20231,1135063000,48804899616,2427225
20231,1135064000,89051012603,3720012
20231,1135066500,13248809330,734322
20231,1135067000,23592325647,1191310
20231,1135069500,101449966751,3603977
20231,1135070000,12015284600,679299
20231,1135071000,17566110526,910728
20231,1135072000,4865559082,274594
20231,1138051000,44941897010,1330212
20231,1138052000,49385448048,2004460
20231,1138053000,29515565810,1480862
20231,1138055100,46241820946,2065252
20231,1138055200,54592196201,2418765
20231,1138056000,15995939555,841745
20231,1138057000,61325323081,2660737
20231,1138058000,41017188987,1759280
20231,1138059000,18076993623,1004890
20231,1138060000,47295934004,2204208
20231,1138062500,37485208664,1876497
20231,1138063100,24394203501,1330968
20231,1138063200,12223885405,517914
20231,1138064000,15087326040,791512
20231,1138065000,5170142722,194394
20231,1138069000,32661953181,962882
20231,1141052000,19680026298,771028
20231,1141055500,12478182169,545678
20231,1141056500,30608311972,1573269
20231,1141058500,130701812796,6507490
20231,1141061500,63576856734,2326973
20231,1141062000,19753332717,916692
20231,1141064000,51370606689,2347468
20231,1141065500,8562901175,330733
20231,1141066000,21164547009,859398
20231,1141068500,23831063593,983511
20231,1141069000,16829782537,836130
20231,1141070000,25534338763,1196980
20231,1141071000,4523206967,194656
20231,1141072000,41363686920,1627196
20231,1144055500,39425723218,1556284
20231,1144056500,46618789315,1737226
20231,1144058500,53375049482,1595716
20231,1144059000,74709885290,2542580
20231,1144060000,53396693373,2511384
20231,1144061000,18390315004,917858
20231,1144063000,17252455278,800127
20231,1144065500,34688293401,1933763
20231,1144066000,359581389464,14067580
20231,1144068000,55728475043,2378081
20231,1144069000,51734539026,2886526
20231,1144070000,30644416761,1677877
20231,1144071000,39075648354,1557211
20231,1144072000,45173552668,1078599
20231,1144073000,32435912381,2021102
20231,1144074000,80845744364,4754235
20231,1147051000,81339028071,2818065
20231,1147052000,31911757059,1588454
20231,1147053000,34499265594,1674084
20231,1147054000,29797382875,1318673
20231,1147055000,70690013726,1852727
20231,1147056000,31689459609,1534896
20231,1147057000,15587788897,705245
20231,1147058000,10640074696,645283
20231,1147059000,17451750877,863799
20231,1147060000,16438111717,697675
20231,1147061000,19095064871,816525
20231,1147061100,15692604328,839979
20231,1147062000,34875152699,1284667
20231,1147063000,33185822289,1284699
20231,1147064000,36608088586,2120998
20231,1147065000,83696789497,3163316
20231,1147067000,9824551079,246366
20231,1147068000,37406328877,1593670
20231,1150051000,52524123121,2833956
20231,1150052000,78409584453,3400826
20231,1150053000,8981893604,427263
20231,1150053500,68304267254,2473787
20231,1150054000,86948069577,4579384
20231,1150055000,11015510865,561754
20231,1150056000,29740553405,1261848
20231,1150057000,37268745770,1924239
20231,1150059000,37881884246,1897538
20231,1150059100,39554528093,1858122
20231,1150059300,34337954923,1886350
20231,1150060300,106565397131,3560531
20231,1150060400,23466325178,1169547
20231,1150060500,14957234725,447208
20231,1150061100,174651288184,4211599
20231,1150061500,29366581683,1079193
20231,1150062000,40743647691,1636352
20231,1150063000,61687533735,2835749
20231,1150064000,27387689415,1260242
20231,1150064100,11120800480,804190
20231,1153051000,35057772382,1270070
20231,1153052000,11272329237,604527
20231,1153053000,185174797645,3195714
20231,1153054000,146030167535,7579608
20231,1153055000,51250502730,2648331
20231,1153056000,95053297918,3700624
20231,1153059500,20592347554,1222670
20231,1153072000,51140238684,1791147
20231,1153073000,26192250867,1325684
20231,1153074000,28986610050,1552597
20231,1153075000,25907147212,1248578
20231,1153076000,18914939677,943594
20231,1153077000,35259884669,2210849
20231,1153078000,20732098637,1103859
20231,1153079000,13374260155,869370
20231,1153080000,208846654,18274
20231,1154551000,741085025660,18795102
20231,1154561000,244760266024,4075864
20231,1154562000,21205496684,1134954
20231,1154563000,38864382687,1824849
20231,1154564000,17910542910,925768
20231,1154567000,89155849955,3491116
20231,1154568000,4225364260,164143
20231,1154569000,12435738967,546842
20231,1154570000,11708923340,755086
20231,1154571000,30189707250,1613142
20231,1156051500,64152019483,5127076
20231,1156053500,295689889101,9774864
20231,1156054000,344445574284,11909518
20231,1156055000,136665831241,3645334
20231,1156056000,60150060682,2778383
20231,1156058500,15168319402,623165
20231,1156060500,130293404128,4070172
20231,1156061000,26842566987,1608207
20231,1156062000,78776896905,1526671
20231,1156063000,32925273908,1471852
20231,1156065000,20174193759,975872
20231,1156066000,7046113414,366507
20231,1156067000,12955852948,373479
20231,1156068000,35949692780,1979597
20231,1156069000,9877956426,427097
20231,1156070000,28534033725,1510770
20231,1156071000,39029287622,1433342
20231,1156072000,126631956533,2102084
20231,1159051000,357975142697,7702368
20231,1159052000,840142582484,11283606
20231,1159053000,54003692260,2647449
20231,1159054000,25437583546,1249752
20231,1159055000,37258460401,1951076
20231,1159056000,22120815699,1211794
20231,1159060500,53271496244,2921280
20231,1159062000,63477513670,2340260
20231,1159063000,75927823686,3429526
20231,1159064000,13863590556,533087
20231,1159065000,22235110929,922420
20231,1159065100,5243307718,406219
20231,1159066000,55516683862,1947607
20231,1159067000,15744875313,961409
20231,1159068000,38215640380,2248418
20231,1162052500,27035907204,1564225
20231,1162054500,4649262453,164928
20231,1162056500,9984641985,585352
20231,1162057500,40950505705,1996981
20231,1162058500,51889412487,1838743
20231,1162059500,78256490602,3536254
20231,1162060500,43424243163,1557336
20231,1162061500,37662681263,1735549
20231,1162062500,41520223307,2486708
20231,1162063000,28395794010,1337749
20231,1162064500,62008350268,3222167
20231,1162065500,19873301125,1113642
20231,1162066500,15724283301,1096449
20231,1162068500,29510445448,1868202
20231,1162069500,72637982011,3466469
20231,1162071500,4410828525,238608
20231,1162072500,58451919241,2023973
20231,1162073500,31521629384,2819563
20231,1162074500,12439195945,582537
20231,1162076500,25943475340,1145863
20231,1162077500,18174950546,1188004
20231,1165051000,69460879119,2626708
20231,1165052000,135739408849,4882466
20231,1165053000,206753579155,7265744
20231,1165053100,208610555437,4760689
20231,1165054000,80792715846,2342614
20231,1165055000,1843174831,33395
20231,1165056000,77412641158,2324200
20231,1165057000,26895680201,637109
20231,1165058000,93490141858,2419287
20231,1165058100,108656490573,2360547
20231,1165059000,52316943119,1871239
20231,1165060000,75613768577,2115655
20231,1165061000,45655337905,1247292
20231,1165062000,25252871589,631965
20231,1165062100,63524187415,1965472
20231,1165065100,117968957949,3599551
20231,1165065200,140760082869,5499948
20231,1165066000,5746579150,217685
20231,1168051000,285891969446,4659262
20231,1168052100,271775916886,6128916
20231,1168053100,196001309337,5806386
20231,1168054500,345587573137,5031723
20231,1168056500,260411553790,3688632
20231,1168058000,285753604667,8806592
20231,1168059000,95477704305,3617862
20231,1168060000,121993489000,2886057
20231,1168061000,175608566508,3932272
20231,1168063000,209574167869,7196916
20231,1168064000,564967581951,22719340
20231,1168065000,99674498043,4974657
20231,1168065500,66762529075,2449457
20231,1168065600,68420436161,2136570
20231,1168066000,26278943,1034
20231,1168067000,23379580942,1005293
20231,1168069000,59154374632,2104957
20231,1168070000,35397118273,1445261
20231,1168072000,11891127184,1519535
20231,1168073000,27734010535,1216800
20231,1168074000,4559614339,306739
20231,1168075000,60970837336,4073095
20231,1171051000,10646433281,528477
20231,1171052000,27559110196,1002414
20231,1171053100,17589875254,680436
20231,1171053200,25323796776,1293939
20231,1171054000,38271566208,810165
20231,1171055000,36479946621,1632365
20231,1171056100,41153412181,1041420
20231,1171056200,117914177209,3989590
20231,1171056600,4560553670,339021
20231,1171057000,81491171375,1819588
20231,1171058000,65660753222,2024573
20231,1171059000,26493713467,998482
20231,1171060000,84598083588,3323200
20231,1171061000,70350982093,2655884
20231,1171062000,75786775997,2805557
20231,1171063100,478099299821,6650056
20231,1171063200,57242662435,2078160
20231,1171064100,31669660013,975377
20231,1171064200,130370266579,5413819
20231,1171064600,32716661937,1345194
20231,1171064700,7202386686,552095
20231,1171065000,159145986855,5582380
20231,1171067000,52187065392,1937535
20231,1171068000,53443345424,2099671
20231,1171069000,13495017862,628956
20231,1171071000,269448182071,8839766
20231,1171072000,4930957880,278102
20231,1174051500,14936170238,707276
20231,1174052000,14767031873,662264
20231,1174053000,58753339582,2634551
20231,1174054000,82157269028,2836340
20231,1174055000,8223436368,469124
20231,1174056000,21660301548,1090135
20231,1174057000,36129610337,1855467
20231,1174058000,23038092035,1158966
20231,1174059000,14663923739,626660
20231,1174060000,27577827322,1214128
20231,1174061000,153318566372,4079658
20231,1174062000,35223822572,1544428
20231,1174064000,43595377358,1222409
20231,1174065000,46569117483,2098274
20231,1174066000,69798747025,2825520
20231,1174068500,108105580665,4654668
20231,1174070000,25804239160,1163022
20232,1111051500,26764446724,1401331
20232,1111053000,101827559637,4669144
20232,1111054000,43745149532,1720608
20232,1111055000,8166708028,386526
20232,1111056000,9282633552,404187
20232,1111057000,8153395561,577097
20232,1111058000,10271487961,463902
20232,1111060000,31292926170,1509348
20232,1111061500,564518593784,13682407
20232,1111063000,111073026204,3566949
20232,1111064000,36600134694,2834211
20232,1111065000,57764815109,3251328
20232,1111067000,86048173899,2780566
20232,1111068000,13039465026,578884
20232,1111069000,451621541,33897
20232,1111070000,3594215642,236630
20232,1111071000,34752744256,1618605
20232,1114052000,127246375367,5244882
20232,1114054000,233830732076,7810396
20232,1114055000,231068755453,11255304
20232,1114057000,37386283027,2500298
20232,1114058000,24848105584,704608
20232,1114059000,168287851028,4755206
20232,1114060500,237962658165,7456471
20232,1114061500,77766277913,2998546
20232,1114062500,41255766322,1512200
20232,1114063500,24953170847,1198177
20232,1114064500,11055460375,361224
20232,1114065000,27984754057,1249677
20232,1114066500,15168114618,958810
20232,1114067000,64012047086,1725646
20232,1114068000,29276716953,1093102
20232,1117051000,19848350447,1284867
20232,1117052000,13358363675,861799
20232,1117053000,60540401424,2537207
20232,1117055500,45319206103,3190657
20232,1117056000,130285748054,1634014
20232,1117057000,55142801091,770534
20232,1117058000,10949326970,453365
20232,1117059000,26719493881,1098548
20232,1117062500,654570664004,5216747
20232,1117063000,36139705053,1165434
20232,1117064000,8909915838,215266
20232,1117065000,71994979317,2933742
20232,1117066000,16974593784,665896
20232,1117068500,96528504923,2714389
20232,1117069000,4040319414,148894
20232,1117070000,18078045997,893135
20232,1120052000,12814066909,514032
20232,1120053500,40290489314,1286818
20232,1120054000,27254574659,1183027
20232,1120055000,44730739220,4513291
20232,1120056000,40372021343,1677376
20232,1120057000,6200397516,358215
20232,1120058000,2797066442,137421
20232,1120059000,6370321339,286767
20232,1120061500,19810807537,906920
20232,1120062000,16049142142,675852
20232,1120064500,10715644040,296322
20232,1120065000,22557490195,1069807
20232,1120066000,65631606156,2399433
20232,1120067000,85006644740,2740455
20232,1120069000,116627606020,5786648
20232,1120072000,7602922051,312844
20232,1120079000,34008828600,1855767
20232,1121571000,100343722376,5674667
20232,1121573000,46237519327,1988004
20232,1121574000,53420827119,2113235
20232,1121575000,40343977433,1863017
20232,1121576000,20402052435,1231832
20232,1121577000,37991283240,1800110
20232,1121578000,28608318870,1004563
20232,1121581000,41598689218,1821077
20232,1121582000,40245127068,2256004
20232,1121583000,20560252164,1087003
20232,1121584000,46965899892,2324272
20232,1121584700,48260520739,2511494
20232,1121585000,53474892386,2326122
20232,1121586000,28318646077,1392974
20232,1121587000,114136250057,3582641
20232,1123053600,100425695628,4224175
20232,1123054500,640023872803,20727002
20232,1123056000,35241887834,2409688
20232,1123057000,16498483237,1194285
20232,1123060000,38256050837,1072681
20232,1123061000,30185244161,1404162
20232,1123065000,162095833613,4015446
20232,1123066000,85029060902,3783683
20232,1123070500,53694455529,2215744
20232,1123071000,38209556335,2282631
20232,1123072000,21595764025,916590
20232,1123073000,16510162485,748848
20232,1123074000,29181829819,2622555
20232,1123075000,8194730214,529407
20232,1126052000,24402374170,1273747
20232,1126054000,12421040448,873567
20232,1126055000,8372973693,296081
20232,1126056500,54766705318,2937389
20232,1126057000,43760974325,2284147
20232,1126057500,41657782971,2323589
20232,1126058000,13784400730,837829
20232,1126059000,70932370201,2976051
20232,1126060000,22571291927,976319
20232,1126061000,45201900672,2141202
20232,1126062000,46575508586,1484643
20232,1126063000,26950797610,1238618
20232,1126065500,67440346721,3284847
20232,1126066000,15560710820,894532
20232,1126068000,38460242361,1664872
20232,1126069000,30154115386,1619754
20232,1129052500,27563934833,1083080
20232,1129055500,60947684400,3023797
20232,1129057500,72208265546,3887108
20232,1129058000,9769178426,281337
20232,1129059000,7725843159,541128
20232,1129060000,43458391583,3820795
20232,1129061000,12499097699,598401
20232,1129062000,11566979253,739607
20232,1129063000,15857418575,753874
20232,1129064000,12989124867,745349
20232,1129065000,23069028243,1266459
20232,1129066000,12843799681,582556
20232,1129068500,23537407046,1040392
20232,1129070500,37305762111,2656605
20232,1129071500,18857506179,1135938
20232,1129072500,31737593863,1672821
20232,1129076000,12890846690,831515
20232,1129077000,13859097326,638597
20232,1129078000,6436263715,323412
20232,1129081000,41203525833,1895776
20232,1130553400,19009704119,1157216
20232,1130553500,49435901673,2389032
20232,1130554500,72475048029,2817551
20232,1130555500,42308337774,2160540
20232,1130557500,13624205328,635960
20232,1130559500,62028629175,2376839
20232,1130560300,6197800980,392106
20232,1130560800,14848143298,717226
20232,1130561500,56521342134,2445903
20232,1130562500,24988226049,1301946
20232,1130563500,89487301635,4243660
20232,1130564500,32507217248,1446718
20232,1130566000,20300059254,1083937
20232,1132051100,28426650092,1664503
20232,1132051200,20633228916,1268402
20232,1132051300,16374412662,778269
20232,1132051400,20298600721,1083856
20232,1132051500,60028673019,2746855
20232,1132052100,50098071288,2133355
20232,1132052200,12098172635,660804
20232,1132066000,13691882761,1107534
20232,1132067000,28209447663,1232966
20232,1132068000,34257596880,1498098
20232,1132068100,14788416182,716388
20232,1132069000,52639312242,2346642
20232,1132070000,56308916642,1735601
20232,1132071000,12628334199,587354
20232,1135056000,25243098922,1622796
20232,1135057000,4621635774,322478
20232,1135058000,8143732567,508480
20232,1135059500,68858976132,3257670
20232,1135060000,42626896922,3012509
20232,1135061100,57641528960,2369372
20232,1135061200,2236870641,194591
20232,1135061900,42358706225,1796561
20232,1135062100,11359145081,382257
20232,1135062400,46846195130,1995917
20232,1135062500,55889325566,2567357
20232,1135063000,51791044645,2660992
20232,1135064000,91628242817,3948592
20232,1135066500,15376253584,860110
20232,1135067000,23377148988,1301411
20232,1135069500,100229015175,3802267
20232,1135070000,12181332252,740062
20232,1135071000,16298317985,1018652
20232,1135072000,4402291532,268008
20232,1138051000,47109754319,1439567
20232,1138052000,49268685551,2061948
20232,1138053000,29755664613,1527775
20232,1138055100,45828216271,2118630
20232,1138055200,57488446978,2654118
20232,1138056000,16106032853,963901
20232,1138057000,66965433927,2981327
20232,1138058000,43200544396,1899599
20232,1138059000,18651380276,1124559
20232,1138060000,49326951730,2396663
20232,1138062500,39516095601,1904949
20232,1138063100,25375963523,1446195
20232,1138063200,11731594025,528903
20232,1138064000,16358629822,849014
20232,1138065000,5817250647,223472
20232,1138069000,39221056834,1145030
20232,1141052000,21632379724,885883
20232,1141055500,14653200060,627148
20232,1141056500,32907535136,1795483
20232,1141058500,139537374514,7616440
20232,1141061500,67151763490,2651225
20232,1141062000,24163076797,1048353
20232,1141064000,56406965792,2566362
20232,1141065500,10587662285,594227
20232,1141066000,21647475704,910528
20232,1141068500,27230040104,1205452
20232,1141069000,19161975964,1006064
20232,1141070000,28597996637,1459640
20232,1141071000,5411304998,225983
20232,1141072000,43812794850,1831412
20232,1144055500,39209992459,1686356
20232,1144056500,48285958630,1881128
20232,1144058500,63759828988,1694412
20232,1144059000,81930790259,2741987
20232,1144060000,58829774689,2969002
20232,1144061000,20670668895,1077725
20232,1144063000,17173893607,832638
20232,1144065500,38825376692,2644769
20232,1144066000,354341175579,15279566
20232,1144068000,60479705605,2637787
20232,1144069000,53382278589,3157903
20232,1144070000,32355726756,1811750
20232,1144071000,36945459728,1607354
20232,1144072000,39997166452,1156600
20232,1144073000,33230848425,2241273
20232,1144074000,84023226024,5114226
20232,1147051000,83603411099,3059448
20232,1147052000,33901206451,1701885
20232,1147053000,37778365370,1854548
20232,1147054000,27394334467,1286981
20232,1147055000,64321686026,2028856
20232,1147056000,32342531215,1649055
20232,1147057000,15853167968,776636
20232,1147058000,11710016836,793045
20232,1147059000,17591776408,911542
20232,1147060000,16880076573,708260
20232,1147061000,20559040195,930906
20232,1147061100,16382214082,939437
20232,1147062000,36360294592,1407491
20232,1147063000,35288072796,1387227
20232,1147064000,36468261641,2294784
20232,1147065000,89109965297,3424646
20232,1147067000,9659650598,297278
20232,1147068000,37705991711,1878555
20232,1150051000,54249591861,3103587
20232,1150052000,75380341539,3656059
20232,1150053000,9571341721,500781
20232,1150053500,70196160282,2721119
20232,1150054000,89250018396,4878208
20232,1150055000,11484921716,613916
20232,1150056000,32272731658,1391342
20232,1150057000,38287892444,2051476
20232,1150059000,39314140491,2039002
20232,1150059100,38022506516,1882052
20232,1150059300,34033662472,1983328
20232,1150060300,105922013729,3928010
20232,1150060400,23710400116,1290280
20232,1150060500,9559027307,498667
20232,1150061100,155164679351,4137633
20232,1150061500,30305383704,1181915
20232,1150062000,39893417285,1725196
20232,1150063000,62312816335,2942846
20232,1150064000,28877185232,1306305
20232,1150064100,12367614036,1015505
20232,1153051000,31778383423,1350697
20232,1153052000,12531420901,689736
20232,1153053000,185053378525,3283441
20232,1153054000,143732115521,7789203
20232,1153055000,54553139263,2901524
20232,1153056000,97664722566,3960456
20232,1153059500,19416810746,1173167
20232,1153072000,54025189064,2024308
20232,1153073000,27780506640,1426457
20232,1153074000,31058298008,1696063
20232,1153075000,27315627552,1362515
20232,1153076000,19290425150,985565
20232,1153077000,35319329154,2359055
20232,1153078000,22042733844,1203675
20232,1153079000,14509581981,1007444
20232,1153080000,317384846,28780
20232,1154551000,768090241509,20367921
20232,1154561000,186207379270,3712990
20232,1154562000,20676817450,1245610
20232,1154563000,39940760530,1973449
20232,1154564000,18636732730,982389
20232,1154567000,89841730895,3712783
20232,1154568000,4388965395,183720
20232,1154569000,12394940085,639032
20232,1154570000,13048231585,869479
20232,1154571000,31560487003,1854010
20232,1156051500,67422851105,5368596
20232,1156053500,263995434146,10307215
20232,1156054000,348020900226,13408455
20232,1156055000,118896976791,3644944
20232,1156056000,60798493893,3021219
20232,1156058500,15018851384,665188
20232,1156060500,141856372230,4476594
20232,1156061000,28434495147,1647330
20232,1156062000,78877856960,1607031
20232,1156063000,33644046060,1643199
20232,1156065000,21181938862,1108423
20232,1156066000,7640489107,365034
20232,1156067000,13849572891,403455
20232,1156068000,36216396421,2111760
20232,1156069000,9342314323,379234
20232,1156070000,30174980253,1662660
20232,1156071000,40464066008,1566759
20232,1156072000,130516133596,2294859
20232,1159051000,305158232431,7148159
20232,1159052000,769256947241,10338885
20232,1159053000,61897535622,3241707
20232,1159054000,27480693573,1386299
20232,1159055000,37827377740,2112422
20232,1159056000,22916544233,1305743
20232,1159060500,57176731122,3447172
20232,1159062000,63590428990,2534425
20232,1159063000,77688434737,3829531
20232,1159064000,14505618950,558688
20232,1159065000,21630118737,925624
20232,1159065100,5218253759,414430
20232,1159066000,56986621741,2179367
20232,1159067000,15981614047,1036053
20232,1159068000,42311238124,2687123
20232,1162052500,28078657279,1623988
20232,1162054500,4999745406,195479
20232,1162056500,10164815913,658065
20232,1162057500,39027067622,2011193
20232,1162058500,53588452333,1997352
20232,1162059500,86008436048,3963712
20232,1162060500,47887235481,1688105
20232,1162061500,38394572412,1834465
20232,1162062500,42567906009,2733393
20232,1162063000,28564668375,1382100
20232,1162064500,62798061103,3463664
20232,1162065500,20037895810,1177797
20232,1162066500,15285960566,1215688
20232,1162068500,31284982162,2018359
20232,1162069500,75077895297,3699508
20232,1162071500,4483249682,251355
20232,1162072500,58788548938,2117841
20232,1162073500,35970914932,3198167
20232,1162074500,12760075667,610726
20232,1162076500,27802076495,1270059
20232,1162077500,18858981983,1279225
20232,1165051000,70637234037,2885002
20232,1165052000,140308306125,5213022
20232,1165053000,199580513838,7661798
20232,1165053100,188451057123,4820606
20232,1165054000,80305934133,2611860
20232,1165055000,2042872233,48133
20232,1165056000,78698744395,2373745
20232,1165057000,29176584240,970190
20232,1165058000,98927667098,2699416
20232,1165058100,114990704594,2567795
20232,1165059000,56772908053,1979607
20232,1165060000,84046453335,2321948
20232,1165061000,46146244621,1254246
20232,1165062000,25983516851,718180
20232,1165062100,63019925758,2127037
20232,1165065100,127322584811,3867206
20232,1165065200,140046720961,5901831
20232,1165066000,6861113112,259664
20232,1168051000,259156098876,4697119
20232,1168052100,244297329278,6610193
20232,1168053100,188408143285,6021782
20232,1168054500,364102773979,5407865
20232,1168056500,267877987646,4055370
20232,1168058000,300088331611,9391777
20232,1168059000,89533403753,3799953
20232,1168060000,121696177302,3051835
20232,1168061000,165282302306,4116448
20232,1168063000,214171730919,7027392
20232,1168064000,528855378327,23681375
20232,1168065000,100862425882,5421669
20232,1168065500,67964882743,2549395
20232,1168065600,69004064795,2351507
20232,1168066000,34253897,1112
20232,1168067000,26821332486,1231030
20232,1168069000,58590932441,2201454
20232,1168070000,35188100990,1567765
20232,1168072000,12212208873,1482094
20232,1168073000,29897336701,1250518
20232,1168074000,5494360665,345380
20232,1168075000,62043817840,4299681
20232,1171051000,10516586201,555252
20232,1171052000,27407798836,985751
20232,1171053100,19820590615,702510
20232,1171053200,27147636933,1417570
20232,1171054000,39098123915,867909
20232,1171055000,39151749941,1763432
20232,1171056100,43502253711,1174715
20232,1171056200,121512836371,4232478
20232,1171056600,7794958070,701288
20232,1171057000,81698600198,2022398
20232,1171058000,67442557828,2069462
20232,1171059000,26755024981,1067783
20232,1171060000,87595574367,3957403
20232,1171061000,71129666931,2861259
20232,1171062000,76336740121,2985062
20232,1171063100,434700165303,6652335
20232,1171063200,57797619703,2223092
20232,1171064100,33409991204,1083875
20232,1171064200,124362520276,5761279
20232,1171064600,35104333770,1522524
20232,1171064700,6990347339,586628
20232,1171065000,169619268731,6118591
20232,1171067000,62173761835,2945322
20232,1171068000,36507896786,1710530
20232,1171069000,12625320348,696197
20232,1171071000,46925674869,2014347
20232,1171072000,5822898709,351494
20232,1174051500,16037891766,753933
20232,1174052000,17386492095,812012
20232,1174053000,61098590657,2925419
20232,1174054000,84199065004,3103391
20232,1174055000,8831867934,607607
20232,1174056000,24289982217,1245092
20232,1174057000,35004556927,1833766
20232,1174058000,24345432828,1243066
20232,1174059000,15950518323,780461
20232,1174060000,27659132353,1344488
20232,1174061000,146873403156,4365444
20232,1174062000,37948215761,1772637
20232,1174064000,50947269753,1283352
20232,1174065000,46453293033,2278541
20232,1174066000,73976591175,2915396
20232,1174068500,106977715983,4974253
20232,1174070000,29785226638,1268820
20233,1111051500,24497389805,1283116
20233,1111053000,98985007334,4534758
20233,1111054000,35196411364,1436190
20233,1111055000,8211492292,298842
20233,1111056000,9445576120,398502
20233,1111057000,7795326456,591056
20233,1111058000,9946688547,446712
20233,1111060000,27944434769,1401859
20233,1111061500,571043262008,13780310
20233,1111063000,99136303622,3321540
20233,1111064000,36963476942,2850915
20233,1111065000,56245750475,3027309
20233,1111067000,76946733586,2328063
20233,1111068000,13150306350,606004
20233,1111069000,419634494,30644
20233,1111070000,3455009742,239565
20233,1111071000,29335969884,1468808
20233,1114052000,126931638230,5581408
20233,1114054000,199809134461,7073161
20233,1114055000,229750132119,10951821
20233,1114057000,35173675227,2168917
20233,1114058000,21023706574,655473
20233,1114059000,167193557804,4865349
20233,1114060500,225761088795,7506147
20233,1114061500,66134171473,2633233
20233,1114062500,39048675858,1474604
20233,1114063500,25637179498,1243886
20233,1114064500,10535533213,405712
20233,1114065000,27475043399,1206857
20233,1114066500,14949309124,982955
20233,1114067000,65909101878,1782415
20233,1114068000,31208167386,1086770
20233,1117051000,20036058007,1261288
20233,1117052000,13650999117,876261
20233,1117053000,59963946905,2546412
20233,1117055500,42119697960,2669579
20233,1117056000,143235623055,1572753
20233,1117057000,52596640754,779768
20233,1117058000,9737867752,415884
20233,1117059000,28052673664,1093480
20233,1117062500,684792405885,5640677
20233,1117063000,35118257074,1122280
20233,1117064000,7845824374,223560
20233,1117065000,73552651440,3137313
20233,1117066000,15880030771,631900
20233,1117068500,93705908283,2675829
20233,1117069000,4055181764,140434
20233,1117070000,16525614593,796816
20233,1120052000,12317116394,509901
20233,1120053500,44270157924,1283981
20233,1120054000,27315509318,1174621
20233,1120055000,39100209058,3603062
20233,1120056000,39980758512,1630803
20233,1120057000,5897018544,318647
20233,1120058000,2869699651,130190
20233,1120059000,4819336419,246219
20233,1120061500,19373821185,886509
20233,1120062000,16016847848,653026
20233,1120064500,10880781622,293933
20233,1120065000,20486517047,1019509
20233,1120066000,61344522519,2338677
20233,1120067000,80772602335,2633978
20233,1120069000,112457189426,5350876
20233,1120072000,7338739042,318486
20233,1120079000,32883983531,1846695
20233,1121571000,92628523932,5089734
20233,1121573000,44671279031,1766784
20233,1121574000,56411596729,2237550
20233,1121575000,40112182631,1776555
20233,1121576000,19281025339,1215160
20233,1121577000,35651818516,1651559
20233,1121578000,27033878692,956175
20233,1121581000,39345688237,1709709
20233,1121582000,40747526530,2219605
20233,1121583000,19519601987,1052443
20233,1121584000,42700356094,2069353
20233,1121584700,44017158554,2238527
20233,1121585000,53572355813,2313068
20233,1121586000,28414108136,1390633
20233,1121587000,122951713020,3566681
20233,1123053600,100436941592,4160925
20233,1123054500,755307021883,22646038
20233,1123056000,33686589962,2336754
20233,1123057000,16584397829,1068276
20233,1123060000,35900620183,1064714
20233,1123061000,30236346772,1380302
20233,1123065000,157564154637,3945404
20233,1123066000,90691752818,3821625
20233,1123070500,51669490546,2168999
20233,1123071000,33751569775,1954259
20233,1123072000,20775947409,876978
20233,1123073000,15604785129,624363
20233,1123074000,25808859339,2158426
20233,1123075000,8314098127,536238
20233,1126052000,27553513537,1321063
20233,1126054000,12819476276,824482
20233,1126055000,7387792289,296736
20233,1126056500,57268951617,3186069
20233,1126057000,44044643385,2275565
20233,1126057500,39648015803,2277841
20233,1126058000,13416579501,915339
20233,1126059000,72824289086,3034854
20233,1126060000,22689148365,936836
20233,1126061000,43330881054,2071311
20233,1126062000,44923108621,1472871
20233,1126063000,26012818234,1315405
20233,1126065500,67881529669,3263255
20233,1126066000,15115391156,903668
20233,1126068000,38572697113,1663709
20233,1126069000,30154101278,1562073
20233,1129052500,25433737057,1050628
20233,1129055500,57563862346,2804483
20233,1129057500,73374939156,3784651
20233,1129058000,10349509237,275626
20233,1129059000,8049989390,546123
20233,1129060000,39540495156,3161379
20233,1129061000,11865034263,587882
20233,1129062000,11581539856,703444
20233,1129063000,14971047168,707086
20233,1129064000,11849737483,658844
20233,1129065000,22625540293,1191445
20233,1129066000,12538704445,534965
20233,1129068500,23695024601,1055389
20233,1129070500,37062400817,2501199
20233,1129071500,18546556139,1101032
20233,1129072500,29988351138,1496747
20233,1129076000,12692141256,801792
20233,1129077000,13786034287,571528
20233,1129078000,5966916934,287190
20233,1129081000,41611584284,1880500
20233,1130553400,18977858151,1135504
20233,1130553500,45774295843,2330659
20233,1130554500,75050560231,2759690
20233,1130555500,41739996837,2053258
20233,1130557500,13770608622,690857
20233,1130559500,62123664307,2281595
20233,1130560300,6166917876,378591
20233,1130560800,14697727745,689701
20233,1130561500,55437727338,2426766
20233,1130562500,24654604441,1313770
20233,1130563500,85463898174,4177978
20233,1130564500,33894217620,1444950
20233,1130566000,21441405148,1082938
20233,1132051100,27264225301,1709827
20233,1132051200,21750159454,1278582
20233,1132051300,17517414357,781049
20233,1132051400,22475864540,1165456
20233,1132051500,57237527204,2747039
20233,1132052100,44662505268,2069237
20233,1132052200,11874328249,654921
20233,1132066000,12852579749,968780
20233,1132067000,28550077751,1173505
20233,1132068000,33798971037,1537029
20233,1132068100,14549244607,650684
20233,1132069000,54225588649,2391451
20233,1132070000,57777392770,1799365
20233,1132071000,13222147798,617768
20233,1135056000,24341533753,1455551
20233,1135057000,4900296613,259351
20233,1135058000,8239973607,509174
20233,1135059500,66070205413,3304300
20233,1135060000,40462008361,2559281
20233,1135061100,59395693187,2557610
20233,1135061200,2014374176,186637
20233,1135061900,44858793803,1833774
20233,1135062100,11545719007,392515
20233,1135062400,46454445472,1941878
20233,1135062500,55921621810,2545780
20233,1135063000,50786731105,2607785
20233,1135064000,92151527568,3815897
20233,1135066500,16394567155,895910
20233,1135067000,24050718559,1270933
20233,1135069500,99963659874,3805161
20233,1135070000,12565710528,759933
20233,1135071000,16455592328,986009
20233,1135072000,4740430118,249321
20233,1138051000,47427865786,1391714
20233,1138052000,45537424512,1995844
20233,1138053000,29773171283,1544068
20233,1138055100,46246583833,2127174
20233,1138055200,57046962848,2584990
20233,1138056000,16468962376,958183
20233,1138057000,65121602459,2940007
20233,1138058000,44121095148,1889472
20233,1138059000,19127941537,1113021
20233,1138060000,48152031193,2354242
20233,1138062500,39783609899,1916662
20233,1138063100,24351589903,1421730
20233,1138063200,11168700982,497972
20233,1138064000,15869907415,794328
20233,1138065000,5705699137,236467
20233,1138069000,35032777579,1033431
20233,1141052000,19405382944,812742
20233,1141055500,15220461331,573960
20233,1141056500,31785989252,1739807
20233,1141058500,127737097436,6895188
20233,1141061500,66196876552,2531445
20233,1141062000,21934787141,1023093
20233,1141064000,57819811345,2501113
20233,1141065500,12318589120,759815
20233,1141066000,26914212467,911192
20233,1141068500,24009635061,1096635
20233,1141069000,18694396704,955611
20233,1141070000,26757825118,1332750
20233,1141071000,5331799633,174088
20233,1141072000,53740099081,1867555
20233,1144055500,40633671908,1696744
20233,1144056500,47229419119,1850225
20233,1144058500,50587263491,1731901
20233,1144059000,85478031871,2870982
20233,1144060000,58676798573,2850006
20233,1144061000,20254871490,1072534
20233,1144063000,17245082027,805185
20233,1144065500,36925156195,2260327
20233,1144066000,356324668534,15338821
20233,1144068000,60467010013,2658896
20233,1144069000,52851421782,3014040
20233,1144070000,31940057800,1780995
20233,1144071000,36843823477,1609627
20233,1144072000,45110955869,1145029
20233,1144073000,31837746699,2138006
20233,1144074000,83147444459,5088408
20233,1147051000,87053008979,3102499
20233,1147052000,31883752409,1629968
20233,1147053000,36412608181,1741178
20233,1147054000,27960573024,1293770
20233,1147055000,69650720612,2138701
20233,1147056000,35491425093,1668091
20233,1147057000,16476623814,779762
20233,1147058000,11477545402,765488
20233,1147059000,18533773636,930456
20233,1147060000,16797501978,793830
20233,1147061000,20060493562,862503
20233,1147061100,15341705524,860775
20233,1147062000,35638015433,1385538
20233,1147063000,33982792762,1359421
20233,1147064000,36386357683,2293525
20233,1147065000,83227412166,3403651
20233,1147067000,9935245725,292764
20233,1147068000,41064503066,1915127
20233,1150051000,57253595950,3126385
20233,1150052000,73024741499,3787274
20233,1150053000,9953473263,472973
20233,1150053500,72345038476,2698184
20233,1150054000,86376357166,4721575
20233,1150055000,10341241638,598337
20233,1150056000,31584130726,1438996
20233,1150057000,40591688113,2102365
20233,1150059000,38292289741,2020631
20233,1150059100,38128170841,1859434
20233,1150059300,33141714191,2010318
20233,1150060300,107920537833,4006584
20233,1150060400,22534078169,1278092
20233,1150060500,11967207097,499662
20233,1150061100,164323132016,4276137
20233,1150061500,30733357349,1195086
20233,1150062000,39425165481,1746345
20233,1150063000,61363720176,2932858
20233,1150064000,28797724705,1305747
20233,1150064100,12300850882,945612
20233,1153051000,32291368909,1400458
20233,1153052000,11969965021,662547
20233,1153053000,185575373890,3340221
20233,1153054000,150920050246,8005615
20233,1153055000,53742801686,2894718
20233,1153056000,97231614639,3819752
20233,1153059500,19044387561,1035637
20233,1153072000,53673239001,2014430
20233,1153073000,27955310729,1374499
20233,1153074000,31758943346,1735742
20233,1153075000,26085419739,1319713
20233,1153076000,19881963043,983947
20233,1153077000,35187819141,2367622
20233,1153078000,21990273808,1128519
20233,1153079000,13802016197,964545
20233,1153080000,225863893,22081
20233,1154551000,764059659100,20747720
20233,1154561000,234658659312,4058154
20233,1154562000,21429657074,1172080
20233,1154563000,40035537926,1904670
20233,1154564000,19006502794,1010457
20233,1154567000,93137640726,3870647
20233,1154568000,4677264827,170623
20233,1154569000,11519426154,591242
20233,1154570000,12781820272,871666
20233,1154571000,29474078580,1792307
20233,1156051500,62182221267,5286585
20233,1156053500,283282190105,10328230
20233,1156054000,341622118930,12984139
20233,1156055000,157013825531,3875790
20233,1156056000,58276024210,2880837
20233,1156058500,14410162167,672691
20233,1156060500,123175420858,4679220
20233,1156061000,28461341671,1645127
20233,1156062000,53113251423,1576917
20233,1156063000,33130673929,1606770
20233,1156065000,20799122335,1065898
20233,1156066000,6577690643,349234
20233,1156067000,13126846352,416271
20233,1156068000,35952419302,2045636
20233,1156069000,8573384463,352521
20233,1156070000,30935963996,1644031
20233,1156071000,41504606684,1619092
20233,1156072000,127398067690,2341023
20233,1159051000,326535912895,7688727
20233,1159052000,713486809843,9672839
20233,1159053000,60778429894,2993441
20233,1159054000,25888860397,1285164
20233,1159055000,37884228181,2065016
20233,1159056000,22767171636,1238131
20233,1159060500,51226600747,2847475
20233,1159062000,63513486891,2538396
20233,1159063000,78225498148,3932512
20233,1159064000,13973849674,559964
20233,1159065000,20765900117,898083
20233,1159065100,4930761574,380048
20233,1159066000,55721442431,2127578
20233,1159067000,17931809306,1118316
20233,1159068000,42124455191,2644119
20233,1162052500,27155241128,1556431
20233,1162054500,4772555677,185935
20233,1162056500,10911774983,654634
20233,1162057500,38789147806,1985096
20233,1162058500,52002556841,1999308
20233,1162059500,75841203334,3640203
20233,1162060500,40115881511,1665249
20233,1162061500,38780926854,1869428
20233,1162062500,42450671439,2624760
20233,1162063000,27765573212,1367966
20233,1162064500,58491534591,3374345
20233,1162065500,21034076615,1188226
20233,1162066500,14223715403,1150097
20233,1162068500,30771523940,2015428
20233,1162069500,69507184296,3495013
20233,1162071500,4372027547,244645
20233,1162072500,61660533159,2135114
20233,1162073500,33956105643,3066322
20233,1162074500,12977488472,600592
20233,1162076500,27157072351,1274000
20233,1162077500,18460713592,1245080
20233,1165051000,68226829110,2858601
20233,1165052000,139474380228,5283493
20233,1165053000,190861921604,7680270
20233,1165053100,211607009491,4917657
20233,1165054000,77095736973,2524498
20233,1165055000,2096996654,39412
20233,1165056000,80594242322,2262054
20233,1165057000,31760158668,890683
20233,1165058000,97642361324,2658842
20233,1165058100,109564091046,2495596
20233,1165059000,52371993947,1846979
20233,1165060000,78698976048,2162551
20233,1165061000,46287706066,1307872
20233,1165062000,26188298200,681844
20233,1165062100,58873649607,1978737
20233,1165065100,121657187565,3731918
20233,1165065200,129300884246,5734833
20233,1165066000,6329814010,266147
20233,1168051000,273724671264,4691420
20233,1168052100,261931539903,6737970
20233,1168053100,187167891140,5768415
20233,1168054500,348791844568,5374826
20233,1168056500,263287086337,3997698
20233,1168058000,281551771523,9221441
20233,1168059000,88567034494,3707117
20233,1168060000,130354235451,3267282
20233,1168061000,174995719369,4311067
20233,1168063000,216614636891,7898848
20233,1168064000,534452767280,23987910
20233,1168065000,98622370158,5707261
20233,1168065500,69018383595,2538293
20233,1168065600,68583644232,2278443
20233,1168066000,40153785,1274
20233,1168067000,25797602875,1188168
20233,1168069000,57264623050,2092678
20233,1168070000,34240914927,1540510
20233,1168072000,12880575242,1520718
20233,1168073000,30326726977,1310505
20233,1168074000,3967129314,336725
20233,1168075000,59275360375,4460424
20233,1171051000,10841055719,535022
20233,1171052000,27025813359,947623
20233,1171053100,17619549352,717086
20233,1171053200,26378400731,1361778
20233,1171054000,37993392742,869431
20233,1171055000,37548395709,1701420
20233,1171056100,45394409207,1133415
20233,1171056200,118178799137,4220055
20233,1171056600,5166132152,606638
20233,1171057000,82405322442,2005409
20233,1171058000,65425645541,2101353
20233,1171059000,25590518169,1043059
20233,1171060000,86874516195,3530503
20233,1171061000,73537643864,2744936
20233,1171062000,71337789352,3018735
20233,1171063100,456023962578,6729714
20233,1171063200,57017643234,2173953
20233,1171064100,31392046180,1119402
20233,1171064200,133009223185,5706056
20233,1171064600,34515024760,1477350
20233,1171064700,6745404487,575063
20233,1171065000,166140498343,6018994
20233,1171067000,63663286766,2923599
20233,1171068000,38096651300,1918575
20233,1171069000,12807891441,642097
20233,1171071000,60978011949,3960212
20233,1171072000,5020358543,332686
20233,1174051500,15835257678,681602
20233,1174052000,17716337114,781067
20233,1174053000,60641106207,2967878
20233,1174054000,86053866867,3173127
20233,1174055000,8719619407,530274
20233,1174056000,23486585525,1180695
20233,1174057000,36095916305,1915100
20233,1174058000,26138560281,1294661
20233,1174059000,17310682650,762172
20233,1174060000,29217805148,1372881
20233,1174061000,140428264597,4296838
20233,1174062000,35715809652,1768589
20233,1174064000,47648246235,1206644
20233,1174065000,46009905240,2268922
20233,1174066000,73990342044,2897156
20233,1174068500,108326340295,5140351
20233,1174070000,30015045929,1308622
20234,1111051500,26610829822,1296550
20234,1111053000,109131397815,4596093
20234,1111054000,39973225877,1462197
20234,1111055000,7270493768,320798
20234,1111056000,9821112493,398892
20234,1111057000,7694260102,545078
20234,1111058000,9898861087,411450
20234,1111060000,28960680141,1345519
20234,1111061500,605920032609,13248496
20234,1111063000,118401598144,3320689
20234,1111064000,38564480021,2684565
20234,1111065000,59967095828,3144303
20234,1111067000,81710329876,2578559
20234,1111068000,13089892006,573051
20234,1111069000,461580873,28143
20234,1111070000,3689599030,227134
20234,1111071000,30779981845,1408121
20234,1114052000,150948888268,5558492
20234,1114054000,234640148434,7050830
20234,1114055000,256615794300,11447804
20234,1114057000,36618028336,2356493
20234,1114058000,28948431952,690738
20234,1114059000,170714087106,4626456
20234,1114060500,234551263150,7461371
20234,1114061500,80015398377,2514316
20234,1114062500,45838130826,1544671
20234,1114063500,26837510673,1270210
20234,1114064500,10287013693,344585
20234,1114065000,30239549468,1242864
20234,1114066500,16063137803,924078
20234,1114067000,61976773042,1907826
20234,1114068000,28249367324,1018908
20234,1117051000,22383868532,1293834
20234,1117052000,13765818520,864035
20234,1117053000,63057817418,2525228
20234,1117055500,45439627478,2931141
20234,1117056000,130857337084,1494791
20234,1117057000,54492859625,792306
20234,1117058000,10381139745,414582
20234,1117059000,28174407112,1067514
20234,1117062500,673838858369,4969890
20234,1117063000,35576440861,1040703
20234,1117064000,7912284262,205524
20234,1117065000,77837465194,2981890
20234,1117066000,17593072311,630585
20234,1117068500,99267312742,2546111
20234,1117069000,3290969523,135708
20234,1117070000,15632964695,740806
20234,1120052000,13455932599,508272
20234,1120053500,44455219857,1206951
20234,1120054000,28594473408,1131519
20234,1120055000,42225313812,4005432
20234,1120056000,42112670914,1631580
20234,1120057000,5988134597,323761
20234,1120058000,2760486676,130881
20234,1120059000,4861828488,202585
20234,1120061500,19498633073,849124
20234,1120062000,17251826439,657550
20234,1120064500,10701296370,299361
20234,1120065000,20066767757,1000657
20234,1120066000,64289934896,2274821
20234,1120067000,81487247055,2630242
20234,1120069000,127864590094,5215190
20234,1120072000,6337560638,318235
20234,1120079000,36569936243,1855816
20234,1121571000,94793035252,5113034
20234,1121573000,45218465151,1868468
20234,1121574000,54024394006,2134329
20234,1121575000,39045963907,1732451
20234,1121576000,20384947459,1216656
20234,1121577000,35044332087,1659935
20234,1121578000,26689179075,955435
20234,1121581000,38927167401,1645415
20234,1121582000,42459795319,2210463
20234,1121583000,19273786238,1014504
20234,1121584000,51042710122,1999961
20234,1121584700,45644492289,2183794
20234,1121585000,60001575358,2254743
20234,1121586000,30918951208,1501703
20234,1121587000,114792663618,3152166
20234,1123053600,112277787249,4403451
20234,1123054500,719886503960,22246432
20234,1123056000,46275951404,2531790
20234,1123057000,16788825932,1143054
20234,1123060000,38086942318,1017310
20234,1123061000,31637243723,1537651
20234,1123065000,165160714617,3828515
20234,1123066000,95864195239,4094879
20234,1123070500,54260687470,2265911
20234,1123071000,35947927789,2122743
20234,1123072000,19677425058,877941
20234,1123073000,15138991431,657748
20234,1123074000,28908238962,2430128
20234,1123075000,9379371422,591834
20234,1126052000,26430157059,1261282
20234,1126054000,12102800136,791509
20234,1126055000,7319392543,283599
20234,1126056500,57453970000,3150480
20234,1126057000,47113576447,2255841
20234,1126057500,40999841055,2248308
20234,1126058000,13244911092,837891
20234,1126059000,73728098393,2870146
20234,1126060000,18558941816,799437
20234,1126061000,43000611914,1997916
20234,1126062000,51199773499,1428555
20234,1126063000,30494749729,1632165
20234,1126065500,65117623128,3126800
20234,1126066000,14446721365,839706
20234,1126068000,36931850220,1575818
20234,1126069000,31449175915,1627808
20234,1129052500,26225059112,1023343
20234,1129055500,61342965165,2796580
20234,1129057500,73006078516,3755325
20234,1129058000,10394231631,267104
20234,1129059000,8517624333,561603
20234,1129060000,44192938060,3611863
20234,1129061000,14579735412,720655
20234,1129062000,11697176414,701776
20234,1129063000,15724447275,729375
20234,1129064000,11913393918,623604
20234,1129065000,23214028296,1248909
20234,1129066000,13371795737,556766
20234,1129068500,24727133311,1016532
20234,1129070500,40390342621,2584114
20234,1129071500,16971643583,1016852
20234,1129072500,30175631272,1526904
20234,1129076000,11793509243,730010
20234,1129077000,13720881316,585779
20234,1129078000,7180357991,330839
20234,1129081000,42695377871,1859605
20234,1130553400,18705665711,1135515
20234,1130553500,48642915843,2220330
20234,1130554500,82697535094,2814886
20234,1130555500,43067857718,2014467
20234,1130557500,12859822149,640818
20234,1130559500,63389394722,2275920
20234,1130560300,7099932434,378726
20234,1130560800,14700220890,694489
20234,1130561500,57653096033,2284207
20234,1130562500,24766174205,1275641
20234,1130563500,93877361344,4133069
20234,1130564500,30776791787,1330436
20234,1130566000,21182445166,1037953
20234,1132051100,28579815173,1741598
20234,1132051200,21551296181,1240578
20234,1132051300,16571950268,805801
20234,1132051400,22648785277,1091039
20234,1132051500,59780315150,2678520
20234,1132052100,50608758484,2039498
20234,1132052200,12571197680,657624
20234,1132066000,13295573394,973257
20234,1132067000,29568051353,1205598
20234,1132068000,34095478715,1436816
20234,1132068100,14848416660,671677
20234,1132069000,57160440622,2291679
20234,1132070000,59249709745,1802828
20234,1132071000,14406055429,648805
20234,1135056000,24833412948,1495529
20234,1135057000,4718020278,288627
20234,1135058000,8194220162,495812
20234,1135059500,64079446901,3078478
20234,1135060000,43036600769,2876025
20234,1135061100,59049124731,2309626
20234,1135061200,2805133560,231544
20234,1135061900,43057732732,1683180
20234,1135062100,11954828233,461729
20234,1135062400,46050242815,1938403
20234,1135062500,60657852086,2511739
20234,1135063000,49071870300,2451271
20234,1135064000,91362394094,3631768
20234,1135066500,14278047154,863840
20234,1135067000,23863126774,1221885
20234,1135069500,100920521495,3777386
20234,1135070000,12848065585,721499
20234,1135071000,19559845718,1132502
20234,1135072000,5090727411,289157
20234,1138051000,47882921980,1275380
20234,1138052000,50462044825,2112045
20234,1138053000,31347719238,1567552
20234,1138055100,46529554335,2011484
20234,1138055200,57411506800,2484182
20234,1138056000,16267371677,912813
20234,1138057000,66039771494,3122389
20234,1138058000,43659118097,1790308
20234,1138059000,17776623753,1033375
20234,1138060000,50162630536,2338840
20234,1138062500,38468144054,1950602
20234,1138063100,24294160281,1377145
20234,1138063200,10485040097,472959
20234,1138064000,15260344528,820512
20234,1138065000,6003870750,257824
20234,1138069000,36448586494,969715
20234,1141052000,20054514876,838793
20234,1141055500,14490314363,585718
20234,1141056500,33838980696,1775706
20234,1141058500,139152401302,7203646
20234,1141061500,63263016424,2456161
20234,1141062000,21315193886,1033502
20234,1141064000,60930451771,2530340
20234,1141065500,10847299517,707935
20234,1141066000,20748933091,800312
20234,1141068500,22257476828,1103197
20234,1141069000,20006042492,1002912
20234,1141070000,29420539983,1440529
20234,1141071000,3496327562,156054
20234,1141072000,42455350611,1749045
20234,1144055500,39133216841,1606146
20234,1144056500,46858395362,1787217
20234,1144058500,52607348460,1665156
20234,1144059000,91623835202,2872385
20234,1144060000,64119972731,2874836
20234,1144061000,19783129128,1000228
20234,1144063000,17060783549,796577
20234,1144065500,39102262038,2504955
20234,1144066000,366261976234,14845257
20234,1144068000,69331169209,2550178
20234,1144069000,53715156042,2925885
20234,1144070000,31766999388,1711212
20234,1144071000,38624907491,1574509
20234,1144072000,41138411566,1155962
20234,1144073000,35715114867,2131865
20234,1144074000,85077748110,4804221
20234,1147051000,83792238856,2946785
20234,1147052000,32148792780,1529333
20234,1147053000,37833651492,1741347
20234,1147054000,28587655636,1324401
20234,1147055000,68771776657,1949350
20234,1147056000,32895763941,1550331
20234,1147057000,15385684053,744935
20234,1147058000,11567275760,729260
20234,1147059000,19283187162,914843
20234,1147060000,16720861028,744513
20234,1147061000,20582826113,927502
20234,1147061100,17207476613,908451
20234,1147062000,34570008752,1324273
20234,1147063000,33528690509,1348252
20234,1147064000,37946211627,2247726
20234,1147065000,81034201775,3168975
20234,1147067000,9223937710,268197
20234,1147068000,41585275315,1814721
20234,1150051000,55203343521,3036095
20234,1150052000,76476570517,3690248
20234,1150053000,9682708839,474382
20234,1150053500,70078205816,2595429
20234,1150054000,93799852790,4716318
20234,1150055000,11084866852,587002
20234,1150056000,29793885357,1254441
20234,1150057000,40436485736,1968178
20234,1150059000,37294532164,1928700
20234,1150059100,41981821038,1889775
20234,1150059300,32640494146,1958821
20234,1150060300,111450160669,3879763
20234,1150060400,24070466383,1285781
20234,1150060500,8692467713,471712
20234,1150061100,189985579045,4538290
20234,1150061500,30119014034,1143896
20234,1150062000,44850917641,1741357
20234,1150063000,69144438143,2983228
20234,1150064000,29342671377,1305674
20234,1150064100,13435940220,844497
20234,1153051000,31271333119,1313164
20234,1153052000,13151969745,686117
20234,1153053000,185607480572,3271146
20234,1153054000,173350995752,7565527
20234,1153055000,54207008404,2827755
20234,1153056000,101655992459,3608111
20234,1153059500,17857730019,999936
20234,1153072000,52884294196,1891093
20234,1153073000,29513601782,1454825
20234,1153074000,31666167406,1644922
20234,1153075000,27362600795,1336194
20234,1153076000,18548235634,941722
20234,1153077000,37511142750,2378318
20234,1153078000,23169240915,1168167
20234,1153079000,13176444793,917010
20234,1153080000,185442337,20405
20234,1154551000,784617222929,18845799
20234,1154561000,205411059846,3844766
20234,1154562000,22288881517,1184263
20234,1154563000,39613351897,1898833
20234,1154564000,18012645010,909671
20234,1154567000,92225955552,3717656
20234,1154568000,4764024803,194560
20234,1154569000,11490788200,532241
20234,1154570000,12528930117,816075
20234,1154571000,29588447112,1701954
20234,1156051500,63378768568,4979473
20234,1156053500,278329693650,10484719
20234,1156054000,351711875127,12279164
20234,1156055000,132060517709,3547675
20234,1156056000,59553007399,2802644
20234,1156058500,14121828678,615892
20234,1156060500,144242410191,4919735
20234,1156061000,29621532900,1646385
20234,1156062000,46674519025,1599893
20234,1156063000,32512186025,1534054
20234,1156065000,21895373239,1132288
20234,1156066000,7722636256,351580
20234,1156067000,14243368917,381747
20234,1156068000,35146292576,1962619
20234,1156069000,9190112691,443245
20234,1156070000,30910176456,1609846
20234,1156071000,39758287978,1505233
20234,1156072000,124724842343,2120829
20234,1159051000,569770267913,10481911
20234,1159052000,920735500167,12313570
20234,1159053000,61586056378,3126215
20234,1159054000,26867359918,1334589
20234,1159055000,38528496027,2005716
20234,1159056000,22224205449,1218659
20234,1159060500,54934849383,3082664
20234,1159062000,69747144200,2465409
20234,1159063000,78218148986,3807145
20234,1159064000,14181727769,544726
20234,1159065000,20920826441,882970
20234,1159065100,5779085953,411382
20234,1159066000,56894708756,2080046
20234,1159067000,19028484742,1109478
20234,1159068000,41663089603,2495088
20234,1162052500,27101692146,1483050
20234,1162054500,4257294863,180479
20234,1162056500,10365940449,598594
20234,1162057500,39745919559,1929253
20234,1162058500,52331309684,1918931
20234,1162059500,78657044416,3520693
20234,1162060500,37085950160,1657811
20234,1162061500,38605158147,1809539
20234,1162062500,44647227417,2674536
20234,1162063000,30337696510,1393349
20234,1162064500,60106713357,3292927
20234,1162065500,20779771976,1148473
20234,1162066500,14845261595,1111782
20234,1162068500,31767754246,1954202
20234,1162069500,70668077291,3369375
20234,1162071500,4284715986,243503
20234,1162072500,64246719319,2067580
20234,1162073500,32531625770,2919581
20234,1162074500,13978500100,612569
20234,1162076500,27665422333,1212113
20234,1162077500,19035934436,1256827
20234,1165051000,69394381668,2639217
20234,1165052000,137555651904,4852856
20234,1165053000,198066305936,7525431
20234,1165053100,204875657382,4686031
20234,1165054000,80507153943,2405975
20234,1165055000,2445347979,37537
20234,1165056000,77897331626,2191765
20234,1165057000,32720634845,825214
20234,1165058000,100026720265,2586886
20234,1165058100,111879666550,2469547
20234,1165059000,53095779091,1817500
20234,1165060000,75312741721,2143224
20234,1165061000,49204202999,1272557
20234,1165062000,27210862591,684899
20234,1165062100,62559555505,1920444
20234,1165065100,127337938857,3650105
20234,1165065200,147623584540,5705468
20234,1165066000,6223971994,246164
20234,1168051000,277210449838,4459004
20234,1168052100,281970006245,6424272
20234,1168053100,208752633569,5722645
20234,1168054500,372595785260,4625588
20234,1168056500,277107285270,3943567
20234,1168058000,293811122231,8747962
20234,1168059000,93493292970,3543127
20234,1168060000,125453224376,3055970
20234,1168061000,169702068169,3981651
20234,1168063000,225197742324,7279839
20234,1168064000,536697592798,22738043
20234,1168065000,102532623544,5368696
20234,1168065500,68743411725,2441640
20234,1168065600,71692856604,2256007
20234,1168066000,46603953,1330
20234,1168067000,28229685958,1237074
20234,1168069000,56544853179,2027795
20234,1168070000,35916780471,1523679
20234,1168072000,12627222784,1375175
20234,1168073000,32911391101,1383534
20234,1168074000,3916927000,296571
20234,1168075000,58018626561,4089734
20234,1171051000,10892119249,542847
20234,1171052000,27330799755,935163
20234,1171053100,18365203940,652295
20234,1171053200,28175162935,1365770
20234,1171054000,33851591442,874137
20234,1171055000,38887343466,1661789
20234,1171056100,47607404777,1095566
20234,1171056200,124292537233,4203030
20234,1171056600,6107334772,600914
20234,1171057000,81641858348,1954734
20234,1171058000,71066458527,2160897
20234,1171059000,27143495422,1076044
20234,1171060000,91424706354,3681602
20234,1171061000,77017434894,2651251
20234,1171062000,78681216892,2857020
20234,1171063100,454107634446,6767277
20234,1171063200,56849145937,2113722
20234,1171064100,33316685517,1068220
20234,1171064200,142671252962,5740223
20234,1171064600,34666824013,1452615
20234,1171064700,6997372890,592968
20234,1171065000,162935372509,5768003
20234,1171067000,63488998495,2983389
20234,1171068000,62600580422,2487036
20234,1171069000,12912492926,603314
20234,1171071000,300579883843,13530303
20234,1171072000,4733100304,325835
20234,1174051500,15830720073,717135
20234,1174052000,19815446925,784473
20234,1174053000,62775100552,2900487
20234,1174054000,84803190565,2949294
20234,1174055000,8800340236,529591
20234,1174056000,25415689478,1223506
20234,1174057000,37047614576,1919676
20234,1174058000,26503115323,1272349
20234,1174059000,17926939571,798187
20234,1174060000,29714323151,1338674
20234,1174061000,146640611339,4156855
20234,1174062000,38547020857,1718204
20234,1174064000,46903713646,1215664
20234,1174065000,50227161841,2207616
20234,1174066000,72142546132,2899790
20234,1174068500,112319498098,5033821
20234,1174070000,27657176101,1227833
20241,1111051500,24605344212,1152442
20241,1111053000,96007404837,4148864
20241,1111054000,34247979404,1426152
20241,1111055000,6779166266,230152
20241,1111056000,8166891040,336335
20241,1111057000,7276499433,493148
20241,1111058000,9626423882,377292
20241,1111060000,25149211921,1159940
20241,1111061500,557301697407,12342182
20241,1111063000,104420680939,3059249
20241,1111064000,34481505259,2494485
20241,1111065000,54316154750,2746514
20241,1111067000,72541497961,2521232
20241,1111068000,12838018801,539656
20241,1111069000,455476855,25192
20241,1111070000,3506741314,200901
20241,1111071000,29213046948,1352511
20241,1114052000,139056642635,5422342
20241,1114054000,217427752973,6566010
20241,1114055000,249635932467,10664157
20241,1114057000,34014756660,2039741
20241,1114058000,22721809525,591748
20241,1114059000,170229476856,4475421
20241,1114060500,220221930176,6988098
20241,1114061500,67906520976,2175236
20241,1114062500,38183889090,1367686
20241,1114063500,25202844805,1134760
20241,1114064500,11398466330,290791
20241,1114065000,27491547561,1132758
20241,1114066500,15544794107,914919
20241,1114067000,56306185326,1849848
20241,1114068000,28141240452,968728
20241,1117051000,21669766502,1212537
20241,1117052000,12480665562,785208
20241,1117053000,60397153323,2332096
20241,1117055500,39154104477,2360153
20241,1117056000,108855341027,1455498
20241,1117057000,48717279015,726780
20241,1117058000,10479808627,389823
20241,1117059000,29599370874,1095989
20241,1117062500,583025662689,5525264
20241,1117063000,34066371117,972362
20241,1117064000,7799180825,186644
20241,1117065000,71710431760,2764561
20241,1117066000,16005693425,579550
20241,1117068500,94104833691,2365582
20241,1117069000,3159444054,124249
20241,1117070000,13668916993,642568
20241,1120052000,12384418420,464098
20241,1120053500,41834390112,1134814
20241,1120054000,28307910006,1057592
20241,1120055000,36866669726,3231107
20241,1120056000,42696909761,1589029
20241,1120057000,6202669494,311791
20241,1120058000,2821988826,153582
20241,1120059000,5955460798,202234
20241,1120061500,18630913484,826853
20241,1120062000,16531583474,625020
20241,1120064500,10647014278,269941
20241,1120065000,18846580090,891341
20241,1120066000,64172433954,2216932
20241,1120067000,68555658906,2472082
20241,1120069000,113526444645,5312671
20241,1120072000,6271334997,303504
20241,1120079000,32377696711,1708310
20241,1121571000,90214189840,4636347
20241,1121573000,41399265306,1592568
20241,1121574000,52921498469,2060813
20241,1121575000,37262930300,1588756
20241,1121576000,18746567913,1118419
20241,1121577000,32113410275,1563118
20241,1121578000,27160529831,868470
20241,1121581000,38675635860,1546072
20241,1121582000,40579393259,2119823
20241,1121583000,17401080514,888206
20241,1121584000,44799036911,1821902
20241,1121584700,45110808031,2005459
20241,1121585000,64121707040,2115307
20241,1121586000,28837859915,1365337
20241,1121587000,114075166378,2912031
20241,1123053600,109813196599,4106186
20241,1123054500,766084460183,23707730
20241,1123056000,45638749637,2339491
20241,1123057000,15298138232,961879
20241,1123060000,36488246826,964899
20241,1123061000,29803319886,1436476
20241,1123065000,152917436904,3802686
20241,1123066000,95964239424,3962839
20241,1123070500,54358658711,2201548
20241,1123071000,31679705035,1693573
20241,1123072000,19345054163,779225
20241,1123073000,14212548027,575778
20241,1123074000,24757539127,1913897
20241,1123075000,8363117488,534837
20241,1126052000,25963679588,1213580
20241,1126054000,11461657984,772137
20241,1126055000,8825728526,385324
20241,1126056500,56846223787,3004014
20241,1126057000,47941111528,2110162
20241,1126057500,36269246424,1979126
20241,1126058000,12861092255,823475
20241,1126059000,70263021369,2732139
20241,1126060000,18892364288,805281
20241,1126061000,40522063792,1889068
20241,1126062000,46172468603,1339997
20241,1126063000,29202051593,1563746
20241,1126065500,66130977639,3036346
20241,1126066000,13703291244,800035
20241,1126068000,36418902714,1482088
20241,1126069000,31766507592,1545614
20241,1129052500,27696341916,1015825
20241,1129055500,58442773702,2645926
20241,1129057500,65740845092,3257315
20241,1129058000,9265371991,245401
20241,1129059000,7655108234,495907
20241,1129060000,38396176966,2896165
20241,1129061000,13841111528,672944
20241,1129062000,10603151582,638261
20241,1129063000,14264428277,671089
20241,1129064000,10806778433,568080
20241,1129065000,21903955082,1158904
20241,1129066000,12572686071,497617
20241,1129068500,22744967658,923867
20241,1129070500,38649260199,2177098
20241,1129071500,17026377340,964221
20241,1129072500,27146952653,1320359
20241,1129076000,10933681748,675168
20241,1129077000,14155209974,584892
20241,1129078000,12199163223,287663
20241,1129081000,40994129328,1757209
20241,1130553400,18664359738,1080586
20241,1130553500,44243129308,2096649
20241,1130554500,75484174863,2571753
20241,1130555500,41544281438,1945821
20241,1130557500,12699206012,588889
20241,1130559500,60685082489,2160676
20241,1130560300,4802558943,287423
20241,1130560800,12666393519,638358
20241,1130561500,55050535097,2330793
20241,1130562500,23682030810,1185768
20241,1130563500,89987763341,3967645
20241,1130564500,27832292660,1207441
20241,1130566000,20370150530,1012144
20241,1132051100,27650447480,1643776
20241,1132051200,20803088158,1196312
20241,1132051300,16413766146,784556
20241,1132051400,22503825456,1073951
20241,1132051500,58280931367,2550903
20241,1132052100,45630240465,1836166
20241,1132052200,11596388082,616054
20241,1132066000,12548431323,859221
20241,1132067000,29416986228,1325490
20241,1132068000,29837969853,1354654
20241,1132068100,14905220304,618655
20241,1132069000,54718668010,2238865
20241,1132070000,56827050525,1671594
20241,1132071000,13554400929,630784
20241,1135056000,23075795859,1229348
20241,1135057000,4959950578,257260
20241,1135058000,8137828820,476680
20241,1135059500,63051154880,2897747
20241,1135060000,39635889344,2403583
20241,1135061100,57527234276,2245553
20241,1135061200,2653540983,214402
20241,1135061900,43619492269,1581482
20241,1135062100,11955197571,413296
20241,1135062400,43851442545,1809158
20241,1135062500,55069143443,2395568
20241,1135063000,47262583239,2312865
20241,1135064000,87970947793,3372181
20241,1135066500,14270521329,913198
20241,1135067000,23072863363,1157207
20241,1135069500,104739074289,3532863
20241,1135070000,12554523161,653917
20241,1135071000,20459061224,1095127
20241,1135072000,4870390603,266523
20241,1138051000,43427106257,1203345
20241,1138052000,49123882392,1971945
20241,1138053000,30657481041,1518812
20241,1138055100,47050664361,1950114
20241,1138055200,53167156315,2311193
20241,1138056000,14565580914,849468
20241,1138057000,61617321243,2921905
20241,1138058000,41099429955,1812475
20241,1138059000,17324171313,961177
20241,1138060000,46943971638,2197365
20241,1138062500,36761506260,1785441
20241,1138063100,23100785330,1300057
20241,1138063200,9994844697,465720
20241,1138064000,14032394232,735045
20241,1138065000,5791347378,251716
20241,1138069000,31837369894,926836
20241,1141052000,17890697787,728570
20241,1141055500,12896354803,541772
20241,1141056500,32015893579,1635171
20241,1141058500,129195668996,6165791
20241,1141061500,62066309466,2347791
20241,1141062000,19805994686,953415
20241,1141064000,58348225540,2415735
20241,1141065500,11425525639,732908
20241,1141066000,22671029524,814033
20241,1141068500,21504484022,932436
20241,1141069000,20577632292,955835
20241,1141070000,27507859733,1385788
20241,1141071000,3953632873,147645
20241,1141072000,46026262526,1646357
20241,1144055500,39087210225,1460641
20241,1144056500,50250380860,1708483
20241,1144058500,53879000377,1635776
20241,1144059000,87300586665,2785901
20241,1144060000,54187649040,2553699
20241,1144061000,18875685918,921662
20241,1144063000,16084017810,728938
20241,1144065500,34385003594,1890262
20241,1144066000,350163498988,14009952
20241,1144068000,67851198862,2302304
20241,1144069000,50733468154,2774701
20241,1144070000,33204312418,1687216
20241,1144071000,38831889450,1530017
20241,1144072000,39653835608,1065402
20241,1144073000,33337483265,1872210
20241,1144074000,77874028897,4441942
20241,1147051000,85304743713,2824629
20241,1147052000,27943606114,1405858
20241,1147053000,36796426167,1724119
20241,1147054000,27890920047,1272418
20241,1147055000,71928464917,1843559
20241,1147056000,31803638762,1470465
20241,1147057000,15096652661,708495
20241,1147058000,9565816857,649229
20241,1147059000,17415856371,864444
20241,1147060000,15255078418,677458
20241,1147061000,20822532652,880063
20241,1147061100,15320970948,787076
20241,1147062000,34155321252,1267639
20241,1147063000,31926324033,1301768
20241,1147064000,37991116973,2134768
20241,1147065000,78491836008,2939508
20241,1147067000,10217875674,253540
20241,1147068000,40714257671,1706295
20241,1150051000,52813917186,2836959
20241,1150052000,81378094628,3564647
20241,1150053000,9335528383,442808
20241,1150053500,65089776919,2430201
20241,1150054000,89486668264,4473110
20241,1150055000,11101464278,469851
20241,1150056000,29247641224,1132152
20241,1150057000,38773789101,1896275
20241,1150059000,35726543104,1812326
20241,1150059100,37401933981,1730800
20241,1150059300,33355972801,1886008
20241,1150060300,115473301042,3724006
20241,1150060400,26751911625,1252822
20241,1150060500,12457382291,475681
20241,1150061100,167746715123,4051591
20241,1150061500,30356586372,1082296
20241,1150062000,43635332530,1652917
20241,1150063000,71354374721,2840245
20241,1150064000,28494906535,1279809
20241,1150064100,12833003369,786185
20241,1153051000,30994311063,1438299
20241,1153052000,11376051937,628252
20241,1153053000,168134854988,3037949
20241,1153054000,157556211522,7240628
20241,1153055000,54234076794,2737512
20241,1153056000,96683774016,3464989
20241,1153059500,17856103875,1026120
20241,1153072000,50532224206,1704070
20241,1153073000,27899012758,1393693
20241,1153074000,28553678880,1536017
20241,1153075000,25789690327,1265681
20241,1153076000,18582945611,904599
20241,1153077000,35452894409,2126873
20241,1153078000,21311155361,1090666
20241,1153079000,12931972593,825616
20241,1153080000,162566863,17717
20241,1154551000,763546649546,19172668
20241,1154561000,241018922690,4077150
20241,1154562000,21576059753,1106003
20241,1154563000,37176684012,1783135
20241,1154564000,17410218734,831703
20241,1154567000,88174665721,3517898
20241,1154568000,4995559700,184847
20241,1154569000,10841818716,487195
20241,1154570000,12276259400,760109
20241,1154571000,26898491375,1501655
20241,1156051500,63040271762,4800571
20241,1156053500,287051224744,9936117
20241,1156054000,335272512578,11575326
20241,1156055000,164846211818,3736012
20241,1156056000,56170607193,2641241
20241,1156058500,14292113206,548685
20241,1156060500,157932207799,4511464
20241,1156061000,28245919511,1574322
20241,1156062000,46268068305,1543912
20241,1156063000,31930841214,1419718
20241,1156065000,20837848498,1021851
20241,1156066000,7007911509,365627
20241,1156067000,11850089316,371420
20241,1156068000,33799330538,1820113
20241,1156069000,8795050120,416468
20241,1156070000,30252623306,1513540
20241,1156071000,41201891838,1434266
20241,1156072000,126362453507,2151124
20241,1159051000,364950876667,7251828
20241,1159052000,884434664271,10750919
20241,1159053000,60678004193,2699363
20241,1159054000,26988990915,1236931
20241,1159055000,38394094291,2011420
20241,1159056000,20221255803,1088137
20241,1159060500,50969282824,2610452
20241,1159062000,65482103401,2312040
20241,1159063000,81678547521,3786792
20241,1159064000,14435966707,502057
20241,1159065000,23217289091,991311
20241,1159065100,5388653766,399047
20241,1159066000,57807079706,1927017
20241,1159067000,19093699509,1086815
20241,1159068000,39545701603,2329980
20241,1162052500,24659685288,1285926
20241,1162054500,4072634455,162431
20241,1162056500,11189749294,492511
20241,1162057500,38576407427,1820975
20241,1162058500,50559712775,1784552
20241,1162059500,70918743423,3276591
20241,1162060500,38131857653,1559147
20241,1162061500,37853435531,1695605
20241,1162062500,41362384784,2468930
20241,1162063000,28435820100,1352120
20241,1162064500,56574963182,3136142
20241,1162065500,20751838243,1130798
20241,1162066500,13592898797,1039933
20241,1162068500,30300061910,1798240
20241,1162069500,66446379529,3160138
20241,1162071500,4598225274,250027
20241,1162072500,59015254748,1985111
20241,1162073500,31204224395,2740995
20241,1162074500,12061478072,570052
20241,1162076500,25530929230,1109332
20241,1162077500,18186714976,1150955
20241,1165051000,66731433378,2541330
20241,1165052000,134673357527,4523457
20241,1165053000,192887771701,7225133
20241,1165053100,204957167499,4594555
20241,1165054000,83149018708,2198047
20241,1165055000,1437340884,31220
20241,1165056000,82774916751,2052288
20241,1165057000,29941670273,663917
20241,1165058000,98526184072,2470911
20241,1165058100,111008876293,2315441
20241,1165059000,52128529184,1716150
20241,1165060000,69042344306,2037746
20241,1165061000,46140549416,1224680
20241,1165062000,25209133913,601552
20241,1165062100,61863919337,1803251
20241,1165065100,122082765875,3439054
20241,1165065200,134249125666,5573973
20241,1165066000,5687945223,236745
20241,1168051000,276915669445,4110027
20241,1168052100,274430803428,6144803
20241,1168053100,187577946777,5278646
20241,1168054500,350115391736,4323505
20241,1168056500,272168925939,3615370
20241,1168058000,262886897427,8284138
20241,1168059000,89533731433,3295985
20241,1168060000,131254354699,2948181
20241,1168061000,172325373946,3761656
20241,1168063000,216915517213,7132089
20241,1168064000,542849334589,22505334
20241,1168065000,100142930449,4963621
20241,1168065500,69619667224,2363489
20241,1168065600,68526694984,2164057
20241,1168066000,456876976,10885
20241,1168067000,28628622203,1190118
20241,1168069000,56562478809,1963388
20241,1168070000,36382178063,1458981
20241,1168072000,11745915782,1273804
20241,1168073000,30599150961,1273306
20241,1168074000,4247074403,287658
20241,1168075000,54943135949,3759673
20241,1171051000,10035143717,490910
20241,1171052000,26701472172,834959
20241,1171053100,17963556013,598928
20241,1171053200,25447036735,1227221
20241,1171054000,38606118642,903405
20241,1171055000,39281342010,1652762
20241,1171056100,46418984533,982229
20241,1171056200,119918083628,4016441
20241,1171056600,5287955108,424223
20241,1171057000,78072631918,1867718
20241,1171058000,66034731141,2017807
20241,1171059000,26732461782,971757
20241,1171060000,87286482596,3383490
20241,1171061000,75271965164,2465595
20241,1171062000,74487626290,2701753
20241,1171063100,438677877232,6382732
20241,1171063200,54806896050,1962947
20241,1171064100,31049492563,1016080
20241,1171064200,128253674813,5436103
20241,1171064600,33329323325,1292711
20241,1171064700,6772778000,534469
20241,1171065000,154767082798,5438241
20241,1171067000,58926053071,2587026
20241,1171068000,76503151693,3715805
20241,1171069000,12880960579,568317
20241,1171071000,276589609727,12326472
20241,1171072000,4490321169,294418
20241,1174051500,15534181131,667410
20241,1174052000,22048992218,693476
20241,1174053000,61798872554,2686251
20241,1174054000,85546678607,2746658
20241,1174055000,8499578725,455762
20241,1174056000,23134695546,1102668
20241,1174057000,37180203609,1866134
20241,1174058000,24566032884,1194939
20241,1174059000,18342099411,723098
20241,1174060000,29177383790,1265998
20241,1174061000,147802925360,4133240
20241,1174062000,37041142102,1585116
20241,1174064000,42680291125,1095066
20241,1174065000,52066391453,2111252
20241,1174066000,71714772846,2715760
20241,1174068500,105866304842,4745167
20241,1174070000,27507243448,1105472
20242,1111051500,27271062670,1285256
20242,1111053000,103997623389,4569507
20242,1111054000,45114661978,1988261
20242,1111055000,7994194343,333940
20242,1111056000,9230567798,395575
20242,1111057000,7998030357,546211
20242,1111058000,9460631757,382045
20242,1111060000,29039550339,1339238
20242,1111061500,574693580939,13928222
20242,1111063000,111299498513,3392022
20242,1111064000,35750822226,2719293
20242,1111065000,56621636846,3061370
20242,1111067000,69290773407,2537319
20242,1111068000,13229554855,577123
20242,1111069000,605415706,31028
20242,1111070000,3663499394,224226
20242,1111071000,33117774687,1574788
20242,1114052000,145524820320,5866328
20242,1114054000,254333267157,7923896
20242,1114055000,250879412641,11287816
20242,1114057000,38582810130,2628122
20242,1114058000,20646710589,691884
20242,1114059000,170479068055,4961951
20242,1114060500,227766223426,7204975
20242,1114061500,78680474809,2574533
20242,1114062500,42812225514,1444430
20242,1114063500,26016934954,1174810
20242,1114064500,11094471040,326987
20242,1114065000,29592878803,1195907
20242,1114066500,24542985176,1120558
20242,1114067000,61706566124,1945634
20242,1114068000,32457465785,1042537
20242,1117051000,22489594339,1358784
20242,1117052000,14293253652,933386
20242,1117053000,61772293838,2467340
20242,1117055500,41910683534,2820090
20242,1117056000,111402434625,1515953
20242,1117057000,63322521103,886023
20242,1117058000,10866901074,429744
20242,1117059000,27449454901,1191586
20242,1117062500,535273444772,5729331
20242,1117063000,34649160106,1093497
20242,1117064000,6843771222,193776
20242,1117065000,74002025035,3023032
20242,1117066000,17650561687,685768
20242,1117068500,96016455903,2436387
20242,1117069000,3555269541,140788
20242,1117070000,11982074230,546714
20242,1120052000,13610973466,500176
20242,1120053500,39074834690,1230989
20242,1120054000,26221554375,1132169
20242,1120055000,42838686817,4250520
20242,1120056000,41514390563,1714555
20242,1120057000,5985517731,341431
20242,1120058000,3057322770,166619
20242,1120059000,5485201353,215725
20242,1120061500,19129854250,894153
20242,1120062000,16792072589,630019
20242,1120064500,11390973527,302034
20242,1120065000,21272948729,1091828
20242,1120066000,70555567076,2441398
20242,1120067000,86114047627,2779796
20242,1120069000,121096808308,5912953
20242,1120072000,7667034125,317537
20242,1120079000,33588537880,1834904
20242,1121571000,94636367335,5231001
20242,1121573000,43143074927,1891292
20242,1121574000,55305425567,2211279
20242,1121575000,40070776396,1730031
20242,1121576000,19177155899,1163327
20242,1121577000,34042622381,1717993
20242,1121578000,25253059015,999153
20242,1121581000,42228846578,1806974
20242,1121582000,42783461101,2252443
20242,1121583000,17898926060,966187
20242,1121584000,49559596573,2341546
20242,1121584700,47307887169,2384941
20242,1121585000,53263580129,2217483
20242,1121586000,31821042010,1496591
20242,1121587000,116848003360,3236905
20242,1123053600,112379287270,4360455
20242,1123054500,732322194214,26461925
20242,1123056000,46861152061,2529179
20242,1123057000,16042673997,1185746
20242,1123060000,37697988242,1043614
20242,1123061000,30815995029,1479152
20242,1123065000,155376110484,3699694
20242,1123066000,96376728445,4192137
20242,1123070500,55505328672,2281735
20242,1123071000,34984785631,2065095
20242,1123072000,19911797827,874821
20242,1123073000,16263123435,674648
20242,1123074000,28904872348,2573404
20242,1123075000,8440821854,567536
20242,1126052000,26145060980,1278112
20242,1126054000,12643905200,783864
20242,1126055000,9313158599,445071
20242,1126056500,57509800546,3227781
20242,1126057000,45884678311,2237732
20242,1126057500,39709893965,2205897
20242,1126058000,13644801943,876541
20242,1126059000,67607932820,2928734
20242,1126060000,20680093448,918612
20242,1126061000,38806875095,1931949
20242,1126062000,51766480152,1451830
20242,1126063000,31283781548,1689125
20242,1126065500,69387402817,3290283
20242,1126066000,14700157395,896499
20242,1126068000,38249894674,1596859
20242,1126069000,32793950770,1731626
20242,1129052500,30022077111,1141347
20242,1129055500,63064838815,2937510
20242,1129057500,69891020843,3820213
20242,1129058000,9059866527,254299
20242,1129059000,8149263547,503430
20242,1129060000,43151095310,3622226
20242,1129061000,15206439800,730130
20242,1129062000,11132503314,664408
20242,1129063000,15647113395,736918
20242,1129064000,11885850518,708286
20242,1129065000,22587734925,1272966
20242,1129066000,11968319086,532264
20242,1129068500,22815156226,988458
20242,1129070500,42596069008,2388022
20242,1129071500,19473974196,1098187
20242,1129072500,29179769478,1516435
20242,1129076000,11870769302,750128
20242,1129077000,13770921585,621031
20242,1129078000,7526286972,335242
20242,1129081000,42106554851,1897234
20242,1130553400,18837394774,1061670
20242,1130553500,47830578951,2314398
20242,1130554500,81464797702,2770127
20242,1130555500,43861167628,2099916
20242,1130557500,12834259688,590895
20242,1130559500,64239363136,2323435
20242,1130560300,4938206894,308288
20242,1130560800,13639434489,702159
20242,1130561500,56469359996,2446774
20242,1130562500,25835356677,1242153
20242,1130563500,91804974428,4286141
20242,1130564500,33845302664,1435263
20242,1130566000,21776486728,1117832
20242,1132051100,28030371227,1755184
20242,1132051200,20470414425,1217364
20242,1132051300,17082505646,817598
20242,1132051400,22658982307,1194029
20242,1132051500,60757255742,2673785
20242,1132052100,49033517684,2065278
20242,1132052200,12064003895,681101
20242,1132066000,13053347954,1025755
20242,1132067000,28227777538,1300924
20242,1132068000,32012929123,1444754
20242,1132068100,14142815813,662351
20242,1132069000,54223128217,2350263
20242,1132070000,54356424771,1635825
20242,1132071000,14200035693,683774
20242,1135056000,23589505029,1440887
20242,1135057000,5601664958,314720
20242,1135058000,8037851440,495115
20242,1135059500,66420481000,3148294
20242,1135060000,43356345540,2935790
20242,1135061100,56850684806,2314352
20242,1135061200,2909696029,230511
20242,1135061900,41960006997,1659687
20242,1135062100,11791955281,433378
20242,1135062400,45292854789,1933434
20242,1135062500,48085731277,2447783
20242,1135063000,48720314862,2341712
20242,1135064000,90276314425,3710235
20242,1135066500,14969663447,973741
20242,1135067000,24059587342,1194033
20242,1135069500,103055669693,3624449
20242,1135070000,12978212914,709882
20242,1135071000,20424326339,1150238
20242,1135072000,5010164334,303844
20242,1138051000,45742765378,1229107
20242,1138052000,50368659371,2144704
20242,1138053000,31591292855,1592938
20242,1138055100,45210938431,1977201
20242,1138055200,56474354258,2476581
20242,1138056000,16268332645,922204
20242,1138057000,62790086797,3093865
20242,1138058000,43253609804,1909547
20242,1138059000,17258352425,971493
20242,1138060000,51736289453,2430620
20242,1138062500,37680488620,1892944
20242,1138063100,23504796299,1343203
20242,1138063200,11626538895,507054
20242,1138064000,14862555833,787907
20242,1138065000,5838261070,240533
20242,1138069000,38921032769,1118058
20242,1141052000,17428753087,778716
20242,1141055500,13814539156,568705
20242,1141056500,32835426792,1799004
20242,1141058500,134755428929,7224996
20242,1141061500,64113801696,2640084
20242,1141062000,22209928007,990513
20242,1141064000,56916156089,2492272
20242,1141065500,11245558826,717126
20242,1141066000,19918696784,821634
20242,1141068500,23111315070,1042184
20242,1141069000,20666239500,1035410
20242,1141070000,29426478285,1618692
20242,1141071000,4263825219,168310
20242,1141072000,41626712230,1750546
20242,1144055500,38080593540,1566171
20242,1144056500,46463072095,1769918
20242,1144058500,56573277859,1755790
20242,1144059000,89048122280,2916775
20242,1144060000,56714530695,2901659
20242,1144061000,20669424948,1097554
20242,1144063000,16533109466,798580
20242,1144065500,37280136474,2507722
20242,1144066000,359731989288,15533588
20242,1144068000,74450327874,2490332
20242,1144069000,54204630322,2993390
20242,1144070000,31176078475,1707230
20242,1144071000,36295755357,1565543
20242,1144072000,33814612549,1100740
20242,1144073000,34231627518,2140161
20242,1144074000,79049967468,4657562
20242,1147051000,84191084031,2908045
20242,1147052000,28590498917,1455502
20242,1147053000,38143977772,1774361
20242,1147054000,26988248049,1283828
20242,1147055000,68263486554,1933255
20242,1147056000,30665705827,1547170
20242,1147057000,15087921149,711745
20242,1147058000,10342789983,742454
20242,1147059000,19010387303,938178
20242,1147060000,15288049616,680243
20242,1147061000,21349540873,937466
20242,1147061100,16068856125,836985
20242,1147062000,35159782135,1319899
20242,1147063000,32545508770,1329930
20242,1147064000,38844016239,2211555
20242,1147065000,87817269177,3164336
20242,1147067000,8997370632,281650
20242,1147068000,42325034015,1906987
20242,1150051000,55125566316,2958543
20242,1150052000,75900912699,3754152
20242,1150053000,10026113390,471457
20242,1150053500,68704398701,2778832
20242,1150054000,90626787361,4683455
20242,1150055000,9509461982,499169
20242,1150056000,31710027856,1214979
20242,1150057000,37238104434,1896326
20242,1150059000,35421501554,1847784
20242,1150059100,38818732341,1840749
20242,1150059300,32108628689,1901932
20242,1150060300,112996166609,3727651
20242,1150060400,21314315520,1299953
20242,1150060500,10679371690,531866
20242,1150061100,145822870868,4013619
20242,1150061500,30304111925,1201051
20242,1150062000,45572500315,1747962
20242,1150063000,63744065875,2978613
20242,1150064000,29554633193,1333274
20242,1150064100,13458427030,967295
20242,1153051000,33672541392,1567457
20242,1153052000,12456828355,697430
20242,1153053000,170070508687,3083149
20242,1153054000,147123384621,7426306
20242,1153055000,52209269070,2815223
20242,1153056000,102590677848,3735532
20242,1153059500,16484329815,1001756
20242,1153072000,56422077382,2059584
20242,1153073000,28589548059,1386400
20242,1153074000,33344829369,1634609
20242,1153075000,26615379779,1394451
20242,1153076000,19107425782,940279
20242,1153077000,35923657206,2253508
20242,1153078000,21664875219,1116349
20242,1153079000,13308923198,913109
20242,1153080000,211935558,19700
20242,1154551000,774629349561,20782368
20242,1154561000,190827763621,3723875
20242,1154562000,20766388505,1078017
20242,1154563000,38138153184,2010803
20242,1154564000,18340634153,917578
20242,1154567000,86479002657,3664417
20242,1154568000,4750337851,175802
20242,1154569000,11325845325,579561
20242,1154570000,12882337217,853840
20242,1154571000,27907477615,1611486
20242,1156051500,63909694216,5027746
20242,1156053500,271104095483,10632556
20242,1156054000,356320972548,12906842
20242,1156055000,135852308309,3902097
20242,1156056000,57769431484,2845931
20242,1156058500,14371419013,572635
20242,1156060500,153157573324,4574265
20242,1156061000,30478365395,1705824
20242,1156062000,50079952457,1685161
20242,1156063000,32324121557,1506361
20242,1156065000,20564008894,1077449
20242,1156066000,7784991309,397528
20242,1156067000,10841189819,401430
20242,1156068000,34678839699,1959856
20242,1156069000,9003157836,446930
20242,1156070000,29960286931,1556874
20242,1156071000,38232641928,1557132
20242,1156072000,131890742865,2959869
20242,1159051000,296333014953,6683933
20242,1159052000,722073160338,9243417
20242,1159053000,62108930740,3212030
20242,1159054000,26939338480,1295963
20242,1159055000,38029149183,2100719
20242,1159056000,21191940648,1152374
20242,1159060500,53828162212,3038048
20242,1159062000,64700490937,2413122
20242,1159063000,80487257116,3883643
20242,1159064000,15041313086,543223
20242,1159065000,22011994629,1067222
20242,1159065100,5416375382,441366
20242,1159066000,56693952305,2065156
20242,1159067000,18977388626,1159104
20242,1159068000,40511300396,2506374
20242,1162052500,24603168239,1417614
20242,1162054500,3974778168,176655
20242,1162056500,9855838593,542729
20242,1162057500,38671788550,1895469
20242,1162058500,51470333280,1927287
20242,1162059500,74966127925,3409387
20242,1162060500,38748440553,1674446
20242,1162061500,38103474883,1806396
20242,1162062500,41011751145,2509512
20242,1162063000,28969494884,1443029
20242,1162064500,60181412696,3389014
20242,1162065500,19996744550,1143717
20242,1162066500,15599770140,1129696
20242,1162068500,29368832039,1864397
20242,1162069500,70000086086,3428660
20242,1162071500,4335255419,248427
20242,1162072500,60117820543,2079801
20242,1162073500,31823784475,3004437
20242,1162074500,11891608569,554130
20242,1162076500,28748979751,1200845
20242,1162077500,19123608085,1200556
20242,1165051000,73109036665,2824240
20242,1165052000,135689428895,4836130
20242,1165053000,195563144979,7798993
20242,1165053100,194042003562,4691275
20242,1165054000,79338626247,2131054
20242,1165055000,1773616250,93079
20242,1165056000,83143485028,2193970
20242,1165057000,29767821814,884733
20242,1165058000,102697683445,2784638
20242,1165058100,112977668478,2629343
20242,1165059000,52876236947,1937370
20242,1165060000,71985942724,3064561
20242,1165061000,45893560771,1290951
20242,1165062000,26046951505,661860
20242,1165062100,61021128596,1991386
20242,1165065100,127392791556,3660895
20242,1165065200,140529318373,5925605
20242,1165066000,7132402421,260183
20242,1168051000,258163001103,4336996
20242,1168052100,243766975229,6453025
20242,1168053100,189140673135,5555914
20242,1168054500,353293721027,4674190
20242,1168056500,270612045900,3899135
20242,1168058000,276219123844,8634512
20242,1168059000,91639521656,3617478
20242,1168060000,129388047927,3016617
20242,1168061000,166269543643,3894012
20242,1168063000,206882368422,7161451
20242,1168064000,513945086886,23606378
20242,1168065000,94878121355,5146248
20242,1168065500,70523783787,2418595
20242,1168065600,74389229030,2270488
20242,1168066000,736130984,31586
20242,1168067000,29542999219,1276972
20242,1168069000,55394773939,2091211
20242,1168070000,38570754409,1662219
20242,1168072000,10886478241,1182824
20242,1168073000,31220874324,1318834
20242,1168074000,4151557552,332949
20242,1168075000,56371131584,3931223
20242,1171051000,10120751374,495816
20242,1171052000,25988707094,850048
20242,1171053100,17856252600,643539
20242,1171053200,25787400036,1288799
20242,1171054000,35653625314,926453
20242,1171055000,39253913148,1665736
20242,1171056100,48443473975,1043213
20242,1171056200,125738220968,4396868
20242,1171056600,7020257275,664184
20242,1171057000,72981542213,2017605
20242,1171058000,70684478461,2272410
20242,1171059000,26360318761,1072444
20242,1171060000,93476832441,4410794
20242,1171061000,74833092893,2663333
20242,1171062000,76709101991,2889440
20242,1171063100,405497475831,6354376
20242,1171063200,55720310835,2038718
20242,1171064100,31997800325,1254356
20242,1171064200,150244301246,5795642
20242,1171064600,33236676676,1375362
20242,1171064700,7171413910,563643
20242,1171065000,164497623316,6051942
20242,1171067000,68616675013,3656789
20242,1171068000,62251136593,2520339
20242,1171069000,12806723025,662165
20242,1171071000,275790289947,12724749
20242,1171072000,4957765107,302484
20242,1174051500,15617929890,769085
20242,1174052000,20524227876,766579
20242,1174053000,59039110863,2776381
20242,1174054000,83912778079,2864983
20242,1174055000,8518673605,544882
20242,1174056000,25258471467,1184410
20242,1174057000,36506212193,1899360
20242,1174058000,24129775788,1221624
20242,1174059000,18648486497,779033
20242,1174060000,29204856902,1285795
20242,1174061000,149170807069,5132607
20242,1174062000,36209472413,1721587
20242,1174064000,48077253386,1237938
20242,1174065000,53995164267,2263981
20242,1174066000,69401232300,2819522
20242,1174068500,106340194676,5052335
20242,1174070000,27029802284,1204901
20243,1111051500,25108793958,1184903
20243,1111053000,102279520510,4399317
20243,1111054000,33951224001,1610279
20243,1111055000,7174041433,250674
20243,1111056000,8725759995,369939
20243,1111057000,7922715041,546229
20243,1111058000,9360528416,397872
20243,1111060000,24716053638,1189179
20243,1111061500,563987206314,13393775
20243,1111063000,102653483492,3181867
20243,1111064000,36983836757,2754673
20243,1111065000,53748345838,2788804
20243,1111067000,67690447670,2418727
20243,1111068000,13026165369,577846
20243,1111069000,500766118,30405
20243,1111070000,3865432718,241912
20243,1111071000,30120394369,1462016
20243,1114052000,165184110993,5981197
20243,1114054000,225909259876,7139818
20243,1114055000,236770196478,11151906
20243,1114057000,36065716837,2147950
20243,1114058000,21866793385,642031
20243,1114059000,167078337053,4991637
20243,1114060500,233786213798,7153658
20243,1114061500,65703849737,2355315
20243,1114062500,37352642145,1347421
20243,1114063500,26017870310,1137545
20243,1114064500,9144239157,307649
20243,1114065000,27466036494,1158677
20243,1114066500,24932165390,1061613
20243,1114067000,52723788801,1889327
20243,1114068000,33841683949,1018451
20243,1117051000,21643335079,1309593
20243,1117052000,13438278901,879508
20243,1117053000,61777402774,2488912
20243,1117055500,37698733751,2343996
20243,1117056000,134984215374,1554719
20243,1117057000,50466744542,796712
20243,1117058000,11397748228,435851
20243,1117059000,28543911826,1147894
20243,1117062500,662543512737,5833136
20243,1117063000,33177055734,1029660
20243,1117064000,4331676885,143690
20243,1117065000,72869982449,2974348
20243,1117066000,16270710240,652175
20243,1117068500,89769644396,2302671
20243,1117069000,3117692017,137116
20243,1117070000,10082599213,446045
20243,1120052000,13374240870,501689
20243,1120053500,41139386013,1274016
20243,1120054000,24870975685,1061253
20243,1120055000,34896964248,3144325
20243,1120056000,39353562897,1581126
20243,1120057000,5922917487,328935
20243,1120058000,2548220528,129382
20243,1120059000,4139837798,180967
20243,1120061500,17697214059,800488
20243,1120062000,17225607168,628443
20243,1120064500,10937011032,293377
20243,1120065000,20204386593,924111
20243,1120066000,56814549777,2366642
20243,1120067000,83550271243,2736701
20243,1120069000,123939615972,5947537
20243,1120072000,7550530853,302620
20243,1120079000,33696859268,1817201
20243,1121571000,85678392205,4832582
20243,1121573000,38840135842,1714498
20243,1121574000,55940217533,2386525
20243,1121575000,39152338434,1690950
20243,1121576000,19322016027,1127448
20243,1121577000,32628451003,1607216
20243,1121578000,23030518185,952649
20243,1121581000,39695654208,1644355
20243,1121582000,41074765824,2154733
20243,1121583000,17427510727,946581
20243,1121584000,42774057913,2124483
20243,1121584700,42676905588,2066529
20243,1121585000,52475955538,2123346
20243,1121586000,30169884133,1418405
20243,1121587000,116784354272,3410724
20243,1123053600,109985311158,4292977
20243,1123054500,798520824512,25570935
20243,1123056000,45526260268,2340336
20243,1123057000,13908407086,965211
20243,1123060000,34453603955,1014230
20243,1123061000,29840806523,1416403
20243,1123065000,168374601829,3794433
20243,1123066000,95483906659,4079033
20243,1123070500,52583007776,2250823
20243,1123071000,29638356362,1663795
20243,1123072000,19228503870,852362
20243,1123073000,14261840741,576610
20243,1123074000,25407680353,2094548
20243,1123075000,8382796220,573502
20243,1126052000,25107962340,1268860
20243,1126054000,12519182777,819980
20243,1126055000,8884511443,434420
20243,1126056500,56530491301,3257345
20243,1126057000,45789526560,2205743
20243,1126057500,36649967779,2082595
20243,1126058000,12044676188,883901
20243,1126059000,68446608891,3003241
20243,1126060000,23880638755,963976
20243,1126061000,36803279806,1840391
20243,1126062000,45500342176,1393997
20243,1126063000,28454579916,1639471
20243,1126065500,70821438212,3295527
20243,1126066000,14821049105,868577
20243,1126068000,35967970503,1543540
20243,1126069000,32829297466,1713297
20243,1129052500,27221660114,1028709
20243,1129055500,60027183083,2804409
20243,1129057500,66456783153,3673183
20243,1129058000,8537716663,242866
20243,1129059000,7450852657,487756
20243,1129060000,37649094394,2935351
20243,1129061000,14397063483,697464
20243,1129062000,10917845567,612235
20243,1129063000,14302820515,678500
20243,1129064000,11497765553,606571
20243,1129065000,22671559884,1176342
20243,1129066000,12020782386,519915
20243,1129068500,20915740924,957025
20243,1129070500,39520417749,2352523
20243,1129071500,19553540612,1028638
20243,1129072500,27251760505,1341243
20243,1129076000,11333024643,723020
20243,1129077000,13614567614,641362
20243,1129078000,10043392156,315605
20243,1129081000,40901470561,1836226
20243,1130553400,18642709491,1075483
20243,1130553500,44968653930,2271914
20243,1130554500,77551437972,2708739
20243,1130555500,43038020268,1984637
20243,1130557500,13103702586,592792
20243,1130559500,62735083425,2287164
20243,1130560300,5063253142,289243
20243,1130560800,14092193035,727492
20243,1130561500,56908470171,2484577
20243,1130562500,24773364303,1199005
20243,1130563500,87292612093,4280377
20243,1130564500,33097921696,1373195
20243,1130566000,21216904771,1084814
20243,1132051100,27611350411,1762124
20243,1132051200,20454353571,1216547
20243,1132051300,17007682298,818622
20243,1132051400,22660289266,1242983
20243,1132051500,56793578402,2630770
20243,1132052100,42920613616,2018088
20243,1132052200,11937297980,745552
20243,1132066000,12349697809,902486
20243,1132067000,25416094752,1268348
20243,1132068000,30161359831,1350507
20243,1132068100,14186660254,646006
20243,1132069000,54683059875,2362962
20243,1132070000,57966787832,1632950
20243,1132071000,14313904290,683572
20243,1135056000,22178915626,1285723
20243,1135057000,4426866798,258104
20243,1135058000,8739406933,519394
20243,1135059500,60727157906,2893267
20243,1135060000,39733462964,2398934
20243,1135061100,57225184956,2493693
20243,1135061200,2852955217,224218
20243,1135061900,44099779156,1641268
20243,1135062100,12156552485,425847
20243,1135062400,43528016230,1837740
20243,1135062500,55298013940,2375642
20243,1135063000,47590512412,2251972
20243,1135064000,88152468051,3775423
20243,1135066500,14388577114,920951
20243,1135067000,22563782481,1201418
20243,1135069500,102576676973,3582555
20243,1135070000,12097702194,694538
20243,1135071000,19721472632,1095383
20243,1135072000,5033931060,289017
20243,1138051000,45390025495,1186560
20243,1138052000,48074679380,2108179
20243,1138053000,30851031599,1575063
20243,1138055100,45343636882,2009379
20243,1138055200,55970499313,2402886
20243,1138056000,16744757680,892810
20243,1138057000,60469827346,2929342
20243,1138058000,41648311416,1725920
20243,1138059000,17129210743,983568
20243,1138060000,48690296414,2356017
20243,1138062500,37534568253,1881779
20243,1138063100,22962493916,1352953
20243,1138063200,11187696039,468547
20243,1138064000,13224429185,716629
20243,1138065000,5876408114,236297
20243,1138069000,31187631708,920575
20243,1141052000,16387659509,738590
20243,1141055500,14114867677,554382
20243,1141056500,31670909608,1717721
20243,1141058500,119579490879,6429324
20243,1141061500,61332366184,2433987
20243,1141062000,20536796615,952342
20243,1141064000,57452483815,2430036
20243,1141065500,10208702298,708437
20243,1141066000,23138068293,814603
20243,1141068500,21866332327,915100
20243,1141069000,20274656200,1016837
20243,1141070000,27711696389,1537475
20243,1141071000,4691856131,172588
20243,1141072000,40779443905,1726054
20243,1144055500,39042524412,1571943
20243,1144056500,47659383707,1750112
20243,1144058500,61150167585,1763828
20243,1144059000,84057767173,2826604
20243,1144060000,55220770444,2727441
20243,1144061000,18934300499,1011054
20243,1144063000,15604575318,748189
20243,1144065500,34001931926,2010750
20243,1144066000,367379188845,15690936
20243,1144068000,70131336511,2422546
20243,1144069000,51075410318,2762713
20243,1144070000,31465907701,1687802
20243,1144071000,36349299824,1546773
20243,1144072000,29509873566,1083078
20243,1144073000,33134125109,1964289
20243,1144074000,78312019524,4656798
20243,1147051000,86996393094,3282438
20243,1147052000,29329564119,1466609
20243,1147053000,37072403390,1690333
20243,1147054000,28189822863,1306528
20243,1147055000,72662494834,2011765
20243,1147056000,31716102114,1539405
20243,1147057000,15170243885,696501
20243,1147058000,10947884641,707266
20243,1147059000,18520274430,928403
20243,1147060000,15802356456,688180
20243,1147061000,20215194721,901672
20243,1147061100,15459849749,815775
20243,1147062000,34731748382,1308751
20243,1147063000,33056219402,1302260
20243,1147064000,38923450170,2221097
20243,1147065000,83759162175,3177250
20243,1147067000,9805159593,268385
20243,1147068000,43223274698,1905405
20243,1150051000,55979883086,2884322
20243,1150052000,72529553727,3505274
20243,1150053000,10874086702,518566
20243,1150053500,67410000800,2695317
20243,1150054000,87605317667,4521107
20243,1150055000,9352803456,483428
20243,1150056000,31438504686,1211868
20243,1150057000,37258029798,1842382
20243,1150059000,36095231611,1817681
20243,1150059100,39416398698,1874899
20243,1150059300,31055125960,1842403
20243,1150060300,111286765402,3637256
20243,1150060400,21794459161,1317497
20243,1150060500,14109063181,525774
20243,1150061100,151583441401,3925493
20243,1150061500,29636147419,1182763
20243,1150062000,39218847118,1720109
20243,1150063000,61150569118,2882724
20243,1150064000,29056397891,1270856
20243,1150064100,13081619142,917830
20243,1153051000,34775368128,1545590
20243,1153052000,12166569908,721563
20243,1153053000,179259521310,3097346
20243,1153054000,150679568042,7632509
20243,1153055000,51582338185,2789753
20243,1153056000,102367217353,3763467
20243,1153059500,17040903219,1013308
20243,1153072000,57501730093,1950390
20243,1153073000,28406905533,1380612
20243,1153074000,30886615286,1609021
20243,1153075000,26481861588,1411194
20243,1153076000,18572963841,893702
20243,1153077000,35259586927,2215073
20243,1153078000,21399910343,1058650
20243,1153079000,12734058208,900409
20243,1153080000,93683786,9396
20243,1154551000,747552840754,21264456
20243,1154561000,240365662730,3986041
20243,1154562000,21895547159,1078122
20243,1154563000,38298145810,1919699
20243,1154564000,17354805503,895599
20243,1154567000,82183141293,3511469
20243,1154568000,4677848071,218260
20243,1154569000,11097740518,541574
20243,1154570000,13314018966,828227
20243,1154571000,26890689891,1565076
20243,1156051500,61689282977,5001747
20243,1156053500,287435935479,10677091
20243,1156054000,347197913732,12829953
20243,1156055000,158645585662,3986831
20243,1156056000,57202518256,2753543
20243,1156058500,13179288337,520803
20243,1156060500,155836867829,4381326
20243,1156061000,28982842269,1630600
20243,1156062000,43148516944,1608733
20243,1156063000,31288312571,1528934
20243,1156065000,19749555813,1058294
20243,1156066000,7271699503,387332
20243,1156067000,13535379008,396234
20243,1156068000,34662774514,1922411
20243,1156069000,8732734366,440650
20243,1156070000,29497240138,1498777
20243,1156071000,42560808848,1558643
20243,1156072000,127135006151,2197013
20243,1159051000,304096744396,6638812
20243,1159052000,687988917829,9007212
20243,1159053000,58546435100,2827174
20243,1159054000,26557020785,1257537
20243,1159055000,37501955969,1993413
20243,1159056000,21201387308,1157386
20243,1159060500,46849018418,2482928
20243,1159062000,62477968672,2321558
20243,1159063000,72738921479,3316961
20243,1159064000,14737242122,520861
20243,1159065000,21617243151,1016272
20243,1159065100,5764215192,451738
20243,1159066000,55902658616,2033099
20243,1159067000,18454298515,1110548
20243,1159068000,38532900636,2418258
20243,1162052500,24648704514,1387530
20243,1162054500,3885677752,178633
20243,1162056500,10424158697,550310
20243,1162057500,37008605161,1836010
20243,1162058500,48414110753,1848571
20243,1162059500,71992256898,3285940
20243,1162060500,37140489878,1584695
20243,1162061500,37189785897,1753482
20243,1162062500,39287410886,2414726
20243,1162063000,28580876120,1450216
20243,1162064500,58462967159,3506552
20243,1162065500,20952678559,1157984
20243,1162066500,14009568592,1063506
20243,1162068500,28866328848,1805816
20243,1162069500,66083743055,3349845
20243,1162071500,4115222163,245041
20243,1162072500,56228190179,1981508
20243,1162073500,30209340120,2782753
20243,1162074500,10800909470,506564
20243,1162076500,26714848234,1183865
20243,1162077500,19068396727,1201211
20243,1165051000,70030515079,2893072
20243,1165052000,130888952254,4889413
20243,1165053000,188265074136,7886205
20243,1165053100,190209643289,4789721
20243,1165054000,77458283700,2073226
20243,1165055000,1517917746,62382
20243,1165056000,79077183319,2105910
20243,1165057000,30673904235,770796
20243,1165058000,100974753701,2776045
20243,1165058100,107593870143,2492931
20243,1165059000,52589228344,2069127
20243,1165060000,68738019397,3181149
20243,1165061000,45768854952,1302219
20243,1165062000,25922868741,637578
20243,1165062100,57118916581,1909211
20243,1165065100,122421702012,3418406
20243,1165065200,135397603439,5443069
20243,1165066000,5985360138,257387
20243,1168051000,254559428130,4298166
20243,1168052100,241592651710,6342184
20243,1168053100,184201963362,5440188
20243,1168054500,345873708345,4470565
20243,1168056500,268594993475,3779071
20243,1168058000,248480606592,8378637
20243,1168059000,87683308346,3615578
20243,1168060000,137505324675,3287076
20243,1168061000,181245443988,4013700
20243,1168063000,212537388403,7724821
20243,1168064000,518959476275,23613955
20243,1168065000,92971326049,4865231
20243,1168065500,67295580648,2339201
20243,1168065600,70347086281,2208535
20243,1168066000,422479314,26666
20243,1168067000,29188197910,1165406
20243,1168069000,53848791532,2012449
20243,1168070000,37975445824,1615582
20243,1168072000,11589935500,1347620
20243,1168073000,33525313333,1294608
20243,1168074000,4140761017,335253
20243,1168075000,58062311947,3994517
20243,1171051000,10072162709,486269
20243,1171052000,24372629523,809401
20243,1171053100,15493396086,612699
20243,1171053200,25693157718,1240332
20243,1171054000,33524757723,949106
20243,1171055000,38869993752,1617344
20243,1171056100,47602149564,1045331
20243,1171056200,118305088691,4319798
20243,1171056600,5056731042,567748
20243,1171057000,72953591364,1993993
20243,1171058000,66652480563,2270249
20243,1171059000,25307084289,1050362
20243,1171060000,89946763427,3850393
20243,1171061000,74497148430,2626420
20243,1171062000,73099606020,2868110
20243,1171063100,430038658938,6313063
20243,1171063200,56200991815,1998652
20243,1171064100,31793313292,1210179
20243,1171064200,145725113687,5734153
20243,1171064600,33308632425,1331508
20243,1171064700,6892984665,525856
20243,1171065000,156675479691,5879561
20243,1171067000,70147462076,3710853
20243,1171068000,63242323943,2704564
20243,1171069000,12539479870,629924
20243,1171071000,264279327541,11710877
20243,1171072000,4977147512,302134
20243,1174051500,14914968042,761387
20243,1174052000,17197779573,739819
20243,1174053000,60732526875,2753006
20243,1174054000,85635633090,2778601
20243,1174055000,8676295925,501074
20243,1174056000,23660415785,1148598
20243,1174057000,35759568699,1795855
20243,1174058000,24472719836,1205940
20243,1174059000,19755123380,761350
20243,1174060000,28276967226,1268950
20243,1174061000,139943233623,4300575
20243,1174062000,36336519556,1688769
20243,1174064000,44036740716,1174046
20243,1174065000,52521087716,2272498
20243,1174066000,72069724600,2823849
20243,1174068500,107896903885,5096599
20243,1174070000,25401906273,1177270
20244,1111051500,28799147077,1280874
20244,1111053000,112312507727,4393401
20244,1111054000,43095078414,1722079
20244,1111055000,8549720599,313748
20244,1111056000,8061403193,356140
20244,1111057000,8666806137,551982
20244,1111058000,9940574822,462769
20244,1111060000,30234011639,1337149
20244,1111061500,604127657096,13323914
20244,1111063000,110125863829,3185252
20244,1111064000,39511253110,2725518
20244,1111065000,57698365323,2884595
20244,1111067000,79101968301,2850947
20244,1111068000,13037101417,539866
20244,1111069000,426903844,28884
20244,1111070000,4030275716,224749
20244,1111071000,27224606612,1424548
20244,1114052000,166853255052,5615419
20244,1114054000,242086266607,7355054
20244,1114055000,256997780703,11047333
20244,1114057000,38575860034,2397377
20244,1114058000,21996779128,681521
20244,1114059000,162367896768,4863681
20244,1114060500,247004025071,7121802
20244,1114061500,78226757565,2251109
20244,1114062500,47292189829,1403102
20244,1114063500,28253042364,1200514
20244,1114064500,9982425899,301520
20244,1114065000,28684823361,1177706
20244,1114066500,26989719549,948260
20244,1114067000,54809607557,1893876
20244,1114068000,35638973412,977883
20244,1117051000,22415617233,1282377
20244,1117052000,14947513400,879434
20244,1117053000,69304456614,2559168
20244,1117055500,41881118274,2527176
20244,1117056000,112080941545,1452675
20244,1117057000,54727842423,754918
20244,1117058000,11676120329,442327
20244,1117059000,28698982195,1154691
20244,1117062500,648453257479,5146054
20244,1117063000,34311045417,1030947
20244,1117064000,5939683009,104766
20244,1117065000,79543156367,2899423
20244,1117066000,17450159791,623237
20244,1117068500,98812444799,2323217
20244,1117069000,3344850789,132495
20244,1117070000,9366975721,403104
20244,1120052000,13158284841,499885
20244,1120053500,43819543039,1230779
20244,1120054000,28638224276,1050660
20244,1120055000,36801402306,3279642
20244,1120056000,41195132500,1576802
20244,1120057000,5969291091,335016
20244,1120058000,2303298057,122178
20244,1120059000,5066462291,190214
20244,1120061500,18618498661,789480
20244,1120062000,17972763004,643323
20244,1120064500,11818537334,286686
20244,1120065000,21640386028,962977
20244,1120066000,60737292066,2205905
20244,1120067000,83583528481,2718159
20244,1120069000,123600639874,6012172
20244,1120072000,7592794167,311349
20244,1120079000,35255435116,1833593
20244,1121571000,89691419528,5073063
20244,1121573000,41226423966,1750815
20244,1121574000,58193600701,2432370
20244,1121575000,40843080421,1744512
20244,1121576000,19102945950,1127200
20244,1121577000,32047413198,1578262
20244,1121578000,26908018829,920386
20244,1121581000,42330995285,1698287
20244,1121582000,44451380918,2188960
20244,1121583000,18408683830,929761
20244,1121584000,44227344234,2049228
20244,1121584700,44338166750,2075892
20244,1121585000,60075632835,2139203
20244,1121586000,31672201683,1414804
20244,1121587000,124743027433,3105943
20244,1123053600,122099868180,4510550
20244,1123054500,818451381416,27815235
20244,1123056000,46133496435,2398532
20244,1123057000,14177077493,963612
20244,1123060000,34925839495,970317
20244,1123061000,29658032264,1418070
20244,1123065000,170898555420,3674018
20244,1123066000,97152708951,4202274
20244,1123070500,55110481356,2253371
20244,1123071000,31926315639,1852029
20244,1123072000,19529455370,881246
20244,1123073000,14781148403,598529
20244,1123074000,27815714773,2370130
20244,1123075000,8379801809,562338
20244,1126052000,25762400413,1245132
20244,1126054000,13164508407,780058
20244,1126055000,9811139538,396678
20244,1126056500,57488772794,3188873
20244,1126057000,46311923899,2123059
20244,1126057500,39009777214,2096426
20244,1126058000,13040787475,831058
20244,1126059000,69988011244,2918574
20244,1126060000,19393878054,895656
20244,1126061000,37755900349,1783429
20244,1126062000,49460696642,1453749
20244,1126063000,29343167474,1581566
20244,1126065500,67630259708,3193308
20244,1126066000,15106039492,842460
20244,1126068000,34795182795,1423770
20244,1126069000,34676451751,1682300
20244,1129052500,27334200641,1019442
20244,1129055500,62047222961,2815424
20244,1129057500,66677490738,3545126
20244,1129058000,8393763250,231424
20244,1129059000,8061780366,513934
20244,1129060000,40807082756,3242490
20244,1129061000,13845539454,702795
20244,1129062000,10666529171,617611
20244,1129063000,14668488473,703933
20244,1129064000,12781978993,762773
20244,1129065000,22368646865,1226622
20244,1129066000,13173562506,570513
20244,1129068500,21920590819,929240
20244,1129070500,43375933917,2315919
20244,1129071500,18825421034,1013986
20244,1129072500,29373209932,1411483
20244,1129076000,11310907193,694017
20244,1129077000,13983125487,653816
20244,1129078000,6731960998,271331
20244,1129081000,44204540513,1865814
20244,1130553400,19401444381,1131884
20244,1130553500,47509179843,2298934
20244,1130554500,82489110989,2688075
20244,1130555500,42061266139,1910995
20244,1130557500,12761196324,572250
20244,1130559500,63809933823,2186463
20244,1130560300,5724653675,265615
20244,1130560800,14042674806,712859
20244,1130561500,62914716638,2488185
20244,1130562500,27534480846,1205469
20244,1130563500,94886774788,4241370
20244,1130564500,29805578755,1316885
20244,1130566000,21113621447,1077539
20244,1132051100,28146989599,1746343
20244,1132051200,20958978161,1212126
20244,1132051300,16310244887,831320
20244,1132051400,21987764675,1145801
20244,1132051500,59927097152,2577842
20244,1132052100,50022683413,2117691
20244,1132052200,12906297534,737547
20244,1132066000,12705785531,927116
20244,1132067000,24174507936,1241294
20244,1132068000,32172951238,1332496
20244,1132068100,14056891979,627312
20244,1132069000,55569195127,2365791
20244,1132070000,57353700401,1689513
20244,1132071000,13989817983,657145
20244,1135056000,24002430811,1386475
20244,1135057000,5690862814,289184
20244,1135058000,8913558687,518399
20244,1135059500,66096015888,2961573
20244,1135060000,40642580337,2753818
20244,1135061100,56966359958,2162313
20244,1135061200,2932799879,210144
20244,1135061900,43433370338,1586148
20244,1135062100,11277317391,386637
20244,1135062400,42016393490,1724678
20244,1135062500,55091736913,2368244
20244,1135063000,45735019802,2118570
20244,1135064000,88087248888,3501196
20244,1135066500,13997222565,887203
20244,1135067000,24331393707,1157900
20244,1135069500,103017666325,3456694
20244,1135070000,13083030580,675471
20244,1135071000,19275382105,1113302
20244,1135072000,4810497769,253517
20244,1138051000,47797362272,1146229
20244,1138052000,49691662123,2051538
20244,1138053000,32019506972,1636709
20244,1138055100,45531005243,1927779
20244,1138055200,56085646082,2380203
20244,1138056000,16004882889,880872
20244,1138057000,61456337948,2929828
20244,1138058000,41008593431,1685986
20244,1138059000,15834313713,853327
20244,1138060000,49670654815,2263783
20244,1138062500,37565496021,1828757
20244,1138063100,24083391936,1346401
20244,1138063200,11401599660,469906
20244,1138064000,13082258568,658668
20244,1138065000,6703680557,247379
20244,1138069000,32227359523,923889
20244,1141052000,19467677775,816600
20244,1141055500,13905830536,582026
20244,1141056500,32471631875,1730573
20244,1141058500,132170787496,6926239
20244,1141061500,62236532877,2434266
20244,1141062000,19908957249,938594
20244,1141064000,61369171647,2475747
20244,1141065500,9784790839,635844
20244,1141066000,18930536352,695793
20244,1141068500,21600063421,960714
20244,1141069000,24683790402,1299024
20244,1141070000,29437766830,1582459
20244,1141071000,5124774676,170085
20244,1141072000,39263850567,1666513
20244,1144055500,37448508755,1534306
20244,1144056500,50606115924,1729158
20244,1144058500,62158210751,1683439
20244,1144059000,95260499461,2958936
20244,1144060000,59127727129,2571673
20244,1144061000,20789610163,1003921
20244,1144063000,15762002429,754773
20244,1144065500,37102770706,2373191
20244,1144066000,376407454269,15204019
20244,1144068000,63614677133,2359671
20244,1144069000,50730359416,2673342
20244,1144070000,32232618356,1674810
20244,1144071000,37998180573,1520126
20244,1144072000,28221123452,1115089
20244,1144073000,32954955102,1985831
20244,1144074000,80267256961,4488577
20244,1147051000,80727825321,3185469
20244,1147052000,29784510008,1442496
20244,1147053000,36050510119,1704659
20244,1147054000,27862015843,1285774
20244,1147055000,70957911100,1939535
20244,1147056000,31095418559,1480197
20244,1147057000,15759457056,711016
20244,1147058000,11250039130,681560
20244,1147059000,18186543588,890607
20244,1147060000,16928285100,683299
20244,1147061000,20214356136,881452
20244,1147061100,15980784713,838628
20244,1147062000,33303652946,1298615
20244,1147063000,32097535331,1266860
20244,1147064000,41201979543,2172633
20244,1147065000,80266066211,3080864
20244,1147067000,8846999106,239785
20244,1147068000,43189372843,1969150
20244,1150051000,66082511190,2945733
20244,1150052000,80088601629,3495785
20244,1150053000,11401460245,510068
20244,1150053500,64120691319,2578893
20244,1150054000,87924793871,4525147
20244,1150055000,9933005701,481741
20244,1150056000,30109610306,1135768
20244,1150057000,35908932818,1877087
20244,1150059000,36780822720,1819342
20244,1150059100,38870820747,1863513
20244,1150059300,31111286812,1833899
20244,1150060300,112239250982,3498009
20244,1150060400,22404892738,1303971
20244,1150060500,11525846047,524896
20244,1150061100,168365474000,4216492
20244,1150061500,30141460167,1192963
20244,1150062000,42672697683,1624092
20244,1150063000,59814310963,2780511
20244,1150064000,28895267090,1216034
20244,1150064100,12186404531,804341
20244,1153051000,33161175107,1471057
20244,1153052000,13733089136,701614
20244,1153053000,181814784107,3035511
20244,1153054000,159735731615,7364120
20244,1153055000,52577353234,2898363
20244,1153056000,103952388713,3636260
20244,1153059500,17021878379,1002442
20244,1153072000,56805005538,1865792
20244,1153073000,28840947040,1396391
20244,1153074000,30019410522,1547311
20244,1153075000,27548899446,1355613
20244,1153076000,17077006651,794350
20244,1153077000,35318788838,2200069
20244,1153078000,24016807682,1123266
20244,1153079000,12715181748,839691
20244,1153080000,95468416,11637
20244,1154551000,820928744112,19559046
20244,1154561000,212313685893,3935323
20244,1154562000,20076451648,1077896
20244,1154563000,37188144889,1984632
20244,1154564000,16887187683,846428
20244,1154567000,86304891139,3620962
20244,1154568000,5008873694,239036
20244,1154569000,10590174934,490397
20244,1154570000,12816709288,812302
20244,1154571000,27992446523,1590844
20244,1156051500,62300940597,4840904
20244,1156053500,277650066581,9427953
20244,1156054000,363347897787,12692128
20244,1156055000,124868325790,3643311
20244,1156056000,59970154959,2733296
20244,1156058500,13890664238,494111
20244,1156060500,163195686743,4551509
20244,1156061000,28517412248,1666028
20244,1156062000,48275059074,1566334
20244,1156063000,30742628257,1499176
20244,1156065000,21304876575,1078804
20244,1156066000,11035169198,487477
20244,1156067000,12000834232,390266
20244,1156068000,33805667782,1842493
20244,1156069000,8965051761,443476
20244,1156070000,29493943514,1496068
20244,1156071000,40453624051,1521663
20244,1156072000,121654767133,2079895
20244,1159051000,375050906676,7151483
20244,1159052000,896906110394,11058248
20244,1159053000,58593612556,3060037
20244,1159054000,25985623661,1231752
20244,1159055000,42074203625,2174585
20244,1159056000,22279386316,1185468
20244,1159060500,50374218984,2813161
20244,1159062000,68376117782,2357972
20244,1159063000,76208091246,3367289
20244,1159064000,14643874734,513050
20244,1159065000,21454482664,1022748
20244,1159065100,5598589396,448350
20244,1159066000,56497154371,1943012
20244,1159067000,18896208120,1094566
20244,1159068000,38766691324,2295171
20244,1162052500,25309571383,1345058
20244,1162054500,3298654358,151307
20244,1162056500,10541356344,534793
20244,1162057500,38397155950,1816315
20244,1162058500,52204204661,1854947
20244,1162059500,70313190818,3085678
20244,1162060500,37939690788,1559760
20244,1162061500,36665846964,1751381
20244,1162062500,41550432071,2455854
20244,1162063000,29801671002,1427257
20244,1162064500,58512146754,3359312
20244,1162065500,21120094741,1144280
20244,1162066500,14048565053,1042563
20244,1162068500,29046287082,1784796
20244,1162069500,67042840770,3240596
20244,1162071500,4190063708,248106
20244,1162072500,70319156510,2263752
20244,1162073500,29144196618,2628685
20244,1162074500,11828659691,516629
20244,1162076500,27395523384,1187150
20244,1162077500,19635212961,1250576
20244,1165051000,70401571929,2837570
20244,1165052000,138642177269,4616639
20244,1165053000,204759822982,7681514
20244,1165053100,192353537978,4448781
20244,1165054000,83230855546,2039695
20244,1165055000,1388276471,63350
20244,1165056000,81380346307,2121422
20244,1165057000,31699088220,726980
20244,1165058000,101494108115,2599509
20244,1165058100,112459800387,2437398
20244,1165059000,54020248553,1998751
20244,1165060000,73314388068,3406675
20244,1165061000,49343912624,1325914
20244,1165062000,26068224971,658386
20244,1165062100,60990197371,2008826
20244,1165065100,124804612776,3425188
20244,1165065200,143542263672,5550012
20244,1165066000,5791070260,274444
20244,1168051000,269858465257,4096128
20244,1168052100,255795965881,6065114
20244,1168053100,205510752948,5365013
20244,1168054500,358412369367,4315176
20244,1168056500,298013619487,3823579
20244,1168058000,237420128715,7383756
20244,1168059000,91125820666,3500808
20244,1168060000,132887088195,2925903
20244,1168061000,177171856690,3859321
20244,1168063000,219098512025,7208859
20244,1168064000,522602512643,22265550
20244,1168065000,93637515168,4564075
20244,1168065500,67801682646,2396730
20244,1168065600,77025896879,2265991
20244,1168066000,468655894,20749
20244,1168067000,29700899135,1137901
20244,1168069000,55688368227,1911973
20244,1168070000,36877756762,1524968
20244,1168072000,11011725707,1311734
20244,1168073000,33054483018,1275745
20244,1168074000,4216824104,304701
20244,1168075000,55981636314,3866884
20244,1171051000,10498444540,496335
20244,1171052000,23722533347,833793
20244,1171053100,16212190257,584157
20244,1171053200,25725467705,1266380
20244,1171054000,33887419164,849883
20244,1171055000,40494032404,1700696
20244,1171056100,48008284099,999878
20244,1171056200,127236863426,4427353
20244,1171056600,5436510507,447116
20244,1171057000,72185749663,1846859
20244,1171058000,69707085410,2254147
20244,1171059000,24921902662,1003788
20244,1171060000,97692557333,4078905
20244,1171061000,75630324863,2506841
20244,1171062000,70603879126,2742063
20244,1171063100,459353974753,6719724
20244,1171063200,57250391398,1984565
20244,1171064100,33435258260,1123014
20244,1171064200,147463008502,5414165
20244,1171064600,32735485120,1396026
20244,1171064700,6883643012,518730
20244,1171065000,157456031189,5633922
20244,1171067000,64410591458,2794980
20244,1171068000,68808149395,2644749
20244,1171069000,13472902927,612711
20244,1171071000,249733521949,7970142
20244,1171072000,4592916256,309420
20244,1174051500,15089735519,765490
20244,1174052000,18902623994,701273
20244,1174053000,61346697570,2739508
20244,1174054000,80892724713,2530536
20244,1174055000,8157721648,486681
20244,1174056000,25561722913,1159740
20244,1174057000,38129503216,1917264
20244,1174058000,24258762138,1199969
20244,1174059000,17946864739,775199
20244,1174060000,29887012097,1274179
20244,1174061000,142784418677,4121693
20244,1174062000,40254160822,1774297
20244,1174064000,46228612142,1255176
20244,1174065000,51876010744,2265294
20244,1174066000,73061329568,2839670
20244,1174068500,107767348722,5058829
20244,1174070000,23843041009,1128549
20251,1111051500,23027279079,1020514
20251,1111053000,94427981856,3765281
20251,1111054000,31073600148,1286179
20251,1111055000,6260291393,211891
20251,1111056000,7531899743,337185
20251,1111057000,7226739942,474405
20251,1111058000,9365685668,382884
20251,1111060000,23147087261,1099428
20251,1111061500,555746757776,11928566
20251,1111063000,100517703199,2853730
20251,1111064000,34584606296,2455313
20251,1111065000,50362611740,2427469
20251,1111067000,65279138937,2814664
20251,1111068000,11631452309,493202
20251,1111069000,429393515,28297
20251,1111070000,3759851909,191481
20251,1111071000,24338822104,1309724
20251,1114052000,165513963713,5040452
20251,1114054000,218793339662,6481735
20251,1114055000,223284548127,9566776
20251,1114057000,35847599769,1871166
20251,1114058000,18557069468,548935
20251,1114059000,162057685236,4537054
20251,1114060500,204928295784,6531854
20251,1114061500,66808036833,1976197
20251,1114062500,41920111941,1221552
20251,1114063500,28629659459,1145169
20251,1114064500,8425309306,240725
20251,1114065000,26259029397,1075468
20251,1114066500,21599799019,842312
20251,1114067000,52156262310,1739067
20251,1114068000,28998330542,895313
20251,1117051000,21222892541,1164009
20251,1117052000,12944981489,738668
20251,1117053000,63644623008,2319008
20251,1117055500,35312481663,2054314
20251,1117056000,101140032903,1374007
20251,1117057000,44581491930,682841
20251,1117058000,12445794759,425607
20251,1117059000,28925516759,1129602
20251,1117062500,535654969178,4629715
20251,1117063000,31466832505,951581
20251,1117064000,6481969549,92445
20251,1117065000,67842662141,2531875
20251,1117066000,14910147957,551598
20251,1117068500,82555985523,2013089
20251,1117069000,5836225004,304431
20251,1117070000,8584066033,335331
20251,1120052000,12057803579,471290
20251,1120053500,36811047310,1069427
20251,1120054000,27125091058,950174
20251,1120055000,32559216013,2680026
20251,1120056000,40358248646,1408835
20251,1120057000,5502515071,285210
20251,1120058000,2404309679,112058
20251,1120059000,5461011262,176445
20251,1120061500,16636121588,705474
20251,1120062000,16444820346,589811
20251,1120064500,11581455092,248299
20251,1120065000,18081989779,854980
20251,1120066000,70981479041,2097829
20251,1120067000,71940688193,2394454
20251,1120069000,113327089861,6426104
20251,1120072000,6794804704,279253
20251,1120079000,30046961261,1625547
20251,1121571000,84563262065,4448328
20251,1121573000,37819709541,1497044
20251,1121574000,54872818770,2294417
20251,1121575000,36852152218,1544913
20251,1121576000,16954461689,1025062
20251,1121577000,30335020920,1422912
20251,1121578000,21420540907,821392
20251,1121581000,36883459158,1427717
20251,1121582000,41308656795,2074696
20251,1121583000,17716834570,845113
20251,1121584000,37931046740,1713158
20251,1121584700,40624614862,1767758
20251,1121585000,53883179421,1908220
20251,1121586000,27774276424,1243967
20251,1121587000,113724355801,2786274
20251,1123053600,116175744936,3970915
20251,1123054500,894039100812,29319502
20251,1123056000,45575021448,2245736
20251,1123057000,13822069651,829252
20251,1123060000,35946225456,886218
20251,1123061000,28325299077,1306058
20251,1123065000,170753079117,3329815
20251,1123066000,94834085791,3820042
20251,1123070500,58726508978,2373296
20251,1123071000,27511782092,1442273
20251,1123072000,18290434622,774883
20251,1123073000,14414472154,519744
20251,1123074000,24224908177,1816534
20251,1123075000,7812912283,481349
20251,1126052000,22903368464,1150204
20251,1126054000,11562370630,732382
20251,1126055000,8273380695,341299
20251,1126056500,55856829524,3053571
20251,1126057000,43871764040,1932226
20251,1126057500,36669260715,1886835
20251,1126058000,12013728975,773318
20251,1126059000,68655330252,2715188
20251,1126060000,20037108563,885753
20251,1126061000,34474655635,1730883
20251,1126062000,37225200838,1237489
20251,1126063000,27459402528,1451645
20251,1126065500,67816529431,2951336
20251,1126066000,13020279806,768345
20251,1126068000,33645585163,1386627
20251,1126069000,33713218542,1526312
20251,1129052500,27390044198,943507
20251,1129055500,59184644336,2603167
20251,1129057500,61160167745,3030292
20251,1129058000,8887605501,210762
20251,1129059000,7184135262,486715
20251,1129060000,38066857376,2612891
20251,1129061000,13164849386,634787
20251,1129062000,9829206977,542835
20251,1129063000,14119651950,617677
20251,1129064000,10869697824,611802
20251,1129065000,20554560429,1035574
20251,1129066000,12710266100,508244
20251,1129068500,19516531733,814776
20251,1129070500,41286855160,1856378
20251,1129071500,17064070014,891480
20251,1129072500,25584775916,1222218
20251,1129076000,10211016955,624335
20251,1129077000,13336976623,596193
20251,1129078000,10782406365,238802
20251,1129081000,38744034038,1610789
20251,1130553400,18961953859,1091198
20251,1130553500,44798863706,2122882
20251,1130554500,76100342844,2406252
20251,1130555500,38968909700,1740557
20251,1130557500,11783930693,512689
20251,1130559500,58082629546,1979022
20251,1130560300,4181675248,230119
20251,1130560800,13083895718,645499
20251,1130561500,58421843994,2551516
20251,1130562500,21904352715,1077360
20251,1130563500,91328923965,3886975
20251,1130564500,25301375939,1112125
20251,1130566000,20012393175,1019598
20251,1132051100,26381555815,1596284
20251,1132051200,20138216893,1130800
20251,1132051300,15524362355,759833
20251,1132051400,21052586725,1087213
20251,1132051500,55595803062,2368965
20251,1132052100,44610581126,2024275
20251,1132052200,11335632840,642944
20251,1132066000,11818938541,830514
20251,1132067000,22955288348,1132022
20251,1132068000,27137072903,1221028
20251,1132068100,13264748932,584777
20251,1132069000,51040990682,2162864
20251,1132070000,56254414837,1594054
20251,1132071000,12518277585,580615
20251,1135056000,21612963125,1177023
20251,1135057000,4170670654,238862
20251,1135058000,8115103435,487582
20251,1135059500,61337728235,2779204
20251,1135060000,38060179674,2207235
20251,1135061100,54423340072,2189405
20251,1135061200,2489370419,181680
20251,1135061900,43518421602,1412190
20251,1135062100,11431922305,358531
20251,1135062400,40412399681,1672430
20251,1135062500,52405616900,2136603
20251,1135063000,43278602395,1942665
20251,1135064000,83352874559,3211075
20251,1135066500,12991795841,815579
20251,1135067000,21804657694,1057948
20251,1135069500,101170852036,3188289
20251,1135070000,12772718474,620791
20251,1135071000,18780683528,1024192
20251,1135072000,4839112541,207164
20251,1138051000,43260847472,1011372
20251,1138052000,46268681586,1851322
20251,1138053000,31651217265,1601745
20251,1138055100,43973683770,1819258
20251,1138055200,51986643431,2130359
20251,1138056000,15298489339,802156
20251,1138057000,57819546042,2670990
20251,1138058000,37276515251,1629175
20251,1138059000,15621065179,843566
20251,1138060000,46957078393,2118814
20251,1138062500,35884535239,1700007
20251,1138063100,23865649392,1240486
20251,1138063200,11589073752,428001
20251,1138064000,10733320988,571841
20251,1138065000,6446110833,240155
20251,1138069000,25675530018,811993
20251,1141052000,18712105047,702784
20251,1141055500,12823572472,530466
20251,1141056500,29642489822,1508133
20251,1141058500,116058448512,5731962
20251,1141061500,59276817894,2150135
20251,1141062000,19878615716,821581
20251,1141064000,55093325564,2277731
20251,1141065500,9722596980,581622
20251,1141066000,22961142752,654390
20251,1141068500,20857111316,805896
20251,1141069000,23561265886,1185688
20251,1141070000,27134956120,1395431
20251,1141071000,4502154731,145878
20251,1141072000,36302634791,1539981
20251,1144055500,35641458511,1358821
20251,1144056500,45301866603,1543673
20251,1144058500,52954965868,1489757
20251,1144059000,89274788315,2676960
20251,1144060000,47749548657,2198706
20251,1144061000,20408707114,892830
20251,1144063000,14740549699,655576
20251,1144065500,30006805300,1784983
20251,1144066000,346573328646,13652472
20251,1144068000,59736014590,2111891
20251,1144069000,48990302930,2499814
20251,1144070000,31262281192,1588892
20251,1144071000,35263650252,1407434
20251,1144072000,26078694985,945893
20251,1144073000,29873843403,1714478
20251,1144074000,70901053960,3959189
20251,1147051000,79314498113,2825704
20251,1147052000,26086077594,1325115
20251,1147053000,35090296483,1575364
20251,1147054000,26256415819,1192807
20251,1147055000,73679646625,1799342
20251,1147056000,30167088287,1406797
20251,1147057000,15870955786,669144
20251,1147058000,9614639199,587387
20251,1147059000,17537511965,824788
20251,1147060000,14644324536,600557
20251,1147061000,18790291737,787129
20251,1147061100,14029964146,774071
20251,1147062000,32358661403,1218101
20251,1147063000,31046620646,1167928
20251,1147064000,38136946853,1811668
20251,1147065000,73666961744,2845189
20251,1147067000,9059327199,210935
20251,1147068000,41778617973,1730395
20251,1150051000,69286951742,2656981
20251,1150052000,83051206182,3180789
20251,1150053000,9859721323,458010
20251,1150053500,60852961506,2311034
20251,1150054000,83661373654,4362927
20251,1150055000,8794709033,430959
20251,1150056000,28149625708,1026406
20251,1150057000,34659953213,1727551
20251,1150059000,33055243931,1649896
20251,1150059100,34773621222,1650172
20251,1150059300,28486727613,1571022
20251,1150060300,108780903890,3351880
20251,1150060400,20381024601,1166270
20251,1150060500,14325446100,466918
20251,1150061100,155645110503,3754507
20251,1150061500,30768984941,1080839
20251,1150062000,37233551253,1428551
20251,1150063000,57847944812,2506453
20251,1150064000,27637006430,1105548
20251,1150064100,9935521999,672643
20251,1153051000,31497987720,1242734
20251,1153052000,11818487134,623229
20251,1153053000,170396085648,2861529
20251,1153054000,142644042924,6931017
20251,1153055000,51127113489,2705882
20251,1153056000,94419448361,3234028
20251,1153059500,16178455726,928046
20251,1153072000,53303795983,1707145
20251,1153073000,28239325028,1303418
20251,1153074000,28771641302,1438088
20251,1153075000,27087008819,1244240
20251,1153076000,17165325024,766854
20251,1153077000,33350674177,2015646
20251,1153078000,21249376688,1015673
20251,1153079000,12061466366,766222
20251,1153080000,99106707,5076
20251,1154551000,779675602385,18673764
20251,1154561000,239211537283,3877561
20251,1154562000,19226458189,966927
20251,1154563000,34531821247,1778128
20251,1154564000,15591006244,767881
20251,1154567000,83654252551,3365632
20251,1154568000,4815324707,214976
20251,1154569000,9683790504,439817
20251,1154570000,11870267988,739721
20251,1154571000,25228567779,1403379
20251,1156051500,55726109429,4521779
20251,1156053500,270676315454,7300133
20251,1156054000,329861146986,11119684
20251,1156055000,155934975738,3754926
20251,1156056000,55052840405,2412946
20251,1156058500,14574238515,451561
20251,1156060500,147389324251,3985344
20251,1156061000,26334593000,1504107
20251,1156062000,73590326943,1419743
20251,1156063000,29549629870,1394954
20251,1156065000,20167854782,968117
20251,1156066000,10176097922,419116
20251,1156067000,12512539165,349244
20251,1156068000,33691010202,1675197
20251,1156069000,8547082381,389902
20251,1156070000,28662251081,1381561
20251,1156071000,37314191153,1475000
20251,1156072000,128600236556,1876420
20251,1159051000,292065706992,6096025
20251,1159052000,786076830575,9611039
20251,1159053000,54773449536,2508747
20251,1159054000,23551112589,1073055
20251,1159055000,46262661991,2178017
20251,1159056000,20150836708,1068718
20251,1159060500,47060981492,2379924
20251,1159062000,63241529597,2170961
20251,1159063000,73951582397,3201484
20251,1159064000,13555223780,457785
20251,1159065000,22106885707,988562
20251,1159065100,5136326174,388727
20251,1159066000,56085617396,1766475
20251,1159067000,17915547379,1010462
20251,1159068000,34630548924,2030230
20251,1162052500,22439737163,1237303
20251,1162054500,3224305796,133975
20251,1162056500,10662842561,478300
20251,1162057500,39208172404,1648728
20251,1162058500,46643583120,1657851
20251,1162059500,65553436375,2787463
20251,1162060500,33730972193,1385626
20251,1162061500,36009200885,1584311
20251,1162062500,38937941011,2279237
20251,1162063000,27176296414,1286481
20251,1162064500,53022018036,3038402
20251,1162065500,20367245955,1083597
20251,1162066500,13198777287,940978
20251,1162068500,27308884732,1628355
20251,1162069500,62731911740,2971981
20251,1162071500,3922800972,227556
20251,1162072500,80402775376,2218357
20251,1162073500,26354923124,2154857
20251,1162074500,10585991140,470730
20251,1162076500,25012753843,1063993
20251,1162077500,18657898375,1145788
20251,1165051000,67194795457,2687528
20251,1165052000,130807570230,4185710
20251,1165053000,186747927671,7078875
20251,1165053100,193517873004,4239659
20251,1165054000,79821291030,1817246
20251,1165055000,1244907593,39571
20251,1165056000,82512868257,2026219
20251,1165057000,31397590315,559218
20251,1165058000,97487324764,2450621
20251,1165058100,108433537431,2228446
20251,1165059000,54444427639,1892883
20251,1165060000,65278928902,2899664
20251,1165061000,44436707066,1188772
20251,1165062000,25146489084,564814
20251,1165062100,59332451127,1892574
20251,1165065100,114811580439,3107162
20251,1165065200,123614693857,5110984
20251,1165066000,5342680643,250121
20251,1168051000,271557682586,3676239
20251,1168052100,249809595858,5611322
20251,1168053100,189593521267,4674588
20251,1168054500,332235729758,3702398
20251,1168056500,273419421548,3292770
20251,1168058000,202422413996,6640445
20251,1168059000,84759592539,3140292
20251,1168060000,131306909159,2681344
20251,1168061000,190081782314,3880427
20251,1168063000,209861410866,6679874
20251,1168064000,516668477860,21278909
20251,1168065000,89701553146,4142227
20251,1168065500,65907401293,2212096
20251,1168065600,62982633844,1977714
20251,1168066000,513305303,18389
20251,1168067000,30112914098,1025505
20251,1168069000,51585929763,1759255
20251,1168070000,36306762644,1348945
20251,1168072000,11247766122,1257637
20251,1168073000,30840844482,1146951
20251,1168074000,4127254235,277484
20251,1168075000,55085515767,3566620
20251,1171051000,10071106155,447675
20251,1171052000,23360880965,766319
20251,1171053100,13396690296,520657
20251,1171053200,24496890772,1155934
20251,1171054000,29146793547,672769
20251,1171055000,40273404936,1642528
20251,1171056100,47240953289,901648
20251,1171056200,120417797479,4196214
20251,1171056600,4789773060,357012
20251,1171057000,62100005893,1819217
20251,1171058000,63744781994,1982622
20251,1171059000,25164230041,904630
20251,1171060000,90925162199,3307395
20251,1171061000,71213475796,2204211
20251,1171062000,68941076182,2451765
20251,1171063100,427625152440,5935714
20251,1171063200,54657394582,1788403
20251,1171064100,29154467543,1019484
20251,1171064200,144368670295,5096976
20251,1171064600,31803789449,1254459
20251,1171064700,6467281452,466566
20251,1171065000,156244350035,5244545
20251,1171067000,60625338408,2416643
20251,1171068000,80099402605,4101871
20251,1171069000,12183962281,534758
20251,1171071000,247447500887,8698670
20251,1171072000,4743287121,276691
20251,1174051500,13905310924,666818
20251,1174052000,16306087945,638291
20251,1174053000,59900158544,2533493
20251,1174054000,79679277045,2278790
20251,1174055000,8157962121,428678
20251,1174056000,22846490828,1027879
20251,1174057000,36428422071,1827362
20251,1174058000,22491791355,982734
20251,1174059000,18585951621,720678
20251,1174060000,27921469784,1155706
20251,1174061000,140955565960,3829028
20251,1174062000,36656651389,1614568
20251,1174064000,42461414323,1143831
20251,1174065000,49883353473,2126476
20251,1174066000,77741520086,3007730
20251,1174068500,102696143265,4590655
20251,1174069000,7330472554,255539
20251,1174070000,23539501655,1053547
20252,1111051500,25100514283,1184703
20252,1111053000,107789514879,4467814
20252,1111054000,45548166890,1931645
20252,1111055000,8025398635,340988
20252,1111056000,8578056602,395898
20252,1111057000,7725810491,541466
20252,1111058000,10043710283,413634
20252,1111060000,30991668834,1426889
20252,1111061500,535775026908,13398148
20252,1111063000,108022381317,3184669
20252,1111064000,35803607595,2714879
20252,1111065000,52568572978,2691919
20252,1111067000,73849243135,3044303
20252,1111068000,12022572984,541958
20252,1111069000,447924353,31875
20252,1111070000,4314685043,211211
20252,1111071000,25944903657,1427322
20252,1114052000,171081569533,6402323
20252,1114054000,244672457814,7719347
20252,1114055000,233963257888,10240276
20252,1114057000,36712861459,2482417
20252,1114058000,21721171502,625740
20252,1114059000,170788135689,5131944
20252,1114060500,228956426187,6953617
20252,1114061500,81762955912,2451946
20252,1114062500,39209517210,1330739
20252,1114063500,31690201947,1201156
20252,1114064500,8976285413,254254
20252,1114065000,27423218713,1149376
20252,1114066500,29505095043,1153797
20252,1114067000,53747204736,1846159
20252,1114068000,30910695029,994528
20252,1117051000,24105794460,1323084
20252,1117052000,15653817937,905037
20252,1117053000,65395434843,2445340
20252,1117055500,39803887283,2633012
20252,1117056000,122127904479,1429432
20252,1117057000,53001878818,728868
20252,1117058000,11585457990,547276
20252,1117059000,28979981758,1189098
20252,1117062500,574178162363,4655688
20252,1117063000,33362171278,1081470
20252,1117064000,5434511926,98684
20252,1117065000,74213540482,2905358
20252,1117066000,16793248627,646622
20252,1117068500,91149672671,2273789
20252,1117069000,6096664429,323604
20252,1117070000,9352990591,370827
20252,1120052000,13405542933,543709
20252,1120053500,37559431980,1139440
20252,1120054000,25700979016,1002948
20252,1120055000,38993245568,4070104
20252,1120056000,40469976621,1534010
20252,1120057000,5487786282,308484
20252,1120058000,2612695113,127021
20252,1120059000,5201430311,185169
20252,1120061500,17263300660,770182
20252,1120062000,17173124684,631127
20252,1120064500,13526452819,288615
20252,1120065000,20313380015,1066860
20252,1120066000,86421765365,2599146
20252,1120067000,86826655251,2615385
20252,1120069000,113988584588,5248108
20252,1120072000,7023971396,314970
20252,1120079000,33288656504,1800662
20252,1121571000,87806346048,5015839
20252,1121573000,42565086810,1754927
20252,1121574000,56521321821,2322859
20252,1121575000,39023796149,1663241
20252,1121576000,17794863562,1101923
20252,1121577000,30942721715,1548405
20252,1121578000,22824047096,930562
20252,1121581000,39905931131,1668305
20252,1121582000,42480717772,2132496
20252,1121583000,18415727756,948525
20252,1121584000,43620730288,2147195
20252,1121584700,43914770792,2043900
20252,1121585000,53711547836,2045676
20252,1121586000,30969383582,1384560
20252,1121587000,126228000472,3232520
20252,1123053600,111146990875,4071286
20252,1123054500,814691624441,31884203
20252,1123056000,50535471785,2500546
20252,1123057000,13484507260,980542
20252,1123060000,39603242217,970952
20252,1123061000,28342598810,1335802
20252,1123065000,171661071230,3642319
20252,1123066000,92636023769,4001729
20252,1123070500,56568557596,2277870
20252,1123071000,31196514311,1860572
20252,1123072000,19142513475,856552
20252,1123073000,15732589968,633722
20252,1123074000,28109814242,2387462
20252,1123075000,7594861786,484060
20252,1126052000,23843150963,1254082
20252,1126054000,11672554923,749501
20252,1126055000,8079805398,364828
20252,1126056500,57676691158,3353760
20252,1126057000,43826441781,2045741
20252,1126057500,40881385026,2016836
20252,1126058000,11109194432,795928
20252,1126059000,73374822357,2933920
20252,1126060000,22674758481,1011406
20252,1126061000,38057488322,1816310
20252,1126062000,41380439583,1319586
20252,1126063000,29307965147,1519825
20252,1126065500,68534230521,3058251
20252,1126066000,15496722608,836154
20252,1126068000,36848567878,1472510
20252,1126069000,35117985464,1693482
20252,1129052500,30798813932,1084897
20252,1129055500,64186924759,2881934
20252,1129057500,61088001191,3377964
20252,1129058000,8143396208,225245
20252,1129059000,7015915563,490452
20252,1129060000,43709769865,3384923
20252,1129061000,15124536060,708924
20252,1129062000,10863634954,659165
20252,1129063000,14728515165,663463
20252,1129064000,11562556887,757152
20252,1129065000,20964688343,1157787
20252,1129066000,12252237544,532951
20252,1129068500,20667503077,889939
20252,1129070500,35783340833,2121164
20252,1129071500,18100222261,968115
20252,1129072500,27535782431,1412819
20252,1129076000,11038683574,693282
20252,1129077000,12632406039,633690
20252,1129078000,9838143598,252192
20252,1129081000,41581376984,1826805
20252,1130553400,19655743017,1133387
20252,1130553500,46244769882,2309336
20252,1130554500,81362926678,2541895
20252,1130555500,40647482378,1842485
20252,1130557500,12365794158,536061
20252,1130559500,59663721251,2118087
20252,1130560300,4775181761,263401
20252,1130560800,12792121129,656727
20252,1130561500,60577130994,2650181
20252,1130562500,24063331735,1111845
20252,1130563500,92976787974,4090326
20252,1130564500,29975878021,1317370
20252,1130566000,21220462248,1201299
20252,1132051100,27966299361,1772994
20252,1132051200,19748416667,1156102
20252,1132051300,16171793381,791735
20252,1132051400,23035927657,1221411
20252,1132051500,58027800590,2469228
20252,1132052100,47417732898,2092109
20252,1132052200,12421261817,761256
20252,1132066000,12100144061,954157
20252,1132067000,24695224858,1201117
20252,1132068000,32321799911,1317163
20252,1132068100,13552149607,616901
20252,1132069000,52459400397,2272070
20252,1132070000,55886036173,1622994
20252,1132071000,13721347979,617750
20252,1135056000,23477374714,1399713
20252,1135057000,4685768991,315861
20252,1135058000,8654487110,512865
20252,1135059500,63880482473,2956273
20252,1135060000,42920782538,2839177
20252,1135061100,54717211111,2224490
20252,1135061200,2531094400,185281
20252,1135061900,42408197090,1520214
20252,1135062100,10813864618,385670
20252,1135062400,42098980391,1827703
20252,1135062500,53564935304,2255481
20252,1135063000,44468992740,1969839
20252,1135064000,89051952483,3506262
20252,1135066500,13175337020,842590
20252,1135067000,23076571632,1143030
20252,1135069500,102417564074,3384560
20252,1135070000,12596204062,673893
20252,1135071000,19170768113,1090029
20252,1135072000,4472898527,220852
20252,1138051000,46281493167,1110254
20252,1138052000,48123144229,1957955
20252,1138053000,31209140822,1630107
20252,1138055100,42352350905,1699006
20252,1138055200,54536792390,2311901
20252,1138056000,15942492037,896157
20252,1138057000,62021750726,2849720
20252,1138058000,39674580705,1730298
20252,1138059000,17008363465,933576
20252,1138060000,49361189618,2306996
20252,1138062500,38577214626,1850150
20252,1138063100,22756691621,1310270
20252,1138063200,13205170441,451208
20252,1138064000,12572112106,623787
20252,1138065000,6879792143,257947
20252,1138069000,28278156305,948455
20252,1141052000,18172027943,721953
20252,1141055500,12893075362,556645
20252,1141056500,29670204275,1679128
20252,1141058500,129834861557,6891466
20252,1141061500,59138607195,2348242
20252,1141062000,19780872759,875760
20252,1141064000,56605990406,2457987
20252,1141065500,9531034777,597988
20252,1141066000,18819621933,705559
20252,1141068500,21996740402,941379
20252,1141069000,24638745992,1271911
20252,1141070000,29104025006,1602142
20252,1141071000,4531910556,152254
20252,1141072000,37359484988,1710865
20252,1144055500,38053174042,1452076
20252,1144056500,42901108937,1573013
20252,1144058500,59281637662,1662542
20252,1144059000,92648343208,2837756
20252,1144060000,51999538401,2522401
20252,1144061000,22389707232,1081561
20252,1144063000,16232086135,690205
20252,1144065500,36766903724,2888112
20252,1144066000,354012863607,15185974
20252,1144068000,68985293240,2297457
20252,1144069000,50209756882,2850618
20252,1144070000,29435326372,1580582
20252,1144071000,34137596066,1395728
20252,1144072000,27160329004,1026876
20252,1144073000,34936327832,1976511
20252,1144074000,77729923977,4274997
20252,1147051000,79866831078,2985357
20252,1147052000,27493047765,1453758
20252,1147053000,33671925790,1594140
20252,1147054000,27949468935,1292919
20252,1147055000,72969957824,1919848
20252,1147056000,29764719737,1491187
20252,1147057000,15545807969,686315
20252,1147058000,10427422850,700774
20252,1147059000,19215296372,896345
20252,1147060000,14514615970,631414
20252,1147061000,19406649953,873241
20252,1147061100,14621252204,777777
20252,1147062000,33424949422,1304728
20252,1147063000,31039804851,1217037
20252,1147064000,38911393961,1923070
20252,1147065000,77215608174,3087135
20252,1147067000,8295016870,235419
20252,1147068000,42217569290,1841077
20252,1150051000,68503487728,2810631
20252,1150052000,97542425582,3789990
20252,1150053000,11096333588,490315
20252,1150053500,59864657107,2489320
20252,1150054000,84113650069,4488140
20252,1150055000,9701590232,462803
20252,1150056000,28646281112,1117849
20252,1150057000,34598543549,1849431
20252,1150059000,35032083740,1712871
20252,1150059100,37161134914,1802637
20252,1150059300,29721802809,1777213
20252,1150060300,106206949261,3572143
20252,1150060400,21051201886,1208539
20252,1150060500,13861925336,496150
20252,1150061100,136116777943,3646570
20252,1150061500,31002725306,1209812
20252,1150062000,39462220626,1582154
20252,1150063000,56056442609,2631975
20252,1150064000,27965789427,1161814
20252,1150064100,12808844636,870871
20252,1153051000,32296434813,1326820
20252,1153052000,12351278923,638588
20252,1153053000,163288372930,2898488
20252,1153054000,159717695127,7478159
20252,1153055000,53267844805,2897956
20252,1153056000,93573678215,3494842
20252,1153059500,17486468075,995046
20252,1153072000,58256169723,2005426
20252,1153073000,28471972595,1345578
20252,1153074000,30207057786,1482459
20252,1153075000,26775778420,1296506
20252,1153076000,17694040508,796374
20252,1153077000,35195616708,2163230
20252,1153078000,22349652595,1043779
20252,1153079000,12045338394,841298
20252,1153080000,140568541,15095
20252,1154551000,801105407654,20788456
20252,1154561000,214796200463,3634696
20252,1154562000,19610800316,1008079
20252,1154563000,34535364296,1822180
20252,1154564000,15490885853,794462
20252,1154567000,85270083575,3538993
20252,1154568000,4716777657,229023
20252,1154569000,10534488416,512981
20252,1154570000,12263394663,771357
20252,1154571000,28769682665,1568070
20252,1156051500,62354595620,4748661
20252,1156053500,241114928472,7416178
20252,1156054000,350782129557,12582237
20252,1156055000,127239654492,3715605
20252,1156056000,56755593452,2582328
20252,1156058500,15676434250,490778
20252,1156060500,154407973232,4223772
20252,1156061000,28906339860,1640802
20252,1156062000,73576908614,1570892
20252,1156063000,30706252273,1459272
20252,1156065000,20726671675,964843
20252,1156066000,10561714840,428376
20252,1156067000,12419859508,354334
20252,1156068000,35423847945,1815269
20252,1156069000,9633491130,417090
20252,1156070000,29729334232,1471653
20252,1156071000,37857040973,1584598
20252,1156072000,121411016561,2047659
20252,1159051000,246894373634,5657776
20252,1159052000,615185670525,7690850
20252,1159053000,57815295942,3027739
20252,1159054000,23991642502,1147408
20252,1159055000,45224254781,2224165
20252,1159056000,20029075612,1087781
20252,1159060500,49559324247,2780841
20252,1159062000,61924762176,2224727
20252,1159063000,74531956351,3356615
20252,1159064000,14268349628,496603
20252,1159065000,24010516393,1033120
20252,1159065100,5465483499,409525
20252,1159066000,57396910863,1999901
20252,1159067000,18602146671,1114868
20252,1159068000,39622280583,2437834
20252,1162052500,23738947922,1356887
20252,1162054500,3703570421,145631
20252,1162056500,12386224925,583936
20252,1162057500,38406298393,1729737
20252,1162058500,47820878293,1766131
20252,1162059500,67074068310,2896303
20252,1162060500,36994345650,1465622
20252,1162061500,35441682270,1661261
20252,1162062500,38703600501,2296508
20252,1162063000,31322433403,1447903
20252,1162064500,55797260350,3223707
20252,1162065500,19007587379,1082359
20252,1162066500,14326504243,1001705
20252,1162068500,27348984638,1729628
20252,1162069500,65115864060,3195351
20252,1162071500,3962430485,220819
20252,1162072500,72623646780,2359785
20252,1162073500,28152469809,2319034
20252,1162074500,10716849424,490310
20252,1162076500,27488673556,1163237
20252,1162077500,19707465409,1195990
20252,1165051000,65467317931,2935554
20252,1165052000,135048640444,4566477
20252,1165053000,191232429755,7659966
20252,1165053100,186046528830,4308514
20252,1165054000,83963754331,1977390
20252,1165055000,1374059730,93164
20252,1165056000,86103504518,2152808
20252,1165057000,33176636446,779058
20252,1165058000,102606276122,2595028
20252,1165058100,111119408260,2429556
20252,1165059000,53411495040,1929051
20252,1165060000,72739678363,3664034
20252,1165061000,45752627810,1252003
20252,1165062000,25787377769,629343
20252,1165062100,65835414976,2063925
20252,1165065100,122602198361,3393678
20252,1165065200,147698731789,5490392
20252,1165066000,5952309564,281364
20252,1168051000,262428453724,3944927
20252,1168052100,230039049175,6032630
20252,1168053100,176372993742,4982297
20252,1168054500,320040596099,3982790
20252,1168056500,293539947401,3633963
20252,1168058000,214071826188,7317088
20252,1168059000,91137325853,3565825
20252,1168060000,123962112315,2716652
20252,1168061000,183352080336,4006878
20252,1168063000,203706523847,6793663
20252,1168064000,487280722997,22038982
20252,1168065000,90526932979,4413930
20252,1168065500,68669653539,2340263
20252,1168065600,70581624372,2136714
20252,1168066000,673355364,36685
20252,1168067000,32085175936,1160663
20252,1168069000,55876621402,1960370
20252,1168070000,38255040378,1500485
20252,1168072000,11602199123,1319430
20252,1168073000,32821052317,1234275
20252,1168074000,3997621497,311800
20252,1168075000,57643915625,3901566
20252,1171051000,10062779867,444993
20252,1171052000,23458867108,814098
20252,1171053100,13881268542,563612
20252,1171053200,24491940712,1180017
20252,1171054000,34050561500,685800
20252,1171055000,38456635594,1631374
20252,1171056100,47565519186,942001
20252,1171056200,128416162916,4547820
20252,1171056600,7308226596,589540
20252,1171057000,61728281765,2201285
20252,1171058000,65744416898,2148008
20252,1171059000,24277136572,981900
20252,1171060000,90951533201,4095622
20252,1171061000,62798662682,2351962
20252,1171062000,69212968277,2629385
20252,1171063100,412092018747,5993499
20252,1171063200,56092319835,1951170
20252,1171064100,30433397304,1144646
20252,1171064200,136451293197,5640605
20252,1171064600,32697827865,1334005
20252,1171064700,6907442677,502207
20252,1171065000,172469924741,5806925
20252,1171067000,82109031559,3675978
20252,1171068000,84791620896,3856328
20252,1171069000,12901336848,596270
20252,1171071000,248706765875,7805859
20252,1171072000,4756941420,286288
20252,1174051500,14039961541,711341
20252,1174052000,19335204363,748462
20252,1174053000,59891376885,2704045
20252,1174054000,79853242981,2453208
20252,1174055000,8458594642,523684
20252,1174056000,23833302792,1103923
20252,1174057000,37437079424,1880715
20252,1174058000,23690452000,1037895
20252,1174059000,19684357620,766963
20252,1174060000,28324907274,1186915
20252,1174061000,140803993920,4106690
20252,1174062000,39138050571,1717999
20252,1174064000,44874717579,1266476
20252,1174065000,52267058057,2253030
20252,1174066000,76819271076,3016928
20252,1174068500,104503166830,4854984
20252,1174069000,20648749317,1086904
20252,1174070000,27120324018,1137758
20253,1111051500,23620405952,1064134
20253,1111053000,106141830161,4530461
20253,1111054000,35333156212,1463829
20253,1111055000,7018686643,256631
20253,1111056000,7922721016,371844
20253,1111057000,8209484458,572350
20253,1111058000,9889580635,421548
20253,1111060000,27108926766,1268366
20253,1111061500,557501571357,13430634
20253,1111063000,100118813818,3057588
20253,1111064000,37753916735,2755479
20253,1111065000,51119596286,2682077
20253,1111067000,61310957343,2559455
20253,1111068000,12837070746,552459
20253,1111069000,904716231,32098
20253,1111070000,4073480697,209119
20253,1111071000,24844949402,1431061
20253,1114052000,168642452629,6995874
20253,1114054000,233604844252,7624326
20253,1114055000,242757817986,10634560
20253,1114057000,35582203444,2191577
20253,1114058000,24700673587,617315
20253,1114059000,184137171575,5343190
20253,1114060500,233413497146,7032181
20253,1114061500,107479642973,3302815
20253,1114062500,38482199209,1289754
20253,1114063500,30899448251,1166374
20253,1114064500,7752308477,224728
20253,1114065000,26539098589,1113902
20253,1114066500,32643684775,1147036
20253,1114067000,56757894749,1837732
20253,1114068000,29145735893,1015827
20253,1117051000,21459462220,1242026
20253,1117052000,14046442270,847766
20253,1117053000,63581241713,2473126
20253,1117055500,38061195293,2541193
20253,1117056000,126723156523,1478148
20253,1117057000,64615071558,719858
20253,1117058000,12932965000,523171
20253,1117059000,28596611346,1189881
20253,1117062500,596895068978,5395632
20253,1117063000,35097000649,1122272
20253,1117064000,2981558084,107041
20253,1117065000,75602107856,2976561
20253,1117066000,16950692708,660939
20253,1117068500,91214934010,2316294
20253,1117069000,6812406716,352771
20253,1117070000,9271134622,348511
20253,1120052000,13421516773,574675
20253,1120053500,37404205042,1181101
20253,1120054000,26069969163,1030132
20253,1120055000,34725159439,2976930
20253,1120056000,40723345973,1529917
20253,1120057000,5588834805,303594
20253,1120058000,2765362294,132988
20253,1120059000,5715353763,188304
20253,1120061500,16431002076,721838
20253,1120062000,16322012010,584097
20253,1120064500,11801841805,272803
20253,1120065000,18057510505,848071
20253,1120066000,90916162280,2621262
20253,1120067000,75723005694,2578219
20253,1120069000,109418912560,5538294
20253,1120072000,7418735214,305266
20253,1120079000,33855238673,1824809
20253,1121571000,82305103918,4684716
20253,1121573000,46344506438,1762148
20253,1121574000,57135890534,2323879
20253,1121575000,39016061894,1708741
20253,1121576000,17095279482,1061666
20253,1121577000,31071238126,1483925
20253,1121578000,24447857591,982523
20253,1121581000,42063031377,1616198
20253,1121582000,41681223094,2030192
20253,1121583000,18469133673,946723
20253,1121584000,42759793016,2169687
20253,1121584700,41505252217,1944090
20253,1121585000,54116687178,2157660
20253,1121586000,30186667836,1283201
20253,1121587000,124279316647,3253894
20253,1123053600,114422458530,4226695
20253,1123054500,984480506964,36688038
20253,1123056000,50882833946,2675368
20253,1123057000,14976733520,901385
20253,1123060000,38273289806,1010883
20253,1123061000,29026373548,1296316
20253,1123065000,175371873323,3772656
20253,1123066000,98960581855,3936365
20253,1123070500,57652796713,2383039
20253,1123071000,28740493602,1680654
20253,1123072000,18802060804,910772
20253,1123073000,14608100662,604272
20253,1123074000,27710116542,2038114
20253,1123075000,7779515000,474763
20253,1126052000,23063285110,1222932
20253,1126054000,12228227605,785675
20253,1126055000,7949359894,300425
20253,1126056500,58839030886,3405860
20253,1126057000,41769294939,1996225
20253,1126057500,40786829967,1983964
20253,1126058000,25200994340,1848286
20253,1126059000,68463775174,3052724
20253,1126060000,25560368683,994743
20253,1126061000,38165203306,1770673
20253,1126062000,41598270620,1441010
20253,1126063000,28115520971,1515255
20253,1126065500,69159405355,3122699
20253,1126066000,17410270310,843488
20253,1126068000,35904728667,1497376
20253,1126069000,35410377404,1749973
20253,1129052500,30245939069,1030094
20253,1129055500,59645777864,2690610
20253,1129057500,63798534607,3296611
20253,1129058000,9514073876,257194
20253,1129059000,7242601690,475215
20253,1129060000,40564811288,2828629
20253,1129061000,15313271752,712790
20253,1129062000,11077781916,634080
20253,1129063000,15418216367,638518
20253,1129064000,11289764047,693863
20253,1129065000,20475923797,1061836
20253,1129066000,12422016991,560180
20253,1129068500,20086071278,905036
20253,1129070500,35393116455,2008638
20253,1129071500,18397530793,970523
20253,1129072500,28595868650,1358833
20253,1129076000,11397343494,716030
20253,1129077000,13590350099,695218
20253,1129078000,6539283202,259725
20253,1129081000,43268793239,1887180
20253,1130553400,20025493532,1125931
20253,1130553500,47090706747,2320472
20253,1130554500,76110849165,2507249
20253,1130555500,41646773367,1845176
20253,1130557500,12684593787,543072
20253,1130559500,52728272514,2271755
20253,1130560300,4893355470,265485
20253,1130560800,12927656360,635494
20253,1130561500,63823704325,2756811
20253,1130562500,24239225654,1219818
20253,1130563500,95479347948,4359028
20253,1130564500,30740731507,1251716
20253,1130566000,20986390037,1191283
20253,1132051100,30887993495,2064467
20253,1132051200,20402471967,1161753
20253,1132051300,17014599669,784454
20253,1132051400,24898435993,1327442
20253,1132051500,59395500710,2552203
20253,1132052100,43598780776,1991658
20253,1132052200,13021157814,757295
20253,1132066000,11858099341,840070
20253,1132067000,24841540026,1205147
20253,1132068000,29680370045,1371448
20253,1132068100,14139257442,604073
20253,1132069000,55460255691,2374303
20253,1132070000,55309733286,1564963
20253,1132071000,13413490672,603283
20253,1135056000,24512581231,1413559
20253,1135057000,4450008088,252863
20253,1135058000,8819200867,520144
20253,1135059500,67206863170,3228405
20253,1135060000,41190232317,2476357
20253,1135061100,55331003308,2406805
20253,1135061200,2412175094,172505
20253,1135061900,45003386822,1543745
20253,1135062100,11392565147,391427
20253,1135062400,42328974966,1867395
20253,1135062500,52356014829,2268631
20253,1135063000,46248549577,2086960
20253,1135064000,91306462273,3602050
20253,1135066500,13202879430,877034
20253,1135067000,24330475650,1151980
20253,1135069500,101500478684,3434604
20253,1135070000,13147593867,723058
20253,1135071000,20049868786,1075278
20253,1135072000,4709837771,220310
20253,1138051000,48591668367,1184332
20253,1138052000,48958566061,1948062
20253,1138053000,32802043597,1733132
20253,1138055100,42170672459,1726232
20253,1138055200,55921248917,2336028
20253,1138056000,16788386039,895043
20253,1138057000,61715575433,2790972
20253,1138058000,40969808367,1661873
20253,1138059000,16639114340,936299
20253,1138060000,53065834626,2410177
20253,1138062500,39465005816,1932774
20253,1138063100,22994179949,1294923
20253,1138063200,11213840498,430243
20253,1138064000,14299558133,674077
20253,1138065000,6055489457,237498
20253,1138069000,26849991546,889349
20253,1141052000,17283461175,681927
20253,1141055500,13387406370,549270
20253,1141056500,30590032872,1696811
20253,1141058500,124837650521,6923656
20253,1141061500,60801265885,2350837
20253,1141062000,19881189989,854855
20253,1141064000,64113622918,2907560
20253,1141065500,10156108699,620829
20253,1141066000,23006196521,737570
20253,1141068500,20762640139,853811
20253,1141069000,23362434927,1181600
20253,1141070000,28079497246,1561397
20253,1141071000,4200863715,149638
20253,1141072000,41073094045,1782369
20253,1144055500,38218683843,1470225
20253,1144056500,46180107269,1601564
20253,1144058500,58734950769,1722547
20253,1144059000,79845163917,2482955
20253,1144060000,52177583141,2380072
20253,1144061000,22158060963,986668
20253,1144063000,15049550149,688698
20253,1144065500,33371912088,2160038
20253,1144066000,359825059055,15573604
20253,1144068000,68137774828,2174503
20253,1144069000,50942185040,2779303
20253,1144070000,29659578529,1541388
20253,1144071000,34174444840,1381261
20253,1144072000,26966570184,1029957
20253,1144073000,43663669810,2308455
20253,1144074000,79809216285,4556105
20253,1147051000,84412331098,3030811
20253,1147052000,27883088586,1444896
20253,1147053000,34283961945,1565416
20253,1147054000,30066324977,1320961
20253,1147055000,82456158910,2111316
20253,1147056000,30876219014,1517941
20253,1147057000,15897151859,694794
20253,1147058000,11498248307,680374
20253,1147059000,18273490402,901872
20253,1147060000,14367262692,630551
20253,1147061000,20630463141,884379
20253,1147061100,14344429928,754430
20253,1147062000,32678316780,1291181
20253,1147063000,30611071934,1199642
20253,1147064000,39425119136,1930028
20253,1147065000,78415262857,3084936
20253,1147067000,9382938417,241444
20253,1147068000,47699910148,1949731
20253,1150051000,70186884375,2857296
20253,1150052000,105893980313,4246580
20253,1150053000,11671727847,525061
20253,1150053500,66151287395,2516734
20253,1150054000,88763315087,4488479
20253,1150055000,11360905733,503459
20253,1150056000,30105852292,1121334
20253,1150057000,35259626013,1832187
20253,1150059000,34619205349,1698514
20253,1150059100,39300576425,1798122
20253,1150059300,31615458037,1777266
20253,1150060300,115283397535,3902869
20253,1150060400,21684324374,1246538
20253,1150060500,15407711802,506507
20253,1150061100,142931849424,3778051
20253,1150061500,30066030190,1236415
20253,1150062000,40037637545,1539252
20253,1150063000,58348481354,2579745
20253,1150064000,28594138936,1165276
20253,1150064100,12620716203,819382
20253,1153051000,32789805701,1227117
20253,1153052000,12060764630,629971
20253,1153053000,173841710743,3102728
20253,1153054000,168063234329,8164490
20253,1153055000,55064845377,2916654
20253,1153056000,99722447543,3711049
20253,1153059500,15150660619,950199
20253,1153072000,56550923896,1981129
20253,1153073000,28441050408,1319194
20253,1153074000,30743492352,1539245
20253,1153075000,27944675469,1411367
20253,1153076000,18370374901,802281
20253,1153077000,35422447191,2298560
20253,1153078000,20592686472,975440
20253,1153079000,12394213923,847844
20253,1153080000,74895622,8464
20253,1154551000,787268063132,22061933
20253,1154561000,239649907691,3956411
20253,1154562000,20289381871,1004536
20253,1154563000,36379638619,1824761
20253,1154564000,15962802589,919493
20253,1154567000,88144549623,3559554
20253,1154568000,4434661499,194164
20253,1154569000,10987986283,533190
20253,1154570000,11963098334,782749
20253,1154571000,28962795123,1587032
20253,1156051500,61171039053,4945190
20253,1156053500,265120657299,8278689
20253,1156054000,349298761158,12552197
20253,1156055000,150356644429,3580051
20253,1156056000,58040207995,2753500
20253,1156058500,14360943217,462007
20253,1156060500,200361342506,4601193
20253,1156061000,28534496495,1582306
20253,1156062000,74669186728,1856348
20253,1156063000,30232039694,1520757
20253,1156065000,23997447571,937688
20253,1156066000,9913850457,409131
20253,1156067000,13714639524,383530
20253,1156068000,35329374962,1686204
20253,1156069000,9437634405,379828
20253,1156070000,28401901754,1418223
20253,1156071000,35817815248,1584248
20253,1156072000,114055548568,2023014
20253,1159051000,237361189148,5809301
20253,1159052000,572437146450,7866372
20253,1159053000,63141281384,2763072
20253,1159054000,25860516821,1194446
20253,1159055000,47437827419,2222193
20253,1159056000,20563090888,1226976
20253,1159060500,48446807485,2448678
20253,1159062000,60149808910,2095878
20253,1159063000,74718191257,3309610
20253,1159064000,14194823198,457811
20253,1159065000,23550992259,1046209
20253,1159065100,4947074729,366420
20253,1159066000,58731517019,1965341
20253,1159067000,18238735399,1088207
20253,1159068000,40026834216,2484969
20253,1162052500,25284483951,1400190
20253,1162054500,3950678604,161127
20253,1162056500,11008173148,568129
20253,1162057500,37377556660,1824881
20253,1162058500,48038798734,1707033
20253,1162059500,68015334286,3157824
20253,1162060500,38838203047,1513167
20253,1162061500,36772888298,1735096
20253,1162062500,37463439833,2187873
20253,1162063000,31000806619,1462403
20253,1162064500,58068380286,3422240
20253,1162065500,20802160636,1166775
20253,1162066500,15463983499,1013324
20253,1162068500,28115722020,1818061
20253,1162069500,63273364490,3342208
20253,1162071500,3970939573,236524
20253,1162072500,74810968894,2350469
20253,1162073500,27895451281,2308799
20253,1162074500,11508613836,596426
20253,1162076500,24942231609,1121763
20253,1162077500,20887528493,1197749
20253,1165051000,65067736966,3035325
20253,1165052000,147356008335,4805898
20253,1165053000,195454193047,7901634
20253,1165053100,191877924488,4685508
20253,1165054000,81009243652,2015830
20253,1165055000,921486728,66551
20253,1165056000,76329447828,2131262
20253,1165057000,31189832784,746669
20253,1165058000,101783952737,2554823
20253,1165058100,108268677573,2487684
20253,1165059000,54317336399,1870538
20253,1165060000,82741384493,3355037
20253,1165061000,47681676271,1304471
20253,1165062000,25365800962,584433
20253,1165062100,63445879490,2003237
20253,1165065100,114087492455,3292918
20253,1165065200,141527113963,5357342
20253,1165066000,5899819091,275474
20253,1168051000,258938929449,4019043
20253,1168052100,252975339407,6428866
20253,1168053100,189084519376,5099756
20253,1168054500,348611204613,4035969
20253,1168056500,273130996313,3642145
20253,1168058000,232073031430,7635696
20253,1168059000,94108743901,3758272
20253,1168060000,131202431356,2952917
20253,1168061000,213972457635,4751375
20253,1168063000,224799654719,7642135
20253,1168064000,525946913052,23546616
20253,1168065000,97410571567,4849628
20253,1168065500,70458447761,2403159
20253,1168065600,68349748586,2119193
20253,1168066000,266717710,4686
20253,1168067000,30625932795,1130657
20253,1168069000,62023004464,1902293
20253,1168070000,38476475576,1524401
20253,1168072000,12925180208,1508113
20253,1168073000,32189908060,1224202
20253,1168074000,4377496607,322009
20253,1168075000,69873505508,4862987
20253,1171051000,11195998095,437872
20253,1171052000,23812305250,802322
20253,1171053100,17817492489,574617
20253,1171053200,24710420232,1156718
20253,1171054000,30248199155,647869
20253,1171055000,37145796206,1522562
20253,1171056100,48867454967,956216
20253,1171056200,122796292792,4523631
20253,1171056600,4404955762,446079
20253,1171057000,65519519285,2265835
20253,1171058000,65480840711,2115168
20253,1171059000,26590428523,1037928
20253,1171060000,90324040978,3599754
20253,1171061000,63891400862,2285178
20253,1171062000,75143904373,2677618
20253,1171063100,449899648275,6297910
20253,1171063200,58552927199,1987108
20253,1171064100,28206581162,1126322
20253,1171064200,132624801949,5288869
20253,1171064600,35226083186,1289505
20253,1171064700,6563590274,464831
20253,1171065000,177789990641,5882227
20253,1171067000,77214454655,3188699
20253,1171068000,90535931105,4806866
20253,1171069000,12657998630,583675
20253,1171071000,249899976827,8475637
20253,1171072000,4682758038,317281
20253,1174051500,15124707363,733758
20253,1174052000,18456230118,735187
20253,1174053000,60280040088,2702011
20253,1174054000,84016553453,2483622
20253,1174055000,9437027942,480185
20253,1174056000,23300812843,1081669
20253,1174057000,38166670383,1833245
20253,1174058000,25234603673,1004387
20253,1174059000,19060643366,742518
20253,1174060000,29563817333,1155131
20253,1174061000,145011583437,4194097
20253,1174062000,39838426553,1705921
20253,1174064000,43226277648,1243901
20253,1174065000,54789928507,2320108
20253,1174066000,77750405264,2977128
20253,1174068500,107503965959,5021687
20253,1174069000,23638963599,1265794
20253,1174070000,25610103104,1166417
20254,1111051500,25920026514,1137616
20254,1111053000,111331653373,4353684
20254,1111054000,38345074586,1466933
20254,1111055000,7867793184,288515
20254,1111056000,8061395243,351799
20254,1111057000,8198469797,522718
20254,1111058000,9103806955,364497
20254,1111060000,30409432895,1311368
20254,1111061500,590990167722,12905932
20254,1111063000,116643826107,3049306
20254,1111064000,38702183156,2601916
20254,1111065000,53380124553,2686649
20254,1111067000,76272544094,2732595
20254,1111068000,12957408786,519486
20254,1111069000,571412165,17752
20254,1111070000,4386583533,205539
20254,1111071000,25818356136,1344074
20254,1114052000,180541098056,6059495
20254,1114054000,259968527196,7484458
20254,1114055000,268609825638,10683284
20254,1114057000,37143898916,2242321
20254,1114058000,26121951436,613034
20254,1114059000,176129155339,5169115
20254,1114060500,240592120952,7053098
20254,1114061500,107638517081,3002279
20254,1114062500,43971161618,1232907
20254,1114063500,30841090583,1137870
20254,1114064500,8069509412,221667
20254,1114065000,26917215712,1089918
20254,1114066500,33427484047,965818
20254,1114067000,56726095509,1823877
20254,1114068000,27048232056,941457
20254,1117051000,22702242477,1201988
20254,1117052000,15051073494,867793
20254,1117053000,65664426522,2369719
20254,1117055500,41660126516,2427619
20254,1117056000,102265934508,1464152
20254,1117057000,47615109491,677810
20254,1117058000,15011833431,486005
20254,1117059000,30572140447,1208269
20254,1117062500,680873040637,4910797
20254,1117063000,34831999328,1030987
20254,1117064000,3252701795,97836
20254,1117065000,83354980644,2898092
20254,1117066000,18277642854,643381
20254,1117068500,93688601062,2119079
20254,1117069000,6554613260,314331
20254,1117070000,9255065047,340506
20254,1120052000,13725661749,524274
20254,1120053500,48245035576,1151712
20254,1120054000,29063520125,981057
20254,1120055000,36655134129,3069647
20254,1120056000,42718825214,1504346
20254,1120057000,5833741677,286833
20254,1120058000,2554899779,121315
20254,1120059000,5985321219,202656
20254,1120061500,16737813459,708447
20254,1120062000,16400658389,598484
20254,1120064500,10326405769,266924
20254,1120065000,18054488280,788890
20254,1120066000,89766378253,2472748
20254,1120067000,86890424202,2444040
20254,1120069000,118202449021,5598120
20254,1120072000,6639254427,293372
20254,1120079000,37314199839,1770226
20254,1121571000,84693721210,4712611
20254,1121573000,46835445983,1753852
20254,1121574000,61618566267,2378920
20254,1121575000,40723679033,1670063
20254,1121576000,17371095329,1041860
20254,1121577000,35538769238,1440904
20254,1121578000,23091593954,944759
20254,1121581000,40947235441,1539685
20254,1121582000,44970439668,2068050
20254,1121583000,18500629805,918196
20254,1121584000,41510736780,1878823
20254,1121584700,43574051716,1892160
20254,1121585000,61376274551,2090986
20254,1121586000,31461447756,1227845
20254,1121587000,117346571291,2955094
20254,1123053600,132150797184,4513722
20254,1123054500,979603471695,37091526
20254,1123056000,51580097296,2587708
20254,1123057000,15351772775,916118
20254,1123060000,42030291531,888322
20254,1123061000,29056777692,1252822
20254,1123065000,175696276097,3539379
20254,1123066000,100573890106,3813109
20254,1123070500,64183152952,2431647
20254,1123071000,30035838073,1695084
20254,1123072000,18235367546,892170
20254,1123073000,14760610838,600241
20254,1123074000,29537499828,2325134
20254,1123075000,9369868027,521675
20254,1126052000,26817584673,1244364
20254,1126054000,13116781562,736215
20254,1126055000,6389660401,240753
20254,1126056500,61266741523,3355799
20254,1126057000,43583890702,1951364
20254,1126057500,43134862522,1998020
20254,1126058000,24573448129,1806856
20254,1126059000,70363047726,2985902
20254,1126060000,20007288885,904374
20254,1126061000,43049812238,1843528
20254,1126062000,45076371888,1414008
20254,1126063000,28190579436,1464138
20254,1126065500,72746702458,3119157
20254,1126066000,15817388133,838542
20254,1126068000,36706234831,1425451
20254,1126069000,34615908759,1669487
20254,1129052500,29439475206,965025
20254,1129055500,60224100900,2620431
20254,1129057500,66621263124,3250507
20254,1129058000,8758323312,241285
20254,1129059000,7419474524,495792
20254,1129060000,42478152488,3102248
20254,1129061000,14504620674,664744
20254,1129062000,10617868740,632066
20254,1129063000,16506798522,624911
20254,1129064000,11904295701,745768
20254,1129065000,22015078933,1128894
20254,1129066000,13729519245,557960
20254,1129068500,24386185115,909870
20254,1129070500,38265666519,2113919
20254,1129071500,17306431159,940392
20254,1129072500,28694438382,1362253
20254,1129076000,10970401438,671161
20254,1129077000,14118815886,733149
20254,1129078000,6493400019,253201
20254,1129081000,45506672764,1914067
20254,1130553400,20459263117,1154632
20254,1130553500,49340384038,2275631
20254,1130554500,75586231242,2398137
20254,1130555500,42546104898,1821172
20254,1130557500,12762533984,530656
20254,1130559500,53071411855,2153093
20254,1130560300,5292958511,256413
20254,1130560800,12970600204,622498
20254,1130561500,74717213315,2936465
20254,1130562500,23935974237,1127560
20254,1130563500,107559312289,4310472
20254,1130564500,29316085003,1213603
20254,1130566000,21707889846,1177018
20254,1132051100,30682685938,1891146
20254,1132051200,22519569023,1203883
20254,1132051300,18086320626,785563
20254,1132051400,24734602257,1269573
20254,1132051500,61180128406,2428152
20254,1132052100,50900025697,2060254
20254,1132052200,13380603185,717617
20254,1132066000,12270314583,829143
20254,1132067000,25243408000,1217185
20254,1132068000,32540651259,1311262
20254,1132068100,14640313924,594068
20254,1132069000,62232465977,2379116
20254,1132070000,59456764176,1639832
20254,1132071000,12890189490,588799
20254,1135056000,24199024382,1422714
20254,1135057000,4778671939,275831
20254,1135058000,9315407735,532179
20254,1135059500,72371761036,3234261
20254,1135060000,41768789327,2662905
20254,1135061100,56170368431,2095078
20254,1135061200,2445995318,182244
20254,1135061900,44647422004,1482917
20254,1135062100,11276984014,376253
20254,1135062400,43649800529,1813055
20254,1135062500,58263034360,2279371
20254,1135063000,46743932308,2040527
20254,1135064000,94836299343,3439704
20254,1135066500,13864399614,879156
20254,1135067000,25163604977,1102904
20254,1135069500,97803554033,3273085
20254,1135070000,13716090451,688791
20254,1135071000,19019406557,1053601
20254,1135072000,4723375061,226015
20254,1138051000,33652623257,1130055
20254,1138052000,48735707073,1875673
20254,1138053000,34667673979,1840611
20254,1138055100,46764479434,1890813
20254,1138055200,61106583089,2605992
20254,1138056000,16365258705,846743
20254,1138057000,62627672260,2729642
20254,1138058000,40700033072,1525019
20254,1138059000,16074809581,917879
20254,1138060000,55401683535,2460680
20254,1138062500,49096943601,1873605
20254,1138063100,22890580522,1219571
20254,1138063200,11956537458,408726
20254,1138064000,14020022828,640988
20254,1138065000,6292766908,238257
20254,1138069000,30291520537,829194
20254,1141052000,19004151548,760836
20254,1141055500,14355629670,553411
20254,1141056500,30723570402,1579862
20254,1141058500,129898563129,6965479
20254,1141061500,60874347487,2271363
20254,1141062000,24713257515,900653
20254,1141064000,78275270353,3163427
20254,1141065500,10535783695,663681
20254,1141066000,19683031852,699647
20254,1141068500,22019840481,850808
20254,1141069000,23421109003,1159770
20254,1141070000,30679863951,1532055
20254,1141071000,3813121597,143917
20254,1141072000,41080200158,1702665
20254,1144055500,36509402289,1403848
20254,1144056500,49119921140,1601665
20254,1144058500,64903109272,1607890
20254,1144059000,85411534558,2364566
20254,1144060000,55652067051,2248771
20254,1144061000,22070941191,924925
20254,1144063000,17111317602,695232
20254,1144065500,34076344402,2249316
20254,1144066000,368888000781,14663460
20254,1144068000,65776235199,2087891
20254,1144069000,54654750342,2770623
20254,1144070000,32850037581,1570082
20254,1144071000,36251064692,1388103
20254,1144072000,26121544798,965551
20254,1144073000,49374614830,2313180
20254,1144074000,80567872847,4153518
20254,1147051000,78736287234,2789118
20254,1147052000,27827443189,1399664
20254,1147053000,35741893163,1619628
20254,1147054000,30632535370,1271173
20254,1147055000,72417162761,1890098
20254,1147056000,32471233135,1495367
20254,1147057000,16956481648,690390
20254,1147058000,12260508178,681963
20254,1147059000,20612182154,870511
20254,1147060000,15080629818,619239
20254,1147061000,20380403075,893335
20254,1147061100,14935414372,798288
20254,1147062000,32634016128,1248380
20254,1147063000,31165832776,1175086
20254,1147064000,40473764766,1848441
20254,1147065000,77123524475,2886083
20254,1147067000,8217329587,210891
20254,1147068000,45207505023,1812366
20254,1150051000,66116824018,2608428
20254,1150052000,121416539221,3893480
20254,1150053000,11001925417,498285
20254,1150053500,62150489030,2366082
20254,1150054000,89215633788,4411565
20254,1150055000,11979026482,489054
20254,1150056000,29771612568,1063612
20254,1150057000,38177827048,1842887
20254,1150059000,35090735940,1660361
20254,1150059100,38016862541,1734173
20254,1150059300,33543820631,1863713
20254,1150060300,111049176901,3481745
20254,1150060400,21609796946,1195051
20254,1150060500,13731057790,475382
20254,1150061100,176367110950,4080477
20254,1150061500,30064108930,1179823
20254,1150062000,41069431523,1499409
20254,1150063000,59271961511,2522443
20254,1150064000,27744195255,1119813
20254,1150064100,13032022671,813348
20254,1153051000,35630640495,1145085
20254,1153052000,11578768530,639623
20254,1153053000,174196377207,2988792
20254,1153054000,167448435483,7346921
20254,1153055000,53567213342,2890757
20254,1153056000,107424218632,3787010
20254,1153059500,15367092589,903107
20254,1153072000,57053899973,1904736
20254,1153073000,30301918240,1379419
20254,1153074000,29165914998,1405114
20254,1153075000,28948952278,1455604
20254,1153076000,18126283227,724048
20254,1153077000,35722487876,2197619
20254,1153078000,21920941549,966891
20254,1153079000,12817175584,828080
20254,1153080000,90546514,10895
20254,1154551000,830135138340,20104489
20254,1154561000,266177968900,4190522
20254,1154562000,20136789750,990486
20254,1154563000,36975195705,1805307
20254,1154564000,16713907195,897582
20254,1154567000,92972279453,3595512
20254,1154568000,4238882572,193404
20254,1154569000,10485683894,465919
20254,1154570000,12020429606,754589
20254,1154571000,31168184131,1583906
20254,1156051500,64975003092,4864276
20254,1156053500,273789268746,7622842
20254,1156054000,354884005165,11183603
20254,1156055000,116972690142,3247313
20254,1156056000,58034265306,2634946
20254,1156058500,14497662396,452969
20254,1156060500,142155287654,4553311
20254,1156061000,27670099554,1531888
20254,1156062000,75599245154,1621326
20254,1156063000,30908982599,1440457
20254,1156065000,23236463734,951234
20254,1156066000,10892981107,456112
20254,1156067000,14646609899,362541
20254,1156068000,34682462016,1599905
20254,1156069000,9528584941,353944
20254,1156070000,28931948636,1367745
20254,1156071000,38736743505,1546739
20254,1156072000,114613625725,1982772
20254,1159051000,367491676273,7069273
20254,1159052000,931854609857,11578256
20254,1159053000,59678679793,2862826
20254,1159054000,26291367612,1187976
20254,1159055000,48895434661,2283375
20254,1159056000,20776783930,1169841
20254,1159060500,50016111839,2580552
20254,1159062000,64607974989,2103988
20254,1159063000,80157003574,3372627
20254,1159064000,14435002358,447379
20254,1159065000,22963450743,1034687
20254,1159065100,5164584545,362320
20254,1159066000,56140699663,1862319
20254,1159067000,17833513922,962375
20254,1159068000,41574845361,2327195
20254,1162052500,24634202447,1311563
20254,1162054500,4133503319,153893
20254,1162056500,11091830150,526434
20254,1162057500,37605217533,1762292
20254,1162058500,50168736254,1686360
20254,1162059500,71353016172,3128203
20254,1162060500,38717580178,1448881
20254,1162061500,37565025345,1689970
20254,1162062500,40264221966,2200891
20254,1162063000,29168879558,1350352
20254,1162064500,57185474973,3230874
20254,1162065500,21796791686,1170148
20254,1162066500,14118500716,938729
20254,1162068500,29232208294,1770452
20254,1162069500,61568272588,3113988
20254,1162071500,3852677698,205451
20254,1162072500,68076966273,2309128
20254,1162073500,28277630352,2365824
20254,1162074500,12152697339,641573
20254,1162076500,26508032281,1057248
20254,1162077500,20968592213,1225207
20254,1165051000,66669709262,2770283
20254,1165052000,138786362736,4273143
20254,1165053000,208168329728,7216419
20254,1165053100,199915960843,4348723
20254,1165054000,84567544634,1829599
20254,1165055000,1076404773,65175
20254,1165056000,75112090820,2041490
20254,1165057000,27528571520,658091
20254,1165058000,103064422590,2387252
20254,1165058100,109664696355,2375949
20254,1165059000,51053654078,1701038
20254,1165060000,77262121823,3504425
20254,1165061000,52743348700,1278240
20254,1165062000,25128061574,537657
20254,1165062100,68267421116,1963626
20254,1165065100,115360541457,3121682
20254,1165065200,136293543181,5201187
20254,1165066000,6090318340,247990
20254,1168051000,279025111097,3765487
20254,1168052100,260554044768,6111149
20254,1168053100,203485513107,4621323
20254,1168054500,353798537330,3626820
20254,1168056500,304226566513,3484599
20254,1168058000,251151596955,7141656
20254,1168059000,92938918999,3465372
20254,1168060000,114194464706,2574627
20254,1168061000,200264362049,4171991
20254,1168063000,210417280169,6648227
20254,1168064000,519254348394,20937424
20254,1168065000,97674113212,4242164
20254,1168065500,68287606393,2288335
20254,1168065600,70330988395,2055011
20254,1168066000,434987839,6923
20254,1168067000,30886771296,1103512
20254,1168069000,62047053439,1772683
20254,1168070000,37417097922,1479437
20254,1168072000,11897773438,1416876
20254,1168073000,32850584622,1184381
20254,1168074000,4092619222,284979
20254,1168075000,67871176193,4558345
20254,1171051000,10667586358,442261
20254,1171052000,23494655742,769146
20254,1171053100,13651470765,547817
20254,1171053200,25670344313,1184193
20254,1171054000,26452639083,616328
20254,1171055000,40361664334,1595386
20254,1171056100,48536978457,894230
20254,1171056200,128602714596,4339247
20254,1171056600,5286883209,451716
20254,1171057000,60336135770,2033513
20254,1171058000,66166151445,2074390
20254,1171059000,25063510433,961518
20254,1171060000,93302048141,3482522
20254,1171061000,64448280911,2218748
20254,1171062000,79161316489,2544623
20254,1171063100,461137757304,6367526
20254,1171063200,58935743119,1854195
20254,1171064100,31682601098,1066021
20254,1171064200,136625390467,4804038
20254,1171064600,36365421070,1257202
20254,1171064700,6235864336,423432
20254,1171065000,164008361869,5314708
20254,1171067000,61884983801,2429458
20254,1171068000,99129036900,4587155
20254,1171069000,13455125434,557114
20254,1171071000,251589130813,7703378
20254,1171072000,4915148198,260982
20254,1174051500,14226253940,668733
20254,1174052000,17862814033,724312
20254,1174053000,60896500626,2627316
20254,1174054000,82907026825,2418331
20254,1174055000,9449850853,459769
20254,1174056000,25073894782,1110170
20254,1174057000,41195842314,1940490
20254,1174058000,24569849324,967101
20254,1174059000,18491085753,711643
20254,1174060000,29950982661,1141742
20254,1174061000,145293691119,3993408
20254,1174062000,41213714765,1728279
20254,1174064000,42151031821,1160843
20254,1174065000,58301128830,2295924
20254,1174066000,81340277648,3009925
20254,1174068500,110895860307,4873555
20254,1174069000,26521528966,1329223
20254,1174070000,24764311789,1062189
20261,1111051500,22771911351,979478
20261,1111053000,107805516297,3898727
20261,1111054000,33879259111,1224765
20261,1111055000,7043070591,222772
20261,1111056000,7002169861,309775
20261,1111057000,8172844187,491495
20261,1111058000,8611782862,342953
20261,1111060000,28398719085,1152981
20261,1111061500,540945699533,11524347
20261,1111063000,107693733996,2841491
20261,1111064000,37412449266,2387663
20261,1111065000,51095858020,2569562
20261,1111067000,66329732518,2531297
20261,1111068000,11929636057,480968
20261,1111069000,808707619,-16680
20261,1111070000,3599233545,179588
20261,1111071000,25051028482,1244677
20261,1114052000,171124852301,6109513
20261,1114054000,222984245420,7323962
20261,1114055000,233844888065,9945332
20261,1114057000,35808277782,1956746
20261,1114058000,23381063346,544884
20261,1114059000,174496103803,4792182
20261,1114060500,222228782278,6685517
20261,1114061500,102086493632,2726045
20261,1114062500,38592276811,1111751
20261,1114063500,29865375598,1057936
20261,1114064500,7702715827,180344
20261,1114065000,26079347278,1035132
20261,1114066500,29660645960,874650
20261,1114067000,54997013596,1696382
20261,1114068000,27451052267,874572
20261,1117051000,22137202066,1094212
20261,1117052000,14238597504,796912
20261,1117053000,65292332563,2187230
20261,1117055500,39442551048,2199968
20261,1117056000,98727213513,1398089
20261,1117057000,52518352469,660250
20261,1117058000,13748093148,437193
20261,1117059000,29178672421,1129876
20261,1117062500,559156334129,4533307
20261,1117063000,34008913275,908286
20261,1117064000,3214623220,57299
20261,1117065000,75630708810,2632804
20261,1117066000,17186009140,590980
20261,1117068500,85914252029,1921068
20261,1117069000,6205577040,281310
20261,1117070000,8643510289,305554
20261,1120052000,13409424401,479815
20261,1120053500,46278660951,1104902
20261,1120054000,26639065487,878928
20261,1120055000,32309907852,2386972
20261,1120056000,40238328182,1371507
20261,1120057000,5327526391,233828
20261,1120058000,2328281026,98051
20261,1120059000,5631196994,164597
20261,1120061500,16163363832,629823
20261,1120062000,15700981687,552394
20261,1120064500,10422283955,250783
20261,1120065000,17798277115,707555
20261,1120066000,87143398204,2280314
20261,1120067000,77744387109,2288694
20261,1120069000,116267364317,5238515
20261,1120072000,6593439869,262369
20261,1120079000,34869113718,1630796
20261,1121571000,82573184591,4446146
20261,1121573000,47812541264,1653768
20261,1121574000,56453958511,2233796
20261,1121575000,38831833063,1551352
20261,1121576000,16495260862,941539
20261,1121577000,31936160659,1329033
20261,1121578000,23433433281,869564
20261,1121581000,40070274518,1396643
20261,1121582000,41179452938,1853730
20261,1121583000,18363851855,874158
20261,1121584000,39358205883,1765277
20261,1121584700,40963271360,1720996
20261,1121585000,56620619859,1926208
20261,1121586000,30532530575,1105873
20261,1121587000,115414604802,2707115
20261,1123053600,117151807393,3973059
20261,1123054500,848712881937,30745521
20261,1123056000,50236774013,2434352
20261,1123057000,15437652046,867625
20261,1123060000,38481198645,834535
20261,1123061000,27857726489,1148239
20261,1123065000,165240200971,3340459
20261,1123066000,100548019433,3644894
20261,1123070500,57699046763,2341072
20261,1123071000,29809570131,1555777
20261,1123072000,18464768876,834592
20261,1123073000,14410739472,554614
20261,1123074000,28134621875,2038076
20261,1123075000,9711508169,477180
20261,1126052000,24399616776,1157943
20261,1126054000,12069479272,660865
20261,1126055000,6053338212,204346
20261,1126056500,57756660719,3207069
20261,1126057000,41895079101,1816567
20261,1126057500,41916526368,1922872
20261,1126058000,22630772933,1708867
20261,1126059000,68136411461,2793135
20261,1126060000,21828303905,921775
20261,1126061000,39776381840,1699536
20261,1126062000,41679909443,1336533
20261,1126063000,27772358989,1379102
20261,1126065500,70373344271,2922290
20261,1126066000,15743434960,817481
20261,1126068000,36158091541,1336060
20261,1126069000,34152022784,1611192
20261,1129052500,28447757895,894396
20261,1129055500,58948855997,2460036
20261,1129057500,64337679488,3072781
20261,1129058000,8533166715,222453
20261,1129059000,7158150827,454056
20261,1129060000,38726116037,2528412
20261,1129061000,13885573618,615559
20261,1129062000,10729338347,597916
20261,1129063000,15903420919,588191
20261,1129064000,11343298816,686741
20261,1129065000,20906130755,1031055
20261,1129066000,12667322378,508429
20261,1129068500,22260364997,835852
20261,1129070500,35943930831,1851745
20261,1129071500,16805037017,893899
20261,1129072500,28201936871,1290104
20261,1129076000,10716380451,656883
20261,1129077000,13505511717,679666
20261,1129078000,6641895996,234993
20261,1129081000,43297026530,1798788
20261,1130553400,20163703764,1079710
20261,1130553500,46956022204,2135834
20261,1130554500,72400596806,2215124
20261,1130555500,40771209835,1723407
20261,1130557500,12245744435,495764
20261,1130559500,55607960099,2137504
20261,1130560300,4815161813,232658
20261,1130560800,12535382004,590894
20261,1130561500,70025663606,2622142
20261,1130562500,25324614206,1078960
20261,1130563500,99342216015,4056420
20261,1130564500,28548626419,1116247
20261,1130566000,21264541026,1131159
20261,1132051100,29429781478,1828471
20261,1132051200,21576424116,1132482
20261,1132051300,17343156447,738530
20261,1132051400,24272768210,1148055
20261,1132051500,59093423032,2360382
20261,1132052100,46515778602,1919280
20261,1132052200,12919427007,671101
20261,1132066000,12238236289,796142
20261,1132067000,24432347135,1135881
20261,1132068000,30655705794,1219386
20261,1132068100,14176477115,556312
20261,1132069000,58442827934,2267421
20261,1132070000,55573503084,1519556
20261,1132071000,12837207885,548107
20261,1135056000,23621721214,1337309
20261,1135057000,4671599122,237150
20261,1135058000,9292004482,496455
20261,1135059500,67798299414,3022188
20261,1135060000,39858451543,2322263
20261,1135061100,55451792213,2060935
20261,1135061200,2536425475,162406
20261,1135061900,45336146441,1376166
20261,1135062100,10433298857,357741
20261,1135062400,41651830250,1712284
20261,1135062500,57851200054,2268377
20261,1135063000,45580284963,1903925
20261,1135064000,87027094446,3274169
20261,1135066500,13257826717,834581
20261,1135067000,23967257939,1046109
20261,1135069500,97034747917,3090429
20261,1135070000,13106145420,640835
20261,1135071000,18922553704,970623
20261,1135072000,4568952760,195681
20261,1138051000,40124577709,1078903
20261,1138052000,46716278436,1766279
20261,1138053000,33185484497,1665157
20261,1138055100,43446997044,1746234
20261,1138055200,57563258694,2366034
20261,1138056000,15668613278,800854
20261,1138057000,59573065716,2590417
20261,1138058000,38695617941,1470692
20261,1138059000,15700108108,890729
20261,1138060000,51741810330,2351392
20261,1138062500,44236785439,1781425
20261,1138063100,22512983037,1149775
20261,1138063200,12708902651,410834
20261,1138064000,13577792998,588635
20261,1138065000,6241608878,200970
20261,1138069000,27702839622,774567
20261,1141052000,18130702278,690451
20261,1141055500,13281580941,504178
20261,1141056500,29767699585,1496546
20261,1141058500,124223358760,6577884
20261,1141061500,58409138287,2119609
20261,1141062000,22545410007,806580
20261,1141064000,65801089716,2793035
20261,1141065500,10335428746,595572
20261,1141066000,21853884294,726180
20261,1141068500,21030909209,756092
20261,1141069000,23281051494,1067996
20261,1141070000,28866325567,1389087
20261,1141071000,3629096480,125262
20261,1141072000,39446963333,1591874
20261,1144055500,37170207262,1290584
20261,1144056500,48565906580,1557052
20261,1144058500,61405966487,1538696
20261,1144059000,74905176244,2051919
20261,1144060000,52072404046,2068250
20261,1144061000,21762015964,881445
20261,1144063000,16210235045,622801
20261,1144065500,30585954301,1846823
20261,1144066000,351239008738,13716234
20261,1144068000,64045365052,1878256
20261,1144069000,50259503613,2601995
20261,1144070000,31714086491,1484294
20261,1144071000,35045622691,1279202
20261,1144072000,25671183629,904090
20261,1144073000,50028618830,2096904
20261,1144074000,76404313170,3804057
20261,1147051000,77182765103,2642193
20261,1147052000,27312033147,1306103
20261,1147053000,34285592103,1502013
20261,1147054000,29411379289,1151271
20261,1147055000,81204815343,1706181
20261,1147056000,31241526384,1376324
20261,1147057000,16534155703,633470
20261,1147058000,12154559407,652462
20261,1147059000,19237456745,802968
20261,1147060000,14444089864,582724
20261,1147061000,20539631588,827048
20261,1147061100,14546736096,752196
20261,1147062000,31133558149,1141391
20261,1147063000,30516893192,1143331
20261,1147064000,38835572817,1701300
20261,1147065000,76894932853,2648151
20261,1147067000,7897878085,173167
20261,1147068000,45938469128,1744341
20261,1150051000,66364622013,2433681
20261,1150052000,111866485208,3543833
20261,1150053000,11742830556,467573
20261,1150053500,66119460446,2157097
20261,1150054000,88138999037,4109052
20261,1150055000,11385638309,445408
20261,1150056000,29212594022,992859
20261,1150057000,35534552981,1681875
20261,1150059000,34290762816,1545879
20261,1150059100,37523867595,1605037
20261,1150059300,31269037409,1658762
20261,1150060300,113205998910,3266125
20261,1150060400,21202321113,1096720
20261,1150060500,13719418008,462085
20261,1150061100,167557195768,3781253
20261,1150061500,29381160637,1093040
20261,1150062000,38722777739,1363293
20261,1150063000,57249491430,2393479
20261,1150064000,27447889029,1044577
20261,1150064100,12651055023,757663
20261,1153051000,32203906091,1044189
20261,1153052000,11831124218,587984
20261,1153053000,172814480294,2718791
20261,1153054000,168146604891,6602159
20261,1153055000,52194355524,2669065
20261,1153056000,106366866598,3389321
20261,1153059500,16106161396,838095
20261,1153072000,55427269834,1741558
20261,1153073000,28865669263,1274106
20261,1153074000,28487474876,1286411
20261,1153075000,27650817099,1320665
20261,1153076000,17967942448,627249
20261,1153077000,35152728851,2111614
20261,1153078000,20564849844,875273
20261,1153079000,12373894843,774895
20261,1153080000,1813443651,59820
20261,1154551000,743744318922,19410504
20261,1154561000,274466349557,4107937
20261,1154562000,20174289882,904954
20261,1154563000,35853909317,1687944
20261,1154564000,16107489311,819313
20261,1154567000,87168602822,3384058
20261,1154568000,4082087506,171877
20261,1154569000,10532092554,438121
20261,1154570000,11835498148,700710
20261,1154571000,29685732212,1459805
20261,1156051500,63571562345,4526745
20261,1156053500,247740805285,6926614
20261,1156054000,322816697224,9885619
20261,1156055000,137811104290,3304260
20261,1156056000,56845722468,2508167
20261,1156058500,13972727342,433418
20261,1156060500,160354792700,4110494
20261,1156061000,27378334183,1395353
20261,1156062000,73448826092,1457706
20261,1156063000,29474304747,1314916
20261,1156065000,23565495759,877612
20261,1156066000,10960738096,423199
20261,1156067000,13371450370,308705
20261,1156068000,34334708135,1567401
20261,1156069000,9294724365,327489
20261,1156070000,28039570547,1286162
20261,1156071000,36814607615,1438709
20261,1156072000,111162581208,1887131
20261,1159051000,303852514554,6194119
20261,1159052000,847450287343,10014044
20261,1159053000,58462062277,2605556
20261,1159054000,25471884212,1097404
20261,1159055000,46430456881,2092974
20261,1159056000,20847109565,1079306
20261,1159060500,47610845362,2303020
20261,1159062000,58874557652,1880287
20261,1159063000,77117091627,3017330
20261,1159064000,13989222417,409265
20261,1159065000,22993109686,928355
20261,1159065100,5314349246,326052
20261,1159066000,55418190582,1725024
20261,1159067000,18172884945,887851
20261,1159068000,40506425644,2146122
20261,1162052500,24279811602,1216733
20261,1162054500,3807580781,143316
20261,1162056500,10957890159,495726
20261,1162057500,37313783405,1602066
20261,1162058500,46571417785,1552797
20261,1162059500,67488449445,2765760
20261,1162060500,38217283812,1333753
20261,1162061500,36773416978,1576448
20261,1162062500,37619623460,2006739
20261,1162063000,28379701061,1266603
20261,1162064500,54394822832,3023695
20261,1162065500,21241356087,1078174
20261,1162066500,13732688022,871773
20261,1162068500,28043275716,1636857
20261,1162069500,61558493953,2925115
20261,1162071500,3428257278,174034
20261,1162072500,71374853498,2153321
20261,1162073500,27730743903,2242215
20261,1162074500,11747905136,584221
20261,1162076500,24681785592,947965
20261,1162077500,20802507966,1117594
20261,1165051000,65946660105,2628742
20261,1165052000,144768820061,3949083
20261,1165053000,200664195220,7002972
20261,1165053100,202394772869,3986874
20261,1165054000,79532769409,1663613
20261,1165055000,1675325229,52227
20261,1165056000,75497084840,1877565
20261,1165057000,28047718816,604913
20261,1165058000,102263458984,2177092
20261,1165058100,109225131941,2245930
20261,1165059000,51279225850,1608718
20261,1165060000,80477685316,3143922
20261,1165061000,48233779497,1125271
20261,1165062000,24658577733,496623
20261,1165062100,65682922768,1786847
20261,1165065100,110928570079,2877634
20261,1165065200,132999149060,4779490
20261,1165066000,5568224233,240335
20261,1168051000,269216861026,3386049
20261,1168052100,253497539002,5827536
20261,1168053100,188723341917,4196081
20261,1168054500,324459675480,3284970
20261,1168056500,302784013048,3259384
20261,1168058000,235594273013,6541328
20261,1168059000,90711872369,3249647
20261,1168060000,122145262209,2414324
20261,1168061000,204579213211,3745486
20261,1168063000,218673910211,6429562
20261,1168064000,506162510800,21863933
20261,1168065000,96600662601,3765340
20261,1168065500,67690149236,2249469
20261,1168065600,69468358976,1850390
20261,1168066000,581391359,57579
20261,1168067000,29772227477,1029331
20261,1168069000,60693649676,1745843
20261,1168070000,37714751363,1389681
20261,1168072000,11538143923,1316980
20261,1168073000,31223019880,1094419
20261,1168074000,3941364441,253323
20261,1168075000,66202672066,3838325
20261,1171051000,10803670655,402941
20261,1171052000,23482432405,705960
20261,1171053100,14884532545,501228
20261,1171053200,24371541470,1096920
20261,1171054000,30776961014,592672
20261,1171055000,38228693127,1498989
20261,1171056100,47579446083,829173
20261,1171056200,127006377033,4065269
20261,1171056600,5076355277,378017
20261,1171057000,65054479976,1958691
20261,1171058000,64775330041,1855876
20261,1171059000,25277371362,896048
20261,1171060000,91578746308,3160355
20261,1171061000,61542512579,2032801
20261,1171062000,78492801480,2424557
20261,1171063100,423646341260,5501071
20261,1171063200,58082008986,1683292
20261,1171064100,30761101616,951401
20261,1171064200,126523215674,4641023
20261,1171064600,34852675276,1146294
20261,1171064700,6070352762,399672
20261,1171065000,168744228490,4926192
20261,1171067000,65930766078,2116839
20261,1171068000,102764557682,4323302
20261,1171069000,17324509414,666593
20261,1171071000,242901703858,7516438
20261,1171072000,6576636435,294262
20261,1174051500,13760446785,608560
20261,1174052500,8447815017,272919
20261,1174052600,8532978790,283256
20261,1174053000,57815320215,2415748
20261,1174054000,80358258103,2383957
20261,1174055000,9273539463,404731
20261,1174056000,23126388894,1000475
20261,1174057000,40732833920,1860607
20261,1174058000,23729288009,839826
20261,1174059000,17977941855,609310
20261,1174060000,28310567160,1031236
20261,1174061000,145028077125,3951395
20261,1174062000,38472646088,1599224
20261,1174064000,45079739207,1016523
20261,1174065000,63510254428,2545936
20261,1174066000,80371634223,2844209
20261,1174068500,114944864334,4880432
20261,1174069000,25652741791,1275579
20261,1174070000,24862101484,1005184
