YYYYMM,행정동코드,행정동이름,AREA_M2,LAT,LON,전체승객수
202408,1111051500,청운효자동,2438307,126.97042,37.58466,252717
202408,1111053000,사직동,1165780,126.97014,37.57411,2375818
202408,1111054000,삼청동,1361445,126.98111,37.58801,138802
202408,1111055000,부암동,2202073,126.96256,37.5967,232993
202408,1111056000,평창동,9017316,126.96927,37.61396,244605
202408,1111057000,무악동,467575,126.95899,37.57774,58584
202408,1111058000,교남동,345990,126.96416,37.57105,299606
202408,1111060000,가회동,605383,126.98662,37.58268,75549
202408,1111061500,종로1.2.3.4가동,2394166,126.98973,37.57508,5244129
202408,1111063000,종로5.6가동,633463,127.00424,37.57302,1891149
202408,1111064000,이화동,755902,127.00307,37.57969,1467302
202408,1111065000,혜화동,1164691,126.99769,37.58747,546970
202408,1111067000,창신제1동,313832,127.01402,37.57226,300340
202408,1111068000,창신제2동,249894,127.01025,37.57575,5385
202408,1111069000,창신제3동,220395,127.01321,37.57882,134685
202408,1111070000,숭인제1동,237128,127.01686,37.57723,190254
202408,1111071000,숭인제2동,321465,127.02064,37.57431,697627
202408,1114052000,소공동,935656,126.97436,37.5643,2385801
202408,1114054000,회현동,892974,126.97671,37.55697,4173208
202408,1114055000,명동,1006850,126.98436,37.56373,3097442
202408,1114057000,필동,1478522,126.99385,37.5568,1008685
202408,1114058000,장충동,1003083,127.00228,37.55561,400132
202408,1114059000,광희동,752739,127.00363,37.5652,1504039
202408,1114060500,을지로동,599530,126.99649,37.56664,1715243
202408,1114061500,신당동,541354,127.01377,37.56575,797595
202408,1114062500,다산동,546686,127.00826,37.5547,115657
202408,1114063500,약수동,511938,127.01024,37.54984,649168
202408,1114064500,청구동,330066,127.01499,37.55686,79623
202408,1114065000,신당제5동,315652,127.02202,37.56358,187770
202408,1114066500,동화동,344934,127.01867,37.56059,256313
202408,1114067000,황학동,314878,127.0208,37.56842,127889
202408,1114068000,중림동,492309,126.96596,37.55732,158716
202408,1117051000,후암동,865282,126.98059,37.54994,194416
202408,1117052000,용산2가동,2045385,126.98353,37.54024,569329
202408,1117053000,남영동,751924,126.97351,37.54511,1158156
202408,1117055500,청파동,854585,126.96717,37.54786,223562
202408,1117056000,원효로제1동,563923,126.96656,37.53747,284228
202408,1117057000,원효로제2동,943601,126.95139,37.5331,174667
202408,1117058000,효창동,502716,126.96131,37.54305,376813
202408,1117059000,용문동,268086,126.95858,37.53815,99698
202408,1117062500,한강로동,2632658,126.96786,37.52918,2907170
202408,1117063000,이촌제1동,2128932,126.97096,37.51728,202425
202408,1117064000,이촌제2동,1203554,126.95394,37.52333,96848
202408,1117065000,이태원제1동,533547,126.99325,37.53339,546750
202408,1117066000,이태원제2동,891712,126.99213,37.54166,134573
202408,1117068500,한남동,3194899,127.0058,37.5371,1077789
202408,1117069000,서빙고동,2917053,126.98838,37.52247,257700
202408,1117070000,보광동,872912,127.00126,37.52587,119724
202408,1120052000,왕십리제2동,334371,127.02769,37.5615,543983
202408,1120053500,왕십리도선동,721844,127.02957,37.56679,250002
202408,1120054000,마장동,1127258,127.04049,37.56764,348474
202408,1120055000,사근동,1154150,127.04543,37.55801,468592
202408,1120056000,행당제1동,566619,127.03606,37.55902,1284556
202408,1120057000,행당제2동,479532,127.0295,37.55668,398032
202408,1120058000,응봉동,563044,127.03398,37.55099,143639
202408,1120059000,금호1가동,407653,127.02506,37.55367,304726
202408,1120061500,금호2.3가동,665732,127.01989,37.55143,159688
202408,1120062000,금호4가동,930024,127.0246,37.54459,457571
202408,1120064500,옥수동,1250869,127.01618,37.54197,484082
202408,1120065000,성수1가제1동,2238042,127.04104,37.54042,382378
202408,1120066000,성수1가제2동,977066,127.04395,37.54907,807588
202408,1120067000,성수2가제1동,1150487,127.05528,37.53666,185050
202408,1120069000,성수2가제3동,1046168,127.05814,37.54554,1407468
202408,1120072000,송정동,587634,127.0657,37.55233,93405
202408,1120079000,용답동,2372731,127.05785,37.55854,1248991
202408,1121571000,화양동,1178002,127.07346,37.54327,1783580
202408,1121573000,군자동,734486,127.07368,37.55307,294315
202408,1121574000,중곡제1동,590812,127.07772,37.56204,143985
202408,1121575000,중곡제2동,544506,127.08459,37.55891,182094
202408,1121576000,중곡제3동,602735,127.08197,37.56785,470187
202408,1121577000,중곡제4동,2284644,127.09445,37.56391,113943
202408,1121578000,능동,1083377,127.08165,37.55066,1341512
202408,1121581000,광장동,2755836,127.10487,37.54828,515595
202408,1121582000,자양제1동,565020,127.08042,37.53554,196310
202408,1121583000,자양제2동,1631119,127.08325,37.52933,222533
202408,1121584000,자양제3동,1134722,127.0712,37.53169,208375
202408,1121584700,자양제4동,1155166,127.06377,37.53389,466196
202408,1121585000,구의제1동,552319,127.08603,37.54149,947257
202408,1121586000,구의제2동,1380731,127.09445,37.551,648454
202408,1121587000,구의제3동,1450497,127.09524,37.53509,1064188
202408,1123053600,용신동,1573645,127.03229,37.57562,2090939
202408,1123054500,제기동,1181233,127.03724,37.58368,856088
202408,1123056000,전농제1동,1170148,127.05105,37.57901,1619874
202408,1123057000,전농제2동,995125,127.06114,37.58072,271369
202408,1123060000,답십리제1동,798544,127.0517,37.57094,235713
202408,1123061000,답십리제2동,824988,127.06111,37.57089,327983
202408,1123065000,장안제1동,1365375,127.06859,37.56623,591084
202408,1123066000,장안제2동,1132972,127.07254,37.57576,450743
202408,1123070500,청량리동,1176505,127.04512,37.58894,415926
202408,1123071000,회기동,803887,127.05141,37.5937,222236
202408,1123072000,휘경제1동,510437,127.06247,37.59187,820323
202408,1123073000,휘경제2동,1195510,127.06644,37.58651,346486
202408,1123074000,이문제1동,1005087,127.06029,37.59722,378250
202408,1123075000,이문제2동,805192,127.06749,37.60283,267260
202408,1126052000,면목제2동,744933,127.07814,37.58938,203557
202408,1126054000,면목제4동,849250,127.08647,37.57348,318761
202408,1126055000,면목제5동,590803,127.07967,37.58297,147691
202408,1126056500,면목본동,827948,127.08953,37.58834,807792
202408,1126057000,면목제7동,1180742,127.09269,37.57729,190828
202408,1126057500,면목제3.8동,1400985,127.09738,37.5846,757541
202408,1126058000,상봉제1동,861947,127.08947,37.60203,187563
202408,1126059000,상봉제2동,655590,127.0839,37.59425,1134439
202408,1126060000,중화제1동,669339,127.08315,37.60229,104971
202408,1126061000,중화제2동,957879,127.07521,37.59872,704712
202408,1126062000,묵제1동,1207708,127.08245,37.61374,233951
202408,1126063000,묵제2동,668183,127.07467,37.61037,391378
202408,1126065500,망우본동,2948005,127.10754,37.60199,600650
202408,1126066000,망우제3동,991213,127.10294,37.59181,141470
202408,1126068000,신내1동,2490403,127.10451,37.6128,713827
202408,1126069000,신내2동,935095,127.09162,37.61095,306710
202408,1129052500,성북동,2416176,126.99615,37.59587,430119
202408,1129055500,삼선동,912074,127.0118,37.58662,1665574
202408,1129057500,동선동,731808,127.01843,37.59374,540076
202408,1129058000,돈암제1동,461014,127.02404,37.59933,385856
202408,1129059000,돈암제2동,523725,127.01163,37.59728,175127
202408,1129060000,안암동,1274562,127.02731,37.58725,568133
202408,1129061000,보문동,589971,127.01922,37.5826,441987
202408,1129062000,정릉제1동,389711,127.01665,37.60326,347653
202408,1129063000,정릉제2동,1126034,127.00812,37.60379,314044
202408,1129064000,정릉제3동,3357947,126.99377,37.61226,181970
202408,1129065000,정릉제4동,3712601,126.99518,37.62351,536852
202408,1129066000,길음제1동,818440,127.01974,37.60811,1074597
202408,1129068500,길음제2동,616132,127.02723,37.60797,314114
202408,1129070500,종암동,1520021,127.03337,37.59725,545809
202408,1129071500,월곡제1동,764805,127.03645,37.60788,332892
202408,1129072500,월곡제2동,1334181,127.04519,37.6033,687336
202408,1129076000,장위제1동,724308,127.04426,37.61494,262963
202408,1129077000,장위제2동,665829,127.05173,37.61222,459490
202408,1129078000,장위제3동,682909,127.05349,37.61818,177344
202408,1129081000,석관동,1731086,127.06134,37.60826,850381
202408,1130553400,삼양동,951708,127.01468,37.62379,360534
202408,1130553500,미아동,853875,127.02629,37.6287,757021
202408,1130554500,송중동,1061923,127.03292,37.6177,975533
202408,1130555500,송천동,939469,127.02487,37.61822,1190947
202408,1130557500,삼각산동,586701,127.01683,37.61713,246657
202408,1130559500,번1동,595659,127.03054,37.63763,1605794
202408,1130560300,번2동,1012328,127.03479,37.62952,261510
202408,1130560800,번3동,1091074,127.04234,37.62378,209672
202408,1130561500,수유1동,1728230,127.00884,37.62993,424828
202408,1130562500,수유2동,606037,127.0195,37.6454,292713
202408,1130563500,수유3동,730661,127.02355,37.64046,608744
202408,1130564500,우이동,10697189,127.00032,37.66035,481836
202408,1130566000,인수동,2860095,127.00396,37.63764,291761
202408,1132051100,창제1동,1093061,127.04356,37.64714,1284207
202408,1132051200,창제2동,682713,127.03682,37.64263,223120
202408,1132051300,창제3동,637773,127.04163,37.63736,163310
202408,1132051400,창제4동,1114658,127.05093,37.65258,360623
202408,1132051500,창제5동,690264,127.04277,37.65536,966415
202408,1132052100,도봉제1동,8508462,127.02679,37.68508,323676
202408,1132052200,도봉제2동,1195130,127.04779,37.68119,661305
202408,1132066000,쌍문제1동,1160994,127.01951,37.65303,231119
202408,1132067000,쌍문제2동,531978,127.037,37.65706,283969
202408,1132068000,쌍문제3동,499481,127.03059,37.64769,246627
202408,1132068100,쌍문제4동,577003,127.03041,37.65555,189714
202408,1132069000,방학제1동,1060647,127.04352,37.66503,470850
202408,1132070000,방학제2동,1108653,127.03226,37.66915,138853
202408,1132071000,방학제3동,1860513,127.02347,37.6628,253255
202408,1135056000,월계1동,1178816,127.0586,37.62181,365395
202408,1135057000,월계2동,1991879,127.05121,37.63407,333882
202408,1135058000,월계3동,1167762,127.06489,37.62466,355395
202408,1135059500,공릉1동,1208569,127.07277,37.62412,1015033
202408,1135060000,공릉2동,7264834,127.09423,37.63161,644471
202408,1135061100,하계1동,1441008,127.07481,37.63862,323293
202408,1135061200,하계2동,505737,127.06482,37.63484,665336
202408,1135061900,중계본동,2061637,127.08576,37.64814,262111
202408,1135062100,중계1동,608503,127.0735,37.65002,197371
202408,1135062400,중계4동,1457885,127.08224,37.65885,197399
202408,1135062500,중계2.3동,946538,127.06589,37.64334,687635
202408,1135063000,상계1동,5016467,127.06533,37.68327,598824
202408,1135064000,상계2동,591000,127.06727,37.65649,1876996
202408,1135066500,상계3.4동,5783082,127.08327,37.67515,351037
202408,1135067000,상계5동,492170,127.0696,37.66322,710601
202408,1135069500,상계6.7동,1425634,127.06009,37.64875,379752
202408,1135070000,상계8동,661888,127.05365,37.66629,445827
202408,1135071000,상계9동,837674,127.0625,37.66807,119156
202408,1135072000,상계10동,828158,127.0584,37.65964,213888
202408,1138051000,녹번동,1915175,126.93505,37.60542,922218
202408,1138052000,불광제1동,3346747,126.93927,37.61731,625021
202408,1138053000,불광제2동,1338273,126.92865,37.62437,344267
202408,1138055100,갈현제1동,953450,126.91489,37.62535,1144790
202408,1138055200,갈현제2동,1053392,126.91212,37.61828,529517
202408,1138056000,구산동,1352647,126.90765,37.61106,295522
202408,1138057000,대조동,871085,126.9231,37.61228,1007508
202408,1138058000,응암제1동,1160262,126.9269,37.59826,526032
202408,1138059000,응암제2동,746941,126.92302,37.59189,194785
202408,1138060000,응암제3동,733293,126.91775,37.58865,364258
202408,1138062500,역촌동,1087046,126.91453,37.60457,451360
202408,1138063100,신사제1동,830268,126.90884,37.59899,775321
202408,1138063200,신사제2동,1041042,126.90629,37.59289,543267
202408,1138064000,증산동,919884,126.90581,37.58378,528919
202408,1138065000,수색동,1140125,126.8949,37.58577,280971
202408,1138069000,진관동,12911565,126.94052,37.63928,1337224
202408,1141052000,천연동,893844,126.95714,37.57121,541496
202408,1141055500,북아현동,444705,126.95552,37.55925,216764
202408,1141056500,충현동,1136892,126.9581,37.56391,1333569
202408,1141058500,신촌동,2566839,126.94106,37.56364,2438087
202408,1141061500,연희동,2825921,126.93273,37.57201,922472
202408,1141062000,홍제제1동,1561215,126.9452,37.58154,1155643
202408,1141064000,홍제제3동,1031592,126.95116,37.59202,282253
202408,1141065500,홍제제2동,712529,126.95253,37.58455,174602
202408,1141066000,홍은제1동,1550491,126.94703,37.59998,226706
202408,1141068500,홍은제2동,2048086,126.93217,37.58699,616073
202408,1141069000,남가좌제1동,447138,126.9162,37.57169,379257
202408,1141070000,남가좌제2동,812456,126.92133,37.57762,362803
202408,1141071000,북가좌제1동,581080,126.908,37.57527,175376
202408,1141072000,북가좌제2동,795331,126.9135,37.581,332701
202408,1144055500,아현동,731252,126.95284,37.55193,872742
202408,1144056500,공덕동,1002153,126.95779,37.54912,1437612
202408,1144058500,도화동,860064,126.94681,37.53704,249659
202408,1144059000,용강동,956700,126.94127,37.54059,573825
202408,1144060000,대흥동,836007,126.9414,37.55212,1236536
202408,1144061000,염리동,539922,126.94755,37.54982,117782
202408,1144063000,신수동,1118424,126.93364,37.54363,71770
202408,1144065500,서강동,1715559,126.92516,37.54595,762324
202408,1144066000,서교동,1647625,126.92094,37.55477,6007534
202408,1144068000,합정동,1753036,126.90884,37.54687,223054
202408,1144069000,망원제1동,1124872,126.90021,37.55275,199254
202408,1144070000,망원제2동,1208058,126.89568,37.55712,154530
202408,1144071000,연남동,647383,126.92154,37.56303,239926
202408,1144072000,성산제1동,864039,126.91185,37.56198,240108
202408,1144073000,성산제2동,1963168,126.90204,37.56811,952426
202408,1144074000,상암동,7678191,126.88086,37.57179,1555870
202408,1147051000,목1동,1564660,126.8751,37.52744,1717705
202408,1147052000,목2동,1054247,126.8741,37.54359,825180
202408,1147053000,목3동,500764,126.86541,37.5452,624055
202408,1147054000,목4동,561686,126.8669,37.53544,277406
202408,1147055000,목5동,2069098,126.88103,37.53631,456067
202408,1147056000,신월1동,630072,126.83453,37.53127,131555
202408,1147057000,신월2동,614213,126.84633,37.5234,209801
202408,1147058000,신월3동,926653,126.82747,37.53236,95968
202408,1147059000,신월4동,454712,126.83982,37.52225,174976
202408,1147060000,신월5동,515356,126.8299,37.54004,120026
202408,1147061000,신월6동,473483,126.84213,37.51597,151123
202408,1147061100,신월7동,900522,126.83234,37.52066,175901
202408,1147062000,신정1동,739881,126.85963,37.51888,194969
202408,1147063000,신정2동,648695,126.87518,37.51895,97434
202408,1147064000,신정3동,3169421,126.8394,37.51178,796357
202408,1147065000,신정4동,996239,126.85757,37.52541,835518
202408,1147067000,신정6동,926759,126.86964,37.51591,172933
202408,1147068000,신정7동,1143920,126.86468,37.51012,347366
202408,1150051000,염창동,2389890,126.87543,37.55321,407096
202408,1150052000,등촌제1동,658950,126.85963,37.55586,463460
202408,1150053000,등촌제2동,895367,126.86003,37.54574,221615
202408,1150053500,등촌제3동,1042691,126.84634,37.56105,1002638
202408,1150054000,화곡제1동,1192600,126.84094,37.53378,2149906
202408,1150055000,화곡제2동,456930,126.85437,37.53228,154113
202408,1150056000,화곡제3동,526606,126.83427,37.54406,131060
202408,1150057000,화곡제4동,855978,126.85858,37.5361,157485
202408,1150059000,화곡본동,982074,126.84816,37.54257,274207
202408,1150059100,화곡제6동,1062894,126.85117,37.55172,433050
202408,1150059300,화곡제8동,575541,126.84863,37.53422,254702
202408,1150060300,가양제1동,5543738,126.83435,37.5731,1413781
202408,1150060400,가양제2동,1012806,126.85401,37.56866,68655
202408,1150060500,가양제3동,932533,126.8623,37.56268,63026
202408,1150061100,발산제1동,2963745,126.82558,37.55045,742842
202408,1150061500,우장산동,1245257,126.84102,37.55057,994388
202408,1150062000,공항동,11581226,126.79496,37.55649,503701
202408,1150063000,방화제1동,1487371,126.81755,37.56864,556198
202408,1150064000,방화제2동,5640487,126.80451,37.5838,1228555
202408,1153051000,신도림동,1376469,126.88285,37.50973,2063685
202408,1153052000,구로제1동,1083279,126.87546,37.49303,116729
202408,1153053000,구로제2동,1809928,126.87949,37.49745,832473
202408,1153054000,구로제3동,1043117,126.89498,37.48488,2573637
202408,1153055000,구로제4동,516496,126.8902,37.49154,231753
202408,1153056000,구로제5동,1023242,126.88848,37.50203,725321
202408,1153059500,가리봉동,408284,126.88826,37.48256,215436
202408,1153072000,고척제1동,1132884,126.8634,37.50066,401013
202408,1153073000,고척제2동,997120,126.85331,37.50585,307424
202408,1153074000,개봉제1동,1126936,126.84988,37.49988,932039
202408,1153075000,개봉제2동,815642,126.85636,37.49273,328711
202408,1153076000,개봉제3동,848662,126.85241,37.48684,124997
202408,1153077000,오류제1동,747283,126.84163,37.49696,413208
202408,1153078000,오류제2동,3081182,126.83837,37.48526,598876
202408,1153079000,수궁동,2630691,126.82607,37.49828,726251
202408,1153080000,항동,1431213,126.82449,37.48103,99877
202408,1154551000,가산동,2244201,126.88434,37.47684,2353250
202408,1154561000,독산제1동,1964400,126.89272,37.4642,745663
202408,1154562000,독산제2동,616195,126.90255,37.46383,292674
202408,1154563000,독산제3동,945991,126.90459,37.47593,452422
202408,1154564000,독산제4동,619603,126.90405,37.46922,326745
202408,1154567000,시흥제1동,1476950,126.90015,37.45289,679202
202408,1154568000,시흥제2동,1180173,126.92007,37.45059,161266
202408,1154569000,시흥제3동,1335878,126.90593,37.44028,100494
202408,1154570000,시흥제4동,771262,126.90911,37.46008,221744
202408,1154571000,시흥제5동,1426902,126.91243,37.44875,340993
202408,1156051500,영등포본동,808233,126.9097,37.51372,798006
202408,1156053500,영등포동,1415805,126.90784,37.52152,1539555
202408,1156054000,여의동,6656365,126.92757,37.52749,4230942
202408,1156055000,당산제1동,743499,126.89685,37.52393,998786
202408,1156056000,당산제2동,1564124,126.90391,37.53298,1592648
202408,1156058500,도림동,549811,126.90124,37.50928,163204
202408,1156060500,문래동,1742935,126.89147,37.51638,993265
202408,1156061000,양평제1동,864764,126.88707,37.52507,382616
202408,1156062000,양평제2동,1892053,126.89418,37.5406,539767
202408,1156063000,신길제1동,811808,126.91951,37.51234,547686
202408,1156065000,신길제3동,480412,126.90589,37.50645,197312
202408,1156066000,신길제4동,288284,126.91292,37.50728,130666
202408,1156067000,신길제5동,530930,126.90555,37.50112,122696
202408,1156068000,신길제6동,679799,126.91354,37.49916,534217
202408,1156069000,신길제7동,548054,126.9198,37.5058,497393
202408,1156070000,대림제1동,481705,126.90526,37.49377,171162
202408,1156071000,대림제2동,578880,126.90064,37.48963,154422
202408,1156072000,대림제3동,937514,126.89727,37.49987,1173964
202408,1159051000,노량진제1동,1878710,126.94915,37.51303,1776106
202408,1159052000,노량진제2동,661468,126.938,37.51093,410791
202408,1159053000,상도제1동,1431135,126.95347,37.49833,1496827
202408,1159054000,상도제2동,776948,126.94206,37.50367,615543
202408,1159055000,상도제3동,673241,126.93335,37.49723,272233
202408,1159056000,상도제4동,968511,126.94076,37.49743,218764
202408,1159060500,흑석동,2097147,126.96376,37.5063,770100
202408,1159062000,사당제1동,632726,126.97741,37.47972,273588
202408,1159063000,사당제2동,3039007,126.97519,37.49823,1500234
202408,1159064000,사당제3동,894355,126.97086,37.48881,194193
202408,1159065000,사당제4동,427255,126.97077,37.48059,351483
202408,1159065100,사당제5동,661737,126.96504,37.4858,126217
202408,1159066000,대방동,1587711,126.92803,37.50711,1265407
202408,1159067000,신대방제1동,684048,126.91071,37.48995,188018
202408,1159068000,신대방제2동,1033193,126.92153,37.49431,468563
202408,1162052500,보라매동,762164,126.93259,37.49036,341229
202408,1162054500,청림동,316540,126.95957,37.48941,128630
202408,1162056500,성현동,686448,126.95117,37.48951,288889
202408,1162057500,행운동,723778,126.96062,37.4809,480607
202408,1162058500,낙성대동,2342295,126.96005,37.46723,484435
202408,1162059500,청룡동,1217892,126.94588,37.47805,2448909
202408,1162060500,은천동,734719,126.94221,37.48682,444046
202408,1162061500,중앙동,380017,126.95062,37.48412,289222
202408,1162062500,인헌동,706179,126.96662,37.47208,1007442
202408,1162063000,남현동,4235911,126.97664,37.46247,2125101
202408,1162064500,서원동,631090,126.93344,37.4806,2326402
202408,1162065500,신원동,576667,126.9267,37.4793,85881
202408,1162066500,서림동,762657,126.93921,37.47355,434971
202408,1162068500,신사동,605859,126.91875,37.48563,874542
202408,1162069500,신림동,507637,126.92761,37.4869,654477
202408,1162071500,난향동,800353,126.91827,37.46159,169592
202408,1162072500,조원동,648305,126.90753,37.48294,783514
202408,1162073500,대학동,8316533,126.94848,37.45347,731299
202408,1162074500,삼성동,2589521,126.93014,37.46067,286136
202408,1162076500,미성동,1341134,126.91543,37.47594,480673
202408,1162077500,난곡동,1014887,126.92105,37.4705,318361
202408,1165051000,서초1동,1371823,127.02014,37.48696,1557318
202408,1165052000,서초2동,1234893,127.02791,37.48882,3085251
202408,1165053000,서초3동,3010786,127.00959,37.48543,2169278
202408,1165053100,서초4동,876369,127.01996,37.49899,448712
202408,1165054000,잠원동,1837867,127.01304,37.51764,442039
202408,1165055000,반포본동,1539963,126.98648,37.50629,91378
202408,1165056000,반포1동,1009783,127.01663,37.50551,656424
202408,1165057000,반포2동,1242525,126.9957,37.50638,345311
202408,1165058000,반포3동,1309158,127.00359,37.51241,434580
202408,1165058100,반포4동,1458521,127.00329,37.49958,3052349
202408,1165059000,방배본동,659648,126.98777,37.49495,220813
202408,1165060000,방배1동,698070,126.9963,37.48491,647553
202408,1165061000,방배2동,1934493,126.98849,37.47301,292625
202408,1165062000,방배3동,2412263,126.9979,37.47432,714615
202408,1165062100,방배4동,941537,126.99099,37.48982,306732
202408,1165065100,양재1동,5738915,127.02253,37.46956,2115395
202408,1165065200,양재2동,7433699,127.04591,37.45115,699212
202408,1165066000,내곡동,13138298,127.07055,37.45652,272578
202408,1168051000,신사동,1741768,127.0214,37.52572,383672
202408,1168052100,논현1동,1246164,127.0265,37.51191,1997941
202408,1168053100,논현2동,1440614,127.03622,37.51521,1599829
202408,1168054500,압구정동,2512082,127.03348,37.53027,1925799
202408,1168056500,청담동,2355811,127.0505,37.52454,588365
202408,1168058000,삼성1동,1925054,127.06063,37.5154,1782435
202408,1168059000,삼성2동,1258529,127.04876,37.51184,992208
202408,1168060000,대치1동,807837,127.05897,37.49339,485091
202408,1168061000,대치2동,2060695,127.06642,37.50058,2634740
202408,1168063000,대치4동,703180,127.0549,37.50166,2183564
202408,1168064000,역삼1동,2366859,127.03549,37.50089,4061934
202408,1168065000,역삼2동,1123383,127.04489,37.4985,551559
202408,1168065500,도곡1동,1010321,127.04098,37.48905,698039
202408,1168065600,도곡2동,1031472,127.04965,37.48821,887657
202408,1168066000,개포1동,1741195,127.06471,37.47928,169480
202408,1168067000,개포2동,1586586,127.06763,37.48648,511345
202408,1168067500,개포3동,1560000,127.0756,37.4926645,407857
202408,1168069000,개포4동,1583608,127.05324,37.47555,226012
202408,1168070000,세곡동,5912729,127.10435,37.47107,497490
202408,1168072000,일원본동,2426105,127.08467,37.48237,539221
202408,1168073000,일원1동,946206,127.08925,37.49339,100586
202408,1168075000,수서동,1624149,127.10057,37.48684,1312795
202408,1171051000,풍납1동,1057854,127.1143,37.53824,118699
202408,1171052000,풍납2동,1992907,127.11013,37.52985,191188
202408,1171053100,거여1동,506282,127.14168,37.49439,366581
202408,1171053200,거여2동,505978,127.14717,37.49238,102893
202408,1171054000,마천1동,519561,127.15572,37.49478,304664
202408,1171055000,마천2동,958068,127.15146,37.50033,194218
202408,1171056100,방이1동,585493,127.12232,37.50977,318884
202408,1171056200,방이2동,767575,127.11383,37.51325,397438
202408,1171056600,오륜동,3138116,127.12851,37.51766,667770
202408,1171057000,오금동,1733642,127.1344,37.50399,618311
202408,1171058000,송파1동,696743,127.11032,37.50717,554961
202408,1171059000,송파2동,599279,127.11683,37.50284,71201
202408,1171060000,석촌동,932452,127.10246,37.50272,818491
202408,1171061000,삼전동,990522,127.09191,37.50172,229784
202408,1171062000,가락본동,1049756,127.12164,37.49722,286618
202408,1171063100,가락1동,1368008,127.10824,37.49533,951022
202408,1171063200,가락2동,941692,127.13064,37.49586,602016
202408,1171064100,문정1동,667814,127.12686,37.48817,142888
202408,1171064200,문정2동,2357239,127.11914,37.48069,1113827
202408,1171064600,장지동,1221454,127.13163,37.48279,809738
202408,1171064700,위례동,2608006,127.14124,37.48166,417442
202408,1171065000,잠실본동,1140205,127.08229,37.50551,567320
202408,1171067000,잠실2동,2877277,127.07882,37.51772,822336
202408,1171068000,잠실3동,1514431,127.09432,37.51364,535964
202408,1171069000,잠실4동,840215,127.10815,37.52125,671307
202408,1171071000,잠실6동,1398484,127.09998,37.51907,3447064
202408,1171072000,잠실7동,680575,127.0741,37.50748,792023
202408,1174051500,강일동,3653950,127.17402,37.56389,289734
202408,1174052500,상일제1동,1781219,127.16484,37.55074,731861
202408,1174052600,상일제2동,1090000,127.17784,37.55674,70462
202408,1174053000,명일제1동,621207,127.14594,37.55037,454090
202408,1174054000,명일제2동,937505,127.1542,37.54829,451066
202408,1174055000,고덕제1동,1905349,127.15031,37.56335,117831
202408,1174056000,고덕제2동,2415151,127.16164,37.56586,195844
202408,1174057000,암사제1동,730232,127.13459,37.55186,98020
202408,1174058000,암사제2동,2442627,127.12324,37.55738,544245
202408,1174059000,암사제3동,1853001,127.13851,37.5615,193195
202408,1174060000,천호제1동,685407,127.13858,37.54632,404701
202408,1174061000,천호제2동,1828587,127.12228,37.54469,326910
202408,1174062000,천호제3동,538847,127.1332,37.53965,142851
202408,1174064000,성내제1동,661583,127.12552,37.52876,463989
202408,1174065000,성내제2동,626571,127.12774,37.53436,1762327
202408,1174066000,성내제3동,642074,127.1338,37.5284,149077
202408,1174068500,길동,1601118,127.14591,37.53973,552284
202408,1174069000,둔촌제1동,896155,127.14043,37.52315,331591
202408,1174070000,둔촌제2동,1594005,127.14741,37.53151,548916
202409,1111051500,청운효자동,2438307,126.97042,37.58466,244634
202409,1111053000,사직동,1165780,126.97014,37.57411,2395789
202409,1111054000,삼청동,1361445,126.98111,37.58801,140197
202409,1111055000,부암동,2202073,126.96256,37.5967,295810
202409,1111056000,평창동,9017316,126.96927,37.61396,256566
202409,1111057000,무악동,467575,126.95899,37.57774,58383
202409,1111058000,교남동,345990,126.96416,37.57105,295319
202409,1111060000,가회동,605383,126.98662,37.58268,68101
202409,1111061500,종로1.2.3.4가동,2394166,126.98973,37.57508,5104170
202409,1111063000,종로5.6가동,633463,127.00424,37.57302,1883085
202409,1111064000,이화동,755902,127.00307,37.57969,1427095
202409,1111065000,혜화동,1164691,126.99769,37.58747,575510
202409,1111067000,창신제1동,313832,127.01402,37.57226,301784
202409,1111068000,창신제2동,249894,127.01025,37.57575,6389
202409,1111069000,창신제3동,220395,127.01321,37.57882,139084
202409,1111070000,숭인제1동,237128,127.01686,37.57723,199350
202409,1111071000,숭인제2동,321465,127.02064,37.57431,724430
202409,1114052000,소공동,935656,126.97436,37.5643,2274398
202409,1114054000,회현동,892974,126.97671,37.55697,3987000
202409,1114055000,명동,1006850,126.98436,37.56373,3030997
202409,1114057000,필동,1478522,126.99385,37.5568,1035146
202409,1114058000,장충동,1003083,127.00228,37.55561,476794
202409,1114059000,광희동,752739,127.00363,37.5652,1455116
202409,1114060500,을지로동,599530,126.99649,37.56664,1621617
202409,1114061500,신당동,541354,127.01377,37.56575,778658
202409,1114062500,다산동,546686,127.00826,37.5547,109876
202409,1114063500,약수동,511938,127.01024,37.54984,629890
202409,1114064500,청구동,330066,127.01499,37.55686,76042
202409,1114065000,신당제5동,315652,127.02202,37.56358,181226
202409,1114066500,동화동,344934,127.01867,37.56059,247315
202409,1114067000,황학동,314878,127.0208,37.56842,124232
202409,1114068000,중림동,492309,126.96596,37.55732,153483
202409,1117051000,후암동,865282,126.98059,37.54994,186699
202409,1117052000,용산2가동,2045385,126.98353,37.54024,590067
202409,1117053000,남영동,751924,126.97351,37.54511,1186181
202409,1117055500,청파동,854585,126.96717,37.54786,248612
202409,1117056000,원효로제1동,563923,126.96656,37.53747,269220
202409,1117057000,원효로제2동,943601,126.95139,37.5331,168445
202409,1117058000,효창동,502716,126.96131,37.54305,395421
202409,1117059000,용문동,268086,126.95858,37.53815,92779
202409,1117062500,한강로동,2632658,126.96786,37.52918,2790793
202409,1117063000,이촌제1동,2128932,126.97096,37.51728,207323
202409,1117064000,이촌제2동,1203554,126.95394,37.52333,112924
202409,1117065000,이태원제1동,533547,126.99325,37.53339,547894
202409,1117066000,이태원제2동,891712,126.99213,37.54166,132141
202409,1117068500,한남동,3194899,127.0058,37.5371,1086219
202409,1117069000,서빙고동,2917053,126.98838,37.52247,261649
202409,1117070000,보광동,872912,127.00126,37.52587,113870
202409,1120052000,왕십리제2동,334371,127.02769,37.5615,522404
202409,1120053500,왕십리도선동,721844,127.02957,37.56679,233717
202409,1120054000,마장동,1127258,127.04049,37.56764,342995
202409,1120055000,사근동,1154150,127.04543,37.55801,620422
202409,1120056000,행당제1동,566619,127.03606,37.55902,1262578
202409,1120057000,행당제2동,479532,127.0295,37.55668,380890
202409,1120058000,응봉동,563044,127.03398,37.55099,138058
202409,1120059000,금호1가동,407653,127.02506,37.55367,296232
202409,1120061500,금호2.3가동,665732,127.01989,37.55143,151403
202409,1120062000,금호4가동,930024,127.0246,37.54459,441734
202409,1120064500,옥수동,1250869,127.01618,37.54197,472416
202409,1120065000,성수1가제1동,2238042,127.04104,37.54042,371870
202409,1120066000,성수1가제2동,977066,127.04395,37.54907,772787
202409,1120067000,성수2가제1동,1150487,127.05528,37.53666,170271
202409,1120069000,성수2가제3동,1046168,127.05814,37.54554,1353434
202409,1120072000,송정동,587634,127.0657,37.55233,86700
202409,1120079000,용답동,2372731,127.05785,37.55854,1200322
202409,1121571000,화양동,1178002,127.07346,37.54327,1772699
202409,1121573000,군자동,734486,127.07368,37.55307,292515
202409,1121574000,중곡제1동,590812,127.07772,37.56204,137467
202409,1121575000,중곡제2동,544506,127.08459,37.55891,172268
202409,1121576000,중곡제3동,602735,127.08197,37.56785,453203
202409,1121577000,중곡제4동,2284644,127.09445,37.56391,106619
202409,1121578000,능동,1083377,127.08165,37.55066,1403713
202409,1121581000,광장동,2755836,127.10487,37.54828,484527
202409,1121582000,자양제1동,565020,127.08042,37.53554,184880
202409,1121583000,자양제2동,1631119,127.08325,37.52933,211224
202409,1121584000,자양제3동,1134722,127.0712,37.53169,201052
202409,1121584700,자양제4동,1155166,127.06377,37.53389,508808
202409,1121585000,구의제1동,552319,127.08603,37.54149,901409
202409,1121586000,구의제2동,1380731,127.09445,37.551,650087
202409,1121587000,구의제3동,1450497,127.09524,37.53509,1002962
202409,1123053600,용신동,1573645,127.03229,37.57562,2101790
202409,1123054500,제기동,1181233,127.03724,37.58368,933795
202409,1123056000,전농제1동,1170148,127.05105,37.57901,1619303
202409,1123057000,전농제2동,995125,127.06114,37.58072,275728
202409,1123060000,답십리제1동,798544,127.0517,37.57094,225053
202409,1123061000,답십리제2동,824988,127.06111,37.57089,311938
202409,1123065000,장안제1동,1365375,127.06859,37.56623,551413
202409,1123066000,장안제2동,1132972,127.07254,37.57576,432577
202409,1123070500,청량리동,1176505,127.04512,37.58894,404374
202409,1123071000,회기동,803887,127.05141,37.5937,243164
202409,1123072000,휘경제1동,510437,127.06247,37.59187,881086
202409,1123073000,휘경제2동,1195510,127.06644,37.58651,343738
202409,1123074000,이문제1동,1005087,127.06029,37.59722,432334
202409,1123075000,이문제2동,805192,127.06749,37.60283,263969
202409,1126052000,면목제2동,744933,127.07814,37.58938,195597
202409,1126054000,면목제4동,849250,127.08647,37.57348,307390
202409,1126055000,면목제5동,590803,127.07967,37.58297,140256
202409,1126056500,면목본동,827948,127.08953,37.58834,810120
202409,1126057000,면목제7동,1180742,127.09269,37.57729,189986
202409,1126057500,면목제3.8동,1400985,127.09738,37.5846,765069
202409,1126058000,상봉제1동,861947,127.08947,37.60203,184838
202409,1126059000,상봉제2동,655590,127.0839,37.59425,1085168
202409,1126060000,중화제1동,669339,127.08315,37.60229,102953
202409,1126061000,중화제2동,957879,127.07521,37.59872,690965
202409,1126062000,묵제1동,1207708,127.08245,37.61374,218382
202409,1126063000,묵제2동,668183,127.07467,37.61037,375184
202409,1126065500,망우본동,2948005,127.10754,37.60199,586144
202409,1126066000,망우제3동,991213,127.10294,37.59181,137158
202409,1126068000,신내1동,2490403,127.10451,37.6128,685789
202409,1126069000,신내2동,935095,127.09162,37.61095,291022
202409,1129052500,성북동,2416176,126.99615,37.59587,441394
202409,1129055500,삼선동,912074,127.0118,37.58662,1770930
202409,1129057500,동선동,731808,127.01843,37.59374,540876
202409,1129058000,돈암제1동,461014,127.02404,37.59933,405068
202409,1129059000,돈암제2동,523725,127.01163,37.59728,164103
202409,1129060000,안암동,1274562,127.02731,37.58725,671340
202409,1129061000,보문동,589971,127.01922,37.5826,442674
202409,1129062000,정릉제1동,389711,127.01665,37.60326,359727
202409,1129063000,정릉제2동,1126034,127.00812,37.60379,315992
202409,1129064000,정릉제3동,3357947,126.99377,37.61226,297067
202409,1129065000,정릉제4동,3712601,126.99518,37.62351,568619
202409,1129066000,길음제1동,818440,127.01974,37.60811,1078019
202409,1129068500,길음제2동,616132,127.02723,37.60797,310565
202409,1129070500,종암동,1520021,127.03337,37.59725,549673
202409,1129071500,월곡제1동,764805,127.03645,37.60788,325963
202409,1129072500,월곡제2동,1334181,127.04519,37.6033,714010
202409,1129076000,장위제1동,724308,127.04426,37.61494,253942
202409,1129077000,장위제2동,665829,127.05173,37.61222,443377
202409,1129078000,장위제3동,682909,127.05349,37.61818,179797
202409,1129081000,석관동,1731086,127.06134,37.60826,858550
202409,1130553400,삼양동,951708,127.01468,37.62379,355217
202409,1130553500,미아동,853875,127.02629,37.6287,762235
202409,1130554500,송중동,1061923,127.03292,37.6177,942138
202409,1130555500,송천동,939469,127.02487,37.61822,1162990
202409,1130557500,삼각산동,586701,127.01683,37.61713,232010
202409,1130559500,번1동,595659,127.03054,37.63763,1572565
202409,1130560300,번2동,1012328,127.03479,37.62952,253358
202409,1130560800,번3동,1091074,127.04234,37.62378,204879
202409,1130561500,수유1동,1728230,127.00884,37.62993,427181
202409,1130562500,수유2동,606037,127.0195,37.6454,279624
202409,1130563500,수유3동,730661,127.02355,37.64046,603687
202409,1130564500,우이동,10697189,127.00032,37.66035,480352
202409,1130566000,인수동,2860095,127.00396,37.63764,276120
202409,1132051100,창제1동,1093061,127.04356,37.64714,1247031
202409,1132051200,창제2동,682713,127.03682,37.64263,212414
202409,1132051300,창제3동,637773,127.04163,37.63736,157138
202409,1132051400,창제4동,1114658,127.05093,37.65258,341673
202409,1132051500,창제5동,690264,127.04277,37.65536,951492
202409,1132052100,도봉제1동,8508462,127.02679,37.68508,313932
202409,1132052200,도봉제2동,1195130,127.04779,37.68119,656505
202409,1132066000,쌍문제1동,1160994,127.01951,37.65303,240694
202409,1132067000,쌍문제2동,531978,127.037,37.65706,268586
202409,1132068000,쌍문제3동,499481,127.03059,37.64769,233467
202409,1132068100,쌍문제4동,577003,127.03041,37.65555,182711
202409,1132069000,방학제1동,1060647,127.04352,37.66503,455304
202409,1132070000,방학제2동,1108653,127.03226,37.66915,132822
202409,1132071000,방학제3동,1860513,127.02347,37.6628,241606
202409,1135056000,월계1동,1178816,127.0586,37.62181,393151
202409,1135057000,월계2동,1991879,127.05121,37.63407,350178
202409,1135058000,월계3동,1167762,127.06489,37.62466,369463
202409,1135059500,공릉1동,1208569,127.07277,37.62412,1034287
202409,1135060000,공릉2동,7264834,127.09423,37.63161,693739
202409,1135061100,하계1동,1441008,127.07481,37.63862,314891
202409,1135061200,하계2동,505737,127.06482,37.63484,668512
202409,1135061900,중계본동,2061637,127.08576,37.64814,247665
202409,1135062100,중계1동,608503,127.0735,37.65002,185008
202409,1135062400,중계4동,1457885,127.08224,37.65885,185759
202409,1135062500,중계2.3동,946538,127.06589,37.64334,673160
202409,1135063000,상계1동,5016467,127.06533,37.68327,568829
202409,1135064000,상계2동,591000,127.06727,37.65649,1510003
202409,1135066500,상계3.4동,5783082,127.08327,37.67515,337359
202409,1135067000,상계5동,492170,127.0696,37.66322,698782
202409,1135069500,상계6.7동,1425634,127.06009,37.64875,357149
202409,1135070000,상계8동,661888,127.05365,37.66629,432527
202409,1135071000,상계9동,837674,127.0625,37.66807,112437
202409,1135072000,상계10동,828158,127.0584,37.65964,203245
202409,1138051000,녹번동,1915175,126.93505,37.60542,903184
202409,1138052000,불광제1동,3346747,126.93927,37.61731,593226
202409,1138053000,불광제2동,1338273,126.92865,37.62437,330162
202409,1138055100,갈현제1동,953450,126.91489,37.62535,1104121
202409,1138055200,갈현제2동,1053392,126.91212,37.61828,507134
202409,1138056000,구산동,1352647,126.90765,37.61106,284773
202409,1138057000,대조동,871085,126.9231,37.61228,976663
202409,1138058000,응암제1동,1160262,126.9269,37.59826,501518
202409,1138059000,응암제2동,746941,126.92302,37.59189,184213
202409,1138060000,응암제3동,733293,126.91775,37.58865,360358
202409,1138062500,역촌동,1087046,126.91453,37.60457,427237
202409,1138063100,신사제1동,830268,126.90884,37.59899,755410
202409,1138063200,신사제2동,1041042,126.90629,37.59289,529090
202409,1138064000,증산동,919884,126.90581,37.58378,518514
202409,1138065000,수색동,1140125,126.8949,37.58577,275469
202409,1138069000,진관동,12911565,126.94052,37.63928,1307718
202409,1141052000,천연동,893844,126.95714,37.57121,532214
202409,1141055500,북아현동,444705,126.95552,37.55925,213242
202409,1141056500,충현동,1136892,126.9581,37.56391,1285940
202409,1141058500,신촌동,2566839,126.94106,37.56364,2530724
202409,1141061500,연희동,2825921,126.93273,37.57201,887615
202409,1141062000,홍제제1동,1561215,126.9452,37.58154,1138369
202409,1141064000,홍제제3동,1031592,126.95116,37.59202,287200
202409,1141065500,홍제제2동,712529,126.95253,37.58455,169698
202409,1141066000,홍은제1동,1550491,126.94703,37.59998,216145
202409,1141068500,홍은제2동,2048086,126.93217,37.58699,648623
202409,1141069000,남가좌제1동,447138,126.9162,37.57169,371105
202409,1141070000,남가좌제2동,812456,126.92133,37.57762,388039
202409,1141071000,북가좌제1동,581080,126.908,37.57527,167410
202409,1141072000,북가좌제2동,795331,126.9135,37.581,318355
202409,1144055500,아현동,731252,126.95284,37.55193,841000
202409,1144056500,공덕동,1002153,126.95779,37.54912,1363655
202409,1144058500,도화동,860064,126.94681,37.53704,229789
202409,1144059000,용강동,956700,126.94127,37.54059,536201
202409,1144060000,대흥동,836007,126.9414,37.55212,1314833
202409,1144061000,염리동,539922,126.94755,37.54982,119450
202409,1144063000,신수동,1118424,126.93364,37.54363,65259
202409,1144065500,서강동,1715559,126.92516,37.54595,752771
202409,1144066000,서교동,1647625,126.92094,37.55477,5687941
202409,1144068000,합정동,1753036,126.90884,37.54687,207910
202409,1144069000,망원제1동,1124872,126.90021,37.55275,189002
202409,1144070000,망원제2동,1208058,126.89568,37.55712,153464
202409,1144071000,연남동,647383,126.92154,37.56303,225640
202409,1144072000,성산제1동,864039,126.91185,37.56198,228449
202409,1144073000,성산제2동,1963168,126.90204,37.56811,1034501
202409,1144074000,상암동,7678191,126.88086,37.57179,1476432
202409,1147051000,목1동,1564660,126.8751,37.52744,1615677
202409,1147052000,목2동,1054247,126.8741,37.54359,788425
202409,1147053000,목3동,500764,126.86541,37.5452,592787
202409,1147054000,목4동,561686,126.8669,37.53544,261059
202409,1147055000,목5동,2069098,126.88103,37.53631,423469
202409,1147056000,신월1동,630072,126.83453,37.53127,124196
202409,1147057000,신월2동,614213,126.84633,37.5234,199349
202409,1147058000,신월3동,926653,126.82747,37.53236,97882
202409,1147059000,신월4동,454712,126.83982,37.52225,165762
202409,1147060000,신월5동,515356,126.8299,37.54004,116076
202409,1147061000,신월6동,473483,126.84213,37.51597,144321
202409,1147061100,신월7동,900522,126.83234,37.52066,167261
202409,1147062000,신정1동,739881,126.85963,37.51888,177160
202409,1147063000,신정2동,648695,126.87518,37.51895,90400
202409,1147064000,신정3동,3169421,126.8394,37.51178,772228
202409,1147065000,신정4동,996239,126.85757,37.52541,796633
202409,1147067000,신정6동,926759,126.86964,37.51591,160623
202409,1147068000,신정7동,1143920,126.86468,37.51012,335476
202409,1150051000,염창동,2389890,126.87543,37.55321,376418
202409,1150052000,등촌제1동,658950,126.85963,37.55586,431094
202409,1150053000,등촌제2동,895367,126.86003,37.54574,213015
202409,1150053500,등촌제3동,1042691,126.84634,37.56105,950656
202409,1150054000,화곡제1동,1192600,126.84094,37.53378,2053857
202409,1150055000,화곡제2동,456930,126.85437,37.53228,141818
202409,1150056000,화곡제3동,526606,126.83427,37.54406,122876
202409,1150057000,화곡제4동,855978,126.85858,37.5361,150187
202409,1150059000,화곡본동,982074,126.84816,37.54257,258350
202409,1150059100,화곡제6동,1062894,126.85117,37.55172,412612
202409,1150059300,화곡제8동,575541,126.84863,37.53422,237765
202409,1150060300,가양제1동,5543738,126.83435,37.5731,1309128
202409,1150060400,가양제2동,1012806,126.85401,37.56866,64455
202409,1150060500,가양제3동,932533,126.8623,37.56268,60869
202409,1150061100,발산제1동,2963745,126.82558,37.55045,712973
202409,1150061500,우장산동,1245257,126.84102,37.55057,937458
202409,1150062000,공항동,11581226,126.79496,37.55649,479324
202409,1150063000,방화제1동,1487371,126.81755,37.56864,522884
202409,1150064000,방화제2동,5640487,126.80451,37.5838,1152661
202409,1153051000,신도림동,1376469,126.88285,37.50973,1951762
202409,1153052000,구로제1동,1083279,126.87546,37.49303,107858
202409,1153053000,구로제2동,1809928,126.87949,37.49745,778431
202409,1153054000,구로제3동,1043117,126.89498,37.48488,2405816
202409,1153055000,구로제4동,516496,126.8902,37.49154,220282
202409,1153056000,구로제5동,1023242,126.88848,37.50203,681232
202409,1153059500,가리봉동,408284,126.88826,37.48256,205395
202409,1153072000,고척제1동,1132884,126.8634,37.50066,378122
202409,1153073000,고척제2동,997120,126.85331,37.50585,286834
202409,1153074000,개봉제1동,1126936,126.84988,37.49988,893656
202409,1153075000,개봉제2동,815642,126.85636,37.49273,316584
202409,1153076000,개봉제3동,848662,126.85241,37.48684,118551
202409,1153077000,오류제1동,747283,126.84163,37.49696,396443
202409,1153078000,오류제2동,3081182,126.83837,37.48526,577935
202409,1153079000,수궁동,2630691,126.82607,37.49828,729819
202409,1153080000,항동,1431213,126.82449,37.48103,95823
202409,1154551000,가산동,2244201,126.88434,37.47684,2149110
202409,1154561000,독산제1동,1964400,126.89272,37.4642,695274
202409,1154562000,독산제2동,616195,126.90255,37.46383,276186
202409,1154563000,독산제3동,945991,126.90459,37.47593,434996
202409,1154564000,독산제4동,619603,126.90405,37.46922,313212
202409,1154567000,시흥제1동,1476950,126.90015,37.45289,649688
202409,1154568000,시흥제2동,1180173,126.92007,37.45059,152967
202409,1154569000,시흥제3동,1335878,126.90593,37.44028,97471
202409,1154570000,시흥제4동,771262,126.90911,37.46008,211917
202409,1154571000,시흥제5동,1426902,126.91243,37.44875,324388
202409,1156051500,영등포본동,808233,126.9097,37.51372,749440
202409,1156053500,영등포동,1415805,126.90784,37.52152,1434087
202409,1156054000,여의동,6656365,126.92757,37.52749,3919222
202409,1156055000,당산제1동,743499,126.89685,37.52393,937869
202409,1156056000,당산제2동,1564124,126.90391,37.53298,1534251
202409,1156058500,도림동,549811,126.90124,37.50928,151329
202409,1156060500,문래동,1742935,126.89147,37.51638,915101
202409,1156061000,양평제1동,864764,126.88707,37.52507,354307
202409,1156062000,양평제2동,1892053,126.89418,37.5406,513337
202409,1156063000,신길제1동,811808,126.91951,37.51234,518440
202409,1156065000,신길제3동,480412,126.90589,37.50645,188552
202409,1156066000,신길제4동,288284,126.91292,37.50728,123324
202409,1156067000,신길제5동,530930,126.90555,37.50112,111968
202409,1156068000,신길제6동,679799,126.91354,37.49916,511523
202409,1156069000,신길제7동,548054,126.9198,37.5058,477748
202409,1156070000,대림제1동,481705,126.90526,37.49377,164976
202409,1156071000,대림제2동,578880,126.90064,37.48963,150249
202409,1156072000,대림제3동,937514,126.89727,37.49987,1149252
202409,1159051000,노량진제1동,1878710,126.94915,37.51303,1779720
202409,1159052000,노량진제2동,661468,126.938,37.51093,413286
202409,1159053000,상도제1동,1431135,126.95347,37.49833,1665996
202409,1159054000,상도제2동,776948,126.94206,37.50367,592232
202409,1159055000,상도제3동,673241,126.93335,37.49723,256227
202409,1159056000,상도제4동,968511,126.94076,37.49743,207642
202409,1159060500,흑석동,2097147,126.96376,37.5063,834006
202409,1159062000,사당제1동,632726,126.97741,37.47972,261856
202409,1159063000,사당제2동,3039007,126.97519,37.49823,1472816
202409,1159064000,사당제3동,894355,126.97086,37.48881,190372
202409,1159065000,사당제4동,427255,126.97077,37.48059,339179
202409,1159065100,사당제5동,661737,126.96504,37.4858,123736
202409,1159066000,대방동,1587711,126.92803,37.50711,1238038
202409,1159067000,신대방제1동,684048,126.91071,37.48995,183504
202409,1159068000,신대방제2동,1033193,126.92153,37.49431,437527
202409,1162052500,보라매동,762164,126.93259,37.49036,320960
202409,1162054500,청림동,316540,126.95957,37.48941,117800
202409,1162056500,성현동,686448,126.95117,37.48951,280913
202409,1162057500,행운동,723778,126.96062,37.4809,459234
202409,1162058500,낙성대동,2342295,126.96005,37.46723,499770
202409,1162059500,청룡동,1217892,126.94588,37.47805,2385966
202409,1162060500,은천동,734719,126.94221,37.48682,416618
202409,1162061500,중앙동,380017,126.95062,37.48412,277453
202409,1162062500,인헌동,706179,126.96662,37.47208,955312
202409,1162063000,남현동,4235911,126.97664,37.46247,2053851
202409,1162064500,서원동,631090,126.93344,37.4806,2201005
202409,1162065500,신원동,576667,126.9267,37.4793,81424
202409,1162066500,서림동,762657,126.93921,37.47355,443643
202409,1162068500,신사동,605859,126.91875,37.48563,839112
202409,1162069500,신림동,507637,126.92761,37.4869,611345
202409,1162071500,난향동,800353,126.91827,37.46159,162193
202409,1162072500,조원동,648305,126.90753,37.48294,736752
202409,1162073500,대학동,8316533,126.94848,37.45347,821233
202409,1162074500,삼성동,2589521,126.93014,37.46067,279361
202409,1162076500,미성동,1341134,126.91543,37.47594,450153
202409,1162077500,난곡동,1014887,126.92105,37.4705,304549
202409,1165051000,서초1동,1371823,127.02014,37.48696,1482975
202409,1165052000,서초2동,1234893,127.02791,37.48882,2767169
202409,1165053000,서초3동,3010786,127.00959,37.48543,2070489
202409,1165053100,서초4동,876369,127.01996,37.49899,399502
202409,1165054000,잠원동,1837867,127.01304,37.51764,417166
202409,1165055000,반포본동,1539963,126.98648,37.50629,92598
202409,1165056000,반포1동,1009783,127.01663,37.50551,608320
202409,1165057000,반포2동,1242525,126.9957,37.50638,356452
202409,1165058000,반포3동,1309158,127.00359,37.51241,431664
202409,1165058100,반포4동,1458521,127.00329,37.49958,2943340
202409,1165059000,방배본동,659648,126.98777,37.49495,207410
202409,1165060000,방배1동,698070,126.9963,37.48491,618800
202409,1165061000,방배2동,1934493,126.98849,37.47301,278573
202409,1165062000,방배3동,2412263,126.9979,37.47432,738713
202409,1165062100,방배4동,941537,126.99099,37.48982,290003
202409,1165065100,양재1동,5738915,127.02253,37.46956,1982968
202409,1165065200,양재2동,7433699,127.04591,37.45115,666014
202409,1165066000,내곡동,13138298,127.07055,37.45652,268763
202409,1168051000,신사동,1741768,127.0214,37.52572,358916
202409,1168052100,논현1동,1246164,127.0265,37.51191,1857643
202409,1168053100,논현2동,1440614,127.03622,37.51521,1469856
202409,1168054500,압구정동,2512082,127.03348,37.53027,1796056
202409,1168056500,청담동,2355811,127.0505,37.52454,546434
202409,1168058000,삼성1동,1925054,127.06063,37.5154,1589584
202409,1168059000,삼성2동,1258529,127.04876,37.51184,907798
202409,1168060000,대치1동,807837,127.05897,37.49339,433570
202409,1168061000,대치2동,2060695,127.06642,37.50058,2304522
202409,1168063000,대치4동,703180,127.0549,37.50166,1963883
202409,1168064000,역삼1동,2366859,127.03549,37.50089,3683660
202409,1168065000,역삼2동,1123383,127.04489,37.4985,498602
202409,1168065500,도곡1동,1010321,127.04098,37.48905,649131
202409,1168065600,도곡2동,1031472,127.04965,37.48821,833645
202409,1168066000,개포1동,1741195,127.06471,37.47928,162685
202409,1168067000,개포2동,1586586,127.06763,37.48648,490880
202409,1168067500,개포3동,848662,126.85241,37.48684,387488
202409,1168069000,개포4동,1583608,127.05324,37.47555,209365
202409,1168070000,세곡동,5912729,127.10435,37.47107,479936
202409,1168072000,일원본동,2426105,127.08467,37.48237,511163
202409,1168073000,일원1동,946206,127.08925,37.49339,93155
202409,1168075000,수서동,1624149,127.10057,37.48684,1274111
202409,1171051000,풍납1동,1057854,127.1143,37.53824,115853
202409,1171052000,풍납2동,1992907,127.11013,37.52985,178730
202409,1171053100,거여1동,506282,127.14168,37.49439,358738
202409,1171053200,거여2동,505978,127.14717,37.49238,95955
202409,1171054000,마천1동,519561,127.15572,37.49478,297721
202409,1171055000,마천2동,958068,127.15146,37.50033,184537
202409,1171056100,방이1동,585493,127.12232,37.50977,307187
202409,1171056200,방이2동,767575,127.11383,37.51325,364804
202409,1171056600,오륜동,3138116,127.12851,37.51766,716243
202409,1171057000,오금동,1733642,127.1344,37.50399,583120
202409,1171058000,송파1동,696743,127.11032,37.50717,518505
202409,1171059000,송파2동,599279,127.11683,37.50284,66932
202409,1171060000,석촌동,932452,127.10246,37.50272,774400
202409,1171061000,삼전동,990522,127.09191,37.50172,212900
202409,1171062000,가락본동,1049756,127.12164,37.49722,271916
202409,1171063100,가락1동,1368008,127.10824,37.49533,932351
202409,1171063200,가락2동,941692,127.13064,37.49586,569600
202409,1171064100,문정1동,667814,127.12686,37.48817,132683
202409,1171064200,문정2동,2357239,127.11914,37.48069,1066665
202409,1171064600,장지동,1221454,127.13163,37.48279,763681
202409,1171064700,위례동,2608006,127.14124,37.48166,404618
202409,1171065000,잠실본동,1140205,127.08229,37.50551,526571
202409,1171067000,잠실2동,2877277,127.07882,37.51772,779141
202409,1171068000,잠실3동,1514431,127.09432,37.51364,504932
202409,1171069000,잠실4동,840215,127.10815,37.52125,657717
202409,1171071000,잠실6동,1398484,127.09998,37.51907,3124414
202409,1171072000,잠실7동,680575,127.0741,37.50748,727974
202409,1174051500,강일동,3653950,127.17402,37.56389,278239
202409,1174052500,상일제1동,1781219,127.16484,37.55074,698255
202409,1174052600,상일제2동,1090000,127.17784,37.55674,64574
202409,1174053000,명일제1동,621207,127.14594,37.55037,431446
202409,1174054000,명일제2동,937505,127.1542,37.54829,429083
202409,1174055000,고덕제1동,1905349,127.15031,37.56335,112877
202409,1174056000,고덕제2동,2415151,127.16164,37.56586,190301
202409,1174057000,암사제1동,730232,127.13459,37.55186,92758
202409,1174058000,암사제2동,2442627,127.12324,37.55738,502060
202409,1174059000,암사제3동,1853001,127.13851,37.5615,226028
202409,1174060000,천호제1동,685407,127.13858,37.54632,384907
202409,1174061000,천호제2동,1828587,127.12228,37.54469,301661
202409,1174062000,천호제3동,538847,127.1332,37.53965,138560
202409,1174064000,성내제1동,661583,127.12552,37.52876,442623
202409,1174065000,성내제2동,626571,127.12774,37.53436,1670545
202409,1174066000,성내제3동,642074,127.1338,37.5284,141775
202409,1174068500,길동,1601118,127.14591,37.53973,528249
202409,1174069000,둔촌제1동,896155,127.14043,37.52315,320728
202409,1174070000,둔촌제2동,1594005,127.14741,37.53151,518114
202410,1111051500,청운효자동,2438307,126.97042,37.58466,265686
202410,1111053000,사직동,1165780,126.97014,37.57411,2849602
202410,1111054000,삼청동,1361445,126.98111,37.58801,155779
202410,1111055000,부암동,2202073,126.96256,37.5967,333087
202410,1111056000,평창동,9017316,126.96927,37.61396,286003
202410,1111057000,무악동,467575,126.95899,37.57774,65300
202410,1111058000,교남동,345990,126.96416,37.57105,320648
202410,1111060000,가회동,605383,126.98662,37.58268,72402
202410,1111061500,종로1.2.3.4가동,2394166,126.98973,37.57508,5869856
202410,1111063000,종로5.6가동,633463,127.00424,37.57302,2152598
202410,1111064000,이화동,755902,127.00307,37.57969,1606849
202410,1111065000,혜화동,1164691,126.99769,37.58747,625466
202410,1111067000,창신제1동,313832,127.01402,37.57226,332320
202410,1111068000,창신제2동,249894,127.01025,37.57575,6885
202410,1111069000,창신제3동,220395,127.01321,37.57882,151804
202410,1111070000,숭인제1동,237128,127.01686,37.57723,213042
202410,1111071000,숭인제2동,321465,127.02064,37.57431,814339
202410,1114052000,소공동,935656,126.97436,37.5643,2654829
202410,1114054000,회현동,892974,126.97671,37.55697,4555312
202410,1114055000,명동,1006850,126.98436,37.56373,3393854
202410,1114057000,필동,1478522,126.99385,37.5568,1162876
202410,1114058000,장충동,1003083,127.00228,37.55561,551393
202410,1114059000,광희동,752739,127.00363,37.5652,1652052
202410,1114060500,을지로동,599530,126.99649,37.56664,1827642
202410,1114061500,신당동,541354,127.01377,37.56575,870733
202410,1114062500,다산동,546686,127.00826,37.5547,119495
202410,1114063500,약수동,511938,127.01024,37.54984,697063
202410,1114064500,청구동,330066,127.01499,37.55686,79794
202410,1114065000,신당제5동,315652,127.02202,37.56358,192815
202410,1114066500,동화동,344934,127.01867,37.56059,273032
202410,1114067000,황학동,314878,127.0208,37.56842,129482
202410,1114068000,중림동,492309,126.96596,37.55732,162067
202410,1117051000,후암동,865282,126.98059,37.54994,200263
202410,1117052000,용산2가동,2045385,126.98353,37.54024,678228
202410,1117053000,남영동,751924,126.97351,37.54511,1306947
202410,1117055500,청파동,854585,126.96717,37.54786,256132
202410,1117056000,원효로제1동,563923,126.96656,37.53747,288885
202410,1117057000,원효로제2동,943601,126.95139,37.5331,179921
202410,1117058000,효창동,502716,126.96131,37.54305,448142
202410,1117059000,용문동,268086,126.95858,37.53815,97312
202410,1117062500,한강로동,2632658,126.96786,37.52918,3131811
202410,1117063000,이촌제1동,2128932,126.97096,37.51728,221622
202410,1117064000,이촌제2동,1203554,126.95394,37.52333,118134
202410,1117065000,이태원제1동,533547,126.99325,37.53339,609770
202410,1117066000,이태원제2동,891712,126.99213,37.54166,142492
202410,1117068500,한남동,3194899,127.0058,37.5371,1227544
202410,1117069000,서빙고동,2917053,126.98838,37.52247,294306
202410,1117070000,보광동,872912,127.00126,37.52587,117378
202410,1120052000,왕십리제2동,334371,127.02769,37.5615,568107
202410,1120053500,왕십리도선동,721844,127.02957,37.56679,245139
202410,1120054000,마장동,1127258,127.04049,37.56764,366610
202410,1120055000,사근동,1154150,127.04543,37.55801,659250
202410,1120056000,행당제1동,566619,127.03606,37.55902,1350357
202410,1120057000,행당제2동,479532,127.0295,37.55668,413224
202410,1120058000,응봉동,563044,127.03398,37.55099,144376
202410,1120059000,금호1가동,407653,127.02506,37.55367,319066
202410,1120061500,금호2.3가동,665732,127.01989,37.55143,157494
202410,1120062000,금호4가동,930024,127.0246,37.54459,479810
202410,1120064500,옥수동,1250869,127.01618,37.54197,519087
202410,1120065000,성수1가제1동,2238042,127.04104,37.54042,438123
202410,1120066000,성수1가제2동,977066,127.04395,37.54907,903161
202410,1120067000,성수2가제1동,1150487,127.05528,37.53666,184766
202410,1120069000,성수2가제3동,1046168,127.05814,37.54554,1580196
202410,1120072000,송정동,587634,127.0657,37.55233,91799
202410,1120079000,용답동,2372731,127.05785,37.55854,1348812
202410,1121571000,화양동,1178002,127.07346,37.54327,1943343
202410,1121573000,군자동,734486,127.07368,37.55307,309829
202410,1121574000,중곡제1동,590812,127.07772,37.56204,148941
202410,1121575000,중곡제2동,544506,127.08459,37.55891,180657
202410,1121576000,중곡제3동,602735,127.08197,37.56785,491476
202410,1121577000,중곡제4동,2284644,127.09445,37.56391,111986
202410,1121578000,능동,1083377,127.08165,37.55066,1574773
202410,1121581000,광장동,2755836,127.10487,37.54828,542986
202410,1121582000,자양제1동,565020,127.08042,37.53554,193315
202410,1121583000,자양제2동,1631119,127.08325,37.52933,221897
202410,1121584000,자양제3동,1134722,127.0712,37.53169,208399
202410,1121584700,자양제4동,1155166,127.06377,37.53389,565119
202410,1121585000,구의제1동,552319,127.08603,37.54149,994458
202410,1121586000,구의제2동,1380731,127.09445,37.551,737858
202410,1121587000,구의제3동,1450497,127.09524,37.53509,1086955
202410,1123053600,용신동,1573645,127.03229,37.57562,2293425
202410,1123054500,제기동,1181233,127.03724,37.58368,990144
202410,1123056000,전농제1동,1170148,127.05105,37.57901,1749608
202410,1123057000,전농제2동,995125,127.06114,37.58072,293057
202410,1123060000,답십리제1동,798544,127.0517,37.57094,239350
202410,1123061000,답십리제2동,824988,127.06111,37.57089,332923
202410,1123065000,장안제1동,1365375,127.06859,37.56623,564922
202410,1123066000,장안제2동,1132972,127.07254,37.57576,464566
202410,1123070500,청량리동,1176505,127.04512,37.58894,422641
202410,1123071000,회기동,803887,127.05141,37.5937,252475
202410,1123072000,휘경제1동,510437,127.06247,37.59187,952908
202410,1123073000,휘경제2동,1195510,127.06644,37.58651,369372
202410,1123074000,이문제1동,1005087,127.06029,37.59722,464886
202410,1123075000,이문제2동,805192,127.06749,37.60283,287786
202410,1126052000,면목제2동,744933,127.07814,37.58938,207468
202410,1126054000,면목제4동,849250,127.08647,37.57348,333989
202410,1126055000,면목제5동,590803,127.07967,37.58297,147884
202410,1126056500,면목본동,827948,127.08953,37.58834,874371
202410,1126057000,면목제7동,1180742,127.09269,37.57729,200560
202410,1126057500,면목제3.8동,1400985,127.09738,37.5846,837597
202410,1126058000,상봉제1동,861947,127.08947,37.60203,198961
202410,1126059000,상봉제2동,655590,127.0839,37.59425,1170585
202410,1126060000,중화제1동,669339,127.08315,37.60229,106238
202410,1126061000,중화제2동,957879,127.07521,37.59872,750198
202410,1126062000,묵제1동,1207708,127.08245,37.61374,226792
202410,1126063000,묵제2동,668183,127.07467,37.61037,405569
202410,1126065500,망우본동,2948005,127.10754,37.60199,620833
202410,1126066000,망우제3동,991213,127.10294,37.59181,144879
202410,1126068000,신내1동,2490403,127.10451,37.6128,732202
202410,1126069000,신내2동,935095,127.09162,37.61095,305946
202410,1129052500,성북동,2416176,126.99615,37.59587,475490
202410,1129055500,삼선동,912074,127.0118,37.58662,1912721
202410,1129057500,동선동,731808,127.01843,37.59374,572781
202410,1129058000,돈암제1동,461014,127.02404,37.59933,433111
202410,1129059000,돈암제2동,523725,127.01163,37.59728,168549
202410,1129060000,안암동,1274562,127.02731,37.58725,709129
202410,1129061000,보문동,589971,127.01922,37.5826,482821
202410,1129062000,정릉제1동,389711,127.01665,37.60326,384568
202410,1129063000,정릉제2동,1126034,127.00812,37.60379,335967
202410,1129064000,정릉제3동,3357947,126.99377,37.61226,316213
202410,1129065000,정릉제4동,3712601,126.99518,37.62351,610619
202410,1129066000,길음제1동,818440,127.01974,37.60811,1170715
202410,1129068500,길음제2동,616132,127.02723,37.60797,327060
202410,1129070500,종암동,1520021,127.03337,37.59725,582358
202410,1129071500,월곡제1동,764805,127.03645,37.60788,341958
202410,1129072500,월곡제2동,1334181,127.04519,37.6033,772850
202410,1129076000,장위제1동,724308,127.04426,37.61494,269128
202410,1129077000,장위제2동,665829,127.05173,37.61222,480626
202410,1129078000,장위제3동,682909,127.05349,37.61818,193405
202410,1129081000,석관동,1731086,127.06134,37.60826,925052
202410,1130553400,삼양동,951708,127.01468,37.62379,380726
202410,1130553500,미아동,853875,127.02629,37.6287,821821
202410,1130554500,송중동,1061923,127.03292,37.6177,990368
202410,1130555500,송천동,939469,127.02487,37.61822,1256957
202410,1130557500,삼각산동,586701,127.01683,37.61713,240018
202410,1130559500,번1동,595659,127.03054,37.63763,1697289
202410,1130560300,번2동,1012328,127.03479,37.62952,274089
202410,1130560800,번3동,1091074,127.04234,37.62378,217298
202410,1130561500,수유1동,1728230,127.00884,37.62993,447801
202410,1130562500,수유2동,606037,127.0195,37.6454,295369
202410,1130563500,수유3동,730661,127.02355,37.64046,630697
202410,1130564500,우이동,10697189,127.00032,37.66035,526688
202410,1130566000,인수동,2860095,127.00396,37.63764,281449
202410,1132051100,창제1동,1093061,127.04356,37.64714,1359095
202410,1132051200,창제2동,682713,127.03682,37.64263,219266
202410,1132051300,창제3동,637773,127.04163,37.63736,165922
202410,1132051400,창제4동,1114658,127.05093,37.65258,342323
202410,1132051500,창제5동,690264,127.04277,37.65536,1033534
202410,1132052100,도봉제1동,8508462,127.02679,37.68508,337415
202410,1132052200,도봉제2동,1195130,127.04779,37.68119,734197
202410,1132066000,쌍문제1동,1160994,127.01951,37.65303,250326
202410,1132067000,쌍문제2동,531978,127.037,37.65706,282872
202410,1132068000,쌍문제3동,499481,127.03059,37.64769,241858
202410,1132068100,쌍문제4동,577003,127.03041,37.65555,193670
202410,1132069000,방학제1동,1060647,127.04352,37.66503,492830
202410,1132070000,방학제2동,1108653,127.03226,37.66915,136332
202410,1132071000,방학제3동,1860513,127.02347,37.6628,255231
202410,1135056000,월계1동,1178816,127.0586,37.62181,416068
202410,1135057000,월계2동,1991879,127.05121,37.63407,373767
202410,1135058000,월계3동,1167762,127.06489,37.62466,386985
202410,1135059500,공릉1동,1208569,127.07277,37.62412,1134995
202410,1135060000,공릉2동,7264834,127.09423,37.63161,768604
202410,1135061100,하계1동,1441008,127.07481,37.63862,338581
202410,1135061200,하계2동,505737,127.06482,37.63484,737703
202410,1135061900,중계본동,2061637,127.08576,37.64814,263823
202410,1135062100,중계1동,608503,127.0735,37.65002,194552
202410,1135062400,중계4동,1457885,127.08224,37.65885,194477
202410,1135062500,중계2.3동,946538,127.06589,37.64334,737924
202410,1135063000,상계1동,5016467,127.06533,37.68327,617755
202410,1135064000,상계2동,591000,127.06727,37.65649,1611694
202410,1135066500,상계3.4동,5783082,127.08327,37.67515,367277
202410,1135067000,상계5동,492170,127.0696,37.66322,758112
202410,1135069500,상계6.7동,1425634,127.06009,37.64875,375603
202410,1135070000,상계8동,661888,127.05365,37.66629,482136
202410,1135071000,상계9동,837674,127.0625,37.66807,115802
202410,1135072000,상계10동,828158,127.0584,37.65964,214194
202410,1138051000,녹번동,1915175,126.93505,37.60542,985330
202410,1138052000,불광제1동,3346747,126.93927,37.61731,623898
202410,1138053000,불광제2동,1338273,126.92865,37.62437,345132
202410,1138055100,갈현제1동,953450,126.91489,37.62535,1211391
202410,1138055200,갈현제2동,1053392,126.91212,37.61828,542904
202410,1138056000,구산동,1352647,126.90765,37.61106,299852
202410,1138057000,대조동,871085,126.9231,37.61228,1056401
202410,1138058000,응암제1동,1160262,126.9269,37.59826,527190
202410,1138059000,응암제2동,746941,126.92302,37.59189,194836
202410,1138060000,응암제3동,733293,126.91775,37.58865,373298
202410,1138062500,역촌동,1087046,126.91453,37.60457,447444
202410,1138063100,신사제1동,830268,126.90884,37.59899,825773
202410,1138063200,신사제2동,1041042,126.90629,37.59289,575325
202410,1138064000,증산동,919884,126.90581,37.58378,566237
202410,1138065000,수색동,1140125,126.8949,37.58577,299157
202410,1138069000,진관동,12911565,126.94052,37.63928,1437673
202410,1141052000,천연동,893844,126.95714,37.57121,600482
202410,1141055500,북아현동,444705,126.95552,37.55925,223642
202410,1141056500,충현동,1136892,126.9581,37.56391,1427093
202410,1141058500,신촌동,2566839,126.94106,37.56364,2758379
202410,1141061500,연희동,2825921,126.93273,37.57201,959925
202410,1141062000,홍제제1동,1561215,126.9452,37.58154,1252397
202410,1141064000,홍제제3동,1031592,126.95116,37.59202,306559
202410,1141065500,홍제제2동,712529,126.95253,37.58455,181072
202410,1141066000,홍은제1동,1550491,126.94703,37.59998,225743
202410,1141068500,홍은제2동,2048086,126.93217,37.58699,702423
202410,1141069000,남가좌제1동,447138,126.9162,37.57169,401978
202410,1141070000,남가좌제2동,812456,126.92133,37.57762,415351
202410,1141071000,북가좌제1동,581080,126.908,37.57527,179240
202410,1141072000,북가좌제2동,795331,126.9135,37.581,332833
202410,1144055500,아현동,731252,126.95284,37.55193,926383
202410,1144056500,공덕동,1002153,126.95779,37.54912,1523348
202410,1144058500,도화동,860064,126.94681,37.53704,247222
202410,1144059000,용강동,956700,126.94127,37.54059,608163
202410,1144060000,대흥동,836007,126.9414,37.55212,1412843
202410,1144061000,염리동,539922,126.94755,37.54982,122504
202410,1144063000,신수동,1118424,126.93364,37.54363,67308
202410,1144065500,서강동,1715559,126.92516,37.54595,821462
202410,1144066000,서교동,1647625,126.92094,37.55477,6259505
202410,1144068000,합정동,1753036,126.90884,37.54687,214266
202410,1144069000,망원제1동,1124872,126.90021,37.55275,196084
202410,1144070000,망원제2동,1208058,126.89568,37.55712,161549
202410,1144071000,연남동,647383,126.92154,37.56303,234004
202410,1144072000,성산제1동,864039,126.91185,37.56198,241538
202410,1144073000,성산제2동,1963168,126.90204,37.56811,1161556
202410,1144074000,상암동,7678191,126.88086,37.57179,1609534
202410,1147051000,목1동,1564660,126.8751,37.52744,1751097
202410,1147052000,목2동,1054247,126.8741,37.54359,868793
202410,1147053000,목3동,500764,126.86541,37.5452,644870
202410,1147054000,목4동,561686,126.8669,37.53544,277762
202410,1147055000,목5동,2069098,126.88103,37.53631,448953
202410,1147056000,신월1동,630072,126.83453,37.53127,132352
202410,1147057000,신월2동,614213,126.84633,37.5234,212354
202410,1147058000,신월3동,926653,126.82747,37.53236,105411
202410,1147059000,신월4동,454712,126.83982,37.52225,175784
202410,1147060000,신월5동,515356,126.8299,37.54004,121965
202410,1147061000,신월6동,473483,126.84213,37.51597,155250
202410,1147061100,신월7동,900522,126.83234,37.52066,178377
202410,1147062000,신정1동,739881,126.85963,37.51888,183751
202410,1147063000,신정2동,648695,126.87518,37.51895,95208
202410,1147064000,신정3동,3169421,126.8394,37.51178,833695
202410,1147065000,신정4동,996239,126.85757,37.52541,867385
202410,1147067000,신정6동,926759,126.86964,37.51591,165821
202410,1147068000,신정7동,1143920,126.86468,37.51012,366335
202410,1150051000,염창동,2389890,126.87543,37.55321,403297
202410,1150052000,등촌제1동,658950,126.85963,37.55586,470767
202410,1150053000,등촌제2동,895367,126.86003,37.54574,228682
202410,1150053500,등촌제3동,1042691,126.84634,37.56105,1031609
202410,1150054000,화곡제1동,1192600,126.84094,37.53378,2252047
202410,1150055000,화곡제2동,456930,126.85437,37.53228,148057
202410,1150056000,화곡제3동,526606,126.83427,37.54406,127347
202410,1150057000,화곡제4동,855978,126.85858,37.5361,157891
202410,1150059000,화곡본동,982074,126.84816,37.54257,272107
202410,1150059100,화곡제6동,1062894,126.85117,37.55172,447189
202410,1150059300,화곡제8동,575541,126.84863,37.53422,247558
202410,1150060300,가양제1동,5543738,126.83435,37.5731,1448848
202410,1150060400,가양제2동,1012806,126.85401,37.56866,67209
202410,1150060500,가양제3동,932533,126.8623,37.56268,64250
202410,1150061100,발산제1동,2963745,126.82558,37.55045,767014
202410,1150061500,우장산동,1245257,126.84102,37.55057,1034291
202410,1150062000,공항동,11581226,126.79496,37.55649,520101
202410,1150063000,방화제1동,1487371,126.81755,37.56864,567385
202410,1150064000,방화제2동,5640487,126.80451,37.5838,1224429
202410,1153051000,신도림동,1376469,126.88285,37.50973,2149582
202410,1153052000,구로제1동,1083279,126.87546,37.49303,114401
202410,1153053000,구로제2동,1809928,126.87949,37.49745,818408
202410,1153054000,구로제3동,1043117,126.89498,37.48488,2648530
202410,1153055000,구로제4동,516496,126.8902,37.49154,231074
202410,1153056000,구로제5동,1023242,126.88848,37.50203,725601
202410,1153059500,가리봉동,408284,126.88826,37.48256,218691
202410,1153072000,고척제1동,1132884,126.8634,37.50066,387076
202410,1153073000,고척제2동,997120,126.85331,37.50585,297047
202410,1153074000,개봉제1동,1126936,126.84988,37.49988,956145
202410,1153075000,개봉제2동,815642,126.85636,37.49273,333603
202410,1153076000,개봉제3동,848662,126.85241,37.48684,122571
202410,1153077000,오류제1동,747283,126.84163,37.49696,429036
202410,1153078000,오류제2동,3081182,126.83837,37.48526,620574
202410,1153079000,수궁동,2630691,126.82607,37.49828,793716
202410,1153080000,항동,1431213,126.82449,37.48103,104353
202410,1154551000,가산동,2244201,126.88434,37.47684,2368623
202410,1154561000,독산제1동,1964400,126.89272,37.4642,741601
202410,1154562000,독산제2동,616195,126.90255,37.46383,293516
202410,1154563000,독산제3동,945991,126.90459,37.47593,461921
202410,1154564000,독산제4동,619603,126.90405,37.46922,332607
202410,1154567000,시흥제1동,1476950,126.90015,37.45289,690276
202410,1154568000,시흥제2동,1180173,126.92007,37.45059,161120
202410,1154569000,시흥제3동,1335878,126.90593,37.44028,102719
202410,1154570000,시흥제4동,771262,126.90911,37.46008,224217
202410,1154571000,시흥제5동,1426902,126.91243,37.44875,344274
202410,1156051500,영등포본동,808233,126.9097,37.51372,815329
202410,1156053500,영등포동,1415805,126.90784,37.52152,1543338
202410,1156054000,여의동,6656365,126.92757,37.52749,4468317
202410,1156055000,당산제1동,743499,126.89685,37.52393,1043638
202410,1156056000,당산제2동,1564124,126.90391,37.53298,1715181
202410,1156058500,도림동,549811,126.90124,37.50928,158972
202410,1156060500,문래동,1742935,126.89147,37.51638,1005447
202410,1156061000,양평제1동,864764,126.88707,37.52507,386571
202410,1156062000,양평제2동,1892053,126.89418,37.5406,569627
202410,1156063000,신길제1동,811808,126.91951,37.51234,577085
202410,1156065000,신길제3동,480412,126.90589,37.50645,196181
202410,1156066000,신길제4동,288284,126.91292,37.50728,132144
202410,1156067000,신길제5동,530930,126.90555,37.50112,120837
202410,1156068000,신길제6동,679799,126.91354,37.49916,568823
202410,1156069000,신길제7동,548054,126.9198,37.5058,528958
202410,1156070000,대림제1동,481705,126.90526,37.49377,177937
202410,1156071000,대림제2동,578880,126.90064,37.48963,154334
202410,1156072000,대림제3동,937514,126.89727,37.49987,1240802
202410,1159051000,노량진제1동,1878710,126.94915,37.51303,2010831
202410,1159052000,노량진제2동,661468,126.938,37.51093,441839
202410,1159053000,상도제1동,1431135,126.95347,37.49833,1807630
202410,1159054000,상도제2동,776948,126.94206,37.50367,640872
202410,1159055000,상도제3동,673241,126.93335,37.49723,266880
202410,1159056000,상도제4동,968511,126.94076,37.49743,217402
202410,1159060500,흑석동,2097147,126.96376,37.5063,897557
202410,1159062000,사당제1동,632726,126.97741,37.47972,281828
202410,1159063000,사당제2동,3039007,126.97519,37.49823,1616381
202410,1159064000,사당제3동,894355,126.97086,37.48881,200316
202410,1159065000,사당제4동,427255,126.97077,37.48059,371562
202410,1159065100,사당제5동,661737,126.96504,37.4858,129493
202410,1159066000,대방동,1587711,126.92803,37.50711,1348481
202410,1159067000,신대방제1동,684048,126.91071,37.48995,195593
202410,1159068000,신대방제2동,1033193,126.92153,37.49431,472018
202410,1162052500,보라매동,762164,126.93259,37.49036,341648
202410,1162054500,청림동,316540,126.95957,37.48941,124337
202410,1162056500,성현동,686448,126.95117,37.48951,294944
202410,1162057500,행운동,723778,126.96062,37.4809,488048
202410,1162058500,낙성대동,2342295,126.96005,37.46723,532485
202410,1162059500,청룡동,1217892,126.94588,37.47805,2624862
202410,1162060500,은천동,734719,126.94221,37.48682,434346
202410,1162061500,중앙동,380017,126.95062,37.48412,296318
202410,1162062500,인헌동,706179,126.96662,37.47208,1047605
202410,1162063000,남현동,4235911,126.97664,37.46247,2314364
202410,1162064500,서원동,631090,126.93344,37.4806,2405204
202410,1162065500,신원동,576667,126.9267,37.4793,81353
202410,1162066500,서림동,762657,126.93921,37.47355,480563
202410,1162068500,신사동,605859,126.91875,37.48563,924092
202410,1162069500,신림동,507637,126.92761,37.4869,653435
202410,1162071500,난향동,800353,126.91827,37.46159,173477
202410,1162072500,조원동,648305,126.90753,37.48294,796549
202410,1162073500,대학동,8316533,126.94848,37.45347,907054
202410,1162074500,삼성동,2589521,126.93014,37.46067,292733
202410,1162076500,미성동,1341134,126.91543,37.47594,472910
202410,1162077500,난곡동,1014887,126.92105,37.4705,322444
202410,1165051000,서초1동,1371823,127.02014,37.48696,1630825
202410,1165052000,서초2동,1234893,127.02791,37.48882,3026355
202410,1165053000,서초3동,3010786,127.00959,37.48543,2255147
202410,1165053100,서초4동,876369,127.01996,37.49899,424533
202410,1165054000,잠원동,1837867,127.01304,37.51764,457719
202410,1165055000,반포본동,1539963,126.98648,37.50629,104298
202410,1165056000,반포1동,1009783,127.01663,37.50551,669439
202410,1165057000,반포2동,1242525,126.9957,37.50638,393761
202410,1165058000,반포3동,1309158,127.00359,37.51241,465102
202410,1165058100,반포4동,1458521,127.00329,37.49958,3156455
202410,1165059000,방배본동,659648,126.98777,37.49495,224117
202410,1165060000,방배1동,698070,126.9963,37.48491,676407
202410,1165061000,방배2동,1934493,126.98849,37.47301,297427
202410,1165062000,방배3동,2412263,126.9979,37.47432,809370
202410,1165062100,방배4동,941537,126.99099,37.48982,309812
202410,1165065100,양재1동,5738915,127.02253,37.46956,2175880
202410,1165065200,양재2동,7433699,127.04591,37.45115,734052
202410,1165066000,내곡동,13138298,127.07055,37.45652,303085
202410,1168051000,신사동,1741768,127.0214,37.52572,394081
202410,1168052100,논현1동,1246164,127.0265,37.51191,2076983
202410,1168053100,논현2동,1440614,127.03622,37.51521,1647344
202410,1168054500,압구정동,2512082,127.03348,37.53027,2014943
202410,1168056500,청담동,2355811,127.0505,37.52454,600565
202410,1168058000,삼성1동,1925054,127.06063,37.5154,1768277
202410,1168059000,삼성2동,1258529,127.04876,37.51184,997281
202410,1168060000,대치1동,807837,127.05897,37.49339,450317
202410,1168061000,대치2동,2060695,127.06642,37.50058,2527445
202410,1168063000,대치4동,703180,127.0549,37.50166,2175135
202410,1168064000,역삼1동,2366859,127.03549,37.50089,4056323
202410,1168065000,역삼2동,1123383,127.04489,37.4985,536840
202410,1168065500,도곡1동,1010321,127.04098,37.48905,715489
202410,1168065600,도곡2동,1031472,127.04965,37.48821,911254
202410,1168066000,개포1동,1741195,127.06471,37.47928,176995
202410,1168067000,개포2동,1586586,127.06763,37.48648,534061
202410,1168067500,개포3동,848662,126.85241,37.48684,436701
202410,1168069000,개포4동,1583608,127.05324,37.47555,224682
202410,1168070000,세곡동,5912729,127.10435,37.47107,522838
202410,1168072000,일원본동,2426105,127.08467,37.48237,567156
202410,1168073000,일원1동,946206,127.08925,37.49339,101397
202410,1168075000,수서동,1624149,127.10057,37.48684,1401411
202410,1171051000,풍납1동,1057854,127.1143,37.53824,123533
202410,1171052000,풍납2동,1992907,127.11013,37.52985,192376
202410,1171053100,거여1동,506282,127.14168,37.49439,395683
202410,1171053200,거여2동,505978,127.14717,37.49238,99294
202410,1171054000,마천1동,519561,127.15572,37.49478,329414
202410,1171055000,마천2동,958068,127.15146,37.50033,191280
202410,1171056100,방이1동,585493,127.12232,37.50977,332449
202410,1171056200,방이2동,767575,127.11383,37.51325,386942
202410,1171056600,오륜동,3138116,127.12851,37.51766,721819
202410,1171057000,오금동,1733642,127.1344,37.50399,634317
202410,1171058000,송파1동,696743,127.11032,37.50717,568524
202410,1171059000,송파2동,599279,127.11683,37.50284,70851
202410,1171060000,석촌동,932452,127.10246,37.50272,852245
202410,1171061000,삼전동,990522,127.09191,37.50172,223528
202410,1171062000,가락본동,1049756,127.12164,37.49722,290627
202410,1171063100,가락1동,1368008,127.10824,37.49533,1033615
202410,1171063200,가락2동,941692,127.13064,37.49586,623562
202410,1171064100,문정1동,667814,127.12686,37.48817,142124
202410,1171064200,문정2동,2357239,127.11914,37.48069,1201510
202410,1171064600,장지동,1221454,127.13163,37.48279,849144
202410,1171064700,위례동,2608006,127.14124,37.48166,437508
202410,1171065000,잠실본동,1140205,127.08229,37.50551,563488
202410,1171067000,잠실2동,2877277,127.07882,37.51772,836762
202410,1171068000,잠실3동,1514431,127.09432,37.51364,545709
202410,1171069000,잠실4동,840215,127.10815,37.52125,751228
202410,1171071000,잠실6동,1398484,127.09998,37.51907,3462609
202410,1171072000,잠실7동,680575,127.0741,37.50748,644087
202410,1174051500,강일동,3653950,127.17402,37.56389,297350
202410,1174052500,상일제1동,1781219,127.16484,37.55074,767007
202410,1174052600,상일제2동,1090000,127.17784,37.55674,67359
202410,1174053000,명일제1동,621207,127.14594,37.55037,466126
202410,1174054000,명일제2동,937505,127.1542,37.54829,470735
202410,1174055000,고덕제1동,1905349,127.15031,37.56335,113984
202410,1174056000,고덕제2동,2415151,127.16164,37.56586,209110
202410,1174057000,암사제1동,730232,127.13459,37.55186,101165
202410,1174058000,암사제2동,2442627,127.12324,37.55738,550802
202410,1174059000,암사제3동,1853001,127.13851,37.5615,266429
202410,1174060000,천호제1동,685407,127.13858,37.54632,413449
202410,1174061000,천호제2동,1828587,127.12228,37.54469,313826
202410,1174062000,천호제3동,538847,127.1332,37.53965,149857
202410,1174064000,성내제1동,661583,127.12552,37.52876,481345
202410,1174065000,성내제2동,626571,127.12774,37.53436,1862491
202410,1174066000,성내제3동,642074,127.1338,37.5284,150621
202410,1174068500,길동,1601118,127.14591,37.53973,576329
202410,1174069000,둔촌제1동,896155,127.14043,37.52315,362533
202410,1174070000,둔촌제2동,1594005,127.14741,37.53151,567101
202411,1111051500,청운효자동,2438307,126.97042,37.58466,252227
202411,1111053000,사직동,1165780,126.97014,37.57411,2789571
202411,1111054000,삼청동,1361445,126.98111,37.58801,143793
202411,1111055000,부암동,2202073,126.96256,37.5967,338342
202411,1111056000,평창동,9017316,126.96927,37.61396,280577
202411,1111057000,무악동,467575,126.95899,37.57774,61239
202411,1111058000,교남동,345990,126.96416,37.57105,316458
202411,1111060000,가회동,605383,126.98662,37.58268,70246
202411,1111061500,종로1.2.3.4가동,2394166,126.98973,37.57508,5694103
202411,1111063000,종로5.6가동,633463,127.00424,37.57302,2051004
202411,1111064000,이화동,755902,127.00307,37.57969,1647935
202411,1111065000,혜화동,1164691,126.99769,37.58747,630228
202411,1111067000,창신제1동,313832,127.01402,37.57226,317709
202411,1111068000,창신제2동,249894,127.01025,37.57575,5437
202411,1111069000,창신제3동,220395,127.01321,37.57882,152229
202411,1111070000,숭인제1동,237128,127.01686,37.57723,206917
202411,1111071000,숭인제2동,321465,127.02064,37.57431,789184
202411,1114052000,소공동,935656,126.97436,37.5643,2614441
202411,1114054000,회현동,892974,126.97671,37.55697,4516862
202411,1114055000,명동,1006850,126.98436,37.56373,3369613
202411,1114057000,필동,1478522,126.99385,37.5568,1156703
202411,1114058000,장충동,1003083,127.00228,37.55561,543749
202411,1114059000,광희동,752739,127.00363,37.5652,1591858
202411,1114060500,을지로동,599530,126.99649,37.56664,1834737
202411,1114061500,신당동,541354,127.01377,37.56575,876243
202411,1114062500,다산동,546686,127.00826,37.5547,117728
202411,1114063500,약수동,511938,127.01024,37.54984,692299
202411,1114064500,청구동,330066,127.01499,37.55686,77759
202411,1114065000,신당제5동,315652,127.02202,37.56358,189484
202411,1114066500,동화동,344934,127.01867,37.56059,269379
202411,1114067000,황학동,314878,127.0208,37.56842,125957
202411,1114068000,중림동,492309,126.96596,37.55732,160924
202411,1117051000,후암동,865282,126.98059,37.54994,193056
202411,1117052000,용산2가동,2045385,126.98353,37.54024,628275
202411,1117053000,남영동,751924,126.97351,37.54511,1305352
202411,1117055500,청파동,854585,126.96717,37.54786,255825
202411,1117056000,원효로제1동,563923,126.96656,37.53747,283495
202411,1117057000,원효로제2동,943601,126.95139,37.5331,178027
202411,1117058000,효창동,502716,126.96131,37.54305,441431
202411,1117059000,용문동,268086,126.95858,37.53815,92598
202411,1117062500,한강로동,2632658,126.96786,37.52918,3063148
202411,1117063000,이촌제1동,2128932,126.97096,37.51728,198279
202411,1117064000,이촌제2동,1203554,126.95394,37.52333,92824
202411,1117065000,이태원제1동,533547,126.99325,37.53339,577548
202411,1117066000,이태원제2동,891712,126.99213,37.54166,138013
202411,1117068500,한남동,3194899,127.0058,37.5371,1165075
202411,1117069000,서빙고동,2917053,126.98838,37.52247,287319
202411,1117070000,보광동,872912,127.00126,37.52587,114293
202411,1120052000,왕십리제2동,334371,127.02769,37.5615,574636
202411,1120053500,왕십리도선동,721844,127.02957,37.56679,243926
202411,1120054000,마장동,1127258,127.04049,37.56764,368115
202411,1120055000,사근동,1154150,127.04543,37.55801,673033
202411,1120056000,행당제1동,566619,127.03606,37.55902,1366258
202411,1120057000,행당제2동,479532,127.0295,37.55668,413648
202411,1120058000,응봉동,563044,127.03398,37.55099,143554
202411,1120059000,금호1가동,407653,127.02506,37.55367,317230
202411,1120061500,금호2.3가동,665732,127.01989,37.55143,155576
202411,1120062000,금호4가동,930024,127.0246,37.54459,477275
202411,1120064500,옥수동,1250869,127.01618,37.54197,513404
202411,1120065000,성수1가제1동,2238042,127.04104,37.54042,420122
202411,1120066000,성수1가제2동,977066,127.04395,37.54907,889425
202411,1120067000,성수2가제1동,1150487,127.05528,37.53666,179911
202411,1120069000,성수2가제3동,1046168,127.05814,37.54554,1576004
202411,1120072000,송정동,587634,127.0657,37.55233,91918
202411,1120079000,용답동,2372731,127.05785,37.55854,1346929
202411,1121571000,화양동,1178002,127.07346,37.54327,1959763
202411,1121573000,군자동,734486,127.07368,37.55307,305555
202411,1121574000,중곡제1동,590812,127.07772,37.56204,146760
202411,1121575000,중곡제2동,544506,127.08459,37.55891,177351
202411,1121576000,중곡제3동,602735,127.08197,37.56785,489689
202411,1121577000,중곡제4동,2284644,127.09445,37.56391,109701
202411,1121578000,능동,1083377,127.08165,37.55066,1563713
202411,1121581000,광장동,2755836,127.10487,37.54828,543130
202411,1121582000,자양제1동,565020,127.08042,37.53554,192724
202411,1121583000,자양제2동,1631119,127.08325,37.52933,217275
202411,1121584000,자양제3동,1134722,127.0712,37.53169,206455
202411,1121584700,자양제4동,1155166,127.06377,37.53389,467545
202411,1121585000,구의제1동,552319,127.08603,37.54149,1006456
202411,1121586000,구의제2동,1380731,127.09445,37.551,711254
202411,1121587000,구의제3동,1450497,127.09524,37.53509,1090377
202411,1123053600,용신동,1573645,127.03229,37.57562,2242303
202411,1123054500,제기동,1181233,127.03724,37.58368,985179
202411,1123056000,전농제1동,1170148,127.05105,37.57901,1727998
202411,1123057000,전농제2동,995125,127.06114,37.58072,289747
202411,1123060000,답십리제1동,798544,127.0517,37.57094,239114
202411,1123061000,답십리제2동,824988,127.06111,37.57089,330812
202411,1123065000,장안제1동,1365375,127.06859,37.56623,590925
202411,1123066000,장안제2동,1132972,127.07254,37.57576,465446
202411,1123070500,청량리동,1176505,127.04512,37.58894,417210
202411,1123071000,회기동,803887,127.05141,37.5937,259577
202411,1123072000,휘경제1동,510437,127.06247,37.59187,974773
202411,1123073000,휘경제2동,1195510,127.06644,37.58651,370884
202411,1123074000,이문제1동,1005087,127.06029,37.59722,472640
202411,1123075000,이문제2동,805192,127.06749,37.60283,286619
202411,1126052000,면목제2동,744933,127.07814,37.58938,204031
202411,1126054000,면목제4동,849250,127.08647,37.57348,325923
202411,1126055000,면목제5동,590803,127.07967,37.58297,145733
202411,1126056500,면목본동,827948,127.08953,37.58834,863819
202411,1126057000,면목제7동,1180742,127.09269,37.57729,195720
202411,1126057500,면목제3.8동,1400985,127.09738,37.5846,832664
202411,1126058000,상봉제1동,861947,127.08947,37.60203,197201
202411,1126059000,상봉제2동,655590,127.0839,37.59425,1177121
202411,1126060000,중화제1동,669339,127.08315,37.60229,106419
202411,1126061000,중화제2동,957879,127.07521,37.59872,745860
202411,1126062000,묵제1동,1207708,127.08245,37.61374,228342
202411,1126063000,묵제2동,668183,127.07467,37.61037,403083
202411,1126065500,망우본동,2948005,127.10754,37.60199,613005
202411,1126066000,망우제3동,991213,127.10294,37.59181,142215
202411,1126068000,신내1동,2490403,127.10451,37.6128,734429
202411,1126069000,신내2동,935095,127.09162,37.61095,307933
202411,1129052500,성북동,2416176,126.99615,37.59587,470002
202411,1129055500,삼선동,912074,127.0118,37.58662,1909847
202411,1129057500,동선동,731808,127.01843,37.59374,569754
202411,1129058000,돈암제1동,461014,127.02404,37.59933,431891
202411,1129059000,돈암제2동,523725,127.01163,37.59728,168160
202411,1129060000,안암동,1274562,127.02731,37.58725,730662
202411,1129061000,보문동,589971,127.01922,37.5826,483230
202411,1129062000,정릉제1동,389711,127.01665,37.60326,383822
202411,1129063000,정릉제2동,1126034,127.00812,37.60379,327208
202411,1129064000,정릉제3동,3357947,126.99377,37.61226,321324
202411,1129065000,정릉제4동,3712601,126.99518,37.62351,604460
202411,1129066000,길음제1동,818440,127.01974,37.60811,1176432
202411,1129068500,길음제2동,616132,127.02723,37.60797,323441
202411,1129070500,종암동,1520021,127.03337,37.59725,576787
202411,1129071500,월곡제1동,764805,127.03645,37.60788,341620
202411,1129072500,월곡제2동,1334181,127.04519,37.6033,747898
202411,1129076000,장위제1동,724308,127.04426,37.61494,265554
202411,1129077000,장위제2동,665829,127.05173,37.61222,480984
202411,1129078000,장위제3동,682909,127.05349,37.61818,190957
202411,1129081000,석관동,1731086,127.06134,37.60826,920195
202411,1130553400,삼양동,951708,127.01468,37.62379,382440
202411,1130553500,미아동,853875,127.02629,37.6287,811910
202411,1130554500,송중동,1061923,127.03292,37.6177,969237
202411,1130555500,송천동,939469,127.02487,37.61822,1248233
202411,1130557500,삼각산동,586701,127.01683,37.61713,238890
202411,1130559500,번1동,595659,127.03054,37.63763,1684250
202411,1130560300,번2동,1012328,127.03479,37.62952,268287
202411,1130560800,번3동,1091074,127.04234,37.62378,214109
202411,1130561500,수유1동,1728230,127.00884,37.62993,438794
202411,1130562500,수유2동,606037,127.0195,37.6454,292591
202411,1130563500,수유3동,730661,127.02355,37.64046,619913
202411,1130564500,우이동,10697189,127.00032,37.66035,517307
202411,1130566000,인수동,2860095,127.00396,37.63764,276127
202411,1132051100,창제1동,1093061,127.04356,37.64714,1358570
202411,1132051200,창제2동,682713,127.03682,37.64263,217624
202411,1132051300,창제3동,637773,127.04163,37.63736,163389
202411,1132051400,창제4동,1114658,127.05093,37.65258,348154
202411,1132051500,창제5동,690264,127.04277,37.65536,1032977
202411,1132052100,도봉제1동,8508462,127.02679,37.68508,329334
202411,1132052200,도봉제2동,1195130,127.04779,37.68119,716954
202411,1132066000,쌍문제1동,1160994,127.01951,37.65303,247520
202411,1132067000,쌍문제2동,531978,127.037,37.65706,279715
202411,1132068000,쌍문제3동,499481,127.03059,37.64769,237003
202411,1132068100,쌍문제4동,577003,127.03041,37.65555,191805
202411,1132069000,방학제1동,1060647,127.04352,37.66503,485914
202411,1132070000,방학제2동,1108653,127.03226,37.66915,135652
202411,1132071000,방학제3동,1860513,127.02347,37.6628,252808
202411,1135056000,월계1동,1178816,127.0586,37.62181,415563
202411,1135057000,월계2동,1991879,127.05121,37.63407,371126
202411,1135058000,월계3동,1167762,127.06489,37.62466,391516
202411,1135059500,공릉1동,1208569,127.07277,37.62412,1141499
202411,1135060000,공릉2동,7264834,127.09423,37.63161,775669
202411,1135061100,하계1동,1441008,127.07481,37.63862,337277
202411,1135061200,하계2동,505737,127.06482,37.63484,747099
202411,1135061900,중계본동,2061637,127.08576,37.64814,263983
202411,1135062100,중계1동,608503,127.0735,37.65002,195560
202411,1135062400,중계4동,1457885,127.08224,37.65885,194202
202411,1135062500,중계2.3동,946538,127.06589,37.64334,745197
202411,1135063000,상계1동,5016467,127.06533,37.68327,607871
202411,1135064000,상계2동,591000,127.06727,37.65649,1619419
202411,1135066500,상계3.4동,5783082,127.08327,37.67515,361606
202411,1135067000,상계5동,492170,127.0696,37.66322,755670
202411,1135069500,상계6.7동,1425634,127.06009,37.64875,375085
202411,1135070000,상계8동,661888,127.05365,37.66629,483618
202411,1135071000,상계9동,837674,127.0625,37.66807,115776
202411,1135072000,상계10동,828158,127.0584,37.65964,216030
202411,1138051000,녹번동,1915175,126.93505,37.60542,985390
202411,1138052000,불광제1동,3346747,126.93927,37.61731,606213
202411,1138053000,불광제2동,1338273,126.92865,37.62437,336143
202411,1138055100,갈현제1동,953450,126.91489,37.62535,1189253
202411,1138055200,갈현제2동,1053392,126.91212,37.61828,536204
202411,1138056000,구산동,1352647,126.90765,37.61106,294435
202411,1138057000,대조동,871085,126.9231,37.61228,1041223
202411,1138058000,응암제1동,1160262,126.9269,37.59826,526234
202411,1138059000,응암제2동,746941,126.92302,37.59189,193711
202411,1138060000,응암제3동,733293,126.91775,37.58865,366116
202411,1138062500,역촌동,1087046,126.91453,37.60457,446027
202411,1138063100,신사제1동,830268,126.90884,37.59899,817690
202411,1138063200,신사제2동,1041042,126.90629,37.59289,572250
202411,1138064000,증산동,919884,126.90581,37.58378,558072
202411,1138065000,수색동,1140125,126.8949,37.58577,301568
202411,1138069000,진관동,12911565,126.94052,37.63928,1410380
202411,1141052000,천연동,893844,126.95714,37.57121,582056
202411,1141055500,북아현동,444705,126.95552,37.55925,216826
202411,1141056500,충현동,1136892,126.9581,37.56391,1455396
202411,1141058500,신촌동,2566839,126.94106,37.56364,2746073
202411,1141061500,연희동,2825921,126.93273,37.57201,948156
202411,1141062000,홍제제1동,1561215,126.9452,37.58154,1236271
202411,1141064000,홍제제3동,1031592,126.95116,37.59202,302443
202411,1141065500,홍제제2동,712529,126.95253,37.58455,177359
202411,1141066000,홍은제1동,1550491,126.94703,37.59998,222146
202411,1141068500,홍은제2동,2048086,126.93217,37.58699,692457
202411,1141069000,남가좌제1동,447138,126.9162,37.57169,401896
202411,1141070000,남가좌제2동,812456,126.92133,37.57762,414439
202411,1141071000,북가좌제1동,581080,126.908,37.57527,177406
202411,1141072000,북가좌제2동,795331,126.9135,37.581,327962
202411,1144055500,아현동,731252,126.95284,37.55193,917609
202411,1144056500,공덕동,1002153,126.95779,37.54912,1523422
202411,1144058500,도화동,860064,126.94681,37.53704,243309
202411,1144059000,용강동,956700,126.94127,37.54059,600825
202411,1144060000,대흥동,836007,126.9414,37.55212,1421938
202411,1144061000,염리동,539922,126.94755,37.54982,121043
202411,1144063000,신수동,1118424,126.93364,37.54363,65596
202411,1144065500,서강동,1715559,126.92516,37.54595,813043
202411,1144066000,서교동,1647625,126.92094,37.55477,6133738
202411,1144068000,합정동,1753036,126.90884,37.54687,207020
202411,1144069000,망원제1동,1124872,126.90021,37.55275,184088
202411,1144070000,망원제2동,1208058,126.89568,37.55712,154267
202411,1144071000,연남동,647383,126.92154,37.56303,231782
202411,1144072000,성산제1동,864039,126.91185,37.56198,239802
202411,1144073000,성산제2동,1963168,126.90204,37.56811,1050965
202411,1144074000,상암동,7678191,126.88086,37.57179,1627709
202411,1147051000,목1동,1564660,126.8751,37.52744,1753954
202411,1147052000,목2동,1054247,126.8741,37.54359,872970
202411,1147053000,목3동,500764,126.86541,37.5452,646440
202411,1147054000,목4동,561686,126.8669,37.53544,279436
202411,1147055000,목5동,2069098,126.88103,37.53631,458323
202411,1147056000,신월1동,630072,126.83453,37.53127,130303
202411,1147057000,신월2동,614213,126.84633,37.5234,210762
202411,1147058000,신월3동,926653,126.82747,37.53236,101485
202411,1147059000,신월4동,454712,126.83982,37.52225,175867
202411,1147060000,신월5동,515356,126.8299,37.54004,121534
202411,1147061000,신월6동,473483,126.84213,37.51597,153192
202411,1147061100,신월7동,900522,126.83234,37.52066,175772
202411,1147062000,신정1동,739881,126.85963,37.51888,181339
202411,1147063000,신정2동,648695,126.87518,37.51895,96373
202411,1147064000,신정3동,3169421,126.8394,37.51178,836337
202411,1147065000,신정4동,996239,126.85757,37.52541,864325
202411,1147067000,신정6동,926759,126.86964,37.51591,169506
202411,1147068000,신정7동,1143920,126.86468,37.51012,373895
202411,1150051000,염창동,2389890,126.87543,37.55321,406316
202411,1150052000,등촌제1동,658950,126.85963,37.55586,473571
202411,1150053000,등촌제2동,895367,126.86003,37.54574,230192
202411,1150053500,등촌제3동,1042691,126.84634,37.56105,1051965
202411,1150054000,화곡제1동,1192600,126.84094,37.53378,2242523
202411,1150055000,화곡제2동,456930,126.85437,37.53228,146414
202411,1150056000,화곡제3동,526606,126.83427,37.54406,127124
202411,1150057000,화곡제4동,855978,126.85858,37.5361,155741
202411,1150059000,화곡본동,982074,126.84816,37.54257,270273
202411,1150059100,화곡제6동,1062894,126.85117,37.55172,449762
202411,1150059300,화곡제8동,575541,126.84863,37.53422,242183
202411,1150060300,가양제1동,5543738,126.83435,37.5731,1469464
202411,1150060400,가양제2동,1012806,126.85401,37.56866,67630
202411,1150060500,가양제3동,932533,126.8623,37.56268,63227
202411,1150061100,발산제1동,2963745,126.82558,37.55045,771854
202411,1150061500,우장산동,1245257,126.84102,37.55057,1048210
202411,1150062000,공항동,11581226,126.79496,37.55649,513294
202411,1150063000,방화제1동,1487371,126.81755,37.56864,570005
202411,1150064000,방화제2동,5640487,126.80451,37.5838,1232158
202411,1153051000,신도림동,1376469,126.88285,37.50973,2196172
202411,1153052000,구로제1동,1083279,126.87546,37.49303,115730
202411,1153053000,구로제2동,1809928,126.87949,37.49745,833436
202411,1153054000,구로제3동,1043117,126.89498,37.48488,2666445
202411,1153055000,구로제4동,516496,126.8902,37.49154,229974
202411,1153056000,구로제5동,1023242,126.88848,37.50203,726874
202411,1153059500,가리봉동,408284,126.88826,37.48256,217701
202411,1153072000,고척제1동,1132884,126.8634,37.50066,397071
202411,1153073000,고척제2동,997120,126.85331,37.50585,293491
202411,1153074000,개봉제1동,1126936,126.84988,37.49988,946651
202411,1153075000,개봉제2동,815642,126.85636,37.49273,332706
202411,1153076000,개봉제3동,848662,126.85241,37.48684,123253
202411,1153077000,오류제1동,747283,126.84163,37.49696,418963
202411,1153078000,오류제2동,3081182,126.83837,37.48526,623501
202411,1153079000,수궁동,2630691,126.82607,37.49828,793924
202411,1153080000,항동,1431213,126.82449,37.48103,103895
202411,1154551000,가산동,2244201,126.88434,37.47684,2423459
202411,1154561000,독산제1동,1964400,126.89272,37.4642,738837
202411,1154562000,독산제2동,616195,126.90255,37.46383,291018
202411,1154563000,독산제3동,945991,126.90459,37.47593,454865
202411,1154564000,독산제4동,619603,126.90405,37.46922,328764
202411,1154567000,시흥제1동,1476950,126.90015,37.45289,678461
202411,1154568000,시흥제2동,1180173,126.92007,37.45059,155782
202411,1154569000,시흥제3동,1335878,126.90593,37.44028,101417
202411,1154570000,시흥제4동,771262,126.90911,37.46008,219587
202411,1154571000,시흥제5동,1426902,126.91243,37.44875,340050
202411,1156051500,영등포본동,808233,126.9097,37.51372,817632
202411,1156053500,영등포동,1415805,126.90784,37.52152,1504643
202411,1156054000,여의동,6656365,126.92757,37.52749,4404448
202411,1156055000,당산제1동,743499,126.89685,37.52393,1061979
202411,1156056000,당산제2동,1564124,126.90391,37.53298,1694938
202411,1156058500,도림동,549811,126.90124,37.50928,158106
202411,1156060500,문래동,1742935,126.89147,37.51638,1033510
202411,1156061000,양평제1동,864764,126.88707,37.52507,394405
202411,1156062000,양평제2동,1892053,126.89418,37.5406,558873
202411,1156063000,신길제1동,811808,126.91951,37.51234,569886
202411,1156065000,신길제3동,480412,126.90589,37.50645,192626
202411,1156066000,신길제4동,288284,126.91292,37.50728,129760
202411,1156067000,신길제5동,530930,126.90555,37.50112,120690
202411,1156068000,신길제6동,679799,126.91354,37.49916,575695
202411,1156069000,신길제7동,548054,126.9198,37.5058,526076
202411,1156070000,대림제1동,481705,126.90526,37.49377,175721
202411,1156071000,대림제2동,578880,126.90064,37.48963,152082
202411,1156072000,대림제3동,937514,126.89727,37.49987,1229758
202411,1159051000,노량진제1동,1878710,126.94915,37.51303,1935183
202411,1159052000,노량진제2동,661468,126.938,37.51093,437447
202411,1159053000,상도제1동,1431135,126.95347,37.49833,1823022
202411,1159054000,상도제2동,776948,126.94206,37.50367,634827
202411,1159055000,상도제3동,673241,126.93335,37.49723,259264
202411,1159056000,상도제4동,968511,126.94076,37.49743,215982
202411,1159060500,흑석동,2097147,126.96376,37.5063,908686
202411,1159062000,사당제1동,632726,126.97741,37.47972,278556
202411,1159063000,사당제2동,3039007,126.97519,37.49823,1600750
202411,1159064000,사당제3동,894355,126.97086,37.48881,200770
202411,1159065000,사당제4동,427255,126.97077,37.48059,373260
202411,1159065100,사당제5동,661737,126.96504,37.4858,130444
202411,1159066000,대방동,1587711,126.92803,37.50711,1344826
202411,1159067000,신대방제1동,684048,126.91071,37.48995,191079
202411,1159068000,신대방제2동,1033193,126.92153,37.49431,475376
202411,1162052500,보라매동,762164,126.93259,37.49036,338781
202411,1162054500,청림동,316540,126.95957,37.48941,122841
202411,1162056500,성현동,686448,126.95117,37.48951,291667
202411,1162057500,행운동,723778,126.96062,37.4809,476389
202411,1162058500,낙성대동,2342295,126.96005,37.46723,511411
202411,1162059500,청룡동,1217892,126.94588,37.47805,2621070
202411,1162060500,은천동,734719,126.94221,37.48682,431760
202411,1162061500,중앙동,380017,126.95062,37.48412,289902
202411,1162062500,인헌동,706179,126.96662,37.47208,1034943
202411,1162063000,남현동,4235911,126.97664,37.46247,2327414
202411,1162064500,서원동,631090,126.93344,37.4806,2401624
202411,1162065500,신원동,576667,126.9267,37.4793,80965
202411,1162066500,서림동,762657,126.93921,37.47355,476910
202411,1162068500,신사동,605859,126.91875,37.48563,916504
202411,1162069500,신림동,507637,126.92761,37.4869,649222
202411,1162071500,난향동,800353,126.91827,37.46159,172841
202411,1162072500,조원동,648305,126.90753,37.48294,796141
202411,1162073500,대학동,8316533,126.94848,37.45347,858775
202411,1162074500,삼성동,2589521,126.93014,37.46067,285871
202411,1162076500,미성동,1341134,126.91543,37.47594,474627
202411,1162077500,난곡동,1014887,126.92105,37.4705,318885
202411,1165051000,서초1동,1371823,127.02014,37.48696,1672933
202411,1165052000,서초2동,1234893,127.02791,37.48882,3071992
202411,1165053000,서초3동,3010786,127.00959,37.48543,2316349
202411,1165053100,서초4동,876369,127.01996,37.49899,423112
202411,1165054000,잠원동,1837867,127.01304,37.51764,455118
202411,1165055000,반포본동,1539963,126.98648,37.50629,102251
202411,1165056000,반포1동,1009783,127.01663,37.50551,669766
202411,1165057000,반포2동,1242525,126.9957,37.50638,369264
202411,1165058000,반포3동,1309158,127.00359,37.51241,440852
202411,1165058100,반포4동,1458521,127.00329,37.49958,3157702
202411,1165059000,방배본동,659648,126.98777,37.49495,222449
202411,1165060000,방배1동,698070,126.9963,37.48491,689124
202411,1165061000,방배2동,1934493,126.98849,37.47301,299468
202411,1165062000,방배3동,2412263,126.9979,37.47432,829692
202411,1165062100,방배4동,941537,126.99099,37.48982,304678
202411,1165065100,양재1동,5738915,127.02253,37.46956,2239286
202411,1165065200,양재2동,7433699,127.04591,37.45115,754837
202411,1165066000,내곡동,13138298,127.07055,37.45652,300484
202411,1168051000,신사동,1741768,127.0214,37.52572,383742
202411,1168052100,논현1동,1246164,127.0265,37.51191,2085944
202411,1168053100,논현2동,1440614,127.03622,37.51521,1686505
202411,1168054500,압구정동,2512082,127.03348,37.53027,2013423
202411,1168056500,청담동,2355811,127.0505,37.52454,599913
202411,1168058000,삼성1동,1925054,127.06063,37.5154,1822306
202411,1168059000,삼성2동,1258529,127.04876,37.51184,1027957
202411,1168060000,대치1동,807837,127.05897,37.49339,451848
202411,1168061000,대치2동,2060695,127.06642,37.50058,2631960
202411,1168063000,대치4동,703180,127.0549,37.50166,2228203
202411,1168064000,역삼1동,2366859,127.03549,37.50089,4114998
202411,1168065000,역삼2동,1123383,127.04489,37.4985,539514
202411,1168065500,도곡1동,1010321,127.04098,37.48905,729504
202411,1168065600,도곡2동,1031472,127.04965,37.48821,931425
202411,1168066000,개포1동,1741195,127.06471,37.47928,180546
202411,1168067000,개포2동,1586586,127.06763,37.48648,534242
202411,1168067500,개포3동,848662,126.85241,37.48684,440776
202411,1168069000,개포4동,1583608,127.05324,37.47555,229708
202411,1168070000,세곡동,5912729,127.10435,37.47107,530794
202411,1168072000,일원본동,2426105,127.08467,37.48237,580049
202411,1168073000,일원1동,946206,127.08925,37.49339,101889
202411,1168075000,수서동,1624149,127.10057,37.48684,1447699
202411,1171051000,풍납1동,1057854,127.1143,37.53824,123637
202411,1171052000,풍납2동,1992907,127.11013,37.52985,191964
202411,1171053100,거여1동,506282,127.14168,37.49439,402138
202411,1171053200,거여2동,505978,127.14717,37.49238,101709
202411,1171054000,마천1동,519561,127.15572,37.49478,327818
202411,1171055000,마천2동,958068,127.15146,37.50033,190252
202411,1171056100,방이1동,585493,127.12232,37.50977,341631
202411,1171056200,방이2동,767575,127.11383,37.51325,389093
202411,1171056600,오륜동,3138116,127.12851,37.51766,755002
202411,1171057000,오금동,1733642,127.1344,37.50399,644083
202411,1171058000,송파1동,696743,127.11032,37.50717,565152
202411,1171059000,송파2동,599279,127.11683,37.50284,72284
202411,1171060000,석촌동,932452,127.10246,37.50272,858884
202411,1171061000,삼전동,990522,127.09191,37.50172,225437
202411,1171062000,가락본동,1049756,127.12164,37.49722,294642
202411,1171063100,가락1동,1368008,127.10824,37.49533,1063082
202411,1171063200,가락2동,941692,127.13064,37.49586,634328
202411,1171064100,문정1동,667814,127.12686,37.48817,147327
202411,1171064200,문정2동,2357239,127.11914,37.48069,1235280
202411,1171064600,장지동,1221454,127.13163,37.48279,862801
202411,1171064700,위례동,2608006,127.14124,37.48166,446956
202411,1171065000,잠실본동,1140205,127.08229,37.50551,562844
202411,1171067000,잠실2동,2877277,127.07882,37.51772,828039
202411,1171068000,잠실3동,1514431,127.09432,37.51364,541273
202411,1171069000,잠실4동,840215,127.10815,37.52125,756337
202411,1171071000,잠실6동,1398484,127.09998,37.51907,3510342
202411,1171072000,잠실7동,680575,127.0741,37.50748,544205
202411,1174051500,강일동,3653950,127.17402,37.56389,294795
202411,1174052500,상일제1동,1781219,127.16484,37.55074,778938
202411,1174052600,상일제2동,1090000,127.17784,37.55674,67389
202411,1174053000,명일제1동,621207,127.14594,37.55037,461056
202411,1174054000,명일제2동,937505,127.1542,37.54829,475058
202411,1174055000,고덕제1동,1905349,127.15031,37.56335,113134
202411,1174056000,고덕제2동,2415151,127.16164,37.56586,208191
202411,1174057000,암사제1동,730232,127.13459,37.55186,93324
202411,1174058000,암사제2동,2442627,127.12324,37.55738,541755
202411,1174059000,암사제3동,1853001,127.13851,37.5615,259879
202411,1174060000,천호제1동,685407,127.13858,37.54632,409992
202411,1174061000,천호제2동,1828587,127.12228,37.54469,309424
202411,1174062000,천호제3동,538847,127.1332,37.53965,145901
202411,1174064000,성내제1동,661583,127.12552,37.52876,489723
202411,1174065000,성내제2동,626571,127.12774,37.53436,1878169
202411,1174066000,성내제3동,642074,127.1338,37.5284,149138
202411,1174068500,길동,1601118,127.14591,37.53973,575860
202411,1174069000,둔촌제1동,896155,127.14043,37.52315,360467
202411,1174070000,둔촌제2동,1594005,127.14741,37.53151,571769
202412,1111051500,청운효자동,2438307,126.97042,37.58466,226601
202412,1111053000,사직동,1165780,126.97014,37.57411,2750484
202412,1111054000,삼청동,1361445,126.98111,37.58801,125303
202412,1111055000,부암동,2202073,126.96256,37.5967,282877
202412,1111056000,평창동,9017316,126.96927,37.61396,263188
202412,1111057000,무악동,467575,126.95899,37.57774,59645
202412,1111058000,교남동,345990,126.96416,37.57105,313192
202412,1111060000,가회동,605383,126.98662,37.58268,64042
202412,1111061500,종로1.2.3.4가동,2394166,126.98973,37.57508,5631071
202412,1111063000,종로5.6가동,633463,127.00424,37.57302,2030393
202412,1111064000,이화동,755902,127.00307,37.57969,1634064
202412,1111065000,혜화동,1164691,126.99769,37.58747,602101
202412,1111067000,창신제1동,313832,127.01402,37.57226,320825
202412,1111068000,창신제2동,249894,127.01025,37.57575,4671
202412,1111069000,창신제3동,220395,127.01321,37.57882,148139
202412,1111070000,숭인제1동,237128,127.01686,37.57723,201521
202412,1111071000,숭인제2동,321465,127.02064,37.57431,772381
202412,1114052000,소공동,935656,126.97436,37.5643,2624514
202412,1114054000,회현동,892974,126.97671,37.55697,4460948
202412,1114055000,명동,1006850,126.98436,37.56373,3469820
202412,1114057000,필동,1478522,126.99385,37.5568,1079496
202412,1114058000,장충동,1003083,127.00228,37.55561,468657
202412,1114059000,광희동,752739,127.00363,37.5652,1612703
202412,1114060500,을지로동,599530,126.99649,37.56664,1854079
202412,1114061500,신당동,541354,127.01377,37.56575,892690
202412,1114062500,다산동,546686,127.00826,37.5547,116766
202412,1114063500,약수동,511938,127.01024,37.54984,683924
202412,1114064500,청구동,330066,127.01499,37.55686,78338
202412,1114065000,신당제5동,315652,127.02202,37.56358,189600
202412,1114066500,동화동,344934,127.01867,37.56059,266034
202412,1114067000,황학동,314878,127.0208,37.56842,126161
202412,1114068000,중림동,492309,126.96596,37.55732,158181
202412,1117051000,후암동,865282,126.98059,37.54994,183350
202412,1117052000,용산2가동,2045385,126.98353,37.54024,576189
202412,1117053000,남영동,751924,126.97351,37.54511,1268722
202412,1117055500,청파동,854585,126.96717,37.54786,237100
202412,1117056000,원효로제1동,563923,126.96656,37.53747,281160
202412,1117057000,원효로제2동,943601,126.95139,37.5331,179867
202412,1117058000,효창동,502716,126.96131,37.54305,416387
202412,1117059000,용문동,268086,126.95858,37.53815,91306
202412,1117062500,한강로동,2632658,126.96786,37.52918,3132227
202412,1117063000,이촌제1동,2128932,126.97096,37.51728,190180
202412,1117064000,이촌제2동,1203554,126.95394,37.52333,81574
202412,1117065000,이태원제1동,533547,126.99325,37.53339,577894
202412,1117066000,이태원제2동,891712,126.99213,37.54166,134637
202412,1117068500,한남동,3194899,127.0058,37.5371,1174064
202412,1117069000,서빙고동,2917053,126.98838,37.52247,281578
202412,1117070000,보광동,872912,127.00126,37.52587,111622
202412,1120052000,왕십리제2동,334371,127.02769,37.5615,573062
202412,1120053500,왕십리도선동,721844,127.02957,37.56679,246601
202412,1120054000,마장동,1127258,127.04049,37.56764,372650
202412,1120055000,사근동,1154150,127.04543,37.55801,593225
202412,1120056000,행당제1동,566619,127.03606,37.55902,1379757
202412,1120057000,행당제2동,479532,127.0295,37.55668,412660
202412,1120058000,응봉동,563044,127.03398,37.55099,142774
202412,1120059000,금호1가동,407653,127.02506,37.55367,313735
202412,1120061500,금호2.3가동,665732,127.01989,37.55143,153415
202412,1120062000,금호4가동,930024,127.0246,37.54459,474780
202412,1120064500,옥수동,1250869,127.01618,37.54197,503081
202412,1120065000,성수1가제1동,2238042,127.04104,37.54042,366816
202412,1120066000,성수1가제2동,977066,127.04395,37.54907,872287
202412,1120067000,성수2가제1동,1150487,127.05528,37.53666,182293
202412,1120069000,성수2가제3동,1046168,127.05814,37.54554,1670139
202412,1120072000,송정동,587634,127.0657,37.55233,93705
202412,1120079000,용답동,2372731,127.05785,37.55854,1351757
202412,1121571000,화양동,1178002,127.07346,37.54327,1996441
202412,1121573000,군자동,734486,127.07368,37.55307,309796
202412,1121574000,중곡제1동,590812,127.07772,37.56204,148617
202412,1121575000,중곡제2동,544506,127.08459,37.55891,177765
202412,1121576000,중곡제3동,602735,127.08197,37.56785,488753
202412,1121577000,중곡제4동,2284644,127.09445,37.56391,108662
202412,1121578000,능동,1083377,127.08165,37.55066,1507302
202412,1121581000,광장동,2755836,127.10487,37.54828,523892
202412,1121582000,자양제1동,565020,127.08042,37.53554,199008
202412,1121583000,자양제2동,1631119,127.08325,37.52933,219240
202412,1121584000,자양제3동,1134722,127.0712,37.53169,210550
202412,1121584700,자양제4동,1155166,127.06377,37.53389,439589
202412,1121585000,구의제1동,552319,127.08603,37.54149,1016793
202412,1121586000,구의제2동,1380731,127.09445,37.551,693002
202412,1121587000,구의제3동,1450497,127.09524,37.53509,1096213
202412,1123053600,용신동,1573645,127.03229,37.57562,2214182
202412,1123054500,제기동,1181233,127.03724,37.58368,933684
202412,1123056000,전농제1동,1170148,127.05105,37.57901,1720427
202412,1123057000,전농제2동,995125,127.06114,37.58072,287175
202412,1123060000,답십리제1동,798544,127.0517,37.57094,240013
202412,1123061000,답십리제2동,824988,127.06111,37.57089,334709
202412,1123065000,장안제1동,1365375,127.06859,37.56623,605646
202412,1123066000,장안제2동,1132972,127.07254,37.57576,468328
202412,1123070500,청량리동,1176505,127.04512,37.58894,413201
202412,1123071000,회기동,803887,127.05141,37.5937,248097
202412,1123072000,휘경제1동,510437,127.06247,37.59187,913704
202412,1123073000,휘경제2동,1195510,127.06644,37.58651,366650
202412,1123074000,이문제1동,1005087,127.06029,37.59722,439429
202412,1123075000,이문제2동,805192,127.06749,37.60283,282832
202412,1126052000,면목제2동,744933,127.07814,37.58938,204827
202412,1126054000,면목제4동,849250,127.08647,37.57348,325396
202412,1126055000,면목제5동,590803,127.07967,37.58297,146215
202412,1126056500,면목본동,827948,127.08953,37.58834,855290
202412,1126057000,면목제7동,1180742,127.09269,37.57729,192326
202412,1126057500,면목제3.8동,1400985,127.09738,37.5846,821233
202412,1126058000,상봉제1동,861947,127.08947,37.60203,193837
202412,1126059000,상봉제2동,655590,127.0839,37.59425,1213378
202412,1126060000,중화제1동,669339,127.08315,37.60229,108627
202412,1126061000,중화제2동,957879,127.07521,37.59872,748371
202412,1126062000,묵제1동,1207708,127.08245,37.61374,230601
202412,1126063000,묵제2동,668183,127.07467,37.61037,407852
202412,1126065500,망우본동,2948005,127.10754,37.60199,619652
202412,1126066000,망우제3동,991213,127.10294,37.59181,143802
202412,1126068000,신내1동,2490403,127.10451,37.6128,739489
202412,1126069000,신내2동,935095,127.09162,37.61095,310237
202412,1129052500,성북동,2416176,126.99615,37.59587,445626
202412,1129055500,삼선동,912074,127.0118,37.58662,1857424
202412,1129057500,동선동,731808,127.01843,37.59374,565143
202412,1129058000,돈암제1동,461014,127.02404,37.59933,417700
202412,1129059000,돈암제2동,523725,127.01163,37.59728,170310
202412,1129060000,안암동,1274562,127.02731,37.58725,675767
202412,1129061000,보문동,589971,127.01922,37.5826,477206
202412,1129062000,정릉제1동,389711,127.01665,37.60326,373199
202412,1129063000,정릉제2동,1126034,127.00812,37.60379,321532
202412,1129064000,정릉제3동,3357947,126.99377,37.61226,255803
202412,1129065000,정릉제4동,3712601,126.99518,37.62351,584244
202412,1129066000,길음제1동,818440,127.01974,37.60811,1160284
202412,1129068500,길음제2동,616132,127.02723,37.60797,317654
202412,1129070500,종암동,1520021,127.03337,37.59725,572582
202412,1129071500,월곡제1동,764805,127.03645,37.60788,337356
202412,1129072500,월곡제2동,1334181,127.04519,37.6033,724729
202412,1129076000,장위제1동,724308,127.04426,37.61494,265614
202412,1129077000,장위제2동,665829,127.05173,37.61222,478516
202412,1129078000,장위제3동,682909,127.05349,37.61818,186339
202412,1129081000,석관동,1731086,127.06134,37.60826,905515
202412,1130553400,삼양동,951708,127.01468,37.62379,383448
202412,1130553500,미아동,853875,127.02629,37.6287,809905
202412,1130554500,송중동,1061923,127.03292,37.6177,985527
202412,1130555500,송천동,939469,127.02487,37.61822,1254793
202412,1130557500,삼각산동,586701,127.01683,37.61713,238489
202412,1130559500,번1동,595659,127.03054,37.63763,1712076
202412,1130560300,번2동,1012328,127.03479,37.62952,262349
202412,1130560800,번3동,1091074,127.04234,37.62378,213365
202412,1130561500,수유1동,1728230,127.00884,37.62993,437204
202412,1130562500,수유2동,606037,127.0195,37.6454,293827
202412,1130563500,수유3동,730661,127.02355,37.64046,632833
202412,1130564500,우이동,10697189,127.00032,37.66035,484575
202412,1130566000,인수동,2860095,127.00396,37.63764,275951
202412,1132051100,창제1동,1093061,127.04356,37.64714,1375171
202412,1132051200,창제2동,682713,127.03682,37.64263,223308
202412,1132051300,창제3동,637773,127.04163,37.63736,163819
202412,1132051400,창제4동,1114658,127.05093,37.65258,348051
202412,1132051500,창제5동,690264,127.04277,37.65536,1026357
202412,1132052100,도봉제1동,8508462,127.02679,37.68508,325309
202412,1132052200,도봉제2동,1195130,127.04779,37.68119,684116
202412,1132066000,쌍문제1동,1160994,127.01951,37.65303,239059
202412,1132067000,쌍문제2동,531978,127.037,37.65706,285048
202412,1132068000,쌍문제3동,499481,127.03059,37.64769,239417
202412,1132068100,쌍문제4동,577003,127.03041,37.65555,194232
202412,1132069000,방학제1동,1060647,127.04352,37.66503,490392
202412,1132070000,방학제2동,1108653,127.03226,37.66915,137668
202412,1132071000,방학제3동,1860513,127.02347,37.6628,255339
202412,1135056000,월계1동,1178816,127.0586,37.62181,397985
202412,1135057000,월계2동,1991879,127.05121,37.63407,360118
202412,1135058000,월계3동,1167762,127.06489,37.62466,379028
202412,1135059500,공릉1동,1208569,127.07277,37.62412,1111867
202412,1135060000,공릉2동,7264834,127.09423,37.63161,730233
202412,1135061100,하계1동,1441008,127.07481,37.63862,335914
202412,1135061200,하계2동,505737,127.06482,37.63484,731731
202412,1135061900,중계본동,2061637,127.08576,37.64814,259787
202412,1135062100,중계1동,608503,127.0735,37.65002,194308
202412,1135062400,중계4동,1457885,127.08224,37.65885,193038
202412,1135062500,중계2.3동,946538,127.06589,37.64334,732294
202412,1135063000,상계1동,5016467,127.06533,37.68327,612836
202412,1135064000,상계2동,591000,127.06727,37.65649,1679385
202412,1135066500,상계3.4동,5783082,127.08327,37.67515,361742
202412,1135067000,상계5동,492170,127.0696,37.66322,755153
202412,1135069500,상계6.7동,1425634,127.06009,37.64875,381102
202412,1135070000,상계8동,661888,127.05365,37.66629,478938
202412,1135071000,상계9동,837674,127.0625,37.66807,116782
202412,1135072000,상계10동,828158,127.0584,37.65964,215948
202412,1138051000,녹번동,1915175,126.93505,37.60542,969429
202412,1138052000,불광제1동,3346747,126.93927,37.61731,601942
202412,1138053000,불광제2동,1338273,126.92865,37.62437,335144
202412,1138055100,갈현제1동,953450,126.91489,37.62535,1209176
202412,1138055200,갈현제2동,1053392,126.91212,37.61828,538446
202412,1138056000,구산동,1352647,126.90765,37.61106,292013
202412,1138057000,대조동,871085,126.9231,37.61228,1055314
202412,1138058000,응암제1동,1160262,126.9269,37.59826,535099
202412,1138059000,응암제2동,746941,126.92302,37.59189,193491
202412,1138060000,응암제3동,733293,126.91775,37.58865,360954
202412,1138062500,역촌동,1087046,126.91453,37.60457,457926
202412,1138063100,신사제1동,830268,126.90884,37.59899,821521
202412,1138063200,신사제2동,1041042,126.90629,37.59289,564824
202412,1138064000,증산동,919884,126.90581,37.58378,555636
202412,1138065000,수색동,1140125,126.8949,37.58577,296200
202412,1138069000,진관동,12911565,126.94052,37.63928,1368653
202412,1141052000,천연동,893844,126.95714,37.57121,560118
202412,1141055500,북아현동,444705,126.95552,37.55925,210012
202412,1141056500,충현동,1136892,126.9581,37.56391,1446760
202412,1141058500,신촌동,2566839,126.94106,37.56364,2703829
202412,1141061500,연희동,2825921,126.93273,37.57201,948000
202412,1141062000,홍제제1동,1561215,126.9452,37.58154,1218110
202412,1141064000,홍제제3동,1031592,126.95116,37.59202,288120
202412,1141065500,홍제제2동,712529,126.95253,37.58455,175269
202412,1141066000,홍은제1동,1550491,126.94703,37.59998,219968
202412,1141068500,홍은제2동,2048086,126.93217,37.58699,648399
202412,1141069000,남가좌제1동,447138,126.9162,37.57169,397562
202412,1141070000,남가좌제2동,812456,126.92133,37.57762,396564
202412,1141071000,북가좌제1동,581080,126.908,37.57527,178593
202412,1141072000,북가좌제2동,795331,126.9135,37.581,328612
202412,1144055500,아현동,731252,126.95284,37.55193,902571
202412,1144056500,공덕동,1002153,126.95779,37.54912,1549789
202412,1144058500,도화동,860064,126.94681,37.53704,245439
202412,1144059000,용강동,956700,126.94127,37.54059,625770
202412,1144060000,대흥동,836007,126.9414,37.55212,1343405
202412,1144061000,염리동,539922,126.94755,37.54982,118331
202412,1144063000,신수동,1118424,126.93364,37.54363,68543
202412,1144065500,서강동,1715559,126.92516,37.54595,824696
202412,1144066000,서교동,1647625,126.92094,37.55477,6363289
202412,1144068000,합정동,1753036,126.90884,37.54687,214794
202412,1144069000,망원제1동,1124872,126.90021,37.55275,186953
202412,1144070000,망원제2동,1208058,126.89568,37.55712,150935
202412,1144071000,연남동,647383,126.92154,37.56303,243150
202412,1144072000,성산제1동,864039,126.91185,37.56198,241856
202412,1144073000,성산제2동,1963168,126.90204,37.56811,920300
202412,1144074000,상암동,7678191,126.88086,37.57179,1593463
202412,1147051000,목1동,1564660,126.8751,37.52744,1792958
202412,1147052000,목2동,1054247,126.8741,37.54359,874325
202412,1147053000,목3동,500764,126.86541,37.5452,652998
202412,1147054000,목4동,561686,126.8669,37.53544,284018
202412,1147055000,목5동,2069098,126.88103,37.53631,455378
202412,1147056000,신월1동,630072,126.83453,37.53127,130142
202412,1147057000,신월2동,614213,126.84633,37.5234,213685
202412,1147058000,신월3동,926653,126.82747,37.53236,100819
202412,1147059000,신월4동,454712,126.83982,37.52225,178029
202412,1147060000,신월5동,515356,126.8299,37.54004,123472
202412,1147061000,신월6동,473483,126.84213,37.51597,153683
202412,1147061100,신월7동,900522,126.83234,37.52066,175665
202412,1147062000,신정1동,739881,126.85963,37.51888,182184
202412,1147063000,신정2동,648695,126.87518,37.51895,97899
202412,1147064000,신정3동,3169421,126.8394,37.51178,831752
202412,1147065000,신정4동,996239,126.85757,37.52541,866851
202412,1147067000,신정6동,926759,126.86964,37.51591,170094
202412,1147068000,신정7동,1143920,126.86468,37.51012,370230
202412,1150051000,염창동,2389890,126.87543,37.55321,411098
202412,1150052000,등촌제1동,658950,126.85963,37.55586,469695
202412,1150053000,등촌제2동,895367,126.86003,37.54574,232042
202412,1150053500,등촌제3동,1042691,126.84634,37.56105,1055166
202412,1150054000,화곡제1동,1192600,126.84094,37.53378,2262427
202412,1150055000,화곡제2동,456930,126.85437,37.53228,148659
202412,1150056000,화곡제3동,526606,126.83427,37.54406,130191
202412,1150057000,화곡제4동,855978,126.85858,37.5361,158366
202412,1150059000,화곡본동,982074,126.84816,37.54257,272911
202412,1150059100,화곡제6동,1062894,126.85117,37.55172,452444
202412,1150059300,화곡제8동,575541,126.84863,37.53422,248258
202412,1150060300,가양제1동,5543738,126.83435,37.5731,1495071
202412,1150060400,가양제2동,1012806,126.85401,37.56866,68226
202412,1150060500,가양제3동,932533,126.8623,37.56268,62164
202412,1150061100,발산제1동,2963745,126.82558,37.55045,782018
202412,1150061500,우장산동,1245257,126.84102,37.55057,1074876
202412,1150062000,공항동,11581226,126.79496,37.55649,520673
202412,1150063000,방화제1동,1487371,126.81755,37.56864,578012
202412,1150064000,방화제2동,5640487,126.80451,37.5838,1267337
202412,1153051000,신도림동,1376469,126.88285,37.50973,2242807
202412,1153052000,구로제1동,1083279,126.87546,37.49303,117469
202412,1153053000,구로제2동,1809928,126.87949,37.49745,861659
202412,1153054000,구로제3동,1043117,126.89498,37.48488,2685781
202412,1153055000,구로제4동,516496,126.8902,37.49154,233143
202412,1153056000,구로제5동,1023242,126.88848,37.50203,736306
202412,1153059500,가리봉동,408284,126.88826,37.48256,220442
202412,1153072000,고척제1동,1132884,126.8634,37.50066,427321
202412,1153073000,고척제2동,997120,126.85331,37.50585,297885
202412,1153074000,개봉제1동,1126936,126.84988,37.49988,944041
202412,1153075000,개봉제2동,815642,126.85636,37.49273,339272
202412,1153076000,개봉제3동,848662,126.85241,37.48684,127016
202412,1153077000,오류제1동,747283,126.84163,37.49696,417869
202412,1153078000,오류제2동,3081182,126.83837,37.48526,624629
202412,1153079000,수궁동,2630691,126.82607,37.49828,772612
202412,1153080000,항동,1431213,126.82449,37.48103,102495
202412,1154551000,가산동,2244201,126.88434,37.47684,2395084
202412,1154561000,독산제1동,1964400,126.89272,37.4642,736372
202412,1154562000,독산제2동,616195,126.90255,37.46383,296778
202412,1154563000,독산제3동,945991,126.90459,37.47593,461833
202412,1154564000,독산제4동,619603,126.90405,37.46922,337277
202412,1154567000,시흥제1동,1476950,126.90015,37.45289,687706
202412,1154568000,시흥제2동,1180173,126.92007,37.45059,157064
202412,1154569000,시흥제3동,1335878,126.90593,37.44028,100049
202412,1154570000,시흥제4동,771262,126.90911,37.46008,222409
202412,1154571000,시흥제5동,1426902,126.91243,37.44875,341904
202412,1156051500,영등포본동,808233,126.9097,37.51372,864926
202412,1156053500,영등포동,1415805,126.90784,37.52152,1598468
202412,1156054000,여의동,6656365,126.92757,37.52749,4802152
202412,1156055000,당산제1동,743499,126.89685,37.52393,1074953
202412,1156056000,당산제2동,1564124,126.90391,37.53298,1743352
202412,1156058500,도림동,549811,126.90124,37.50928,160454
202412,1156060500,문래동,1742935,126.89147,37.51638,1044250
202412,1156061000,양평제1동,864764,126.88707,37.52507,396080
202412,1156062000,양평제2동,1892053,126.89418,37.5406,550218
202412,1156063000,신길제1동,811808,126.91951,37.51234,601574
202412,1156065000,신길제3동,480412,126.90589,37.50645,197041
202412,1156066000,신길제4동,288284,126.91292,37.50728,129635
202412,1156067000,신길제5동,530930,126.90555,37.50112,122421
202412,1156068000,신길제6동,679799,126.91354,37.49916,581308
202412,1156069000,신길제7동,548054,126.9198,37.5058,536876
202412,1156070000,대림제1동,481705,126.90526,37.49377,179222
202412,1156071000,대림제2동,578880,126.90064,37.48963,155065
202412,1156072000,대림제3동,937514,126.89727,37.49987,1238281
202412,1159051000,노량진제1동,1878710,126.94915,37.51303,1967496
202412,1159052000,노량진제2동,661468,126.938,37.51093,444532
202412,1159053000,상도제1동,1431135,126.95347,37.49833,1697017
202412,1159054000,상도제2동,776948,126.94206,37.50367,634778
202412,1159055000,상도제3동,673241,126.93335,37.49723,263739
202412,1159056000,상도제4동,968511,126.94076,37.49743,219271
202412,1159060500,흑석동,2097147,126.96376,37.5063,861625
202412,1159062000,사당제1동,632726,126.97741,37.47972,283870
202412,1159063000,사당제2동,3039007,126.97519,37.49823,1608424
202412,1159064000,사당제3동,894355,126.97086,37.48881,194786
202412,1159065000,사당제4동,427255,126.97077,37.48059,365837
202412,1159065100,사당제5동,661737,126.96504,37.4858,127793
202412,1159066000,대방동,1587711,126.92803,37.50711,1342466
202412,1159067000,신대방제1동,684048,126.91071,37.48995,194358
202412,1159068000,신대방제2동,1033193,126.92153,37.49431,480027
202412,1162052500,보라매동,762164,126.93259,37.49036,344886
202412,1162054500,청림동,316540,126.95957,37.48941,124052
202412,1162056500,성현동,686448,126.95117,37.48951,288911
202412,1162057500,행운동,723778,126.96062,37.4809,476668
202412,1162058500,낙성대동,2342295,126.96005,37.46723,492847
202412,1162059500,청룡동,1217892,126.94588,37.47805,2594290
202412,1162060500,은천동,734719,126.94221,37.48682,431321
202412,1162061500,중앙동,380017,126.95062,37.48412,288867
202412,1162062500,인헌동,706179,126.96662,37.47208,1033530
202412,1162063000,남현동,4235911,126.97664,37.46247,2422372
202412,1162064500,서원동,631090,126.93344,37.4806,2448301
202412,1162065500,신원동,576667,126.9267,37.4793,83016
202412,1162066500,서림동,762657,126.93921,37.47355,477644
202412,1162068500,신사동,605859,126.91875,37.48563,918666
202412,1162069500,신림동,507637,126.92761,37.4869,670804
202412,1162071500,난향동,800353,126.91827,37.46159,173500
202412,1162072500,조원동,648305,126.90753,37.48294,810789
202412,1162073500,대학동,8316533,126.94848,37.45347,772179
202412,1162074500,삼성동,2589521,126.93014,37.46067,286527
202412,1162076500,미성동,1341134,126.91543,37.47594,474758
202412,1162077500,난곡동,1014887,126.92105,37.4705,322620
202412,1165051000,서초1동,1371823,127.02014,37.48696,1668700
202412,1165052000,서초2동,1234893,127.02791,37.48882,3148708
202412,1165053000,서초3동,3010786,127.00959,37.48543,2393266
202412,1165053100,서초4동,876369,127.01996,37.49899,445216
202412,1165054000,잠원동,1837867,127.01304,37.51764,454596
202412,1165055000,반포본동,1539963,126.98648,37.50629,105579
202412,1165056000,반포1동,1009783,127.01663,37.50551,674120
202412,1165057000,반포2동,1242525,126.9957,37.50638,356990
202412,1165058000,반포3동,1309158,127.00359,37.51241,437841
202412,1165058100,반포4동,1458521,127.00329,37.49958,3289005
202412,1165059000,방배본동,659648,126.98777,37.49495,222174
202412,1165060000,방배1동,698070,126.9963,37.48491,684392
202412,1165061000,방배2동,1934493,126.98849,37.47301,309084
202412,1165062000,방배3동,2412263,126.9979,37.47432,799375
202412,1165062100,방배4동,941537,126.99099,37.48982,304326
202412,1165065100,양재1동,5738915,127.02253,37.46956,2231749
202412,1165065200,양재2동,7433699,127.04591,37.45115,717806
202412,1165066000,내곡동,13138298,127.07055,37.45652,282132
202412,1168051000,신사동,1741768,127.0214,37.52572,382352
202412,1168052100,논현1동,1246164,127.0265,37.51191,2116821
202412,1168053100,논현2동,1440614,127.03622,37.51521,1652097
202412,1168054500,압구정동,2512082,127.03348,37.53027,2044923
202412,1168056500,청담동,2355811,127.0505,37.52454,594620
202412,1168058000,삼성1동,1925054,127.06063,37.5154,1832276
202412,1168059000,삼성2동,1258529,127.04876,37.51184,1014328
202412,1168060000,대치1동,807837,127.05897,37.49339,425205
202412,1168061000,대치2동,2060695,127.06642,37.50058,2659984
202412,1168063000,대치4동,703180,127.0549,37.50166,2198670
202412,1168064000,역삼1동,2366859,127.03549,37.50089,4160112
202412,1168065000,역삼2동,1123383,127.04489,37.4985,534402
202412,1168065500,도곡1동,1010321,127.04098,37.48905,726307
202412,1168065600,도곡2동,1031472,127.04965,37.48821,907106
202412,1168066000,개포1동,1741195,127.06471,37.47928,179290
202412,1168067000,개포2동,1586586,127.06763,37.48648,525464
202412,1168067500,개포3동,848662,126.85241,37.48684,435205
202412,1168069000,개포4동,1583608,127.05324,37.47555,232513
202412,1168070000,세곡동,5912729,127.10435,37.47107,528583
202412,1168072000,일원본동,2426105,127.08467,37.48237,569303
202412,1168073000,일원1동,946206,127.08925,37.49339,103584
202412,1168075000,수서동,1624149,127.10057,37.48684,1431881
202412,1171051000,풍납1동,1057854,127.1143,37.53824,126165
202412,1171052000,풍납2동,1992907,127.11013,37.52985,193044
202412,1171053100,거여1동,506282,127.14168,37.49439,402060
202412,1171053200,거여2동,505978,127.14717,37.49238,103691
202412,1171054000,마천1동,519561,127.15572,37.49478,319598
202412,1171055000,마천2동,958068,127.15146,37.50033,194129
202412,1171056100,방이1동,585493,127.12232,37.50977,338679
202412,1171056200,방이2동,767575,127.11383,37.51325,413710
202412,1171056600,오륜동,3138116,127.12851,37.51766,705685
202412,1171057000,오금동,1733642,127.1344,37.50399,643410
202412,1171058000,송파1동,696743,127.11032,37.50717,578361
202412,1171059000,송파2동,599279,127.11683,37.50284,71050
202412,1171060000,석촌동,932452,127.10246,37.50272,874412
202412,1171061000,삼전동,990522,127.09191,37.50172,232527
202412,1171062000,가락본동,1049756,127.12164,37.49722,302701
202412,1171063100,가락1동,1368008,127.10824,37.49533,1084662
202412,1171063200,가락2동,941692,127.13064,37.49586,631882
202412,1171064100,문정1동,667814,127.12686,37.48817,148490
202412,1171064200,문정2동,2357239,127.11914,37.48069,1206511
202412,1171064600,장지동,1221454,127.13163,37.48279,868331
202412,1171064700,위례동,2608006,127.14124,37.48166,452041
202412,1171065000,잠실본동,1140205,127.08229,37.50551,576723
202412,1171067000,잠실2동,2877277,127.07882,37.51772,842211
202412,1171068000,잠실3동,1514431,127.09432,37.51364,563084
202412,1171069000,잠실4동,840215,127.10815,37.52125,722743
202412,1171071000,잠실6동,1398484,127.09998,37.51907,3880469
202412,1171072000,잠실7동,680575,127.0741,37.50748,533374
202412,1174051500,강일동,3653950,127.17402,37.56389,294405
202412,1174052500,상일제1동,1781219,127.16484,37.55074,779552
202412,1174052600,상일제2동,1090000,127.17784,37.55674,69308
202412,1174053000,명일제1동,621207,127.14594,37.55037,464554
202412,1174054000,명일제2동,937505,127.1542,37.54829,472968
202412,1174055000,고덕제1동,1905349,127.15031,37.56335,112633
202412,1174056000,고덕제2동,2415151,127.16164,37.56586,208210
202412,1174057000,암사제1동,730232,127.13459,37.55186,94182
202412,1174058000,암사제2동,2442627,127.12324,37.55738,542150
202412,1174059000,암사제3동,1853001,127.13851,37.5615,257214
202412,1174060000,천호제1동,685407,127.13858,37.54632,426041
202412,1174061000,천호제2동,1828587,127.12228,37.54469,312570
202412,1174062000,천호제3동,538847,127.1332,37.53965,146584
202412,1174064000,성내제1동,661583,127.12552,37.52876,493262
202412,1174065000,성내제2동,626571,127.12774,37.53436,1923988
202412,1174066000,성내제3동,642074,127.1338,37.5284,151545
202412,1174068500,길동,1601118,127.14591,37.53973,583619
202412,1174069000,둔촌제1동,896155,127.14043,37.52315,411995
202412,1174070000,둔촌제2동,1594005,127.14741,37.53151,577297
202501,1111051500,청운효자동,2438307,126.97042,37.58466,191133
202501,1111053000,사직동,1165780,126.97014,37.57411,2217963
202501,1111054000,삼청동,1361445,126.98111,37.58801,101802
202501,1111055000,부암동,2202073,126.96256,37.5967,199350
202501,1111056000,평창동,9017316,126.96927,37.61396,218414
202501,1111057000,무악동,467575,126.95899,37.57774,49535
202501,1111058000,교남동,345990,126.96416,37.57105,268607
202501,1111060000,가회동,605383,126.98662,37.58268,48029
202501,1111061500,종로1.2.3.4가동,2394166,126.98973,37.57508,4773228
202501,1111063000,종로5.6가동,633463,127.00424,37.57302,1729566
202501,1111064000,이화동,755902,127.00307,37.57969,1354278
202501,1111065000,혜화동,1164691,126.99769,37.58747,465856
202501,1111067000,창신제1동,313832,127.01402,37.57226,269832
202501,1111068000,창신제2동,249894,127.01025,37.57575,4625
202501,1111069000,창신제3동,220395,127.01321,37.57882,122892
202501,1111070000,숭인제1동,237128,127.01686,37.57723,171523
202501,1111071000,숭인제2동,321465,127.02064,37.57431,676851
202501,1114052000,소공동,935656,126.97436,37.5643,2178181
202501,1114054000,회현동,892974,126.97671,37.55697,4490851
202501,1114055000,명동,1006850,126.98436,37.56373,2795898
202501,1114057000,필동,1478522,126.99385,37.5568,913531
202501,1114058000,장충동,1003083,127.00228,37.55561,370751
202501,1114059000,광희동,752739,127.00363,37.5652,1325954
202501,1114060500,을지로동,599530,126.99649,37.56664,1577498
202501,1114061500,신당동,541354,127.01377,37.56575,751065
202501,1114062500,다산동,546686,127.00826,37.5547,97201
202501,1114063500,약수동,511938,127.01024,37.54984,614882
202501,1114064500,청구동,330066,127.01499,37.55686,67391
202501,1114065000,신당제5동,315652,127.02202,37.56358,167761
202501,1114066500,동화동,344934,127.01867,37.56059,229825
202501,1114067000,황학동,314878,127.0208,37.56842,110477
202501,1114068000,중림동,492309,126.96596,37.55732,135269
202501,1117051000,후암동,865282,126.98059,37.54994,163863
202501,1117052000,용산2가동,2045385,126.98353,37.54024,505414
202501,1117053000,남영동,751924,126.97351,37.54511,1038526
202501,1117055500,청파동,854585,126.96717,37.54786,182521
202501,1117056000,원효로제1동,563923,126.96656,37.53747,236830
202501,1117057000,원효로제2동,943601,126.95139,37.5331,152799
202501,1117058000,효창동,502716,126.96131,37.54305,347907
202501,1117059000,용문동,268086,126.95858,37.53815,83240
202501,1117062500,한강로동,2632658,126.96786,37.52918,2711654
202501,1117063000,이촌제1동,2128932,126.97096,37.51728,161318
202501,1117064000,이촌제2동,1203554,126.95394,37.52333,70846
202501,1117065000,이태원제1동,533547,126.99325,37.53339,501673
202501,1117066000,이태원제2동,891712,126.99213,37.54166,113000
202501,1117068500,한남동,3194899,127.0058,37.5371,1128214
202501,1117069000,서빙고동,2917053,126.98838,37.52247,225783
202501,1117070000,보광동,872912,127.00126,37.52587,94760
202501,1120052000,왕십리제2동,334371,127.02769,37.5615,496785
202501,1120053500,왕십리도선동,721844,127.02957,37.56679,214222
202501,1120054000,마장동,1127258,127.04049,37.56764,328212
202501,1120055000,사근동,1154150,127.04543,37.55801,427974
202501,1120056000,행당제1동,566619,127.03606,37.55902,1167619
202501,1120057000,행당제2동,479532,127.0295,37.55668,360433
202501,1120058000,응봉동,563044,127.03398,37.55099,127128
202501,1120059000,금호1가동,407653,127.02506,37.55367,270635
202501,1120061500,금호2.3가동,665732,127.01989,37.55143,133776
202501,1120062000,금호4가동,930024,127.0246,37.54459,421256
202501,1120064500,옥수동,1250869,127.01618,37.54197,448405
202501,1120065000,성수1가제1동,2238042,127.04104,37.54042,319333
202501,1120066000,성수1가제2동,977066,127.04395,37.54907,721263
202501,1120067000,성수2가제1동,1150487,127.05528,37.53666,162044
202501,1120069000,성수2가제3동,1046168,127.05814,37.54554,1392660
202501,1120072000,송정동,587634,127.0657,37.55233,84029
202501,1120079000,용답동,2372731,127.05785,37.55854,1170487
202501,1121571000,화양동,1178002,127.07346,37.54327,1701216
202501,1121573000,군자동,734486,127.07368,37.55307,261993
202501,1121574000,중곡제1동,590812,127.07772,37.56204,132075
202501,1121575000,중곡제2동,544506,127.08459,37.55891,159669
202501,1121576000,중곡제3동,602735,127.08197,37.56785,415183
202501,1121577000,중곡제4동,2284644,127.09445,37.56391,96241
202501,1121578000,능동,1083377,127.08165,37.55066,1244434
202501,1121581000,광장동,2755836,127.10487,37.54828,451812
202501,1121582000,자양제1동,565020,127.08042,37.53554,175773
202501,1121583000,자양제2동,1631119,127.08325,37.52933,194589
202501,1121584000,자양제3동,1134722,127.0712,37.53169,182876
202501,1121584700,자양제4동,1155166,127.06377,37.53389,396294
202501,1121585000,구의제1동,552319,127.08603,37.54149,869348
202501,1121586000,구의제2동,1380731,127.09445,37.551,603416
202501,1121587000,구의제3동,1450497,127.09524,37.53509,953955
202501,1123053600,용신동,1573645,127.03229,37.57562,1981399
202501,1123054500,제기동,1181233,127.03724,37.58368,812779
202501,1123056000,전농제1동,1170148,127.05105,37.57901,1513467
202501,1123057000,전농제2동,995125,127.06114,37.58072,236193
202501,1123060000,답십리제1동,798544,127.0517,37.57094,209603
202501,1123061000,답십리제2동,824988,127.06111,37.57089,295515
202501,1123065000,장안제1동,1365375,127.06859,37.56623,536399
202501,1123066000,장안제2동,1132972,127.07254,37.57576,405846
202501,1123070500,청량리동,1176505,127.04512,37.58894,355808
202501,1123071000,회기동,803887,127.05141,37.5937,180969
202501,1123072000,휘경제1동,510437,127.06247,37.59187,718327
202501,1123073000,휘경제2동,1195510,127.06644,37.58651,302876
202501,1123074000,이문제1동,1005087,127.06029,37.59722,330249
202501,1123075000,이문제2동,805192,127.06749,37.60283,246380
202501,1126052000,면목제2동,744933,127.07814,37.58938,179509
202501,1126054000,면목제4동,849250,127.08647,37.57348,286948
202501,1126055000,면목제5동,590803,127.07967,37.58297,128261
202501,1126056500,면목본동,827948,127.08953,37.58834,735219
202501,1126057000,면목제7동,1180742,127.09269,37.57729,163599
202501,1126057500,면목제3.8동,1400985,127.09738,37.5846,698203
202501,1126058000,상봉제1동,861947,127.08947,37.60203,169703
202501,1126059000,상봉제2동,655590,127.0839,37.59425,1061545
202501,1126060000,중화제1동,669339,127.08315,37.60229,101887
202501,1126061000,중화제2동,957879,127.07521,37.59872,648505
202501,1126062000,묵제1동,1207708,127.08245,37.61374,199181
202501,1126063000,묵제2동,668183,127.07467,37.61037,362835
202501,1126065500,망우본동,2948005,127.10754,37.60199,525144
202501,1126066000,망우제3동,991213,127.10294,37.59181,123247
202501,1126068000,신내1동,2490403,127.10451,37.6128,643388
202501,1126069000,신내2동,935095,127.09162,37.61095,273688
202501,1129052500,성북동,2416176,126.99615,37.59587,367281
202501,1129055500,삼선동,912074,127.0118,37.58662,1520252
202501,1129057500,동선동,731808,127.01843,37.59374,477094
202501,1129058000,돈암제1동,461014,127.02404,37.59933,337051
202501,1129059000,돈암제2동,523725,127.01163,37.59728,152854
202501,1129060000,안암동,1274562,127.02731,37.58725,511899
202501,1129061000,보문동,589971,127.01922,37.5826,405741
202501,1129062000,정릉제1동,389711,127.01665,37.60326,311902
202501,1129063000,정릉제2동,1126034,127.00812,37.60379,276293
202501,1129064000,정릉제3동,3357947,126.99377,37.61226,150860
202501,1129065000,정릉제4동,3712601,126.99518,37.62351,485128
202501,1129066000,길음제1동,818440,127.01974,37.60811,994883
202501,1129068500,길음제2동,616132,127.02723,37.60797,271257
202501,1129070500,종암동,1520021,127.03337,37.59725,497839
202501,1129071500,월곡제1동,764805,127.03645,37.60788,290597
202501,1129072500,월곡제2동,1334181,127.04519,37.6033,625435
202501,1129076000,장위제1동,724308,127.04426,37.61494,236050
202501,1129077000,장위제2동,665829,127.05173,37.61222,416536
202501,1129078000,장위제3동,682909,127.05349,37.61818,159245
202501,1129081000,석관동,1731086,127.06134,37.60826,780823
202501,1130553400,삼양동,951708,127.01468,37.62379,333619
202501,1130553500,미아동,853875,127.02629,37.6287,703044
202501,1130554500,송중동,1061923,127.03292,37.6177,874277
202501,1130555500,송천동,939469,127.02487,37.61822,1093938
202501,1130557500,삼각산동,586701,127.01683,37.61713,213619
202501,1130559500,번1동,595659,127.03054,37.63763,1506645
202501,1130560300,번2동,1012328,127.03479,37.62952,234242
202501,1130560800,번3동,1091074,127.04234,37.62378,191061
202501,1130561500,수유1동,1728230,127.00884,37.62993,376487
202501,1130562500,수유2동,606037,127.0195,37.6454,264952
202501,1130563500,수유3동,730661,127.02355,37.64046,556792
202501,1130564500,우이동,10697189,127.00032,37.66035,415282
202501,1130566000,인수동,2860095,127.00396,37.63764,246148
202501,1132051100,창제1동,1093061,127.04356,37.64714,1199714
202501,1132051200,창제2동,682713,127.03682,37.64263,200283
202501,1132051300,창제3동,637773,127.04163,37.63736,145019
202501,1132051400,창제4동,1114658,127.05093,37.65258,310292
202501,1132051500,창제5동,690264,127.04277,37.65536,912798
202501,1132052100,도봉제1동,8508462,127.02679,37.68508,283152
202501,1132052200,도봉제2동,1195130,127.04779,37.68119,593259
202501,1132066000,쌍문제1동,1160994,127.01951,37.65303,198893
202501,1132067000,쌍문제2동,531978,127.037,37.65706,256706
202501,1132068000,쌍문제3동,499481,127.03059,37.64769,214249
202501,1132068100,쌍문제4동,577003,127.03041,37.65555,165504
202501,1132069000,방학제1동,1060647,127.04352,37.66503,430928
202501,1132070000,방학제2동,1108653,127.03226,37.66915,124106
202501,1132071000,방학제3동,1860513,127.02347,37.6628,225404
202501,1135056000,월계1동,1178816,127.0586,37.62181,322172
202501,1135057000,월계2동,1991879,127.05121,37.63407,293963
202501,1135058000,월계3동,1167762,127.06489,37.62466,326400
202501,1135059500,공릉1동,1208569,127.07277,37.62412,946617
202501,1135060000,공릉2동,7264834,127.09423,37.63161,589766
202501,1135061100,하계1동,1441008,127.07481,37.63862,283806
202501,1135061200,하계2동,505737,127.06482,37.63484,619868
202501,1135061900,중계본동,2061637,127.08576,37.64814,233289
202501,1135062100,중계1동,608503,127.0735,37.65002,174979
202501,1135062400,중계4동,1457885,127.08224,37.65885,172177
202501,1135062500,중계2.3동,946538,127.06589,37.64334,619345
202501,1135063000,상계1동,5016467,127.06533,37.68327,530033
202501,1135064000,상계2동,591000,127.06727,37.65649,1455353
202501,1135066500,상계3.4동,5783082,127.08327,37.67515,318910
202501,1135067000,상계5동,492170,127.0696,37.66322,665312
202501,1135069500,상계6.7동,1425634,127.06009,37.64875,335456
202501,1135070000,상계8동,661888,127.05365,37.66629,422199
202501,1135071000,상계9동,837674,127.0625,37.66807,98411
202501,1135072000,상계10동,828158,127.0584,37.65964,182387
202501,1138051000,녹번동,1915175,126.93505,37.60542,838209
202501,1138052000,불광제1동,3346747,126.93927,37.61731,535525
202501,1138053000,불광제2동,1338273,126.92865,37.62437,295564
202501,1138055100,갈현제1동,953450,126.91489,37.62535,1114163
202501,1138055200,갈현제2동,1053392,126.91212,37.61828,470905
202501,1138056000,구산동,1352647,126.90765,37.61106,252813
202501,1138057000,대조동,871085,126.9231,37.61228,1002693
202501,1138058000,응암제1동,1160262,126.9269,37.59826,473061
202501,1138059000,응암제2동,746941,126.92302,37.59189,173096
202501,1138060000,응암제3동,733293,126.91775,37.58865,321975
202501,1138062500,역촌동,1087046,126.91453,37.60457,409613
202501,1138063100,신사제1동,830268,126.90884,37.59899,718235
202501,1138063200,신사제2동,1041042,126.90629,37.59289,478940
202501,1138064000,증산동,919884,126.90581,37.58378,477250
202501,1138065000,수색동,1140125,126.8949,37.58577,254022
202501,1138069000,진관동,12911565,126.94052,37.63928,1181643
202501,1141052000,천연동,893844,126.95714,37.57121,483072
202501,1141055500,북아현동,444705,126.95552,37.55925,179049
202501,1141056500,충현동,1136892,126.9581,37.56391,1212514
202501,1141058500,신촌동,2566839,126.94106,37.56364,2187289
202501,1141061500,연희동,2825921,126.93273,37.57201,811863
202501,1141062000,홍제제1동,1561215,126.9452,37.58154,1058775
202501,1141064000,홍제제3동,1031592,126.95116,37.59202,243659
202501,1141065500,홍제제2동,712529,126.95253,37.58455,154672
202501,1141066000,홍은제1동,1550491,126.94703,37.59998,193770
202501,1141068500,홍은제2동,2048086,126.93217,37.58699,532597
202501,1141069000,남가좌제1동,447138,126.9162,37.57169,346708
202501,1141070000,남가좌제2동,812456,126.92133,37.57762,327754
202501,1141071000,북가좌제1동,581080,126.908,37.57527,154686
202501,1141072000,북가좌제2동,795331,126.9135,37.581,289219
202501,1144055500,아현동,731252,126.95284,37.55193,796424
202501,1144056500,공덕동,1002153,126.95779,37.54912,1335982
202501,1144058500,도화동,860064,126.94681,37.53704,211558
202501,1144059000,용강동,956700,126.94127,37.54059,517033
202501,1144060000,대흥동,836007,126.9414,37.55212,1081753
202501,1144061000,염리동,539922,126.94755,37.54982,94330
202501,1144063000,신수동,1118424,126.93364,37.54363,59162
202501,1144065500,서강동,1715559,126.92516,37.54595,686160
202501,1144066000,서교동,1647625,126.92094,37.55477,5456606
202501,1144068000,합정동,1753036,126.90884,37.54687,183865
202501,1144069000,망원제1동,1124872,126.90021,37.55275,168602
202501,1144070000,망원제2동,1208058,126.89568,37.55712,133561
202501,1144071000,연남동,647383,126.92154,37.56303,208338
202501,1144072000,성산제1동,864039,126.91185,37.56198,206585
202501,1144073000,성산제2동,1963168,126.90204,37.56811,800182
202501,1144074000,상암동,7678191,126.88086,37.57179,1368100
202501,1147051000,목1동,1564660,126.8751,37.52744,1581388
202501,1147052000,목2동,1054247,126.8741,37.54359,766780
202501,1147053000,목3동,500764,126.86541,37.5452,575858
202501,1147054000,목4동,561686,126.8669,37.53544,246166
202501,1147055000,목5동,2069098,126.88103,37.53631,415684
202501,1147056000,신월1동,630072,126.83453,37.53127,113824
202501,1147057000,신월2동,614213,126.84633,37.5234,187336
202501,1147058000,신월3동,926653,126.82747,37.53236,79900
202501,1147059000,신월4동,454712,126.83982,37.52225,154556
202501,1147060000,신월5동,515356,126.8299,37.54004,104770
202501,1147061000,신월6동,473483,126.84213,37.51597,135151
202501,1147061100,신월7동,900522,126.83234,37.52066,155079
202501,1147062000,신정1동,739881,126.85963,37.51888,162191
202501,1147063000,신정2동,648695,126.87518,37.51895,87660
202501,1147064000,신정3동,3169421,126.8394,37.51178,701450
202501,1147065000,신정4동,996239,126.85757,37.52541,758316
202501,1147067000,신정6동,926759,126.86964,37.51591,148474
202501,1147068000,신정7동,1143920,126.86468,37.51012,318203
202501,1150051000,염창동,2389890,126.87543,37.55321,359350
202501,1150052000,등촌제1동,658950,126.85963,37.55586,410956
202501,1150053000,등촌제2동,895367,126.86003,37.54574,197057
202501,1150053500,등촌제3동,1042691,126.84634,37.56105,911430
202501,1150054000,화곡제1동,1192600,126.84094,37.53378,1992333
202501,1150055000,화곡제2동,456930,126.85437,37.53228,131725
202501,1150056000,화곡제3동,526606,126.83427,37.54406,113647
202501,1150057000,화곡제4동,855978,126.85858,37.5361,138402
202501,1150059000,화곡본동,982074,126.84816,37.54257,238425
202501,1150059100,화곡제6동,1062894,126.85117,37.55172,386232
202501,1150059300,화곡제8동,575541,126.84863,37.53422,220629
202501,1150060300,가양제1동,5543738,126.83435,37.5731,1298895
202501,1150060400,가양제2동,1012806,126.85401,37.56866,58825
202501,1150060500,가양제3동,932533,126.8623,37.56268,53169
202501,1150061100,발산제1동,2963745,126.82558,37.55045,669194
202501,1150061500,우장산동,1245257,126.84102,37.55057,930748
202501,1150062000,공항동,11581226,126.79496,37.55649,458988
202501,1150063000,방화제1동,1487371,126.81755,37.56864,506947
202501,1150064000,방화제2동,5640487,126.80451,37.5838,1119046
202501,1153051000,신도림동,1376469,126.88285,37.50973,1899936
202501,1153052000,구로제1동,1083279,126.87546,37.49303,101038
202501,1153053000,구로제2동,1809928,126.87949,37.49745,751471
202501,1153054000,구로제3동,1043117,126.89498,37.48488,2387643
202501,1153055000,구로제4동,516496,126.8902,37.49154,213852
202501,1153056000,구로제5동,1023242,126.88848,37.50203,637478
202501,1153059500,가리봉동,408284,126.88826,37.48256,194706
202501,1153072000,고척제1동,1132884,126.8634,37.50066,343612
202501,1153073000,고척제2동,997120,126.85331,37.50585,261488
202501,1153074000,개봉제1동,1126936,126.84988,37.49988,843322
202501,1153075000,개봉제2동,815642,126.85636,37.49273,298087
202501,1153076000,개봉제3동,848662,126.85241,37.48684,112172
202501,1153077000,오류제1동,747283,126.84163,37.49696,366653
202501,1153078000,오류제2동,3081182,126.83837,37.48526,539253
202501,1153079000,수궁동,2630691,126.82607,37.49828,633604
202501,1153080000,항동,1431213,126.82449,37.48103,87197
202501,1154551000,가산동,2244201,126.88434,37.47684,2118115
202501,1154561000,독산제1동,1964400,126.89272,37.4642,659262
202501,1154562000,독산제2동,616195,126.90255,37.46383,262846
202501,1154563000,독산제3동,945991,126.90459,37.47593,406538
202501,1154564000,독산제4동,619603,126.90405,37.46922,299981
202501,1154567000,시흥제1동,1476950,126.90015,37.45289,600982
202501,1154568000,시흥제2동,1180173,126.92007,37.45059,136324
202501,1154569000,시흥제3동,1335878,126.90593,37.44028,86753
202501,1154570000,시흥제4동,771262,126.90911,37.46008,197019
202501,1154571000,시흥제5동,1426902,126.91243,37.44875,290443
202501,1156051500,영등포본동,808233,126.9097,37.51372,741846
202501,1156053500,영등포동,1415805,126.90784,37.52152,1337740
202501,1156054000,여의동,6656365,126.92757,37.52749,3623079
202501,1156055000,당산제1동,743499,126.89685,37.52393,937570
202501,1156056000,당산제2동,1564124,126.90391,37.53298,1444571
202501,1156058500,도림동,549811,126.90124,37.50928,144689
202501,1156060500,문래동,1742935,126.89147,37.51638,906810
202501,1156061000,양평제1동,864764,126.88707,37.52507,349008
202501,1156062000,양평제2동,1892053,126.89418,37.5406,479714
202501,1156063000,신길제1동,811808,126.91951,37.51234,517380
202501,1156065000,신길제3동,480412,126.90589,37.50645,175787
202501,1156066000,신길제4동,288284,126.91292,37.50728,113866
202501,1156067000,신길제5동,530930,126.90555,37.50112,106469
202501,1156068000,신길제6동,679799,126.91354,37.49916,506484
202501,1156069000,신길제7동,548054,126.9198,37.5058,442315
202501,1156070000,대림제1동,481705,126.90526,37.49377,166092
202501,1156071000,대림제2동,578880,126.90064,37.48963,141930
202501,1156072000,대림제3동,937514,126.89727,37.49987,1119469
202501,1159051000,노량진제1동,1878710,126.94915,37.51303,1690076
202501,1159052000,노량진제2동,661468,126.938,37.51093,387255
202501,1159053000,상도제1동,1431135,126.95347,37.49833,1362120
202501,1159054000,상도제2동,776948,126.94206,37.50367,553657
202501,1159055000,상도제3동,673241,126.93335,37.49723,238825
202501,1159056000,상도제4동,968511,126.94076,37.49743,194974
202501,1159060500,흑석동,2097147,126.96376,37.5063,704910
202501,1159062000,사당제1동,632726,126.97741,37.47972,245793
202501,1159063000,사당제2동,3039007,126.97519,37.49823,1411707
202501,1159064000,사당제3동,894355,126.97086,37.48881,166660
202501,1159065000,사당제4동,427255,126.97077,37.48059,319277
202501,1159065100,사당제5동,661737,126.96504,37.4858,106843
202501,1159066000,대방동,1587711,126.92803,37.50711,1130206
202501,1159067000,신대방제1동,684048,126.91071,37.48995,169717
202501,1159068000,신대방제2동,1033193,126.92153,37.49431,420111
202501,1162052500,보라매동,762164,126.93259,37.49036,304304
202501,1162054500,청림동,316540,126.95957,37.48941,111799
202501,1162056500,성현동,686448,126.95117,37.48951,247063
202501,1162057500,행운동,723778,126.96062,37.4809,415344
202501,1162058500,낙성대동,2342295,126.96005,37.46723,401750
202501,1162059500,청룡동,1217892,126.94588,37.47805,2245921
202501,1162060500,은천동,734719,126.94221,37.48682,381541
202501,1162061500,중앙동,380017,126.95062,37.48412,249767
202501,1162062500,인헌동,706179,126.96662,37.47208,908728
202501,1162063000,남현동,4235911,126.97664,37.46247,2013204
202501,1162064500,서원동,631090,126.93344,37.4806,2167712
202501,1162065500,신원동,576667,126.9267,37.4793,77937
202501,1162066500,서림동,762657,126.93921,37.47355,418497
202501,1162068500,신사동,605859,126.91875,37.48563,807048
202501,1162069500,신림동,507637,126.92761,37.4869,597637
202501,1162071500,난향동,800353,126.91827,37.46159,152106
202501,1162072500,조원동,648305,126.90753,37.48294,719023
202501,1162073500,대학동,8316533,126.94848,37.45347,628018
202501,1162074500,삼성동,2589521,126.93014,37.46067,245906
202501,1162076500,미성동,1341134,126.91543,37.47594,415461
202501,1162077500,난곡동,1014887,126.92105,37.4705,285212
202501,1165051000,서초1동,1371823,127.02014,37.48696,1418728
202501,1165052000,서초2동,1234893,127.02791,37.48882,2825353
202501,1165053000,서초3동,3010786,127.00959,37.48543,2052735
202501,1165053100,서초4동,876369,127.01996,37.49899,389409
202501,1165054000,잠원동,1837867,127.01304,37.51764,386803
202501,1165055000,반포본동,1539963,126.98648,37.50629,88932
202501,1165056000,반포1동,1009783,127.01663,37.50551,578762
202501,1165057000,반포2동,1242525,126.9957,37.50638,293181
202501,1165058000,반포3동,1309158,127.00359,37.51241,370051
202501,1165058100,반포4동,1458521,127.00329,37.49958,2825566
202501,1165059000,방배본동,659648,126.98777,37.49495,193227
202501,1165060000,방배1동,698070,126.9963,37.48491,591513
202501,1165061000,방배2동,1934493,126.98849,37.47301,253944
202501,1165062000,방배3동,2412263,126.9979,37.47432,637624
202501,1165062100,방배4동,941537,126.99099,37.48982,263338
202501,1165065100,양재1동,5738915,127.02253,37.46956,1914154
202501,1165065200,양재2동,7433699,127.04591,37.45115,612874
202501,1165066000,내곡동,13138298,127.07055,37.45652,245181
202501,1168051000,신사동,1741768,127.0214,37.52572,318968
202501,1168052100,논현1동,1246164,127.0265,37.51191,1844828
202501,1168053100,논현2동,1440614,127.03622,37.51521,1434100
202501,1168054500,압구정동,2512082,127.03348,37.53027,1749987
202501,1168056500,청담동,2355811,127.0505,37.52454,506973
202501,1168058000,삼성1동,1925054,127.06063,37.5154,1518454
202501,1168059000,삼성2동,1258529,127.04876,37.51184,874933
202501,1168060000,대치1동,807837,127.05897,37.49339,416780
202501,1168061000,대치2동,2060695,127.06642,37.50058,2277039
202501,1168063000,대치4동,703180,127.0549,37.50166,1944599
202501,1168064000,역삼1동,2366859,127.03549,37.50089,3651041
202501,1168065000,역삼2동,1123383,127.04489,37.4985,472098
202501,1168065500,도곡1동,1010321,127.04098,37.48905,627560
202501,1168065600,도곡2동,1031472,127.04965,37.48821,813914
202501,1168066000,개포1동,1741195,127.06471,37.47928,148852
202501,1168067000,개포2동,1586586,127.06763,37.48648,450992
202501,1168067500,개포3동,848662,126.85241,37.48684,369606
202501,1168069000,개포4동,1583608,127.05324,37.47555,205028
202501,1168070000,세곡동,5912729,127.10435,37.47107,446485
202501,1168072000,일원본동,2426105,127.08467,37.48237,492199
202501,1168073000,일원1동,946206,127.08925,37.49339,90877
202501,1168075000,수서동,1624149,127.10057,37.48684,1242880
202501,1171051000,풍납1동,1057854,127.1143,37.53824,114270
202501,1171052000,풍납2동,1992907,127.11013,37.52985,171734
202501,1171053100,거여1동,506282,127.14168,37.49439,343402
202501,1171053200,거여2동,505978,127.14717,37.49238,89411
202501,1171054000,마천1동,519561,127.15572,37.49478,275853
202501,1171055000,마천2동,958068,127.15146,37.50033,173391
202501,1171056100,방이1동,585493,127.12232,37.50977,299962
202501,1171056200,방이2동,767575,127.11383,37.51325,357280
202501,1171056600,오륜동,3138116,127.12851,37.51766,578659
202501,1171057000,오금동,1733642,127.1344,37.50399,557801
202501,1171058000,송파1동,696743,127.11032,37.50717,500093
202501,1171059000,송파2동,599279,127.11683,37.50284,60738
202501,1171060000,석촌동,932452,127.10246,37.50272,761331
202501,1171061000,삼전동,990522,127.09191,37.50172,203091
202501,1171062000,가락본동,1049756,127.12164,37.49722,261247
202501,1171063100,가락1동,1368008,127.10824,37.49533,934254
202501,1171063200,가락2동,941692,127.13064,37.49586,547061
202501,1171064100,문정1동,667814,127.12686,37.48817,128383
202501,1171064200,문정2동,2357239,127.11914,37.48069,1035481
202501,1171064600,장지동,1221454,127.13163,37.48279,739290
202501,1171064700,위례동,2608006,127.14124,37.48166,378603
202501,1171065000,잠실본동,1140205,127.08229,37.50551,514434
202501,1171067000,잠실2동,2877277,127.07882,37.51772,726778
202501,1171068000,잠실3동,1514431,127.09432,37.51364,474503
202501,1171069000,잠실4동,840215,127.10815,37.52125,629925
202501,1171071000,잠실6동,1398484,127.09998,37.51907,3122299
202501,1171072000,잠실7동,680575,127.0741,37.50748,438540
202501,1174051500,강일동,3653950,127.17402,37.56389,250913
202501,1174052500,상일제1동,1781219,127.16484,37.55074,668370
202501,1174052600,상일제2동,1090000,127.17784,37.55674,60570
202501,1174053000,명일제1동,621207,127.14594,37.55037,396369
202501,1174054000,명일제2동,937505,127.1542,37.54829,395621
202501,1174055000,고덕제1동,1905349,127.15031,37.56335,94771
202501,1174056000,고덕제2동,2415151,127.16164,37.56586,176210
202501,1174057000,암사제1동,730232,127.13459,37.55186,82582
202501,1174058000,암사제2동,2442627,127.12324,37.55738,481911
202501,1174059000,암사제3동,1853001,127.13851,37.5615,222039
202501,1174060000,천호제1동,685407,127.13858,37.54632,368549
202501,1174061000,천호제2동,1828587,127.12228,37.54469,276999
202501,1174062000,천호제3동,538847,127.1332,37.53965,130990
202501,1174064000,성내제1동,661583,127.12552,37.52876,427800
202501,1174065000,성내제2동,626571,127.12774,37.53436,1693175
202501,1174066000,성내제3동,642074,127.1338,37.5284,133527
202501,1174068500,길동,1601118,127.14591,37.53973,520639
202501,1174069000,둔촌제1동,896155,127.14043,37.52315,403973
202501,1174070000,둔촌제2동,1594005,127.14741,37.53151,507134
202502,1111051500,청운효자동,2438307,126.97042,37.58466,186315
202502,1111053000,사직동,1165780,126.97014,37.57411,2290066
202502,1111054000,삼청동,1361445,126.98111,37.58801,97381
202502,1111055000,부암동,2202073,126.96256,37.5967,208245
202502,1111056000,평창동,9017316,126.96927,37.61396,221185
202502,1111057000,무악동,467575,126.95899,37.57774,50142
202502,1111058000,교남동,345990,126.96416,37.57105,270848
202502,1111060000,가회동,605383,126.98662,37.58268,41962
202502,1111061500,종로1.2.3.4가동,2394166,126.98973,37.57508,4912706
202502,1111063000,종로5.6가동,633463,127.00424,37.57302,1790440
202502,1111064000,이화동,755902,127.00307,37.57969,1391309
202502,1111065000,혜화동,1164691,126.99769,37.58747,461607
202502,1111067000,창신제1동,313832,127.01402,37.57226,271842
202502,1111068000,창신제2동,249894,127.01025,37.57575,4282
202502,1111069000,창신제3동,220395,127.01321,37.57882,122889
202502,1111070000,숭인제1동,237128,127.01686,37.57723,170097
202502,1111071000,숭인제2동,321465,127.02064,37.57431,681702
202502,1114052000,소공동,935656,126.97436,37.5643,2248479
202502,1114054000,회현동,892974,126.97671,37.55697,4630606
202502,1114055000,명동,1006850,126.98436,37.56373,2839546
202502,1114057000,필동,1478522,126.99385,37.5568,946447
202502,1114058000,장충동,1003083,127.00228,37.55561,367221
202502,1114059000,광희동,752739,127.00363,37.5652,1358820
202502,1114060500,을지로동,599530,126.99649,37.56664,1659829
202502,1114061500,신당동,541354,127.01377,37.56575,756573
202502,1114062500,다산동,546686,127.00826,37.5547,102182
202502,1114063500,약수동,511938,127.01024,37.54984,600850
202502,1114064500,청구동,330066,127.01499,37.55686,68894
202502,1114065000,신당제5동,315652,127.02202,37.56358,167301
202502,1114066500,동화동,344934,127.01867,37.56059,237216
202502,1114067000,황학동,314878,127.0208,37.56842,111059
202502,1114068000,중림동,492309,126.96596,37.55732,138865
202502,1117051000,후암동,865282,126.98059,37.54994,164720
202502,1117052000,용산2가동,2045385,126.98353,37.54024,484635
202502,1117053000,남영동,751924,126.97351,37.54511,1077324
202502,1117055500,청파동,854585,126.96717,37.54786,186407
202502,1117056000,원효로제1동,563923,126.96656,37.53747,246137
202502,1117057000,원효로제2동,943601,126.95139,37.5331,156572
202502,1117058000,효창동,502716,126.96131,37.54305,356997
202502,1117059000,용문동,268086,126.95858,37.53815,82568
202502,1117062500,한강로동,2632658,126.96786,37.52918,2745016
202502,1117063000,이촌제1동,2128932,126.97096,37.51728,163720
202502,1117064000,이촌제2동,1203554,126.95394,37.52333,69406
202502,1117065000,이태원제1동,533547,126.99325,37.53339,470971
202502,1117066000,이태원제2동,891712,126.99213,37.54166,111448
202502,1117068500,한남동,3194899,127.0058,37.5371,975489
202502,1117069000,서빙고동,2917053,126.98838,37.52247,228399
202502,1117070000,보광동,872912,127.00126,37.52587,95129
202502,1120052000,왕십리제2동,334371,127.02769,37.5615,508803
202502,1120053500,왕십리도선동,721844,127.02957,37.56679,219309
202502,1120054000,마장동,1127258,127.04049,37.56764,323859
202502,1120055000,사근동,1154150,127.04543,37.55801,433498
202502,1120056000,행당제1동,566619,127.03606,37.55902,1191404
202502,1120057000,행당제2동,479532,127.0295,37.55668,368307
202502,1120058000,응봉동,563044,127.03398,37.55099,126300
202502,1120059000,금호1가동,407653,127.02506,37.55367,277918
202502,1120061500,금호2.3가동,665732,127.01989,37.55143,135245
202502,1120062000,금호4가동,930024,127.0246,37.54459,421807
202502,1120064500,옥수동,1250869,127.01618,37.54197,446584
202502,1120065000,성수1가제1동,2238042,127.04104,37.54042,334003
202502,1120066000,성수1가제2동,977066,127.04395,37.54907,779587
202502,1120067000,성수2가제1동,1150487,127.05528,37.53666,164910
202502,1120069000,성수2가제3동,1046168,127.05814,37.54554,1477198
202502,1120072000,송정동,587634,127.0657,37.55233,86595
202502,1120079000,용답동,2372731,127.05785,37.55854,1214232
202502,1121571000,화양동,1178002,127.07346,37.54327,1715787
202502,1121573000,군자동,734486,127.07368,37.55307,264144
202502,1121574000,중곡제1동,590812,127.07772,37.56204,132216
202502,1121575000,중곡제2동,544506,127.08459,37.55891,162273
202502,1121576000,중곡제3동,602735,127.08197,37.56785,425299
202502,1121577000,중곡제4동,2284644,127.09445,37.56391,96798
202502,1121578000,능동,1083377,127.08165,37.55066,1282993
202502,1121581000,광장동,2755836,127.10487,37.54828,456842
202502,1121582000,자양제1동,565020,127.08042,37.53554,177199
202502,1121583000,자양제2동,1631119,127.08325,37.52933,196437
202502,1121584000,자양제3동,1134722,127.0712,37.53169,182954
202502,1121584700,자양제4동,1155166,127.06377,37.53389,396621
202502,1121585000,구의제1동,552319,127.08603,37.54149,890233
202502,1121586000,구의제2동,1380731,127.09445,37.551,611517
202502,1121587000,구의제3동,1450497,127.09524,37.53509,960795
202502,1123053600,용신동,1573645,127.03229,37.57562,1953162
202502,1123054500,제기동,1181233,127.03724,37.58368,788749
202502,1123056000,전농제1동,1170148,127.05105,37.57901,1497693
202502,1123057000,전농제2동,995125,127.06114,37.58072,240077
202502,1123060000,답십리제1동,798544,127.0517,37.57094,214678
202502,1123061000,답십리제2동,824988,127.06111,37.57089,297867
202502,1123065000,장안제1동,1365375,127.06859,37.56623,547248
202502,1123066000,장안제2동,1132972,127.07254,37.57576,410660
202502,1123070500,청량리동,1176505,127.04512,37.58894,354385
202502,1123071000,회기동,803887,127.05141,37.5937,189585
202502,1123072000,휘경제1동,510437,127.06247,37.59187,746588
202502,1123073000,휘경제2동,1195510,127.06644,37.58651,311654
202502,1123074000,이문제1동,1005087,127.06029,37.59722,346873
202502,1123075000,이문제2동,805192,127.06749,37.60283,248589
202502,1126052000,면목제2동,744933,127.07814,37.58938,183429
202502,1126054000,면목제4동,849250,127.08647,37.57348,290040
202502,1126055000,면목제5동,590803,127.07967,37.58297,129800
202502,1126056500,면목본동,827948,127.08953,37.58834,748101
202502,1126057000,면목제7동,1180742,127.09269,37.57729,164514
202502,1126057500,면목제3.8동,1400985,127.09738,37.5846,707189
202502,1126058000,상봉제1동,861947,127.08947,37.60203,173492
202502,1126059000,상봉제2동,655590,127.0839,37.59425,1062930
202502,1126060000,중화제1동,669339,127.08315,37.60229,96304
202502,1126061000,중화제2동,957879,127.07521,37.59872,663788
202502,1126062000,묵제1동,1207708,127.08245,37.61374,202458
202502,1126063000,묵제2동,668183,127.07467,37.61037,369085
202502,1126065500,망우본동,2948005,127.10754,37.60199,530549
202502,1126066000,망우제3동,991213,127.10294,37.59181,126215
202502,1126068000,신내1동,2490403,127.10451,37.6128,653632
202502,1126069000,신내2동,935095,127.09162,37.61095,281812
202502,1129052500,성북동,2416176,126.99615,37.59587,370812
202502,1129055500,삼선동,912074,127.0118,37.58662,1544513
202502,1129057500,동선동,731808,127.01843,37.59374,480178
202502,1129058000,돈암제1동,461014,127.02404,37.59933,343383
202502,1129059000,돈암제2동,523725,127.01163,37.59728,153393
202502,1129060000,안암동,1274562,127.02731,37.58725,543064
202502,1129061000,보문동,589971,127.01922,37.5826,416317
202502,1129062000,정릉제1동,389711,127.01665,37.60326,314145
202502,1129063000,정릉제2동,1126034,127.00812,37.60379,279703
202502,1129064000,정릉제3동,3357947,126.99377,37.61226,155650
202502,1129065000,정릉제4동,3712601,126.99518,37.62351,476140
202502,1129066000,길음제1동,818440,127.01974,37.60811,1018564
202502,1129068500,길음제2동,616132,127.02723,37.60797,273347
202502,1129070500,종암동,1520021,127.03337,37.59725,493633
202502,1129071500,월곡제1동,764805,127.03645,37.60788,293360
202502,1129072500,월곡제2동,1334181,127.04519,37.6033,640766
202502,1129076000,장위제1동,724308,127.04426,37.61494,233645
202502,1129077000,장위제2동,665829,127.05173,37.61222,427315
202502,1129078000,장위제3동,682909,127.05349,37.61818,160488
202502,1129081000,석관동,1731086,127.06134,37.60826,781028
202502,1130553400,삼양동,951708,127.01468,37.62379,335305
202502,1130553500,미아동,853875,127.02629,37.6287,703635
202502,1130554500,송중동,1061923,127.03292,37.6177,868751
202502,1130555500,송천동,939469,127.02487,37.61822,1096993
202502,1130557500,삼각산동,586701,127.01683,37.61713,212779
202502,1130559500,번1동,595659,127.03054,37.63763,1504725
202502,1130560300,번2동,1012328,127.03479,37.62952,231700
202502,1130560800,번3동,1091074,127.04234,37.62378,188882
202502,1130561500,수유1동,1728230,127.00884,37.62993,372264
202502,1130562500,수유2동,606037,127.0195,37.6454,263196
202502,1130563500,수유3동,730661,127.02355,37.64046,548310
202502,1130564500,우이동,10697189,127.00032,37.66035,406114
202502,1130566000,인수동,2860095,127.00396,37.63764,244238
202502,1132051100,창제1동,1093061,127.04356,37.64714,1213525
202502,1132051200,창제2동,682713,127.03682,37.64263,199439
202502,1132051300,창제3동,637773,127.04163,37.63736,145731
202502,1132051400,창제4동,1114658,127.05093,37.65258,307514
202502,1132051500,창제5동,690264,127.04277,37.65536,913868
202502,1132052100,도봉제1동,8508462,127.02679,37.68508,278862
202502,1132052200,도봉제2동,1195130,127.04779,37.68119,597745
202502,1132066000,쌍문제1동,1160994,127.01951,37.65303,195145
202502,1132067000,쌍문제2동,531978,127.037,37.65706,258744
202502,1132068000,쌍문제3동,499481,127.03059,37.64769,213130
202502,1132068100,쌍문제4동,577003,127.03041,37.65555,171280
202502,1132069000,방학제1동,1060647,127.04352,37.66503,431694
202502,1132070000,방학제2동,1108653,127.03226,37.66915,123641
202502,1132071000,방학제3동,1860513,127.02347,37.6628,226070
202502,1135056000,월계1동,1178816,127.0586,37.62181,327329
202502,1135057000,월계2동,1991879,127.05121,37.63407,298359
202502,1135058000,월계3동,1167762,127.06489,37.62466,323039
202502,1135059500,공릉1동,1208569,127.07277,37.62412,961512
202502,1135060000,공릉2동,7264834,127.09423,37.63161,597728
202502,1135061100,하계1동,1441008,127.07481,37.63862,282513
202502,1135061200,하계2동,505737,127.06482,37.63484,640032
202502,1135061900,중계본동,2061637,127.08576,37.64814,244705
202502,1135062100,중계1동,608503,127.0735,37.65002,181614
202502,1135062400,중계4동,1457885,127.08224,37.65885,173234
202502,1135062500,중계2.3동,946538,127.06589,37.64334,641136
202502,1135063000,상계1동,5016467,127.06533,37.68327,534781
202502,1135064000,상계2동,591000,127.06727,37.65649,1477007
202502,1135066500,상계3.4동,5783082,127.08327,37.67515,317554
202502,1135067000,상계5동,492170,127.0696,37.66322,672565
202502,1135069500,상계6.7동,1425634,127.06009,37.64875,340854
202502,1135070000,상계8동,661888,127.05365,37.66629,429478
202502,1135071000,상계9동,837674,127.0625,37.66807,101633
202502,1135072000,상계10동,828158,127.0584,37.65964,183023
202502,1138051000,녹번동,1915175,126.93505,37.60542,855797
202502,1138052000,불광제1동,3346747,126.93927,37.61731,527103
202502,1138053000,불광제2동,1338273,126.92865,37.62437,290901
202502,1138055100,갈현제1동,953450,126.91489,37.62535,1117497
202502,1138055200,갈현제2동,1053392,126.91212,37.61828,479936
202502,1138056000,구산동,1352647,126.90765,37.61106,255583
202502,1138057000,대조동,871085,126.9231,37.61228,1023598
202502,1138058000,응암제1동,1160262,126.9269,37.59826,472391
202502,1138059000,응암제2동,746941,126.92302,37.59189,177134
202502,1138060000,응암제3동,733293,126.91775,37.58865,317389
202502,1138062500,역촌동,1087046,126.91453,37.60457,415270
202502,1138063100,신사제1동,830268,126.90884,37.59899,722950
202502,1138063200,신사제2동,1041042,126.90629,37.59289,490855
202502,1138064000,증산동,919884,126.90581,37.58378,480526
202502,1138065000,수색동,1140125,126.8949,37.58577,260367
202502,1138069000,진관동,12911565,126.94052,37.63928,1185862
202502,1141052000,천연동,893844,126.95714,37.57121,490721
202502,1141055500,북아현동,444705,126.95552,37.55925,179182
202502,1141056500,충현동,1136892,126.9581,37.56391,1276783
202502,1141058500,신촌동,2566839,126.94106,37.56364,2196517
202502,1141061500,연희동,2825921,126.93273,37.57201,821424
202502,1141062000,홍제제1동,1561215,126.9452,37.58154,1069559
202502,1141064000,홍제제3동,1031592,126.95116,37.59202,246510
202502,1141065500,홍제제2동,712529,126.95253,37.58455,154199
202502,1141066000,홍은제1동,1550491,126.94703,37.59998,195035
202502,1141068500,홍은제2동,2048086,126.93217,37.58699,536637
202502,1141069000,남가좌제1동,447138,126.9162,37.57169,354123
202502,1141070000,남가좌제2동,812456,126.92133,37.57762,330943
202502,1141071000,북가좌제1동,581080,126.908,37.57527,157653
202502,1141072000,북가좌제2동,795331,126.9135,37.581,289388
202502,1144055500,아현동,731252,126.95284,37.55193,789735
202502,1144056500,공덕동,1002153,126.95779,37.54912,1366245
202502,1144058500,도화동,860064,126.94681,37.53704,216783
202502,1144059000,용강동,956700,126.94127,37.54059,541047
202502,1144060000,대흥동,836007,126.9414,37.55212,1121174
202502,1144061000,염리동,539922,126.94755,37.54982,101442
202502,1144063000,신수동,1118424,126.93364,37.54363,61105
202502,1144065500,서강동,1715559,126.92516,37.54595,701104
202502,1144066000,서교동,1647625,126.92094,37.55477,5505210
202502,1144068000,합정동,1753036,126.90884,37.54687,186643
202502,1144069000,망원제1동,1124872,126.90021,37.55275,169859
202502,1144070000,망원제2동,1208058,126.89568,37.55712,136675
202502,1144071000,연남동,647383,126.92154,37.56303,211575
202502,1144072000,성산제1동,864039,126.91185,37.56198,212396
202502,1144073000,성산제2동,1963168,126.90204,37.56811,825859
202502,1144074000,상암동,7678191,126.88086,37.57179,1442911
202502,1147051000,목1동,1564660,126.8751,37.52744,1641749
202502,1147052000,목2동,1054247,126.8741,37.54359,783258
202502,1147053000,목3동,500764,126.86541,37.5452,589570
202502,1147054000,목4동,561686,126.8669,37.53544,251827
202502,1147055000,목5동,2069098,126.88103,37.53631,430338
202502,1147056000,신월1동,630072,126.83453,37.53127,116018
202502,1147057000,신월2동,614213,126.84633,37.5234,189547
202502,1147058000,신월3동,926653,126.82747,37.53236,79630
202502,1147059000,신월4동,454712,126.83982,37.52225,155638
202502,1147060000,신월5동,515356,126.8299,37.54004,104639
202502,1147061000,신월6동,473483,126.84213,37.51597,139186
202502,1147061100,신월7동,900522,126.83234,37.52066,155268
202502,1147062000,신정1동,739881,126.85963,37.51888,169849
202502,1147063000,신정2동,648695,126.87518,37.51895,92214
202502,1147064000,신정3동,3169421,126.8394,37.51178,725348
202502,1147065000,신정4동,996239,126.85757,37.52541,781167
202502,1147067000,신정6동,926759,126.86964,37.51591,158573
202502,1147068000,신정7동,1143920,126.86468,37.51012,334338
202502,1150051000,염창동,2389890,126.87543,37.55321,371885
202502,1150052000,등촌제1동,658950,126.85963,37.55586,430456
202502,1150053000,등촌제2동,895367,126.86003,37.54574,202396
202502,1150053500,등촌제3동,1042691,126.84634,37.56105,933941
202502,1150054000,화곡제1동,1192600,126.84094,37.53378,2030327
202502,1150055000,화곡제2동,456930,126.85437,37.53228,132784
202502,1150056000,화곡제3동,526606,126.83427,37.54406,115216
202502,1150057000,화곡제4동,855978,126.85858,37.5361,138327
202502,1150059000,화곡본동,982074,126.84816,37.54257,240881
202502,1150059100,화곡제6동,1062894,126.85117,37.55172,393729
202502,1150059300,화곡제8동,575541,126.84863,37.53422,221982
202502,1150060300,가양제1동,5543738,126.83435,37.5731,1412350
202502,1150060400,가양제2동,1012806,126.85401,37.56866,60495
202502,1150060500,가양제3동,932533,126.8623,37.56268,55588
202502,1150061100,발산제1동,2963745,126.82558,37.55045,684206
202502,1150061500,우장산동,1245257,126.84102,37.55057,966545
202502,1150062000,공항동,11581226,126.79496,37.55649,463318
202502,1150063000,방화제1동,1487371,126.81755,37.56864,536508
202502,1150064000,방화제2동,5640487,126.80451,37.5838,1096277
202502,1153051000,신도림동,1376469,126.88285,37.50973,1955680
202502,1153052000,구로제1동,1083279,126.87546,37.49303,104054
202502,1153053000,구로제2동,1809928,126.87949,37.49745,713300
202502,1153054000,구로제3동,1043117,126.89498,37.48488,2478392
202502,1153055000,구로제4동,516496,126.8902,37.49154,209703
202502,1153056000,구로제5동,1023242,126.88848,37.50203,651404
202502,1153059500,가리봉동,408284,126.88826,37.48256,192495
202502,1153072000,고척제1동,1132884,126.8634,37.50066,324822
202502,1153073000,고척제2동,997120,126.85331,37.50585,259267
202502,1153074000,개봉제1동,1126936,126.84988,37.49988,853403
202502,1153075000,개봉제2동,815642,126.85636,37.49273,302319
202502,1153076000,개봉제3동,848662,126.85241,37.48684,114778
202502,1153077000,오류제1동,747283,126.84163,37.49696,369488
202502,1153078000,오류제2동,3081182,126.83837,37.48526,549394
202502,1153079000,수궁동,2630691,126.82607,37.49828,651321
202502,1153080000,항동,1431213,126.82449,37.48103,90833
202502,1154551000,가산동,2244201,126.88434,37.47684,2257430
202502,1154561000,독산제1동,1964400,126.89272,37.4642,675329
202502,1154562000,독산제2동,616195,126.90255,37.46383,262487
202502,1154563000,독산제3동,945991,126.90459,37.47593,405503
202502,1154564000,독산제4동,619603,126.90405,37.46922,294176
202502,1154567000,시흥제1동,1476950,126.90015,37.45289,611184
202502,1154568000,시흥제2동,1180173,126.92007,37.45059,139192
202502,1154569000,시흥제3동,1335878,126.90593,37.44028,88343
202502,1154570000,시흥제4동,771262,126.90911,37.46008,195139
202502,1154571000,시흥제5동,1426902,126.91243,37.44875,290723
202502,1156051500,영등포본동,808233,126.9097,37.51372,731130
202502,1156053500,영등포동,1415805,126.90784,37.52152,1334455
202502,1156054000,여의동,6656365,126.92757,37.52749,3909756
202502,1156055000,당산제1동,743499,126.89685,37.52393,980746
202502,1156056000,당산제2동,1564124,126.90391,37.53298,1501169
202502,1156058500,도림동,549811,126.90124,37.50928,145834
202502,1156060500,문래동,1742935,126.89147,37.51638,964607
202502,1156061000,양평제1동,864764,126.88707,37.52507,363461
202502,1156062000,양평제2동,1892053,126.89418,37.5406,505177
202502,1156063000,신길제1동,811808,126.91951,37.51234,531278
202502,1156065000,신길제3동,480412,126.90589,37.50645,172951
202502,1156066000,신길제4동,288284,126.91292,37.50728,117048
202502,1156067000,신길제5동,530930,126.90555,37.50112,108139
202502,1156068000,신길제6동,679799,126.91354,37.49916,519685
202502,1156069000,신길제7동,548054,126.9198,37.5058,467828
202502,1156070000,대림제1동,481705,126.90526,37.49377,166743
202502,1156071000,대림제2동,578880,126.90064,37.48963,134342
202502,1156072000,대림제3동,937514,126.89727,37.49987,1093033
202502,1159051000,노량진제1동,1878710,126.94915,37.51303,1648072
202502,1159052000,노량진제2동,661468,126.938,37.51093,376155
202502,1159053000,상도제1동,1431135,126.95347,37.49833,1384668
202502,1159054000,상도제2동,776948,126.94206,37.50367,564236
202502,1159055000,상도제3동,673241,126.93335,37.49723,240820
202502,1159056000,상도제4동,968511,126.94076,37.49743,195316
202502,1159060500,흑석동,2097147,126.96376,37.5063,712974
202502,1159062000,사당제1동,632726,126.97741,37.47972,249873
202502,1159063000,사당제2동,3039007,126.97519,37.49823,1424919
202502,1159064000,사당제3동,894355,126.97086,37.48881,168894
202502,1159065000,사당제4동,427255,126.97077,37.48059,325652
202502,1159065100,사당제5동,661737,126.96504,37.4858,110699
202502,1159066000,대방동,1587711,126.92803,37.50711,1158424
202502,1159067000,신대방제1동,684048,126.91071,37.48995,171963
202502,1159068000,신대방제2동,1033193,126.92153,37.49431,436140
202502,1162052500,보라매동,762164,126.93259,37.49036,310460
202502,1162054500,청림동,316540,126.95957,37.48941,113581
202502,1162056500,성현동,686448,126.95117,37.48951,249933
202502,1162057500,행운동,723778,126.96062,37.4809,421171
202502,1162058500,낙성대동,2342295,126.96005,37.46723,404705
202502,1162059500,청룡동,1217892,126.94588,37.47805,2330331
202502,1162060500,은천동,734719,126.94221,37.48682,384839
202502,1162061500,중앙동,380017,126.95062,37.48412,254104
202502,1162062500,인헌동,706179,126.96662,37.47208,932374
202502,1162063000,남현동,4235911,126.97664,37.46247,2068428
202502,1162064500,서원동,631090,126.93344,37.4806,2178488
202502,1162065500,신원동,576667,126.9267,37.4793,76741
202502,1162066500,서림동,762657,126.93921,37.47355,419359
202502,1162068500,신사동,605859,126.91875,37.48563,816396
202502,1162069500,신림동,507637,126.92761,37.4869,598999
202502,1162071500,난향동,800353,126.91827,37.46159,151956
202502,1162072500,조원동,648305,126.90753,37.48294,730767
202502,1162073500,대학동,8316533,126.94848,37.45347,647207
202502,1162074500,삼성동,2589521,126.93014,37.46067,245081
202502,1162076500,미성동,1341134,126.91543,37.47594,416563
202502,1162077500,난곡동,1014887,126.92105,37.4705,280902
202502,1165051000,서초1동,1371823,127.02014,37.48696,1506045
202502,1165052000,서초2동,1234893,127.02791,37.48882,2974148
202502,1165053000,서초3동,3010786,127.00959,37.48543,2170562
202502,1165053100,서초4동,876369,127.01996,37.49899,397794
202502,1165054000,잠원동,1837867,127.01304,37.51764,395088
202502,1165055000,반포본동,1539963,126.98648,37.50629,95275
202502,1165056000,반포1동,1009783,127.01663,37.50551,600850
202502,1165057000,반포2동,1242525,126.9957,37.50638,300900
202502,1165058000,반포3동,1309158,127.00359,37.51241,368337
202502,1165058100,반포4동,1458521,127.00329,37.49958,2796135
202502,1165059000,방배본동,659648,126.98777,37.49495,198589
202502,1165060000,방배1동,698070,126.9963,37.48491,617112
202502,1165061000,방배2동,1934493,126.98849,37.47301,260037
202502,1165062000,방배3동,2412263,126.9979,37.47432,675334
202502,1165062100,방배4동,941537,126.99099,37.48982,268465
202502,1165065100,양재1동,5738915,127.02253,37.46956,2031781
202502,1165065200,양재2동,7433699,127.04591,37.45115,638066
202502,1165066000,내곡동,13138298,127.07055,37.45652,254942
202502,1168051000,신사동,1741768,127.0214,37.52572,324563
202502,1168052100,논현1동,1246164,127.0265,37.51191,1923663
202502,1168053100,논현2동,1440614,127.03622,37.51521,1558003
202502,1168054500,압구정동,2512082,127.03348,37.53027,1796327
202502,1168056500,청담동,2355811,127.0505,37.52454,541140
202502,1168058000,삼성1동,1925054,127.06063,37.5154,1624536
202502,1168059000,삼성2동,1258529,127.04876,37.51184,947781
202502,1168060000,대치1동,807837,127.05897,37.49339,428083
202502,1168061000,대치2동,2060695,127.06642,37.50058,2410668
202502,1168063000,대치4동,703180,127.0549,37.50166,2092763
202502,1168064000,역삼1동,2366859,127.03549,37.50089,3868796
202502,1168065000,역삼2동,1123383,127.04489,37.4985,493557
202502,1168065500,도곡1동,1010321,127.04098,37.48905,660259
202502,1168065600,도곡2동,1031472,127.04965,37.48821,849416
202502,1168066000,개포1동,1741195,127.06471,37.47928,152127
202502,1168067000,개포2동,1586586,127.06763,37.48648,465288
202502,1168067500,개포3동,848662,126.85241,37.48684,383998
202502,1168069000,개포4동,1583608,127.05324,37.47555,215079
202502,1168070000,세곡동,5912729,127.10435,37.47107,460553
202502,1168072000,일원본동,2426105,127.08467,37.48237,516968
202502,1168073000,일원1동,946206,127.08925,37.49339,92494
202502,1168075000,수서동,1624149,127.10057,37.48684,1285045
202502,1171051000,풍납1동,1057854,127.1143,37.53824,117313
202502,1171052000,풍납2동,1992907,127.11013,37.52985,176512
202502,1171053100,거여1동,506282,127.14168,37.49439,353552
202502,1171053200,거여2동,505978,127.14717,37.49238,91506
202502,1171054000,마천1동,519561,127.15572,37.49478,280816
202502,1171055000,마천2동,958068,127.15146,37.50033,170735
202502,1171056100,방이1동,585493,127.12232,37.50977,310545
202502,1171056200,방이2동,767575,127.11383,37.51325,370127
202502,1171056600,오륜동,3138116,127.12851,37.51766,626067
202502,1171057000,오금동,1733642,127.1344,37.50399,577652
202502,1171058000,송파1동,696743,127.11032,37.50717,516842
202502,1171059000,송파2동,599279,127.11683,37.50284,62827
202502,1171060000,석촌동,932452,127.10246,37.50272,785876
202502,1171061000,삼전동,990522,127.09191,37.50172,207992
202502,1171062000,가락본동,1049756,127.12164,37.49722,268367
202502,1171063100,가락1동,1368008,127.10824,37.49533,938504
202502,1171063200,가락2동,941692,127.13064,37.49586,570510
202502,1171064100,문정1동,667814,127.12686,37.48817,132949
202502,1171064200,문정2동,2357239,127.11914,37.48069,1112016
202502,1171064600,장지동,1221454,127.13163,37.48279,768276
202502,1171064700,위례동,2608006,127.14124,37.48166,393914
202502,1171065000,잠실본동,1140205,127.08229,37.50551,527881
202502,1171067000,잠실2동,2877277,127.07882,37.51772,750399
202502,1171068000,잠실3동,1514431,127.09432,37.51364,483720
202502,1171069000,잠실4동,840215,127.10815,37.52125,654270
202502,1171071000,잠실6동,1398484,127.09998,37.51907,3206387
202502,1171072000,잠실7동,680575,127.0741,37.50748,457859
202502,1174051500,강일동,3653950,127.17402,37.56389,262115
202502,1174052500,상일제1동,1781219,127.16484,37.55074,694743
202502,1174052600,상일제2동,1090000,127.17784,37.55674,65809
202502,1174053000,명일제1동,621207,127.14594,37.55037,412933
202502,1174054000,명일제2동,937505,127.1542,37.54829,418788
202502,1174055000,고덕제1동,1905349,127.15031,37.56335,100187
202502,1174056000,고덕제2동,2415151,127.16164,37.56586,184860
202502,1174057000,암사제1동,730232,127.13459,37.55186,84375
202502,1174058000,암사제2동,2442627,127.12324,37.55738,489310
202502,1174059000,암사제3동,1853001,127.13851,37.5615,232994
202502,1174060000,천호제1동,685407,127.13858,37.54632,380542
202502,1174061000,천호제2동,1828587,127.12228,37.54469,280843
202502,1174062000,천호제3동,538847,127.1332,37.53965,129478
202502,1174064000,성내제1동,661583,127.12552,37.52876,446334
202502,1174065000,성내제2동,626571,127.12774,37.53436,1728542
202502,1174066000,성내제3동,642074,127.1338,37.5284,142030
202502,1174068500,길동,1601118,127.14591,37.53973,529165
202502,1174069000,둔촌제1동,896155,127.14043,37.52315,472942
202502,1174070000,둔촌제2동,1594005,127.14741,37.53151,540000
202503,1111051500,청운효자동,2438307,126.97042,37.58466,223013
202503,1111053000,사직동,1165780,126.97014,37.57411,2827154
202503,1111054000,삼청동,1361445,126.98111,37.58801,106534
202503,1111055000,부암동,2202073,126.96256,37.5967,332792
202503,1111056000,평창동,9017316,126.96927,37.61396,277395
202503,1111057000,무악동,467575,126.95899,37.57774,60738
202503,1111058000,교남동,345990,126.96416,37.57105,319498
202503,1111060000,가회동,605383,126.98662,37.58268,51144
202503,1111061500,종로1.2.3.4가동,2394166,126.98973,37.57508,5744594
202503,1111063000,종로5.6가동,633463,127.00424,37.57302,2114504
202503,1111064000,이화동,755902,127.00307,37.57969,1621964
202503,1111065000,혜화동,1164691,126.99769,37.58747,612318
202503,1111067000,창신제1동,313832,127.01402,37.57226,320964
202503,1111068000,창신제2동,249894,127.01025,37.57575,5417
202503,1111069000,창신제3동,220395,127.01321,37.57882,154730
202503,1111070000,숭인제1동,237128,127.01686,37.57723,213044
202503,1111071000,숭인제2동,321465,127.02064,37.57431,829325
202503,1114052000,소공동,935656,126.97436,37.5643,2540086
202503,1114054000,회현동,892974,126.97671,37.55697,5377396
202503,1114055000,명동,1006850,126.98436,37.56373,3351260
202503,1114057000,필동,1478522,126.99385,37.5568,1147838
202503,1114058000,장충동,1003083,127.00228,37.55561,497021
202503,1114059000,광희동,752739,127.00363,37.5652,1606455
202503,1114060500,을지로동,599530,126.99649,37.56664,1876308
202503,1114061500,신당동,541354,127.01377,37.56575,856434
202503,1114062500,다산동,546686,127.00826,37.5547,117376
202503,1114063500,약수동,511938,127.01024,37.54984,689984
202503,1114064500,청구동,330066,127.01499,37.55686,77491
202503,1114065000,신당제5동,315652,127.02202,37.56358,189660
202503,1114066500,동화동,344934,127.01867,37.56059,268092
202503,1114067000,황학동,314878,127.0208,37.56842,128367
202503,1114068000,중림동,492309,126.96596,37.55732,160183
202503,1117051000,후암동,865282,126.98059,37.54994,187489
202503,1117052000,용산2가동,2045385,126.98353,37.54024,599889
202503,1117053000,남영동,751924,126.97351,37.54511,1324270
202503,1117055500,청파동,854585,126.96717,37.54786,257630
202503,1117056000,원효로제1동,563923,126.96656,37.53747,281348
202503,1117057000,원효로제2동,943601,126.95139,37.5331,176171
202503,1117058000,효창동,502716,126.96131,37.54305,443446
202503,1117059000,용문동,268086,126.95858,37.53815,91904
202503,1117062500,한강로동,2632658,126.96786,37.52918,3040789
202503,1117063000,이촌제1동,2128932,126.97096,37.51728,210882
202503,1117064000,이촌제2동,1203554,126.95394,37.52333,105565
202503,1117065000,이태원제1동,533547,126.99325,37.53339,590905
202503,1117066000,이태원제2동,891712,126.99213,37.54166,129628
202503,1117068500,한남동,3194899,127.0058,37.5371,1197188
202503,1117069000,서빙고동,2917053,126.98838,37.52247,272064
202503,1117070000,보광동,872912,127.00126,37.52587,112848
202503,1120052000,왕십리제2동,334371,127.02769,37.5615,572370
202503,1120053500,왕십리도선동,721844,127.02957,37.56679,245347
202503,1120054000,마장동,1127258,127.04049,37.56764,368538
202503,1120055000,사근동,1154150,127.04543,37.55801,696322
202503,1120056000,행당제1동,566619,127.03606,37.55902,1385392
202503,1120057000,행당제2동,479532,127.0295,37.55668,409737
202503,1120058000,응봉동,563044,127.03398,37.55099,148695
202503,1120059000,금호1가동,407653,127.02506,37.55367,317487
202503,1120061500,금호2.3가동,665732,127.01989,37.55143,154109
202503,1120062000,금호4가동,930024,127.0246,37.54459,479941
202503,1120064500,옥수동,1250869,127.01618,37.54197,509274
202503,1120065000,성수1가제1동,2238042,127.04104,37.54042,398504
202503,1120066000,성수1가제2동,977066,127.04395,37.54907,875726
202503,1120067000,성수2가제1동,1150487,127.05528,37.53666,182627
202503,1120069000,성수2가제3동,1046168,127.05814,37.54554,1650113
202503,1120072000,송정동,587634,127.0657,37.55233,93644
202503,1120079000,용답동,2372731,127.05785,37.55854,1353680
202503,1121571000,화양동,1178002,127.07346,37.54327,2027959
202503,1121573000,군자동,734486,127.07368,37.55307,311717
202503,1121574000,중곡제1동,590812,127.07772,37.56204,147833
202503,1121575000,중곡제2동,544506,127.08459,37.55891,184065
202503,1121576000,중곡제3동,602735,127.08197,37.56785,477606
202503,1121577000,중곡제4동,2284644,127.09445,37.56391,109925
202503,1121578000,능동,1083377,127.08165,37.55066,1607185
202503,1121581000,광장동,2755836,127.10487,37.54828,532271
202503,1121582000,자양제1동,565020,127.08042,37.53554,192481
202503,1121583000,자양제2동,1631119,127.08325,37.52933,218558
202503,1121584000,자양제3동,1134722,127.0712,37.53169,205976
202503,1121584700,자양제4동,1155166,127.06377,37.53389,495819
202503,1121585000,구의제1동,552319,127.08603,37.54149,993695
202503,1121586000,구의제2동,1380731,127.09445,37.551,713335
202503,1121587000,구의제3동,1450497,127.09524,37.53509,1054754
202503,1123053600,용신동,1573645,127.03229,37.57562,2295215
202503,1123054500,제기동,1181233,127.03724,37.58368,990810
202503,1123056000,전농제1동,1170148,127.05105,37.57901,1761730
202503,1123057000,전농제2동,995125,127.06114,37.58072,292674
202503,1123060000,답십리제1동,798544,127.0517,37.57094,239019
202503,1123061000,답십리제2동,824988,127.06111,37.57089,332247
202503,1123065000,장안제1동,1365375,127.06859,37.56623,600131
202503,1123066000,장안제2동,1132972,127.07254,37.57576,468610
202503,1123070500,청량리동,1176505,127.04512,37.58894,413841
202503,1123071000,회기동,803887,127.05141,37.5937,268274
202503,1123072000,휘경제1동,510437,127.06247,37.59187,996458
202503,1123073000,휘경제2동,1195510,127.06644,37.58651,373304
202503,1123074000,이문제1동,1005087,127.06029,37.59722,507784
202503,1123075000,이문제2동,805192,127.06749,37.60283,285939
202503,1126052000,면목제2동,744933,127.07814,37.58938,207771
202503,1126054000,면목제4동,849250,127.08647,37.57348,325359
202503,1126055000,면목제5동,590803,127.07967,37.58297,147268
202503,1126056500,면목본동,827948,127.08953,37.58834,883118
202503,1126057000,면목제7동,1180742,127.09269,37.57729,196913
202503,1126057500,면목제3.8동,1400985,127.09738,37.5846,839821
202503,1126058000,상봉제1동,861947,127.08947,37.60203,198572
202503,1126059000,상봉제2동,655590,127.0839,37.59425,1187168
202503,1126060000,중화제1동,669339,127.08315,37.60229,108267
202503,1126061000,중화제2동,957879,127.07521,37.59872,753770
202503,1126062000,묵제1동,1207708,127.08245,37.61374,231550
202503,1126063000,묵제2동,668183,127.07467,37.61037,412136
202503,1126065500,망우본동,2948005,127.10754,37.60199,620289
202503,1126066000,망우제3동,991213,127.10294,37.59181,143503
202503,1126068000,신내1동,2490403,127.10451,37.6128,732034
202503,1126069000,신내2동,935095,127.09162,37.61095,306971
202503,1129052500,성북동,2416176,126.99615,37.59587,446969
202503,1129055500,삼선동,912074,127.0118,37.58662,1993508
202503,1129057500,동선동,731808,127.01843,37.59374,572969
202503,1129058000,돈암제1동,461014,127.02404,37.59933,437544
202503,1129059000,돈암제2동,523725,127.01163,37.59728,169333
202503,1129060000,안암동,1274562,127.02731,37.58725,773374
202503,1129061000,보문동,589971,127.01922,37.5826,505121
202503,1129062000,정릉제1동,389711,127.01665,37.60326,410679
202503,1129063000,정릉제2동,1126034,127.00812,37.60379,329340
202503,1129064000,정릉제3동,3357947,126.99377,37.61226,339214
202503,1129065000,정릉제4동,3712601,126.99518,37.62351,633518
202503,1129066000,길음제1동,818440,127.01974,37.60811,1191942
202503,1129068500,길음제2동,616132,127.02723,37.60797,320934
202503,1129070500,종암동,1520021,127.03337,37.59725,590103
202503,1129071500,월곡제1동,764805,127.03645,37.60788,341574
202503,1129072500,월곡제2동,1334181,127.04519,37.6033,781737
202503,1129076000,장위제1동,724308,127.04426,37.61494,263721
202503,1129077000,장위제2동,665829,127.05173,37.61222,483420
202503,1129078000,장위제3동,682909,127.05349,37.61818,191561
202503,1129081000,석관동,1731086,127.06134,37.60826,929211
202503,1130553400,삼양동,951708,127.01468,37.62379,456207
202503,1130553500,미아동,853875,127.02629,37.6287,829218
202503,1130554500,송중동,1061923,127.03292,37.6177,972337
202503,1130555500,송천동,939469,127.02487,37.61822,1241043
202503,1130557500,삼각산동,586701,127.01683,37.61713,235892
202503,1130559500,번1동,595659,127.03054,37.63763,1708395
202503,1130560300,번2동,1012328,127.03479,37.62952,261642
202503,1130560800,번3동,1091074,127.04234,37.62378,212609
202503,1130561500,수유1동,1728230,127.00884,37.62993,469594
202503,1130562500,수유2동,606037,127.0195,37.6454,325666
202503,1130563500,수유3동,730661,127.02355,37.64046,635412
202503,1130564500,우이동,10697189,127.00032,37.66035,571887
202503,1130566000,인수동,2860095,127.00396,37.63764,273846
202503,1132051100,창제1동,1093061,127.04356,37.64714,1361510
202503,1132051200,창제2동,682713,127.03682,37.64263,221027
202503,1132051300,창제3동,637773,127.04163,37.63736,164175
202503,1132051400,창제4동,1114658,127.05093,37.65258,343048
202503,1132051500,창제5동,690264,127.04277,37.65536,1027393
202503,1132052100,도봉제1동,8508462,127.02679,37.68508,318957
202503,1132052200,도봉제2동,1195130,127.04779,37.68119,699397
202503,1132066000,쌍문제1동,1160994,127.01951,37.65303,248286
202503,1132067000,쌍문제2동,531978,127.037,37.65706,283574
202503,1132068000,쌍문제3동,499481,127.03059,37.64769,236294
202503,1132068100,쌍문제4동,577003,127.03041,37.65555,191139
202503,1132069000,방학제1동,1060647,127.04352,37.66503,488495
202503,1132070000,방학제2동,1108653,127.03226,37.66915,137262
202503,1132071000,방학제3동,1860513,127.02347,37.6628,251446
202503,1135056000,월계1동,1178816,127.0586,37.62181,417212
202503,1135057000,월계2동,1991879,127.05121,37.63407,372845
202503,1135058000,월계3동,1167762,127.06489,37.62466,390659
202503,1135059500,공릉1동,1208569,127.07277,37.62412,1164630
202503,1135060000,공릉2동,7264834,127.09423,37.63161,770230
202503,1135061100,하계1동,1441008,127.07481,37.63862,332472
202503,1135061200,하계2동,505737,127.06482,37.63484,742548
202503,1135061900,중계본동,2061637,127.08576,37.64814,265591
202503,1135062100,중계1동,608503,127.0735,37.65002,194501
202503,1135062400,중계4동,1457885,127.08224,37.65885,189832
202503,1135062500,중계2.3동,946538,127.06589,37.64334,731971
202503,1135063000,상계1동,5016467,127.06533,37.68327,605406
202503,1135064000,상계2동,591000,127.06727,37.65649,1628964
202503,1135066500,상계3.4동,5783082,127.08327,37.67515,361937
202503,1135067000,상계5동,492170,127.0696,37.66322,758019
202503,1135069500,상계6.7동,1425634,127.06009,37.64875,372084
202503,1135070000,상계8동,661888,127.05365,37.66629,476055
202503,1135071000,상계9동,837674,127.0625,37.66807,113659
202503,1135072000,상계10동,828158,127.0584,37.65964,212036
202503,1138051000,녹번동,1915175,126.93505,37.60542,989435
202503,1138052000,불광제1동,3346747,126.93927,37.61731,598401
202503,1138053000,불광제2동,1338273,126.92865,37.62437,336751
202503,1138055100,갈현제1동,953450,126.91489,37.62535,1277351
202503,1138055200,갈현제2동,1053392,126.91212,37.61828,544857
202503,1138056000,구산동,1352647,126.90765,37.61106,291800
202503,1138057000,대조동,871085,126.9231,37.61228,1184688
202503,1138058000,응암제1동,1160262,126.9269,37.59826,522531
202503,1138059000,응암제2동,746941,126.92302,37.59189,193193
202503,1138060000,응암제3동,733293,126.91775,37.58865,370574
202503,1138062500,역촌동,1087046,126.91453,37.60457,459325
202503,1138063100,신사제1동,830268,126.90884,37.59899,816665
202503,1138063200,신사제2동,1041042,126.90629,37.59289,570851
202503,1138064000,증산동,919884,126.90581,37.58378,553324
202503,1138065000,수색동,1140125,126.8949,37.58577,295804
202503,1138069000,진관동,12911565,126.94052,37.63928,1344440
202503,1141052000,천연동,893844,126.95714,37.57121,587303
202503,1141055500,북아현동,444705,126.95552,37.55925,215161
202503,1141056500,충현동,1136892,126.9581,37.56391,1453799
202503,1141058500,신촌동,2566839,126.94106,37.56364,2774015
202503,1141061500,연희동,2825921,126.93273,37.57201,934525
202503,1141062000,홍제제1동,1561215,126.9452,37.58154,1241191
202503,1141064000,홍제제3동,1031592,126.95116,37.59202,305676
202503,1141065500,홍제제2동,712529,126.95253,37.58455,176958
202503,1141066000,홍은제1동,1550491,126.94703,37.59998,222523
202503,1141068500,홍은제2동,2048086,126.93217,37.58699,695698
202503,1141069000,남가좌제1동,447138,126.9162,37.57169,403894
202503,1141070000,남가좌제2동,812456,126.92133,37.57762,429355
202503,1141071000,북가좌제1동,581080,126.908,37.57527,175456
202503,1141072000,북가좌제2동,795331,126.9135,37.581,328813
202503,1144055500,아현동,731252,126.95284,37.55193,912708
202503,1144056500,공덕동,1002153,126.95779,37.54912,1517702
202503,1144058500,도화동,860064,126.94681,37.53704,240722
202503,1144059000,용강동,956700,126.94127,37.54059,593178
202503,1144060000,대흥동,836007,126.9414,37.55212,1451597
202503,1144061000,염리동,539922,126.94755,37.54982,125866
202503,1144063000,신수동,1118424,126.93364,37.54363,65694
202503,1144065500,서강동,1715559,126.92516,37.54595,826056
202503,1144066000,서교동,1647625,126.92094,37.55477,6330863
202503,1144068000,합정동,1753036,126.90884,37.54687,213843
202503,1144069000,망원제1동,1124872,126.90021,37.55275,194332
202503,1144070000,망원제2동,1208058,126.89568,37.55712,157980
202503,1144071000,연남동,647383,126.92154,37.56303,243802
202503,1144072000,성산제1동,864039,126.91185,37.56198,241511
202503,1144073000,성산제2동,1963168,126.90204,37.56811,952853
202503,1144074000,상암동,7678191,126.88086,37.57179,1565868
202503,1147051000,목1동,1564660,126.8751,37.52744,1794516
202503,1147052000,목2동,1054247,126.8741,37.54359,869209
202503,1147053000,목3동,500764,126.86541,37.5452,650130
202503,1147054000,목4동,561686,126.8669,37.53544,278665
202503,1147055000,목5동,2069098,126.88103,37.53631,454304
202503,1147056000,신월1동,630072,126.83453,37.53127,128859
202503,1147057000,신월2동,614213,126.84633,37.5234,208123
202503,1147058000,신월3동,926653,126.82747,37.53236,100918
202503,1147059000,신월4동,454712,126.83982,37.52225,173681
202503,1147060000,신월5동,515356,126.8299,37.54004,120361
202503,1147061000,신월6동,473483,126.84213,37.51597,151178
202503,1147061100,신월7동,900522,126.83234,37.52066,173169
202503,1147062000,신정1동,739881,126.85963,37.51888,182540
202503,1147063000,신정2동,648695,126.87518,37.51895,98274
202503,1147064000,신정3동,3169421,126.8394,37.51178,836917
202503,1147065000,신정4동,996239,126.85757,37.52541,867765
202503,1147067000,신정6동,926759,126.86964,37.51591,167295
202503,1147068000,신정7동,1143920,126.86468,37.51012,371210
202503,1150051000,염창동,2389890,126.87543,37.55321,403554
202503,1150052000,등촌제1동,658950,126.85963,37.55586,469012
202503,1150053000,등촌제2동,895367,126.86003,37.54574,233582
202503,1150053500,등촌제3동,1042691,126.84634,37.56105,1039687
202503,1150054000,화곡제1동,1192600,126.84094,37.53378,2261772
202503,1150055000,화곡제2동,456930,126.85437,37.53228,146724
202503,1150056000,화곡제3동,526606,126.83427,37.54406,126901
202503,1150057000,화곡제4동,855978,126.85858,37.5361,157114
202503,1150059000,화곡본동,982074,126.84816,37.54257,270958
202503,1150059100,화곡제6동,1062894,126.85117,37.55172,443235
202503,1150059300,화곡제8동,575541,126.84863,37.53422,244192
202503,1150060300,가양제1동,5543738,126.83435,37.5731,1544299
202503,1150060400,가양제2동,1012806,126.85401,37.56866,68473
202503,1150060500,가양제3동,932533,126.8623,37.56268,62650
202503,1150061100,발산제1동,2963745,126.82558,37.55045,767983
202503,1150061500,우장산동,1245257,126.84102,37.55057,1055921
202503,1150062000,공항동,11581226,126.79496,37.55649,514659
202503,1150063000,방화제1동,1487371,126.81755,37.56864,592638
202503,1150064000,방화제2동,5640487,126.80451,37.5838,1209550
202503,1150064100,방화제3동,1979329,126.81553,37.58158,254899
202503,1153051000,신도림동,1376469,126.88285,37.50973,2180497
202503,1153052000,구로제1동,1083279,126.87546,37.49303,115467
202503,1153053000,구로제2동,1809928,126.87949,37.49745,822854
202503,1153054000,구로제3동,1043117,126.89498,37.48488,2678359
202503,1153055000,구로제4동,516496,126.8902,37.49154,235073
202503,1153056000,구로제5동,1023242,126.88848,37.50203,725280
202503,1153059500,가리봉동,408284,126.88826,37.48256,219078
202503,1153072000,고척제1동,1132884,126.8634,37.50066,398448
202503,1153073000,고척제2동,997120,126.85331,37.50585,290954
202503,1153074000,개봉제1동,1126936,126.84988,37.49988,960749
202503,1153075000,개봉제2동,815642,126.85636,37.49273,342071
202503,1153076000,개봉제3동,848662,126.85241,37.48684,129139
202503,1153077000,오류제1동,747283,126.84163,37.49696,423593
202503,1153078000,오류제2동,3081182,126.83837,37.48526,622185
202503,1153079000,수궁동,2630691,126.82607,37.49828,797871
202503,1153080000,항동,1431213,126.82449,37.48103,101459
202503,1154551000,가산동,2244201,126.88434,37.47684,2402979
202503,1154561000,독산제1동,1964400,126.89272,37.4642,747502
202503,1154562000,독산제2동,616195,126.90255,37.46383,290848
202503,1154563000,독산제3동,945991,126.90459,37.47593,458728
202503,1154564000,독산제4동,619603,126.90405,37.46922,330047
202503,1154567000,시흥제1동,1476950,126.90015,37.45289,691896
202503,1154568000,시흥제2동,1180173,126.92007,37.45059,163830
202503,1154569000,시흥제3동,1335878,126.90593,37.44028,100345
202503,1154570000,시흥제4동,771262,126.90911,37.46008,217494
202503,1154571000,시흥제5동,1426902,126.91243,37.44875,331379
202503,1156051500,영등포본동,808233,126.9097,37.51372,838250
202503,1156053500,영등포동,1415805,126.90784,37.52152,1483798
202503,1156054000,여의동,6656365,126.92757,37.52749,4365111
202503,1156055000,당산제1동,743499,126.89685,37.52393,1066990
202503,1156056000,당산제2동,1564124,126.90391,37.53298,1680385
202503,1156058500,도림동,549811,126.90124,37.50928,160173
202503,1156060500,문래동,1742935,126.89147,37.51638,1032046
202503,1156061000,양평제1동,864764,126.88707,37.52507,395486
202503,1156062000,양평제2동,1892053,126.89418,37.5406,560017
202503,1156063000,신길제1동,811808,126.91951,37.51234,603932
202503,1156065000,신길제3동,480412,126.90589,37.50645,194093
202503,1156066000,신길제4동,288284,126.91292,37.50728,129549
202503,1156067000,신길제5동,530930,126.90555,37.50112,122313
202503,1156068000,신길제6동,679799,126.91354,37.49916,583393
202503,1156069000,신길제7동,548054,126.9198,37.5058,563890
202503,1156070000,대림제1동,481705,126.90526,37.49377,182105
202503,1156071000,대림제2동,578880,126.90064,37.48963,152915
202503,1156072000,대림제3동,937514,126.89727,37.49987,1253208
202503,1159051000,노량진제1동,1878710,126.94915,37.51303,1931061
202503,1159052000,노량진제2동,661468,126.938,37.51093,434802
202503,1159053000,상도제1동,1431135,126.95347,37.49833,1867752
202503,1159054000,상도제2동,776948,126.94206,37.50367,631504
202503,1159055000,상도제3동,673241,126.93335,37.49723,267292
202503,1159056000,상도제4동,968511,126.94076,37.49743,218805
202503,1159060500,흑석동,2097147,126.96376,37.5063,934601
202503,1159062000,사당제1동,632726,126.97741,37.47972,284428
202503,1159063000,사당제2동,3039007,126.97519,37.49823,1633447
202503,1159064000,사당제3동,894355,126.97086,37.48881,199900
202503,1159065000,사당제4동,427255,126.97077,37.48059,371939
202503,1159065100,사당제5동,661737,126.96504,37.4858,129585
202503,1159066000,대방동,1587711,126.92803,37.50711,1374730
202503,1159067000,신대방제1동,684048,126.91071,37.48995,194157
202503,1159068000,신대방제2동,1033193,126.92153,37.49431,532632
202503,1162052500,보라매동,762164,126.93259,37.49036,368591
202503,1162054500,청림동,316540,126.95957,37.48941,121981
202503,1162056500,성현동,686448,126.95117,37.48951,293925
202503,1162057500,행운동,723778,126.96062,37.4809,480964
202503,1162058500,낙성대동,2342295,126.96005,37.46723,534199
202503,1162059500,청룡동,1217892,126.94588,37.47805,2688549
202503,1162060500,은천동,734719,126.94221,37.48682,439859
202503,1162061500,중앙동,380017,126.95062,37.48412,295064
202503,1162062500,인헌동,706179,126.96662,37.47208,1056847
202503,1162063000,남현동,4235911,126.97664,37.46247,2348535
202503,1162064500,서원동,631090,126.93344,37.4806,2452677
202503,1162065500,신원동,576667,126.9267,37.4793,84447
202503,1162066500,서림동,762657,126.93921,37.47355,530866
202503,1162068500,신사동,605859,126.91875,37.48563,914652
202503,1162069500,신림동,507637,126.92761,37.4869,685521
202503,1162071500,난향동,800353,126.91827,37.46159,171727
202503,1162072500,조원동,648305,126.90753,37.48294,803357
202503,1162073500,대학동,8316533,126.94848,37.45347,951462
202503,1162074500,삼성동,2589521,126.93014,37.46067,290716
202503,1162076500,미성동,1341134,126.91543,37.47594,467813
202503,1162077500,난곡동,1014887,126.92105,37.4705,318436
202503,1165051000,서초1동,1371823,127.02014,37.48696,1654421
202503,1165052000,서초2동,1234893,127.02791,37.48882,3116827
202503,1165053000,서초3동,3010786,127.00959,37.48543,2332762
202503,1165053100,서초4동,876369,127.01996,37.49899,430212
202503,1165054000,잠원동,1837867,127.01304,37.51764,451058
202503,1165055000,반포본동,1539963,126.98648,37.50629,117585
202503,1165056000,반포1동,1009783,127.01663,37.50551,669204
202503,1165057000,반포2동,1242525,126.9957,37.50638,374805
202503,1165058000,반포3동,1309158,127.00359,37.51241,429426
202503,1165058100,반포4동,1458521,127.00329,37.49958,3108494
202503,1165059000,방배본동,659648,126.98777,37.49495,222365
202503,1165060000,방배1동,698070,126.9963,37.48491,681993
202503,1165061000,방배2동,1934493,126.98849,37.47301,302458
202503,1165062000,방배3동,2412263,126.9979,37.47432,843379
202503,1165062100,방배4동,941537,126.99099,37.48982,305558
202503,1165065100,양재1동,5738915,127.02253,37.46956,2235706
202503,1165065200,양재2동,7433699,127.04591,37.45115,704459
202503,1165066000,내곡동,13138298,127.07055,37.45652,293606
202503,1168051000,신사동,1741768,127.0214,37.52572,373460
202503,1168052100,논현1동,1246164,127.0265,37.51191,2076723
202503,1168053100,논현2동,1440614,127.03622,37.51521,1650855
202503,1168054500,압구정동,2512082,127.03348,37.53027,1982110
202503,1168056500,청담동,2355811,127.0505,37.52454,595192
202503,1168058000,삼성1동,1925054,127.06063,37.5154,1799125
202503,1168059000,삼성2동,1258529,127.04876,37.51184,1005994
202503,1168060000,대치1동,807837,127.05897,37.49339,445663
202503,1168061000,대치2동,2060695,127.06642,37.50058,2592626
202503,1168063000,대치4동,703180,127.0549,37.50166,2200950
202503,1168064000,역삼1동,2366859,127.03549,37.50089,4099566
202503,1168065000,역삼2동,1123383,127.04489,37.4985,530531
202503,1168065500,도곡1동,1010321,127.04098,37.48905,722870
202503,1168065600,도곡2동,1031472,127.04965,37.48821,931960
202503,1168066000,개포1동,1741195,127.06471,37.47928,179044
202503,1168067000,개포2동,1586586,127.06763,37.48648,539650
202503,1168067500,개포3동,848662,126.85241,37.48684,431665
202503,1168069000,개포4동,1583608,127.05324,37.47555,235187
202503,1168070000,세곡동,5912729,127.10435,37.47107,526342
202503,1168072000,일원본동,2426105,127.08467,37.48237,570990
202503,1168073000,일원1동,946206,127.08925,37.49339,102770
202503,1168075000,수서동,1624149,127.10057,37.48684,1437423
202503,1171051000,풍납1동,1057854,127.1143,37.53824,125330
202503,1171052000,풍납2동,1992907,127.11013,37.52985,188629
202503,1171053100,거여1동,506282,127.14168,37.49439,398967
202503,1171053200,거여2동,505978,127.14717,37.49238,100248
202503,1171054000,마천1동,519561,127.15572,37.49478,318335
202503,1171055000,마천2동,958068,127.15146,37.50033,190339
202503,1171056100,방이1동,585493,127.12232,37.50977,338651
202503,1171056200,방이2동,767575,127.11383,37.51325,401456
202503,1171056600,오륜동,3138116,127.12851,37.51766,744034
202503,1171057000,오금동,1733642,127.1344,37.50399,639261
202503,1171058000,송파1동,696743,127.11032,37.50717,569782
202503,1171059000,송파2동,599279,127.11683,37.50284,71716
202503,1171060000,석촌동,932452,127.10246,37.50272,867197
202503,1171061000,삼전동,990522,127.09191,37.50172,226603
202503,1171062000,가락본동,1049756,127.12164,37.49722,299294
202503,1171063100,가락1동,1368008,127.10824,37.49533,1042977
202503,1171063200,가락2동,941692,127.13064,37.49586,628719
202503,1171064100,문정1동,667814,127.12686,37.48817,148592
202503,1171064200,문정2동,2357239,127.11914,37.48069,1225151
202503,1171064600,장지동,1221454,127.13163,37.48279,851983
202503,1171064700,위례동,2608006,127.14124,37.48166,449138
202503,1171065000,잠실본동,1140205,127.08229,37.50551,578488
202503,1171067000,잠실2동,2877277,127.07882,37.51772,860006
202503,1171068000,잠실3동,1514431,127.09432,37.51364,535397
202503,1171069000,잠실4동,840215,127.10815,37.52125,719464
202503,1171071000,잠실6동,1398484,127.09998,37.51907,3467965
202503,1171072000,잠실7동,680575,127.0741,37.50748,708061
202503,1174051500,강일동,3653950,127.17402,37.56389,292911
202503,1174052500,상일제1동,1781219,127.16484,37.55074,767863
202503,1174052600,상일제2동,1090000,127.17784,37.55674,70494
202503,1174053000,명일제1동,621207,127.14594,37.55037,463499
202503,1174054000,명일제2동,937505,127.1542,37.54829,468507
202503,1174055000,고덕제1동,1905349,127.15031,37.56335,114630
202503,1174056000,고덕제2동,2415151,127.16164,37.56586,200877
202503,1174057000,암사제1동,730232,127.13459,37.55186,92848
202503,1174058000,암사제2동,2442627,127.12324,37.55738,539653
202503,1174059000,암사제3동,1853001,127.13851,37.5615,265217
202503,1174060000,천호제1동,685407,127.13858,37.54632,419753
202503,1174061000,천호제2동,1828587,127.12228,37.54469,309905
202503,1174062000,천호제3동,538847,127.1332,37.53965,147413
202503,1174064000,성내제1동,661583,127.12552,37.52876,489778
202503,1174065000,성내제2동,626571,127.12774,37.53436,1914927
202503,1174066000,성내제3동,642074,127.1338,37.5284,157967
202503,1174068500,길동,1601118,127.14591,37.53973,587145
202503,1174069000,둔촌제1동,896155,127.14043,37.52315,567349
202503,1174070000,둔촌제2동,1594005,127.14741,37.53151,583780
202504,1111051500,청운효자동,2438307,126.97042,37.58466,251643
202504,1111053000,사직동,1165780,126.97014,37.57411,2740333
202504,1111054000,삼청동,1361445,126.98111,37.58801,128262
202504,1111055000,부암동,2202073,126.96256,37.5967,342760
202504,1111056000,평창동,9017316,126.96927,37.61396,276607
202504,1111057000,무악동,467575,126.95899,37.57774,61593
202504,1111058000,교남동,345990,126.96416,37.57105,321932
202504,1111060000,가회동,605383,126.98662,37.58268,44696
202504,1111061500,종로1.2.3.4가동,2394166,126.98973,37.57508,5652430
202504,1111063000,종로5.6가동,633463,127.00424,37.57302,2080892
202504,1111064000,이화동,755902,127.00307,37.57969,1613050
202504,1111065000,혜화동,1164691,126.99769,37.58747,591825
202504,1111067000,창신제1동,313832,127.01402,37.57226,317225
202504,1111068000,창신제2동,249894,127.01025,37.57575,4699
202504,1111069000,창신제3동,220395,127.01321,37.57882,159815
202504,1111070000,숭인제1동,237128,127.01686,37.57723,207102
202504,1111071000,숭인제2동,321465,127.02064,37.57431,790464
202504,1114052000,소공동,935656,126.97436,37.5643,2568770
202504,1114054000,회현동,892974,126.97671,37.55697,5516089
202504,1114055000,명동,1006850,126.98436,37.56373,3352143
202504,1114057000,필동,1478522,126.99385,37.5568,1213352
202504,1114058000,장충동,1003083,127.00228,37.55561,553770
202504,1114059000,광희동,752739,127.00363,37.5652,1578175
202504,1114060500,을지로동,599530,126.99649,37.56664,1917548
202504,1114061500,신당동,541354,127.01377,37.56575,852997
202504,1114062500,다산동,546686,127.00826,37.5547,116417
202504,1114063500,약수동,511938,127.01024,37.54984,703296
202504,1114064500,청구동,330066,127.01499,37.55686,77384
202504,1114065000,신당제5동,315652,127.02202,37.56358,190750
202504,1114066500,동화동,344934,127.01867,37.56059,269614
202504,1114067000,황학동,314878,127.0208,37.56842,126373
202504,1114068000,중림동,492309,126.96596,37.55732,161315
202504,1117051000,후암동,865282,126.98059,37.54994,197047
202504,1117052000,용산2가동,2045385,126.98353,37.54024,637081
202504,1117053000,남영동,751924,126.97351,37.54511,1314411
202504,1117055500,청파동,854585,126.96717,37.54786,258103
202504,1117056000,원효로제1동,563923,126.96656,37.53747,283843
202504,1117057000,원효로제2동,943601,126.95139,37.5331,176827
202504,1117058000,효창동,502716,126.96131,37.54305,453379
202504,1117059000,용문동,268086,126.95858,37.53815,91793
202504,1117062500,한강로동,2632658,126.96786,37.52918,2979499
202504,1117063000,이촌제1동,2128932,126.97096,37.51728,218466
202504,1117064000,이촌제2동,1203554,126.95394,37.52333,116936
202504,1117065000,이태원제1동,533547,126.99325,37.53339,574680
202504,1117066000,이태원제2동,891712,126.99213,37.54166,133534
202504,1117068500,한남동,3194899,127.0058,37.5371,1170442
202504,1117069000,서빙고동,2917053,126.98838,37.52247,276880
202504,1117070000,보광동,872912,127.00126,37.52587,111790
202504,1120052000,왕십리제2동,334371,127.02769,37.5615,582007
202504,1120053500,왕십리도선동,721844,127.02957,37.56679,244446
202504,1120054000,마장동,1127258,127.04049,37.56764,372494
202504,1120055000,사근동,1154150,127.04543,37.55801,714034
202504,1120056000,행당제1동,566619,127.03606,37.55902,1355323
202504,1120057000,행당제2동,479532,127.0295,37.55668,417664
202504,1120058000,응봉동,563044,127.03398,37.55099,152882
202504,1120059000,금호1가동,407653,127.02506,37.55367,319149
202504,1120061500,금호2.3가동,665732,127.01989,37.55143,155291
202504,1120062000,금호4가동,930024,127.0246,37.54459,486602
202504,1120064500,옥수동,1250869,127.01618,37.54197,515273
202504,1120065000,성수1가제1동,2238042,127.04104,37.54042,480306
202504,1120066000,성수1가제2동,977066,127.04395,37.54907,928499
202504,1120067000,성수2가제1동,1150487,127.05528,37.53666,184792
202504,1120069000,성수2가제3동,1046168,127.05814,37.54554,1650006
202504,1120072000,송정동,587634,127.0657,37.55233,93649
202504,1120079000,용답동,2372731,127.05785,37.55854,1366458
202504,1121571000,화양동,1178002,127.07346,37.54327,1970505
202504,1121573000,군자동,734486,127.07368,37.55307,310494
202504,1121574000,중곡제1동,590812,127.07772,37.56204,147515
202504,1121575000,중곡제2동,544506,127.08459,37.55891,182992
202504,1121576000,중곡제3동,602735,127.08197,37.56785,483419
202504,1121577000,중곡제4동,2284644,127.09445,37.56391,110038
202504,1121578000,능동,1083377,127.08165,37.55066,1638194
202504,1121581000,광장동,2755836,127.10487,37.54828,540596
202504,1121582000,자양제1동,565020,127.08042,37.53554,190021
202504,1121583000,자양제2동,1631119,127.08325,37.52933,223366
202504,1121584000,자양제3동,1134722,127.0712,37.53169,203213
202504,1121584700,자양제4동,1155166,127.06377,37.53389,546451
202504,1121585000,구의제1동,552319,127.08603,37.54149,1007506
202504,1121586000,구의제2동,1380731,127.09445,37.551,726007
202504,1121587000,구의제3동,1450497,127.09524,37.53509,1046044
202504,1123053600,용신동,1573645,127.03229,37.57562,2295180
202504,1123054500,제기동,1181233,127.03724,37.58368,990852
202504,1123056000,전농제1동,1170148,127.05105,37.57901,1731716
202504,1123057000,전농제2동,995125,127.06114,37.58072,293317
202504,1123060000,답십리제1동,798544,127.0517,37.57094,240682
202504,1123061000,답십리제2동,824988,127.06111,37.57089,330663
202504,1123065000,장안제1동,1365375,127.06859,37.56623,601297
202504,1123066000,장안제2동,1132972,127.07254,37.57576,472037
202504,1123070500,청량리동,1176505,127.04512,37.58894,406472
202504,1123071000,회기동,803887,127.05141,37.5937,273778
202504,1123072000,휘경제1동,510437,127.06247,37.59187,1005665
202504,1123073000,휘경제2동,1195510,127.06644,37.58651,373825
202504,1123074000,이문제1동,1005087,127.06029,37.59722,507276
202504,1123075000,이문제2동,805192,127.06749,37.60283,287679
202504,1126052000,면목제2동,744933,127.07814,37.58938,207159
202504,1126054000,면목제4동,849250,127.08647,37.57348,327102
202504,1126055000,면목제5동,590803,127.07967,37.58297,147307
202504,1126056500,면목본동,827948,127.08953,37.58834,889049
202504,1126057000,면목제7동,1180742,127.09269,37.57729,197623
202504,1126057500,면목제3.8동,1400985,127.09738,37.5846,843374
202504,1126058000,상봉제1동,861947,127.08947,37.60203,201491
202504,1126059000,상봉제2동,655590,127.0839,37.59425,1174833
202504,1126060000,중화제1동,669339,127.08315,37.60229,107419
202504,1126061000,중화제2동,957879,127.07521,37.59872,759205
202504,1126062000,묵제1동,1207708,127.08245,37.61374,229807
202504,1126063000,묵제2동,668183,127.07467,37.61037,413656
202504,1126065500,망우본동,2948005,127.10754,37.60199,624419
202504,1126066000,망우제3동,991213,127.10294,37.59181,145595
202504,1126068000,신내1동,2490403,127.10451,37.6128,741783
202504,1126069000,신내2동,935095,127.09162,37.61095,307310
202504,1129052500,성북동,2416176,126.99615,37.59587,459251
202504,1129055500,삼선동,912074,127.0118,37.58662,2029547
202504,1129057500,동선동,731808,127.01843,37.59374,561483
202504,1129058000,돈암제1동,461014,127.02404,37.59933,438965
202504,1129059000,돈암제2동,523725,127.01163,37.59728,167145
202504,1129060000,안암동,1274562,127.02731,37.58725,751345
202504,1129061000,보문동,589971,127.01922,37.5826,526686
202504,1129062000,정릉제1동,389711,127.01665,37.60326,433307
202504,1129063000,정릉제2동,1126034,127.00812,37.60379,325451
202504,1129064000,정릉제3동,3357947,126.99377,37.61226,344992
202504,1129065000,정릉제4동,3712601,126.99518,37.62351,671628
202504,1129066000,길음제1동,818440,127.01974,37.60811,1202396
202504,1129068500,길음제2동,616132,127.02723,37.60797,317943
202504,1129070500,종암동,1520021,127.03337,37.59725,592854
202504,1129071500,월곡제1동,764805,127.03645,37.60788,341759
202504,1129072500,월곡제2동,1334181,127.04519,37.6033,785925
202504,1129076000,장위제1동,724308,127.04426,37.61494,263690
202504,1129077000,장위제2동,665829,127.05173,37.61222,502458
202504,1129078000,장위제3동,682909,127.05349,37.61818,201782
202504,1129081000,석관동,1731086,127.06134,37.60826,921384
202504,1130553400,삼양동,951708,127.01468,37.62379,528403
202504,1130553500,미아동,853875,127.02629,37.6287,838834
202504,1130554500,송중동,1061923,127.03292,37.6177,966932
202504,1130555500,송천동,939469,127.02487,37.61822,1235858
202504,1130557500,삼각산동,586701,127.01683,37.61713,238263
202504,1130559500,번1동,595659,127.03054,37.63763,1694309
202504,1130560300,번2동,1012328,127.03479,37.62952,267519
202504,1130560800,번3동,1091074,127.04234,37.62378,218579
202504,1130561500,수유1동,1728230,127.00884,37.62993,499516
202504,1130562500,수유2동,606037,127.0195,37.6454,355995
202504,1130563500,수유3동,730661,127.02355,37.64046,625048
202504,1130564500,우이동,10697189,127.00032,37.66035,649390
202504,1130566000,인수동,2860095,127.00396,37.63764,276235
202504,1132051100,창제1동,1093061,127.04356,37.64714,1364807
202504,1132051200,창제2동,682713,127.03682,37.64263,225030
202504,1132051300,창제3동,637773,127.04163,37.63736,166287
202504,1132051400,창제4동,1114658,127.05093,37.65258,341884
202504,1132051500,창제5동,690264,127.04277,37.65536,1027287
202504,1132052100,도봉제1동,8508462,127.02679,37.68508,319026
202504,1132052200,도봉제2동,1195130,127.04779,37.68119,708165
202504,1132066000,쌍문제1동,1160994,127.01951,37.65303,250349
202504,1132067000,쌍문제2동,531978,127.037,37.65706,281069
202504,1132068000,쌍문제3동,499481,127.03059,37.64769,239919
202504,1132068100,쌍문제4동,577003,127.03041,37.65555,191219
202504,1132069000,방학제1동,1060647,127.04352,37.66503,481052
202504,1132070000,방학제2동,1108653,127.03226,37.66915,137456
202504,1132071000,방학제3동,1860513,127.02347,37.6628,253410
202504,1135056000,월계1동,1178816,127.0586,37.62181,391727
202504,1135057000,월계2동,1991879,127.05121,37.63407,378421
202504,1135058000,월계3동,1167762,127.06489,37.62466,382272
202504,1135059500,공릉1동,1208569,127.07277,37.62412,1131375
202504,1135060000,공릉2동,7264834,127.09423,37.63161,763608
202504,1135061100,하계1동,1441008,127.07481,37.63862,335777
202504,1135061200,하계2동,505737,127.06482,37.63484,752301
202504,1135061900,중계본동,2061637,127.08576,37.64814,265192
202504,1135062100,중계1동,608503,127.0735,37.65002,193813
202504,1135062400,중계4동,1457885,127.08224,37.65885,199850
202504,1135062500,중계2.3동,946538,127.06589,37.64334,742449
202504,1135063000,상계1동,5016467,127.06533,37.68327,602102
202504,1135064000,상계2동,591000,127.06727,37.65649,1596346
202504,1135066500,상계3.4동,5783082,127.08327,37.67515,364721
202504,1135067000,상계5동,492170,127.0696,37.66322,780379
202504,1135069500,상계6.7동,1425634,127.06009,37.64875,370739
202504,1135070000,상계8동,661888,127.05365,37.66629,483326
202504,1135071000,상계9동,837674,127.0625,37.66807,112695
202504,1135072000,상계10동,828158,127.0584,37.65964,208858
202504,1138051000,녹번동,1915175,126.93505,37.60542,991534
202504,1138052000,불광제1동,3346747,126.93927,37.61731,597373
202504,1138053000,불광제2동,1338273,126.92865,37.62437,339778
202504,1138055100,갈현제1동,953450,126.91489,37.62535,1278322
202504,1138055200,갈현제2동,1053392,126.91212,37.61828,546026
202504,1138056000,구산동,1352647,126.90765,37.61106,294814
202504,1138057000,대조동,871085,126.9231,37.61228,1185216
202504,1138058000,응암제1동,1160262,126.9269,37.59826,519487
202504,1138059000,응암제2동,746941,126.92302,37.59189,195566
202504,1138060000,응암제3동,733293,126.91775,37.58865,375665
202504,1138062500,역촌동,1087046,126.91453,37.60457,460016
202504,1138063100,신사제1동,830268,126.90884,37.59899,839317
202504,1138063200,신사제2동,1041042,126.90629,37.59289,582681
202504,1138064000,증산동,919884,126.90581,37.58378,557531
202504,1138065000,수색동,1140125,126.8949,37.58577,299326
202504,1138069000,진관동,12911565,126.94052,37.63928,1352390
202504,1141052000,천연동,893844,126.95714,37.57121,580302
202504,1141055500,북아현동,444705,126.95552,37.55925,212426
202504,1141056500,충현동,1136892,126.9581,37.56391,1494526
202504,1141058500,신촌동,2566839,126.94106,37.56364,2717659
202504,1141061500,연희동,2825921,126.93273,37.57201,935321
202504,1141062000,홍제제1동,1561215,126.9452,37.58154,1255514
202504,1141064000,홍제제3동,1031592,126.95116,37.59202,304870
202504,1141065500,홍제제2동,712529,126.95253,37.58455,176016
202504,1141066000,홍은제1동,1550491,126.94703,37.59998,223117
202504,1141068500,홍은제2동,2048086,126.93217,37.58699,728274
202504,1141069000,남가좌제1동,447138,126.9162,37.57169,404164
202504,1141070000,남가좌제2동,812456,126.92133,37.57762,430136
202504,1141071000,북가좌제1동,581080,126.908,37.57527,175908
202504,1141072000,북가좌제2동,795331,126.9135,37.581,329891
202504,1144055500,아현동,731252,126.95284,37.55193,924362
202504,1144056500,공덕동,1002153,126.95779,37.54912,1564716
202504,1144058500,도화동,860064,126.94681,37.53704,243085
202504,1144059000,용강동,956700,126.94127,37.54059,603638
202504,1144060000,대흥동,836007,126.9414,37.55212,1447052
202504,1144061000,염리동,539922,126.94755,37.54982,125813
202504,1144063000,신수동,1118424,126.93364,37.54363,64165
202504,1144065500,서강동,1715559,126.92516,37.54595,831154
202504,1144066000,서교동,1647625,126.92094,37.55477,6125318
202504,1144068000,합정동,1753036,126.90884,37.54687,211988
202504,1144069000,망원제1동,1124872,126.90021,37.55275,193033
202504,1144070000,망원제2동,1208058,126.89568,37.55712,158182
202504,1144071000,연남동,647383,126.92154,37.56303,236595
202504,1144072000,성산제1동,864039,126.91185,37.56198,241683
202504,1144073000,성산제2동,1963168,126.90204,37.56811,981886
202504,1144074000,상암동,7678191,126.88086,37.57179,1626438
202504,1147051000,목1동,1564660,126.8751,37.52744,1780778
202504,1147052000,목2동,1054247,126.8741,37.54359,881958
202504,1147053000,목3동,500764,126.86541,37.5452,657484
202504,1147054000,목4동,561686,126.8669,37.53544,277511
202504,1147055000,목5동,2069098,126.88103,37.53631,452518
202504,1147056000,신월1동,630072,126.83453,37.53127,129202
202504,1147057000,신월2동,614213,126.84633,37.5234,208568
202504,1147058000,신월3동,926653,126.82747,37.53236,103515
202504,1147059000,신월4동,454712,126.83982,37.52225,173135
202504,1147060000,신월5동,515356,126.8299,37.54004,120874
202504,1147061000,신월6동,473483,126.84213,37.51597,152956
202504,1147061100,신월7동,900522,126.83234,37.52066,174733
202504,1147062000,신정1동,739881,126.85963,37.51888,182006
202504,1147063000,신정2동,648695,126.87518,37.51895,97712
202504,1147064000,신정3동,3169421,126.8394,37.51178,845784
202504,1147065000,신정4동,996239,126.85757,37.52541,880794
202504,1147067000,신정6동,926759,126.86964,37.51591,166630
202504,1147068000,신정7동,1143920,126.86468,37.51012,375692
202504,1150051000,염창동,2389890,126.87543,37.55321,397532
202504,1150052000,등촌제1동,658950,126.85963,37.55586,476362
202504,1150053000,등촌제2동,895367,126.86003,37.54574,234502
202504,1150053500,등촌제3동,1042691,126.84634,37.56105,1044686
202504,1150054000,화곡제1동,1192600,126.84094,37.53378,2279744
202504,1150055000,화곡제2동,456930,126.85437,37.53228,146102
202504,1150056000,화곡제3동,526606,126.83427,37.54406,124421
202504,1150057000,화곡제4동,855978,126.85858,37.5361,159520
202504,1150059000,화곡본동,982074,126.84816,37.54257,270156
202504,1150059100,화곡제6동,1062894,126.85117,37.55172,439750
202504,1150059300,화곡제8동,575541,126.84863,37.53422,245225
202504,1150060300,가양제1동,5543738,126.83435,37.5731,1563803
202504,1150060400,가양제2동,1012806,126.85401,37.56866,67737
202504,1150060500,가양제3동,932533,126.8623,37.56268,62984
202504,1150061100,발산제1동,2963745,126.82558,37.55045,772013
202504,1150061500,우장산동,1245257,126.84102,37.55057,1058158
202504,1150062000,공항동,11581226,126.79496,37.55649,512166
202504,1150063000,방화제1동,1487371,126.81755,37.56864,623223
202504,1150064000,방화제2동,5640487,126.80451,37.5838,1209413
202504,1150064100,방화제3동,1979329,126.81553,37.58158,259177
202504,1153051000,신도림동,1376469,126.88285,37.50973,2181830
202504,1153052000,구로제1동,1083279,126.87546,37.49303,114884
202504,1153053000,구로제2동,1809928,126.87949,37.49745,850945
202504,1153054000,구로제3동,1043117,126.89498,37.48488,2735246
202504,1153055000,구로제4동,516496,126.8902,37.49154,231782
202504,1153056000,구로제5동,1023242,126.88848,37.50203,719625
202504,1153059500,가리봉동,408284,126.88826,37.48256,219654
202504,1153072000,고척제1동,1132884,126.8634,37.50066,415884
202504,1153073000,고척제2동,997120,126.85331,37.50585,289840
202504,1153074000,개봉제1동,1126936,126.84988,37.49988,969734
202504,1153075000,개봉제2동,815642,126.85636,37.49273,342110
202504,1153076000,개봉제3동,848662,126.85241,37.48684,128881
202504,1153077000,오류제1동,747283,126.84163,37.49696,424447
202504,1153078000,오류제2동,3081182,126.83837,37.48526,631667
202504,1153079000,수궁동,2630691,126.82607,37.49828,818397
202504,1153080000,항동,1431213,126.82449,37.48103,102806
202504,1154551000,가산동,2244201,126.88434,37.47684,2495946
202504,1154561000,독산제1동,1964400,126.89272,37.4642,756556
202504,1154562000,독산제2동,616195,126.90255,37.46383,292974
202504,1154563000,독산제3동,945991,126.90459,37.47593,455486
202504,1154564000,독산제4동,619603,126.90405,37.46922,325394
202504,1154567000,시흥제1동,1476950,126.90015,37.45289,697155
202504,1154568000,시흥제2동,1180173,126.92007,37.45059,169113
202504,1154569000,시흥제3동,1335878,126.90593,37.44028,100769
202504,1154570000,시흥제4동,771262,126.90911,37.46008,217320
202504,1154571000,시흥제5동,1426902,126.91243,37.44875,337837
202504,1156051500,영등포본동,808233,126.9097,37.51372,835209
202504,1156053500,영등포동,1415805,126.90784,37.52152,1451588
202504,1156054000,여의동,6656365,126.92757,37.52749,4779592
202504,1156055000,당산제1동,743499,126.89685,37.52393,1085574
202504,1156056000,당산제2동,1564124,126.90391,37.53298,1733527
202504,1156058500,도림동,549811,126.90124,37.50928,159368
202504,1156060500,문래동,1742935,126.89147,37.51638,1041255
202504,1156061000,양평제1동,864764,126.88707,37.52507,408957
202504,1156062000,양평제2동,1892053,126.89418,37.5406,578612
202504,1156063000,신길제1동,811808,126.91951,37.51234,614177
202504,1156065000,신길제3동,480412,126.90589,37.50645,192827
202504,1156066000,신길제4동,288284,126.91292,37.50728,131492
202504,1156067000,신길제5동,530930,126.90555,37.50112,121481
202504,1156068000,신길제6동,679799,126.91354,37.49916,591975
202504,1156069000,신길제7동,548054,126.9198,37.5058,609296
202504,1156070000,대림제1동,481705,126.90526,37.49377,179024
202504,1156071000,대림제2동,578880,126.90064,37.48963,151304
202504,1156072000,대림제3동,937514,126.89727,37.49987,1238548
202504,1159051000,노량진제1동,1878710,126.94915,37.51303,1955213
202504,1159052000,노량진제2동,661468,126.938,37.51093,432835
202504,1159053000,상도제1동,1431135,126.95347,37.49833,1876311
202504,1159054000,상도제2동,776948,126.94206,37.50367,637677
202504,1159055000,상도제3동,673241,126.93335,37.49723,267955
202504,1159056000,상도제4동,968511,126.94076,37.49743,220095
202504,1159060500,흑석동,2097147,126.96376,37.5063,934929
202504,1159062000,사당제1동,632726,126.97741,37.47972,282445
202504,1159063000,사당제2동,3039007,126.97519,37.49823,1669193
202504,1159064000,사당제3동,894355,126.97086,37.48881,200954
202504,1159065000,사당제4동,427255,126.97077,37.48059,375203
202504,1159065100,사당제5동,661737,126.96504,37.4858,130607
202504,1159066000,대방동,1587711,126.92803,37.50711,1421070
202504,1159067000,신대방제1동,684048,126.91071,37.48995,195223
202504,1159068000,신대방제2동,1033193,126.92153,37.49431,610134
202504,1162052500,보라매동,762164,126.93259,37.49036,398826
202504,1162054500,청림동,316540,126.95957,37.48941,121320
202504,1162056500,성현동,686448,126.95117,37.48951,300118
202504,1162057500,행운동,723778,126.96062,37.4809,477187
202504,1162058500,낙성대동,2342295,126.96005,37.46723,514119
202504,1162059500,청룡동,1217892,126.94588,37.47805,2677054
202504,1162060500,은천동,734719,126.94221,37.48682,440168
202504,1162061500,중앙동,380017,126.95062,37.48412,290480
202504,1162062500,인헌동,706179,126.96662,37.47208,1064752
202504,1162063000,남현동,4235911,126.97664,37.46247,2343849
202504,1162064500,서원동,631090,126.93344,37.4806,2462098
202504,1162065500,신원동,576667,126.9267,37.4793,84186
202504,1162066500,서림동,762657,126.93921,37.47355,581040
202504,1162068500,신사동,605859,126.91875,37.48563,931548
202504,1162069500,신림동,507637,126.92761,37.4869,702930
202504,1162071500,난향동,800353,126.91827,37.46159,172507
202504,1162072500,조원동,648305,126.90753,37.48294,799228
202504,1162073500,대학동,8316533,126.94848,37.45347,961827
202504,1162074500,삼성동,2589521,126.93014,37.46067,291751
202504,1162076500,미성동,1341134,126.91543,37.47594,469645
202504,1162077500,난곡동,1014887,126.92105,37.4705,318347
202504,1165051000,서초1동,1371823,127.02014,37.48696,1705425
202504,1165052000,서초2동,1234893,127.02791,37.48882,3250127
202504,1165053000,서초3동,3010786,127.00959,37.48543,2320579
202504,1165053100,서초4동,876369,127.01996,37.49899,424571
202504,1165054000,잠원동,1837867,127.01304,37.51764,462328
202504,1165055000,반포본동,1539963,126.98648,37.50629,122841
202504,1165056000,반포1동,1009783,127.01663,37.50551,675705
202504,1165057000,반포2동,1242525,126.9957,37.50638,390998
202504,1165058000,반포3동,1309158,127.00359,37.51241,436658
202504,1165058100,반포4동,1458521,127.00329,37.49958,3051281
202504,1165059000,방배본동,659648,126.98777,37.49495,222609
202504,1165060000,방배1동,698070,126.9963,37.48491,698478
202504,1165061000,방배2동,1934493,126.98849,37.47301,297146
202504,1165062000,방배3동,2412263,126.9979,37.47432,862183
202504,1165062100,방배4동,941537,126.99099,37.48982,305833
202504,1165065100,양재1동,5738915,127.02253,37.46956,2358759
202504,1165065200,양재2동,7433699,127.04591,37.45115,767815
202504,1165066000,내곡동,13138298,127.07055,37.45652,312564
202504,1168051000,신사동,1741768,127.0214,37.52572,373911
202504,1168052100,논현1동,1246164,127.0265,37.51191,2241454
202504,1168053100,논현2동,1440614,127.03622,37.51521,1702709
202504,1168054500,압구정동,2512082,127.03348,37.53027,1984357
202504,1168056500,청담동,2355811,127.0505,37.52454,600196
202504,1168058000,삼성1동,1925054,127.06063,37.5154,1864452
202504,1168059000,삼성2동,1258529,127.04876,37.51184,1041471
202504,1168060000,대치1동,807837,127.05897,37.49339,437031
202504,1168061000,대치2동,2060695,127.06642,37.50058,2657620
202504,1168063000,대치4동,703180,127.0549,37.50166,2257160
202504,1168064000,역삼1동,2366859,127.03549,37.50089,4227660
202504,1168065000,역삼2동,1123383,127.04489,37.4985,540959
202504,1168065500,도곡1동,1010321,127.04098,37.48905,757453
202504,1168065600,도곡2동,1031472,127.04965,37.48821,947141
202504,1168066000,개포1동,1741195,127.06471,37.47928,181732
202504,1168067000,개포2동,1586586,127.06763,37.48648,543462
202504,1168067500,개포3동,848662,126.85241,37.48684,441419
202504,1168069000,개포4동,1583608,127.05324,37.47555,236196
202504,1168070000,세곡동,5912729,127.10435,37.47107,535538
202504,1168072000,일원본동,2426105,127.08467,37.48237,589169
202504,1168073000,일원1동,946206,127.08925,37.49339,104160
202504,1168075000,수서동,1624149,127.10057,37.48684,1460856
202504,1171051000,풍납1동,1057854,127.1143,37.53824,125931
202504,1171052000,풍납2동,1992907,127.11013,37.52985,188648
202504,1171053100,거여1동,506282,127.14168,37.49439,403570
202504,1171053200,거여2동,505978,127.14717,37.49238,100455
202504,1171054000,마천1동,519561,127.15572,37.49478,321916
202504,1171055000,마천2동,958068,127.15146,37.50033,191292
202504,1171056100,방이1동,585493,127.12232,37.50977,341109
202504,1171056200,방이2동,767575,127.11383,37.51325,410442
202504,1171056600,오륜동,3138116,127.12851,37.51766,738061
202504,1171057000,오금동,1733642,127.1344,37.50399,649520
202504,1171058000,송파1동,696743,127.11032,37.50717,594338
202504,1171059000,송파2동,599279,127.11683,37.50284,74611
202504,1171060000,석촌동,932452,127.10246,37.50272,903240
202504,1171061000,삼전동,990522,127.09191,37.50172,227944
202504,1171062000,가락본동,1049756,127.12164,37.49722,300777
202504,1171063100,가락1동,1368008,127.10824,37.49533,1053083
202504,1171063200,가락2동,941692,127.13064,37.49586,637079
202504,1171064100,문정1동,667814,127.12686,37.48817,149136
202504,1171064200,문정2동,2357239,127.11914,37.48069,1269483
202504,1171064600,장지동,1221454,127.13163,37.48279,857134
202504,1171064700,위례동,2608006,127.14124,37.48166,450928
202504,1171065000,잠실본동,1140205,127.08229,37.50551,584305
202504,1171067000,잠실2동,2877277,127.07882,37.51772,880675
202504,1171068000,잠실3동,1514431,127.09432,37.51364,551183
202504,1171069000,잠실4동,840215,127.10815,37.52125,758332
202504,1171071000,잠실6동,1398484,127.09998,37.51907,3752762
202504,1171072000,잠실7동,680575,127.0741,37.50748,853095
202504,1174051500,강일동,3653950,127.17402,37.56389,299983
202504,1174052500,상일제1동,1781219,127.16484,37.55074,781570
202504,1174052600,상일제2동,1090000,127.17784,37.55674,68965
202504,1174053000,명일제1동,621207,127.14594,37.55037,462899
202504,1174054000,명일제2동,937505,127.1542,37.54829,483858
202504,1174055000,고덕제1동,1905349,127.15031,37.56335,120017
202504,1174056000,고덕제2동,2415151,127.16164,37.56586,246526
202504,1174057000,암사제1동,730232,127.13459,37.55186,93362
202504,1174058000,암사제2동,2442627,127.12324,37.55738,544680
202504,1174059000,암사제3동,1853001,127.13851,37.5615,284909
202504,1174060000,천호제1동,685407,127.13858,37.54632,414753
202504,1174061000,천호제2동,1828587,127.12228,37.54469,310304
202504,1174062000,천호제3동,538847,127.1332,37.53965,148452
202504,1174064000,성내제1동,661583,127.12552,37.52876,496241
202504,1174065000,성내제2동,626571,127.12774,37.53436,1903945
202504,1174066000,성내제3동,642074,127.1338,37.5284,153502
202504,1174068500,길동,1601118,127.14591,37.53973,592024
202504,1174069000,둔촌제1동,896155,127.14043,37.52315,589081
202504,1174070000,둔촌제2동,1594005,127.14741,37.53151,588868
202505,1111051500,청운효자동,2438307,126.97042,37.58466,289689
202505,1111053000,사직동,1165780,126.97014,37.57411,2796878
202505,1111054000,삼청동,1361445,126.98111,37.58801,157965
202505,1111055000,부암동,2202073,126.96256,37.5967,338676
202505,1111056000,평창동,9017316,126.96927,37.61396,280055
202505,1111057000,무악동,467575,126.95899,37.57774,61779
202505,1111058000,교남동,345990,126.96416,37.57105,313003
202505,1111060000,가회동,605383,126.98662,37.58268,67181
202505,1111061500,종로1.2.3.4가동,2394166,126.98973,37.57508,5787087
202505,1111063000,종로5.6가동,633463,127.00424,37.57302,2095906
202505,1111064000,이화동,755902,127.00307,37.57969,1646462
202505,1111065000,혜화동,1164691,126.99769,37.58747,620937
202505,1111067000,창신제1동,313832,127.01402,37.57226,328524
202505,1111068000,창신제2동,249894,127.01025,37.57575,5630
202505,1111069000,창신제3동,220395,127.01321,37.57882,153622
202505,1111070000,숭인제1동,237128,127.01686,37.57723,211025
202505,1111071000,숭인제2동,321465,127.02064,37.57431,827458
202505,1114052000,소공동,935656,126.97436,37.5643,2504232
202505,1114054000,회현동,892974,126.97671,37.55697,5970647
202505,1114055000,명동,1006850,126.98436,37.56373,3302148
202505,1114057000,필동,1478522,126.99385,37.5568,1157745
202505,1114058000,장충동,1003083,127.00228,37.55561,543724
202505,1114059000,광희동,752739,127.00363,37.5652,1625646
202505,1114060500,을지로동,599530,126.99649,37.56664,1856030
202505,1114061500,신당동,541354,127.01377,37.56575,850232
202505,1114062500,다산동,546686,127.00826,37.5547,116654
202505,1114063500,약수동,511938,127.01024,37.54984,695671
202505,1114064500,청구동,330066,127.01499,37.55686,76271
202505,1114065000,신당제5동,315652,127.02202,37.56358,190495
202505,1114066500,동화동,344934,127.01867,37.56059,262935
202505,1114067000,황학동,314878,127.0208,37.56842,127062
202505,1114068000,중림동,492309,126.96596,37.55732,158809
202505,1117051000,후암동,865282,126.98059,37.54994,194882
202505,1117052000,용산2가동,2045385,126.98353,37.54024,660663
202505,1117053000,남영동,751924,126.97351,37.54511,1305876
202505,1117055500,청파동,854585,126.96717,37.54786,251524
202505,1117056000,원효로제1동,563923,126.96656,37.53747,278787
202505,1117057000,원효로제2동,943601,126.95139,37.5331,171420
202505,1117058000,효창동,502716,126.96131,37.54305,441110
202505,1117059000,용문동,268086,126.95858,37.53815,93032
202505,1117062500,한강로동,2632658,126.96786,37.52918,3180990
202505,1117063000,이촌제1동,2128932,126.97096,37.51728,232367
202505,1117064000,이촌제2동,1203554,126.95394,37.52333,130924
202505,1117065000,이태원제1동,533547,126.99325,37.53339,605288
202505,1117066000,이태원제2동,891712,126.99213,37.54166,135981
202505,1117068500,한남동,3194899,127.0058,37.5371,1192693
202505,1117069000,서빙고동,2917053,126.98838,37.52247,289400
202505,1117070000,보광동,872912,127.00126,37.52587,112628
202505,1120052000,왕십리제2동,334371,127.02769,37.5615,567808
202505,1120053500,왕십리도선동,721844,127.02957,37.56679,240803
202505,1120054000,마장동,1127258,127.04049,37.56764,362398
202505,1120055000,사근동,1154150,127.04543,37.55801,679183
202505,1120056000,행당제1동,566619,127.03606,37.55902,1355347
202505,1120057000,행당제2동,479532,127.0295,37.55668,410311
202505,1120058000,응봉동,563044,127.03398,37.55099,149447
202505,1120059000,금호1가동,407653,127.02506,37.55367,315690
202505,1120061500,금호2.3가동,665732,127.01989,37.55143,154118
202505,1120062000,금호4가동,930024,127.0246,37.54459,475657
202505,1120064500,옥수동,1250869,127.01618,37.54197,510389
202505,1120065000,성수1가제1동,2238042,127.04104,37.54042,453919
202505,1120066000,성수1가제2동,977066,127.04395,37.54907,891775
202505,1120067000,성수2가제1동,1150487,127.05528,37.53666,185575
202505,1120069000,성수2가제3동,1046168,127.05814,37.54554,1680108
202505,1120072000,송정동,587634,127.0657,37.55233,91664
202505,1120079000,용답동,2372731,127.05785,37.55854,1326376
202505,1121571000,화양동,1178002,127.07346,37.54327,2034912
202505,1121573000,군자동,734486,127.07368,37.55307,311674
202505,1121574000,중곡제1동,590812,127.07772,37.56204,147744
202505,1121575000,중곡제2동,544506,127.08459,37.55891,183085
202505,1121576000,중곡제3동,602735,127.08197,37.56785,475551
202505,1121577000,중곡제4동,2284644,127.09445,37.56391,109981
202505,1121578000,능동,1083377,127.08165,37.55066,1622072
202505,1121581000,광장동,2755836,127.10487,37.54828,535722
202505,1121582000,자양제1동,565020,127.08042,37.53554,184914
202505,1121583000,자양제2동,1631119,127.08325,37.52933,227082
202505,1121584000,자양제3동,1134722,127.0712,37.53169,207258
202505,1121584700,자양제4동,1155166,127.06377,37.53389,576072
202505,1121585000,구의제1동,552319,127.08603,37.54149,1011248
202505,1121586000,구의제2동,1380731,127.09445,37.551,735533
202505,1121587000,구의제3동,1450497,127.09524,37.53509,1081790
202505,1123053600,용신동,1573645,127.03229,37.57562,2276847
202505,1123054500,제기동,1181233,127.03724,37.58368,996708
202505,1123056000,전농제1동,1170148,127.05105,37.57901,1766385
202505,1123057000,전농제2동,995125,127.06114,37.58072,289633
202505,1123060000,답십리제1동,798544,127.0517,37.57094,236555
202505,1123061000,답십리제2동,824988,127.06111,37.57089,328327
202505,1123065000,장안제1동,1365375,127.06859,37.56623,588735
202505,1123066000,장안제2동,1132972,127.07254,37.57576,467657
202505,1123070500,청량리동,1176505,127.04512,37.58894,415617
202505,1123071000,회기동,803887,127.05141,37.5937,261129
202505,1123072000,휘경제1동,510437,127.06247,37.59187,999054
202505,1123073000,휘경제2동,1195510,127.06644,37.58651,372064
202505,1123074000,이문제1동,1005087,127.06029,37.59722,512090
202505,1123075000,이문제2동,805192,127.06749,37.60283,286567
202505,1126052000,면목제2동,744933,127.07814,37.58938,207590
202505,1126054000,면목제4동,849250,127.08647,37.57348,326039
202505,1126055000,면목제5동,590803,127.07967,37.58297,146146
202505,1126056500,면목본동,827948,127.08953,37.58834,876787
202505,1126057000,면목제7동,1180742,127.09269,37.57729,193920
202505,1126057500,면목제3.8동,1400985,127.09738,37.5846,831593
202505,1126058000,상봉제1동,861947,127.08947,37.60203,202089
202505,1126059000,상봉제2동,655590,127.0839,37.59425,1193549
202505,1126060000,중화제1동,669339,127.08315,37.60229,106991
202505,1126061000,중화제2동,957879,127.07521,37.59872,780215
202505,1126062000,묵제1동,1207708,127.08245,37.61374,230352
202505,1126063000,묵제2동,668183,127.07467,37.61037,436873
202505,1126065500,망우본동,2948005,127.10754,37.60199,620282
202505,1126066000,망우제3동,991213,127.10294,37.59181,144691
202505,1126068000,신내1동,2490403,127.10451,37.6128,725868
202505,1126069000,신내2동,935095,127.09162,37.61095,298952
202505,1129052500,성북동,2416176,126.99615,37.59587,476950
202505,1129055500,삼선동,912074,127.0118,37.58662,2026077
202505,1129057500,동선동,731808,127.01843,37.59374,570209
202505,1129058000,돈암제1동,461014,127.02404,37.59933,428454
202505,1129059000,돈암제2동,523725,127.01163,37.59728,166845
202505,1129060000,안암동,1274562,127.02731,37.58725,765876
202505,1129061000,보문동,589971,127.01922,37.5826,521429
202505,1129062000,정릉제1동,389711,127.01665,37.60326,433638
202505,1129063000,정릉제2동,1126034,127.00812,37.60379,327135
202505,1129064000,정릉제3동,3357947,126.99377,37.61226,334398
202505,1129065000,정릉제4동,3712601,126.99518,37.62351,667124
202505,1129066000,길음제1동,818440,127.01974,37.60811,1180618
202505,1129068500,길음제2동,616132,127.02723,37.60797,321192
202505,1129070500,종암동,1520021,127.03337,37.59725,585846
202505,1129071500,월곡제1동,764805,127.03645,37.60788,336497
202505,1129072500,월곡제2동,1334181,127.04519,37.6033,767226
202505,1129076000,장위제1동,724308,127.04426,37.61494,263962
202505,1129077000,장위제2동,665829,127.05173,37.61222,509472
202505,1129078000,장위제3동,682909,127.05349,37.61818,201080
202505,1129081000,석관동,1731086,127.06134,37.60826,919119
202505,1130553400,삼양동,951708,127.01468,37.62379,528279
202505,1130553500,미아동,853875,127.02629,37.6287,834340
202505,1130554500,송중동,1061923,127.03292,37.6177,978765
202505,1130555500,송천동,939469,127.02487,37.61822,1239154
202505,1130557500,삼각산동,586701,127.01683,37.61713,239223
202505,1130559500,번1동,595659,127.03054,37.63763,1700618
202505,1130560300,번2동,1012328,127.03479,37.62952,266957
202505,1130560800,번3동,1091074,127.04234,37.62378,216093
202505,1130561500,수유1동,1728230,127.00884,37.62993,504990
202505,1130562500,수유2동,606037,127.0195,37.6454,353526
202505,1130563500,수유3동,730661,127.02355,37.64046,629317
202505,1130564500,우이동,10697189,127.00032,37.66035,660460
202505,1130566000,인수동,2860095,127.00396,37.63764,277074
202505,1132051100,창제1동,1093061,127.04356,37.64714,1349124
202505,1132051200,창제2동,682713,127.03682,37.64263,220727
202505,1132051300,창제3동,637773,127.04163,37.63736,166763
202505,1132051400,창제4동,1114658,127.05093,37.65258,340720
202505,1132051500,창제5동,690264,127.04277,37.65536,1037475
202505,1132052100,도봉제1동,8508462,127.02679,37.68508,324062
202505,1132052200,도봉제2동,1195130,127.04779,37.68119,714832
202505,1132066000,쌍문제1동,1160994,127.01951,37.65303,250813
202505,1132067000,쌍문제2동,531978,127.037,37.65706,279030
202505,1132068000,쌍문제3동,499481,127.03059,37.64769,233597
202505,1132068100,쌍문제4동,577003,127.03041,37.65555,190253
202505,1132069000,방학제1동,1060647,127.04352,37.66503,488479
202505,1132070000,방학제2동,1108653,127.03226,37.66915,138278
202505,1132071000,방학제3동,1860513,127.02347,37.6628,253426
202505,1135056000,월계1동,1178816,127.0586,37.62181,382851
202505,1135057000,월계2동,1991879,127.05121,37.63407,372957
202505,1135058000,월계3동,1167762,127.06489,37.62466,385476
202505,1135059500,공릉1동,1208569,127.07277,37.62412,1226299
202505,1135060000,공릉2동,7264834,127.09423,37.63161,746440
202505,1135061100,하계1동,1441008,127.07481,37.63862,330874
202505,1135061200,하계2동,505737,127.06482,37.63484,738177
202505,1135061900,중계본동,2061637,127.08576,37.64814,258015
202505,1135062100,중계1동,608503,127.0735,37.65002,189805
202505,1135062400,중계4동,1457885,127.08224,37.65885,185905
202505,1135062500,중계2.3동,946538,127.06589,37.64334,734491
202505,1135063000,상계1동,5016467,127.06533,37.68327,604007
202505,1135064000,상계2동,591000,127.06727,37.65649,1624412
202505,1135066500,상계3.4동,5783082,127.08327,37.67515,364216
202505,1135067000,상계5동,492170,127.0696,37.66322,761046
202505,1135069500,상계6.7동,1425634,127.06009,37.64875,371002
202505,1135070000,상계8동,661888,127.05365,37.66629,478733
202505,1135071000,상계9동,837674,127.0625,37.66807,111741
202505,1135072000,상계10동,828158,127.0584,37.65964,208869
202505,1138051000,녹번동,1915175,126.93505,37.60542,973375
202505,1138052000,불광제1동,3346747,126.93927,37.61731,598657
202505,1138053000,불광제2동,1338273,126.92865,37.62437,340605
202505,1138055100,갈현제1동,953450,126.91489,37.62535,1285286
202505,1138055200,갈현제2동,1053392,126.91212,37.61828,542019
202505,1138056000,구산동,1352647,126.90765,37.61106,289613
202505,1138057000,대조동,871085,126.9231,37.61228,1249808
202505,1138058000,응암제1동,1160262,126.9269,37.59826,516324
202505,1138059000,응암제2동,746941,126.92302,37.59189,192196
202505,1138060000,응암제3동,733293,126.91775,37.58865,365470
202505,1138062500,역촌동,1087046,126.91453,37.60457,453005
202505,1138063100,신사제1동,830268,126.90884,37.59899,813184
202505,1138063200,신사제2동,1041042,126.90629,37.59289,566098
202505,1138064000,증산동,919884,126.90581,37.58378,544905
202505,1138065000,수색동,1140125,126.8949,37.58577,293084
202505,1138069000,진관동,12911565,126.94052,37.63928,1371261
202505,1141052000,천연동,893844,126.95714,37.57121,580789
202505,1141055500,북아현동,444705,126.95552,37.55925,219061
202505,1141056500,충현동,1136892,126.9581,37.56391,1415525
202505,1141058500,신촌동,2566839,126.94106,37.56364,2720909
202505,1141061500,연희동,2825921,126.93273,37.57201,932327
202505,1141062000,홍제제1동,1561215,126.9452,37.58154,1240308
202505,1141064000,홍제제3동,1031592,126.95116,37.59202,300691
202505,1141065500,홍제제2동,712529,126.95253,37.58455,173936
202505,1141066000,홍은제1동,1550491,126.94703,37.59998,221698
202505,1141068500,홍은제2동,2048086,126.93217,37.58699,697663
202505,1141069000,남가좌제1동,447138,126.9162,37.57169,400043
202505,1141070000,남가좌제2동,812456,126.92133,37.57762,417779
202505,1141071000,북가좌제1동,581080,126.908,37.57527,173401
202505,1141072000,북가좌제2동,795331,126.9135,37.581,323415
202505,1144055500,아현동,731252,126.95284,37.55193,909122
202505,1144056500,공덕동,1002153,126.95779,37.54912,1582558
202505,1144058500,도화동,860064,126.94681,37.53704,241869
202505,1144059000,용강동,956700,126.94127,37.54059,574079
202505,1144060000,대흥동,836007,126.9414,37.55212,1427356
202505,1144061000,염리동,539922,126.94755,37.54982,122994
202505,1144063000,신수동,1118424,126.93364,37.54363,63599
202505,1144065500,서강동,1715559,126.92516,37.54595,826903
202505,1144066000,서교동,1647625,126.92094,37.55477,6726579
202505,1144068000,합정동,1753036,126.90884,37.54687,211738
202505,1144069000,망원제1동,1124872,126.90021,37.55275,196126
202505,1144070000,망원제2동,1208058,126.89568,37.55712,158590
202505,1144071000,연남동,647383,126.92154,37.56303,239707
202505,1144072000,성산제1동,864039,126.91185,37.56198,239194
202505,1144073000,성산제2동,1963168,126.90204,37.56811,1009770
202505,1144074000,상암동,7678191,126.88086,37.57179,1707479
202505,1147051000,목1동,1564660,126.8751,37.52744,1760648
202505,1147052000,목2동,1054247,126.8741,37.54359,865792
202505,1147053000,목3동,500764,126.86541,37.5452,642982
202505,1147054000,목4동,561686,126.8669,37.53544,275098
202505,1147055000,목5동,2069098,126.88103,37.53631,451111
202505,1147056000,신월1동,630072,126.83453,37.53127,128709
202505,1147057000,신월2동,614213,126.84633,37.5234,206624
202505,1147058000,신월3동,926653,126.82747,37.53236,101397
202505,1147059000,신월4동,454712,126.83982,37.52225,171409
202505,1147060000,신월5동,515356,126.8299,37.54004,119005
202505,1147061000,신월6동,473483,126.84213,37.51597,151462
202505,1147061100,신월7동,900522,126.83234,37.52066,173501
202505,1147062000,신정1동,739881,126.85963,37.51888,182015
202505,1147063000,신정2동,648695,126.87518,37.51895,97207
202505,1147064000,신정3동,3169421,126.8394,37.51178,836294
202505,1147065000,신정4동,996239,126.85757,37.52541,869943
202505,1147067000,신정6동,926759,126.86964,37.51591,166216
202505,1147068000,신정7동,1143920,126.86468,37.51012,369717
202505,1150051000,염창동,2389890,126.87543,37.55321,393927
202505,1150052000,등촌제1동,658950,126.85963,37.55586,455012
202505,1150053000,등촌제2동,895367,126.86003,37.54574,228793
202505,1150053500,등촌제3동,1042691,126.84634,37.56105,1017507
202505,1150054000,화곡제1동,1192600,126.84094,37.53378,2251078
202505,1150055000,화곡제2동,456930,126.85437,37.53228,143776
202505,1150056000,화곡제3동,526606,126.83427,37.54406,123473
202505,1150057000,화곡제4동,855978,126.85858,37.5361,157372
202505,1150059000,화곡본동,982074,126.84816,37.54257,262830
202505,1150059100,화곡제6동,1062894,126.85117,37.55172,432065
202505,1150059300,화곡제8동,575541,126.84863,37.53422,244312
202505,1150060300,가양제1동,5543738,126.83435,37.5731,1523170
202505,1150060400,가양제2동,1012806,126.85401,37.56866,66299
202505,1150060500,가양제3동,932533,126.8623,37.56268,61030
202505,1150061100,발산제1동,2963745,126.82558,37.55045,758445
202505,1150061500,우장산동,1245257,126.84102,37.55057,1028283
202505,1150062000,공항동,11581226,126.79496,37.55649,505949
202505,1150063000,방화제1동,1487371,126.81755,37.56864,743729
202505,1150064000,방화제2동,5640487,126.80451,37.5838,1340424
202505,1150064100,방화제3동,1979329,126.81553,37.58158,256688
202505,1153051000,신도림동,1376469,126.88285,37.50973,2144406
202505,1153052000,구로제1동,1083279,126.87546,37.49303,113063
202505,1153053000,구로제2동,1809928,126.87949,37.49745,855399
202505,1153054000,구로제3동,1043117,126.89498,37.48488,2640719
202505,1153055000,구로제4동,516496,126.8902,37.49154,231305
202505,1153056000,구로제5동,1023242,126.88848,37.50203,712939
202505,1153059500,가리봉동,408284,126.88826,37.48256,218023
202505,1153072000,고척제1동,1132884,126.8634,37.50066,418652
202505,1153073000,고척제2동,997120,126.85331,37.50585,289836
202505,1153074000,개봉제1동,1126936,126.84988,37.49988,971684
202505,1153075000,개봉제2동,815642,126.85636,37.49273,337908
202505,1153076000,개봉제3동,848662,126.85241,37.48684,127446
202505,1153077000,오류제1동,747283,126.84163,37.49696,424938
202505,1153078000,오류제2동,3081182,126.83837,37.48526,620991
202505,1153079000,수궁동,2630691,126.82607,37.49828,796876
202505,1153080000,항동,1431213,126.82449,37.48103,100560
202505,1154551000,가산동,2244201,126.88434,37.47684,2331704
202505,1154561000,독산제1동,1964400,126.89272,37.4642,740840
202505,1154562000,독산제2동,616195,126.90255,37.46383,292027
202505,1154563000,독산제3동,945991,126.90459,37.47593,454833
202505,1154564000,독산제4동,619603,126.90405,37.46922,324388
202505,1154567000,시흥제1동,1476950,126.90015,37.45289,695547
202505,1154568000,시흥제2동,1180173,126.92007,37.45059,169681
202505,1154569000,시흥제3동,1335878,126.90593,37.44028,99393
202505,1154570000,시흥제4동,771262,126.90911,37.46008,219162
202505,1154571000,시흥제5동,1426902,126.91243,37.44875,337982
202505,1156051500,영등포본동,808233,126.9097,37.51372,845691
202505,1156053500,영등포동,1415805,126.90784,37.52152,1470881
202505,1156054000,여의동,6656365,126.92757,37.52749,4326284
202505,1156055000,당산제1동,743499,126.89685,37.52393,1045612
202505,1156056000,당산제2동,1564124,126.90391,37.53298,1682463
202505,1156058500,도림동,549811,126.90124,37.50928,158335
202505,1156060500,문래동,1742935,126.89147,37.51638,1008738
202505,1156061000,양평제1동,864764,126.88707,37.52507,391843
202505,1156062000,양평제2동,1892053,126.89418,37.5406,559532
202505,1156063000,신길제1동,811808,126.91951,37.51234,598473
202505,1156065000,신길제3동,480412,126.90589,37.50645,192848
202505,1156066000,신길제4동,288284,126.91292,37.50728,131475
202505,1156067000,신길제5동,530930,126.90555,37.50112,118553
202505,1156068000,신길제6동,679799,126.91354,37.49916,579096
202505,1156069000,신길제7동,548054,126.9198,37.5058,593779
202505,1156070000,대림제1동,481705,126.90526,37.49377,177577
202505,1156071000,대림제2동,578880,126.90064,37.48963,155141
202505,1156072000,대림제3동,937514,126.89727,37.49987,1252311
202505,1159051000,노량진제1동,1878710,126.94915,37.51303,1965108
202505,1159052000,노량진제2동,661468,126.938,37.51093,435717
202505,1159053000,상도제1동,1431135,126.95347,37.49833,1850369
202505,1159054000,상도제2동,776948,126.94206,37.50367,625672
202505,1159055000,상도제3동,673241,126.93335,37.49723,269380
202505,1159056000,상도제4동,968511,126.94076,37.49743,219832
202505,1159060500,흑석동,2097147,126.96376,37.5063,917361
202505,1159062000,사당제1동,632726,126.97741,37.47972,278590
202505,1159063000,사당제2동,3039007,126.97519,37.49823,1640881
202505,1159064000,사당제3동,894355,126.97086,37.48881,199690
202505,1159065000,사당제4동,427255,126.97077,37.48059,369759
202505,1159065100,사당제5동,661737,126.96504,37.4858,128156
202505,1159066000,대방동,1587711,126.92803,37.50711,1407416
202505,1159067000,신대방제1동,684048,126.91071,37.48995,195046
202505,1159068000,신대방제2동,1033193,126.92153,37.49431,651615
202505,1162052500,보라매동,762164,126.93259,37.49036,404556
202505,1162054500,청림동,316540,126.95957,37.48941,120286
202505,1162056500,성현동,686448,126.95117,37.48951,297088
202505,1162057500,행운동,723778,126.96062,37.4809,474565
202505,1162058500,낙성대동,2342295,126.96005,37.46723,520424
202505,1162059500,청룡동,1217892,126.94588,37.47805,2657956
202505,1162060500,은천동,734719,126.94221,37.48682,438445
202505,1162061500,중앙동,380017,126.95062,37.48412,287683
202505,1162062500,인헌동,706179,126.96662,37.47208,1054818
202505,1162063000,남현동,4235911,126.97664,37.46247,2314096
202505,1162064500,서원동,631090,126.93344,37.4806,2463152
202505,1162065500,신원동,576667,126.9267,37.4793,87202
202505,1162066500,서림동,762657,126.93921,37.47355,582095
202505,1162068500,신사동,605859,126.91875,37.48563,937168
202505,1162069500,신림동,507637,126.92761,37.4869,708677
202505,1162071500,난향동,800353,126.91827,37.46159,168929
202505,1162072500,조원동,648305,126.90753,37.48294,788883
202505,1162073500,대학동,8316533,126.94848,37.45347,947264
202505,1162074500,삼성동,2589521,126.93014,37.46067,293068
202505,1162076500,미성동,1341134,126.91543,37.47594,468411
202505,1162077500,난곡동,1014887,126.92105,37.4705,318441
202505,1165051000,서초1동,1371823,127.02014,37.48696,1615030
202505,1165052000,서초2동,1234893,127.02791,37.48882,3963484
202505,1165053000,서초3동,3010786,127.00959,37.48543,2234975
202505,1165053100,서초4동,876369,127.01996,37.49899,422731
202505,1165054000,잠원동,1837867,127.01304,37.51764,458033
202505,1165055000,반포본동,1539963,126.98648,37.50629,120836
202505,1165056000,반포1동,1009783,127.01663,37.50551,674982
202505,1165057000,반포2동,1242525,126.9957,37.50638,405982
202505,1165058000,반포3동,1309158,127.00359,37.51241,461496
202505,1165058100,반포4동,1458521,127.00329,37.49958,3298043
202505,1165059000,방배본동,659648,126.98777,37.49495,217690
202505,1165060000,방배1동,698070,126.9963,37.48491,669317
202505,1165061000,방배2동,1934493,126.98849,37.47301,293393
202505,1165062000,방배3동,2412263,126.9979,37.47432,813096
202505,1165062100,방배4동,941537,126.99099,37.48982,300605
202505,1165065100,양재1동,5738915,127.02253,37.46956,2542737
202505,1165065200,양재2동,7433699,127.04591,37.45115,860326
202505,1165066000,내곡동,13138298,127.07055,37.45652,369928
202505,1168051000,신사동,1741768,127.0214,37.52572,379940
202505,1168052100,논현1동,1246164,127.0265,37.51191,3177390
202505,1168053100,논현2동,1440614,127.03622,37.51521,1607623
202505,1168054500,압구정동,2512082,127.03348,37.53027,1988098
202505,1168056500,청담동,2355811,127.0505,37.52454,584450
202505,1168058000,삼성1동,1925054,127.06063,37.5154,1813040
202505,1168059000,삼성2동,1258529,127.04876,37.51184,980487
202505,1168060000,대치1동,807837,127.05897,37.49339,430608
202505,1168061000,대치2동,2060695,127.06642,37.50058,2540606
202505,1168063000,대치4동,703180,127.0549,37.50166,2138590
202505,1168064000,역삼1동,2366859,127.03549,37.50089,4518217
202505,1168065000,역삼2동,1123383,127.04489,37.4985,522936
202505,1168065500,도곡1동,1010321,127.04098,37.48905,707259
202505,1168065600,도곡2동,1031472,127.04965,37.48821,931648
202505,1168066000,개포1동,1741195,127.06471,37.47928,177151
202505,1168067000,개포2동,1586586,127.06763,37.48648,532472
202505,1168067500,개포3동,848662,126.85241,37.48684,424713
202505,1168069000,개포4동,1583608,127.05324,37.47555,228388
202505,1168070000,세곡동,5912729,127.10435,37.47107,518071
202505,1168072000,일원본동,2426105,127.08467,37.48237,566686
202505,1168073000,일원1동,946206,127.08925,37.49339,100606
202505,1168075000,수서동,1624149,127.10057,37.48684,1524192
202505,1171051000,풍납1동,1057854,127.1143,37.53824,122509
202505,1171052000,풍납2동,1992907,127.11013,37.52985,184219
202505,1171053100,거여1동,506282,127.14168,37.49439,393024
202505,1171053200,거여2동,505978,127.14717,37.49238,100226
202505,1171054000,마천1동,519561,127.15572,37.49478,315078
202505,1171055000,마천2동,958068,127.15146,37.50033,190162
202505,1171056100,방이1동,585493,127.12232,37.50977,338320
202505,1171056200,방이2동,767575,127.11383,37.51325,403764
202505,1171056600,오륜동,3138116,127.12851,37.51766,836084
202505,1171057000,오금동,1733642,127.1344,37.50399,626766
202505,1171058000,송파1동,696743,127.11032,37.50717,573195
202505,1171059000,송파2동,599279,127.11683,37.50284,70723
202505,1171060000,석촌동,932452,127.10246,37.50272,859149
202505,1171061000,삼전동,990522,127.09191,37.50172,222812
202505,1171062000,가락본동,1049756,127.12164,37.49722,294403
202505,1171063100,가락1동,1368008,127.10824,37.49533,1027329
202505,1171063200,가락2동,941692,127.13064,37.49586,615416
202505,1171064100,문정1동,667814,127.12686,37.48817,144932
202505,1171064200,문정2동,2357239,127.11914,37.48069,1181342
202505,1171064600,장지동,1221454,127.13163,37.48279,834841
202505,1171064700,위례동,2608006,127.14124,37.48166,442084
202505,1171065000,잠실본동,1140205,127.08229,37.50551,576961
202505,1171067000,잠실2동,2877277,127.07882,37.51772,876492
202505,1171068000,잠실3동,1514431,127.09432,37.51364,549481
202505,1171069000,잠실4동,840215,127.10815,37.52125,737423
202505,1171071000,잠실6동,1398484,127.09998,37.51907,3669635
202505,1171072000,잠실7동,680575,127.0741,37.50748,870995
202505,1174051500,강일동,3653950,127.17402,37.56389,291531
202505,1174052500,상일제1동,1781219,127.16484,37.55074,758673
202505,1174052600,상일제2동,1090000,127.17784,37.55674,65589
202505,1174053000,명일제1동,621207,127.14594,37.55037,453726
202505,1174054000,명일제2동,937505,127.1542,37.54829,473040
202505,1174055000,고덕제1동,1905349,127.15031,37.56335,118456
202505,1174056000,고덕제2동,2415151,127.16164,37.56586,256852
202505,1174057000,암사제1동,730232,127.13459,37.55186,91009
202505,1174058000,암사제2동,2442627,127.12324,37.55738,532711
202505,1174059000,암사제3동,1853001,127.13851,37.5615,284390
202505,1174060000,천호제1동,685407,127.13858,37.54632,412930
202505,1174061000,천호제2동,1828587,127.12228,37.54469,310134
202505,1174062000,천호제3동,538847,127.1332,37.53965,150221
202505,1174064000,성내제1동,661583,127.12552,37.52876,482583
202505,1174065000,성내제2동,626571,127.12774,37.53436,1901138
202505,1174066000,성내제3동,642074,127.1338,37.5284,151178
202505,1174068500,길동,1601118,127.14591,37.53973,592368
202505,1174069000,둔촌제1동,896155,127.14043,37.52315,582097
202505,1174070000,둔촌제2동,1594005,127.14741,37.53151,579739
202506,1111051500,청운효자동,2438307,126.97042,37.58466,290647
202506,1111053000,사직동,1165780,126.97014,37.57411,2536305
202506,1111054000,삼청동,1361445,126.98111,37.58801,151775
202506,1111055000,부암동,2202073,126.96256,37.5967,280542
202506,1111056000,평창동,9017316,126.96927,37.61396,254589
202506,1111057000,무악동,467575,126.95899,37.57774,57534
202506,1111058000,교남동,345990,126.96416,37.57105,293028
202506,1111060000,가회동,605383,126.98662,37.58268,66669
202506,1111061500,종로1.2.3.4가동,2394166,126.98973,37.57508,5260306
202506,1111063000,종로5.6가동,633463,127.00424,37.57302,1911374
202506,1111064000,이화동,755902,127.00307,37.57969,1426761
202506,1111065000,혜화동,1164691,126.99769,37.58747,552748
202506,1111067000,창신제1동,313832,127.01402,37.57226,304242
202506,1111068000,창신제2동,249894,127.01025,37.57575,5160
202506,1111069000,창신제3동,220395,127.01321,37.57882,137350
202506,1111070000,숭인제1동,237128,127.01686,37.57723,191546
202506,1111071000,숭인제2동,321465,127.02064,37.57431,744338
202506,1114052000,소공동,935656,126.97436,37.5643,2316240
202506,1114054000,회현동,892974,126.97671,37.55697,5469805
202506,1114055000,명동,1006850,126.98436,37.56373,3090423
202506,1114057000,필동,1478522,126.99385,37.5568,1027093
202506,1114058000,장충동,1003083,127.00228,37.55561,450166
202506,1114059000,광희동,752739,127.00363,37.5652,1514713
202506,1114060500,을지로동,599530,126.99649,37.56664,1710818
202506,1114061500,신당동,541354,127.01377,37.56575,790935
202506,1114062500,다산동,546686,127.00826,37.5547,111733
202506,1114063500,약수동,511938,127.01024,37.54984,639252
202506,1114064500,청구동,330066,127.01499,37.55686,74051
202506,1114065000,신당제5동,315652,127.02202,37.56358,179599
202506,1114066500,동화동,344934,127.01867,37.56059,241483
202506,1114067000,황학동,314878,127.0208,37.56842,121435
202506,1114068000,중림동,492309,126.96596,37.55732,149868
202506,1117051000,후암동,865282,126.98059,37.54994,185038
202506,1117052000,용산2가동,2045385,126.98353,37.54024,601720
202506,1117053000,남영동,751924,126.97351,37.54511,1196621
202506,1117055500,청파동,854585,126.96717,37.54786,228738
202506,1117056000,원효로제1동,563923,126.96656,37.53747,265920
202506,1117057000,원효로제2동,943601,126.95139,37.5331,164772
202506,1117058000,효창동,502716,126.96131,37.54305,398056
202506,1117059000,용문동,268086,126.95858,37.53815,88985
202506,1117062500,한강로동,2632658,126.96786,37.52918,2989585
202506,1117063000,이촌제1동,2128932,126.97096,37.51728,204763
202506,1117064000,이촌제2동,1203554,126.95394,37.52333,102259
202506,1117065000,이태원제1동,533547,126.99325,37.53339,563619
202506,1117066000,이태원제2동,891712,126.99213,37.54166,128146
202506,1117068500,한남동,3194899,127.0058,37.5371,1061483
202506,1117069000,서빙고동,2917053,126.98838,37.52247,269644
202506,1117070000,보광동,872912,127.00126,37.52587,104433
202506,1120052000,왕십리제2동,334371,127.02769,37.5615,521547
202506,1120053500,왕십리도선동,721844,127.02957,37.56679,227769
202506,1120054000,마장동,1127258,127.04049,37.56764,332712
202506,1120055000,사근동,1154150,127.04543,37.55801,572666
202506,1120056000,행당제1동,566619,127.03606,37.55902,1245927
202506,1120057000,행당제2동,479532,127.0295,37.55668,381951
202506,1120058000,응봉동,563044,127.03398,37.55099,139752
202506,1120059000,금호1가동,407653,127.02506,37.55367,292772
202506,1120061500,금호2.3가동,665732,127.01989,37.55143,146495
202506,1120062000,금호4가동,930024,127.0246,37.54459,446960
202506,1120064500,옥수동,1250869,127.01618,37.54197,478998
202506,1120065000,성수1가제1동,2238042,127.04104,37.54042,404955
202506,1120066000,성수1가제2동,977066,127.04395,37.54907,816674
202506,1120067000,성수2가제1동,1150487,127.05528,37.53666,178716
202506,1120069000,성수2가제3동,1046168,127.05814,37.54554,1535961
202506,1120072000,송정동,587634,127.0657,37.55233,84637
202506,1120079000,용답동,2372731,127.05785,37.55854,1223399
202506,1121571000,화양동,1178002,127.07346,37.54327,1787046
202506,1121573000,군자동,734486,127.07368,37.55307,290142
202506,1121574000,중곡제1동,590812,127.07772,37.56204,140084
202506,1121575000,중곡제2동,544506,127.08459,37.55891,174562
202506,1121576000,중곡제3동,602735,127.08197,37.56785,441900
202506,1121577000,중곡제4동,2284644,127.09445,37.56391,103914
202506,1121578000,능동,1083377,127.08165,37.55066,1418282
202506,1121581000,광장동,2755836,127.10487,37.54828,490592
202506,1121582000,자양제1동,565020,127.08042,37.53554,172637
202506,1121583000,자양제2동,1631119,127.08325,37.52933,214090
202506,1121584000,자양제3동,1134722,127.0712,37.53169,191870
202506,1121584700,자양제4동,1155166,127.06377,37.53389,473845
202506,1121585000,구의제1동,552319,127.08603,37.54149,963201
202506,1121586000,구의제2동,1380731,127.09445,37.551,653898
202506,1121587000,구의제3동,1450497,127.09524,37.53509,966633
202506,1123053600,용신동,1573645,127.03229,37.57562,2095242
202506,1123054500,제기동,1181233,127.03724,37.58368,888506
202506,1123056000,전농제1동,1170148,127.05105,37.57901,1610580
202506,1123057000,전농제2동,995125,127.06114,37.58072,265386
202506,1123060000,답십리제1동,798544,127.0517,37.57094,222265
202506,1123061000,답십리제2동,824988,127.06111,37.57089,307104
202506,1123065000,장안제1동,1365375,127.06859,37.56623,552371
202506,1123066000,장안제2동,1132972,127.07254,37.57576,433477
202506,1123070500,청량리동,1176505,127.04512,37.58894,387248
202506,1123071000,회기동,803887,127.05141,37.5937,232282
202506,1123072000,휘경제1동,510437,127.06247,37.59187,882308
202506,1123073000,휘경제2동,1195510,127.06644,37.58651,339712
202506,1123074000,이문제1동,1005087,127.06029,37.59722,449778
202506,1123075000,이문제2동,805192,127.06749,37.60283,264719
202506,1126052000,면목제2동,744933,127.07814,37.58938,192772
202506,1126054000,면목제4동,849250,127.08647,37.57348,303520
202506,1126055000,면목제5동,590803,127.07967,37.58297,135279
202506,1126056500,면목본동,827948,127.08953,37.58834,794101
202506,1126057000,면목제7동,1180742,127.09269,37.57729,182161
202506,1126057500,면목제3.8동,1400985,127.09738,37.5846,754186
202506,1126058000,상봉제1동,861947,127.08947,37.60203,186043
202506,1126059000,상봉제2동,655590,127.0839,37.59425,1084036
202506,1126060000,중화제1동,669339,127.08315,37.60229,100226
202506,1126061000,중화제2동,957879,127.07521,37.59872,689382
202506,1126062000,묵제1동,1207708,127.08245,37.61374,213708
202506,1126063000,묵제2동,668183,127.07467,37.61037,380353
202506,1126065500,망우본동,2948005,127.10754,37.60199,574904
202506,1126066000,망우제3동,991213,127.10294,37.59181,135454
202506,1126068000,신내1동,2490403,127.10451,37.6128,673045
202506,1126069000,신내2동,935095,127.09162,37.61095,281580
202506,1129052500,성북동,2416176,126.99615,37.59587,423020
202506,1129055500,삼선동,912074,127.0118,37.58662,1791142
202506,1129057500,동선동,731808,127.01843,37.59374,518405
202506,1129058000,돈암제1동,461014,127.02404,37.59933,388224
202506,1129059000,돈암제2동,523725,127.01163,37.59728,158128
202506,1129060000,안암동,1274562,127.02731,37.58725,637177
202506,1129061000,보문동,589971,127.01922,37.5826,471874
202506,1129062000,정릉제1동,389711,127.01665,37.60326,394526
202506,1129063000,정릉제2동,1126034,127.00812,37.60379,303587
202506,1129064000,정릉제3동,3357947,126.99377,37.61226,252035
202506,1129065000,정릉제4동,3712601,126.99518,37.62351,601872
202506,1129066000,길음제1동,818440,127.01974,37.60811,1071098
202506,1129068500,길음제2동,616132,127.02723,37.60797,298653
202506,1129070500,종암동,1520021,127.03337,37.59725,541680
202506,1129071500,월곡제1동,764805,127.03645,37.60788,314099
202506,1129072500,월곡제2동,1334181,127.04519,37.6033,685566
202506,1129076000,장위제1동,724308,127.04426,37.61494,245563
202506,1129077000,장위제2동,665829,127.05173,37.61222,478435
202506,1129078000,장위제3동,682909,127.05349,37.61818,185472
202506,1129081000,석관동,1731086,127.06134,37.60826,831143
202506,1130553400,삼양동,951708,127.01468,37.62379,489200
202506,1130553500,미아동,853875,127.02629,37.6287,765237
202506,1130554500,송중동,1061923,127.03292,37.6177,904536
202506,1130555500,송천동,939469,127.02487,37.61822,1133651
202506,1130557500,삼각산동,586701,127.01683,37.61713,229544
202506,1130559500,번1동,595659,127.03054,37.63763,1557237
202506,1130560300,번2동,1012328,127.03479,37.62952,247529
202506,1130560800,번3동,1091074,127.04234,37.62378,202339
202506,1130561500,수유1동,1728230,127.00884,37.62993,464908
202506,1130562500,수유2동,606037,127.0195,37.6454,331023
202506,1130563500,수유3동,730661,127.02355,37.64046,582549
202506,1130564500,우이동,10697189,127.00032,37.66035,593530
202506,1130566000,인수동,2860095,127.00396,37.63764,261264
202506,1132051100,창제1동,1093061,127.04356,37.64714,1234591
202506,1132051200,창제2동,682713,127.03682,37.64263,207146
202506,1132051300,창제3동,637773,127.04163,37.63736,154142
202506,1132051400,창제4동,1114658,127.05093,37.65258,318804
202506,1132051500,창제5동,690264,127.04277,37.65536,956978
202506,1132052100,도봉제1동,8508462,127.02679,37.68508,301622
202506,1132052200,도봉제2동,1195130,127.04779,37.68119,653541
202506,1132066000,쌍문제1동,1160994,127.01951,37.65303,229523
202506,1132067000,쌍문제2동,531978,127.037,37.65706,262698
202506,1132068000,쌍문제3동,499481,127.03059,37.64769,220167
202506,1132068100,쌍문제4동,577003,127.03041,37.65555,177931
202506,1132069000,방학제1동,1060647,127.04352,37.66503,452954
202506,1132070000,방학제2동,1108653,127.03226,37.66915,130200
202506,1132071000,방학제3동,1860513,127.02347,37.6628,234022
202506,1135056000,월계1동,1178816,127.0586,37.62181,343677
202506,1135057000,월계2동,1991879,127.05121,37.63407,347706
202506,1135058000,월계3동,1167762,127.06489,37.62466,348195
202506,1135059500,공릉1동,1208569,127.07277,37.62412,1037923
202506,1135060000,공릉2동,7264834,127.09423,37.63161,649734
202506,1135061100,하계1동,1441008,127.07481,37.63862,305412
202506,1135061200,하계2동,505737,127.06482,37.63484,662800
202506,1135061900,중계본동,2061637,127.08576,37.64814,244715
202506,1135062100,중계1동,608503,127.0735,37.65002,180532
202506,1135062400,중계4동,1457885,127.08224,37.65885,174557
202506,1135062500,중계2.3동,946538,127.06589,37.64334,676166
202506,1135063000,상계1동,5016467,127.06533,37.68327,560575
202506,1135064000,상계2동,591000,127.06727,37.65649,1474323
202506,1135066500,상계3.4동,5783082,127.08327,37.67515,336064
202506,1135067000,상계5동,492170,127.0696,37.66322,698719
202506,1135069500,상계6.7동,1425634,127.06009,37.64875,347884
202506,1135070000,상계8동,661888,127.05365,37.66629,436277
202506,1135071000,상계9동,837674,127.0625,37.66807,104644
202506,1135072000,상계10동,828158,127.0584,37.65964,194251
202506,1138051000,녹번동,1915175,126.93505,37.60542,896195
202506,1138052000,불광제1동,3346747,126.93927,37.61731,541470
202506,1138053000,불광제2동,1338273,126.92865,37.62437,315911
202506,1138055100,갈현제1동,953450,126.91489,37.62535,1168575
202506,1138055200,갈현제2동,1053392,126.91212,37.61828,503994
202506,1138056000,구산동,1352647,126.90765,37.61106,272714
202506,1138057000,대조동,871085,126.9231,37.61228,1141102
202506,1138058000,응암제1동,1160262,126.9269,37.59826,482278
202506,1138059000,응암제2동,746941,126.92302,37.59189,179509
202506,1138060000,응암제3동,733293,126.91775,37.58865,340636
202506,1138062500,역촌동,1087046,126.91453,37.60457,427809
202506,1138063100,신사제1동,830268,126.90884,37.59899,751676
202506,1138063200,신사제2동,1041042,126.90629,37.59289,522265
202506,1138064000,증산동,919884,126.90581,37.58378,498018
202506,1138065000,수색동,1140125,126.8949,37.58577,273222
202506,1138069000,진관동,12911565,126.94052,37.63928,1258912
202506,1141052000,천연동,893844,126.95714,37.57121,529786
202506,1141055500,북아현동,444705,126.95552,37.55925,203844
202506,1141056500,충현동,1136892,126.9581,37.56391,1298055
202506,1141058500,신촌동,2566839,126.94106,37.56364,2399565
202506,1141061500,연희동,2825921,126.93273,37.57201,869768
202506,1141062000,홍제제1동,1561215,126.9452,37.58154,1128260
202506,1141064000,홍제제3동,1031592,126.95116,37.59202,271680
202506,1141065500,홍제제2동,712529,126.95253,37.58455,159510
202506,1141066000,홍은제1동,1550491,126.94703,37.59998,206821
202506,1141068500,홍은제2동,2048086,126.93217,37.58699,625986
202506,1141069000,남가좌제1동,447138,126.9162,37.57169,368674
202506,1141070000,남가좌제2동,812456,126.92133,37.57762,368141
202506,1141071000,북가좌제1동,581080,126.908,37.57527,162388
202506,1141072000,북가좌제2동,795331,126.9135,37.581,302226
202506,1144055500,아현동,731252,126.95284,37.55193,838221
202506,1144056500,공덕동,1002153,126.95779,37.54912,1472986
202506,1144058500,도화동,860064,126.94681,37.53704,232347
202506,1144059000,용강동,956700,126.94127,37.54059,535633
202506,1144060000,대흥동,836007,126.9414,37.55212,1273467
202506,1144061000,염리동,539922,126.94755,37.54982,118226
202506,1144063000,신수동,1118424,126.93364,37.54363,60330
202506,1144065500,서강동,1715559,126.92516,37.54595,748694
202506,1144066000,서교동,1647625,126.92094,37.55477,6085059
202506,1144068000,합정동,1753036,126.90884,37.54687,201933
202506,1144069000,망원제1동,1124872,126.90021,37.55275,183163
202506,1144070000,망원제2동,1208058,126.89568,37.55712,143865
202506,1144071000,연남동,647383,126.92154,37.56303,227900
202506,1144072000,성산제1동,864039,126.91185,37.56198,223898
202506,1144073000,성산제2동,1963168,126.90204,37.56811,904974
202506,1144074000,상암동,7678191,126.88086,37.57179,1579080
202506,1147051000,목1동,1564660,126.8751,37.52744,1616669
202506,1147052000,목2동,1054247,126.8741,37.54359,797050
202506,1147053000,목3동,500764,126.86541,37.5452,601650
202506,1147054000,목4동,561686,126.8669,37.53544,256747
202506,1147055000,목5동,2069098,126.88103,37.53631,425633
202506,1147056000,신월1동,630072,126.83453,37.53127,120893
202506,1147057000,신월2동,614213,126.84633,37.5234,193901
202506,1147058000,신월3동,926653,126.82747,37.53236,94379
202506,1147059000,신월4동,454712,126.83982,37.52225,160682
202506,1147060000,신월5동,515356,126.8299,37.54004,111953
202506,1147061000,신월6동,473483,126.84213,37.51597,140332
202506,1147061100,신월7동,900522,126.83234,37.52066,162136
202506,1147062000,신정1동,739881,126.85963,37.51888,173058
202506,1147063000,신정2동,648695,126.87518,37.51895,90718
202506,1147064000,신정3동,3169421,126.8394,37.51178,772947
202506,1147065000,신정4동,996239,126.85757,37.52541,806748
202506,1147067000,신정6동,926759,126.86964,37.51591,154144
202506,1147068000,신정7동,1143920,126.86468,37.51012,340811
202506,1150051000,염창동,2389890,126.87543,37.55321,368465
202506,1150052000,등촌제1동,658950,126.85963,37.55586,427120
202506,1150053000,등촌제2동,895367,126.86003,37.54574,214830
202506,1150053500,등촌제3동,1042691,126.84634,37.56105,947110
202506,1150054000,화곡제1동,1192600,126.84094,37.53378,2080398
202506,1150055000,화곡제2동,456930,126.85437,37.53228,136331
202506,1150056000,화곡제3동,526606,126.83427,37.54406,118378
202506,1150057000,화곡제4동,855978,126.85858,37.5361,147205
202506,1150059000,화곡본동,982074,126.84816,37.54257,248210
202506,1150059100,화곡제6동,1062894,126.85117,37.55172,401527
202506,1150059300,화곡제8동,575541,126.84863,37.53422,228694
202506,1150060300,가양제1동,5543738,126.83435,37.5731,1415640
202506,1150060400,가양제2동,1012806,126.85401,37.56866,62909
202506,1150060500,가양제3동,932533,126.8623,37.56268,56968
202506,1150061100,발산제1동,2963745,126.82558,37.55045,702458
202506,1150061500,우장산동,1245257,126.84102,37.55057,959547
202506,1150062000,공항동,11581226,126.79496,37.55649,470073
202506,1150063000,방화제1동,1487371,126.81755,37.56864,695069
202506,1150064000,방화제2동,5640487,126.80451,37.5838,1261000
202506,1150064100,방화제3동,1979329,126.81553,37.58158,238329
202506,1153051000,신도림동,1376469,126.88285,37.50973,1995657
202506,1153052000,구로제1동,1083279,126.87546,37.49303,106391
202506,1153053000,구로제2동,1809928,126.87949,37.49745,802509
202506,1153054000,구로제3동,1043117,126.89498,37.48488,2463171
202506,1153055000,구로제4동,516496,126.8902,37.49154,217329
202506,1153056000,구로제5동,1023242,126.88848,37.50203,669182
202506,1153059500,가리봉동,408284,126.88826,37.48256,205883
202506,1153072000,고척제1동,1132884,126.8634,37.50066,392418
202506,1153073000,고척제2동,997120,126.85331,37.50585,273236
202506,1153074000,개봉제1동,1126936,126.84988,37.49988,898926
202506,1153075000,개봉제2동,815642,126.85636,37.49273,319253
202506,1153076000,개봉제3동,848662,126.85241,37.48684,120114
202506,1153077000,오류제1동,747283,126.84163,37.49696,395972
202506,1153078000,오류제2동,3081182,126.83837,37.48526,578456
202506,1153079000,수궁동,2630691,126.82607,37.49828,723460
202506,1153080000,항동,1431213,126.82449,37.48103,94469
202506,1154551000,가산동,2244201,126.88434,37.47684,2199782
202506,1154561000,독산제1동,1964400,126.89272,37.4642,693596
202506,1154562000,독산제2동,616195,126.90255,37.46383,273503
202506,1154563000,독산제3동,945991,126.90459,37.47593,424912
202506,1154564000,독산제4동,619603,126.90405,37.46922,305456
202506,1154567000,시흥제1동,1476950,126.90015,37.45289,649523
202506,1154568000,시흥제2동,1180173,126.92007,37.45059,160930
202506,1154569000,시흥제3동,1335878,126.90593,37.44028,92292
202506,1154570000,시흥제4동,771262,126.90911,37.46008,203688
202506,1154571000,시흥제5동,1426902,126.91243,37.44875,317078
202506,1156051500,영등포본동,808233,126.9097,37.51372,781451
202506,1156053500,영등포동,1415805,126.90784,37.52152,1390518
202506,1156054000,여의동,6656365,126.92757,37.52749,3951088
202506,1156055000,당산제1동,743499,126.89685,37.52393,974948
202506,1156056000,당산제2동,1564124,126.90391,37.53298,1544204
202506,1156058500,도림동,549811,126.90124,37.50928,148978
202506,1156060500,문래동,1742935,126.89147,37.51638,945651
202506,1156061000,양평제1동,864764,126.88707,37.52507,370299
202506,1156062000,양평제2동,1892053,126.89418,37.5406,520871
202506,1156063000,신길제1동,811808,126.91951,37.51234,557852
202506,1156065000,신길제3동,480412,126.90589,37.50645,182280
202506,1156066000,신길제4동,288284,126.91292,37.50728,124381
202506,1156067000,신길제5동,530930,126.90555,37.50112,111972
202506,1156068000,신길제6동,679799,126.91354,37.49916,538633
202506,1156069000,신길제7동,548054,126.9198,37.5058,553333
202506,1156070000,대림제1동,481705,126.90526,37.49377,168789
202506,1156071000,대림제2동,578880,126.90064,37.48963,145690
202506,1156072000,대림제3동,937514,126.89727,37.49987,1151454
202506,1159051000,노량진제1동,1878710,126.94915,37.51303,1770044
202506,1159052000,노량진제2동,661468,126.938,37.51093,406923
202506,1159053000,상도제1동,1431135,126.95347,37.49833,1612752
202506,1159054000,상도제2동,776948,126.94206,37.50367,587142
202506,1159055000,상도제3동,673241,126.93335,37.49723,257274
202506,1159056000,상도제4동,968511,126.94076,37.49743,209573
202506,1159060500,흑석동,2097147,126.96376,37.5063,823896
202506,1159062000,사당제1동,632726,126.97741,37.47972,264449
202506,1159063000,사당제2동,3039007,126.97519,37.49823,1546065
202506,1159064000,사당제3동,894355,126.97086,37.48881,188132
202506,1159065000,사당제4동,427255,126.97077,37.48059,338871
202506,1159065100,사당제5동,661737,126.96504,37.4858,120598
202506,1159066000,대방동,1587711,126.92803,37.50711,1306093
202506,1159067000,신대방제1동,684048,126.91071,37.48995,184996
202506,1159068000,신대방제2동,1033193,126.92153,37.49431,637070
202506,1162052500,보라매동,762164,126.93259,37.49036,381074
202506,1162054500,청림동,316540,126.95957,37.48941,113685
202506,1162056500,성현동,686448,126.95117,37.48951,280949
202506,1162057500,행운동,723778,126.96062,37.4809,445751
202506,1162058500,낙성대동,2342295,126.96005,37.46723,472534
202506,1162059500,청룡동,1217892,126.94588,37.47805,2420514
202506,1162060500,은천동,734719,126.94221,37.48682,416603
202506,1162061500,중앙동,380017,126.95062,37.48412,271568
202506,1162062500,인헌동,706179,126.96662,37.47208,970889
202506,1162063000,남현동,4235911,126.97664,37.46247,2139004
202506,1162064500,서원동,631090,126.93344,37.4806,2275728
202506,1162065500,신원동,576667,126.9267,37.4793,78051
202506,1162066500,서림동,762657,126.93921,37.47355,535218
202506,1162068500,신사동,605859,126.91875,37.48563,870942
202506,1162069500,신림동,507637,126.92761,37.4869,666253
202506,1162071500,난향동,800353,126.91827,37.46159,159209
202506,1162072500,조원동,648305,126.90753,37.48294,736902
202506,1162073500,대학동,8316533,126.94848,37.45347,822324
202506,1162074500,삼성동,2589521,126.93014,37.46067,282142
202506,1162076500,미성동,1341134,126.91543,37.47594,439559
202506,1162077500,난곡동,1014887,126.92105,37.4705,296722
202506,1165051000,서초1동,1371823,127.02014,37.48696,1482410
202506,1165052000,서초2동,1234893,127.02791,37.48882,3675406
202506,1165053000,서초3동,3010786,127.00959,37.48543,2096818
202506,1165053100,서초4동,876369,127.01996,37.49899,400712
202506,1165054000,잠원동,1837867,127.01304,37.51764,431625
202506,1165055000,반포본동,1539963,126.98648,37.50629,116472
202506,1165056000,반포1동,1009783,127.01663,37.50551,629232
202506,1165057000,반포2동,1242525,126.9957,37.50638,371845
202506,1165058000,반포3동,1309158,127.00359,37.51241,424404
202506,1165058100,반포4동,1458521,127.00329,37.49958,2947501
202506,1165059000,방배본동,659648,126.98777,37.49495,205127
202506,1165060000,방배1동,698070,126.9963,37.48491,618418
202506,1165061000,방배2동,1934493,126.98849,37.47301,276010
202506,1165062000,방배3동,2412263,126.9979,37.47432,737292
202506,1165062100,방배4동,941537,126.99099,37.48982,283033
202506,1165065100,양재1동,5738915,127.02253,37.46956,2360794
202506,1165065200,양재2동,7433699,127.04591,37.45115,786837
202506,1165066000,내곡동,13138298,127.07055,37.45652,343509
202506,1168051000,신사동,1741768,127.0214,37.52572,364991
202506,1168052100,논현1동,1246164,127.0265,37.51191,2922177
202506,1168053100,논현2동,1440614,127.03622,37.51521,1501821
202506,1168054500,압구정동,2512082,127.03348,37.53027,1869852
202506,1168056500,청담동,2355811,127.0505,37.52454,554128
202506,1168058000,삼성1동,1925054,127.06063,37.5154,1695371
202506,1168059000,삼성2동,1258529,127.04876,37.51184,933458
202506,1168060000,대치1동,807837,127.05897,37.49339,426861
202506,1168061000,대치2동,2060695,127.06642,37.50058,2394390
202506,1168063000,대치4동,703180,127.0549,37.50166,2017843
202506,1168064000,역삼1동,2366859,127.03549,37.50089,4234661
202506,1168065000,역삼2동,1123383,127.04489,37.4985,507260
202506,1168065500,도곡1동,1010321,127.04098,37.48905,669994
202506,1168065600,도곡2동,1031472,127.04965,37.48821,862820
202506,1168066000,개포1동,1741195,127.06471,37.47928,167667
202506,1168067000,개포2동,1586586,127.06763,37.48648,495463
202506,1168067500,개포3동,848662,126.85241,37.48684,397247
202506,1168069000,개포4동,1583608,127.05324,37.47555,215535
202506,1168070000,세곡동,5912729,127.10435,37.47107,487125
202506,1168072000,일원본동,2426105,127.08467,37.48237,534129
202506,1168073000,일원1동,946206,127.08925,37.49339,96397
202506,1168075000,수서동,1624149,127.10057,37.48684,1399782
202506,1171051000,풍납1동,1057854,127.1143,37.53824,117045
202506,1171052000,풍납2동,1992907,127.11013,37.52985,172782
202506,1171053100,거여1동,506282,127.14168,37.49439,360665
202506,1171053200,거여2동,505978,127.14717,37.49238,94507
202506,1171054000,마천1동,519561,127.15572,37.49478,290933
202506,1171055000,마천2동,958068,127.15146,37.50033,178832
202506,1171056100,방이1동,585493,127.12232,37.50977,315722
202506,1171056200,방이2동,767575,127.11383,37.51325,371785
202506,1171056600,오륜동,3138116,127.12851,37.51766,693995
202506,1171057000,오금동,1733642,127.1344,37.50399,586030
202506,1171058000,송파1동,696743,127.11032,37.50717,527248
202506,1171059000,송파2동,599279,127.11683,37.50284,68844
202506,1171060000,석촌동,932452,127.10246,37.50272,794986
202506,1171061000,삼전동,990522,127.09191,37.50172,214101
202506,1171062000,가락본동,1049756,127.12164,37.49722,278477
202506,1171063100,가락1동,1368008,127.10824,37.49533,947413
202506,1171063200,가락2동,941692,127.13064,37.49586,572015
202506,1171064100,문정1동,667814,127.12686,37.48817,137847
202506,1171064200,문정2동,2357239,127.11914,37.48069,1095897
202506,1171064600,장지동,1221454,127.13163,37.48279,774672
202506,1171064700,위례동,2608006,127.14124,37.48166,408181
202506,1171065000,잠실본동,1140205,127.08229,37.50551,542624
202506,1171067000,잠실2동,2877277,127.07882,37.51772,797951
202506,1171068000,잠실3동,1514431,127.09432,37.51364,509570
202506,1171069000,잠실4동,840215,127.10815,37.52125,664309
202506,1171071000,잠실6동,1398484,127.09998,37.51907,3187631
202506,1171072000,잠실7동,680575,127.0741,37.50748,794774
202506,1174051500,강일동,3653950,127.17402,37.56389,275291
202506,1174052500,상일제1동,1781219,127.16484,37.55074,704417
202506,1174052600,상일제2동,1090000,127.17784,37.55674,63032
202506,1174053000,명일제1동,621207,127.14594,37.55037,424084
202506,1174054000,명일제2동,937505,127.1542,37.54829,434104
202506,1174055000,고덕제1동,1905349,127.15031,37.56335,111664
202506,1174056000,고덕제2동,2415151,127.16164,37.56586,239866
202506,1174057000,암사제1동,730232,127.13459,37.55186,87884
202506,1174058000,암사제2동,2442627,127.12324,37.55738,489212
202506,1174059000,암사제3동,1853001,127.13851,37.5615,262803
202506,1174060000,천호제1동,685407,127.13858,37.54632,385509
202506,1174061000,천호제2동,1828587,127.12228,37.54469,292124
202506,1174062000,천호제3동,538847,127.1332,37.53965,140090
202506,1174064000,성내제1동,661583,127.12552,37.52876,444844
202506,1174065000,성내제2동,626571,127.12774,37.53436,1754626
202506,1174066000,성내제3동,642074,127.1338,37.5284,140502
202506,1174068500,길동,1601118,127.14591,37.53973,549160
202506,1174069000,둔촌제1동,896155,127.14043,37.52315,539049
202506,1174070000,둔촌제2동,1594005,127.14741,37.53151,548967
202507,1111051500,청운효자동,2438307,126.97042,37.58466,252192
202507,1111053000,사직동,1165780,126.97014,37.57411,2325251
202507,1111054000,삼청동,1361445,126.98111,37.58801,133044
202507,1111055000,부암동,2202073,126.96256,37.5967,218817
202507,1111056000,평창동,9017316,126.96927,37.61396,229038
202507,1111057000,무악동,467575,126.95899,37.57774,54226
202507,1111058000,교남동,345990,126.96416,37.57105,284477
202507,1111060000,가회동,605383,126.98662,37.58268,72308
202507,1111061500,종로1.2.3.4가동,2394166,126.98973,37.57508,4968769
202507,1111063000,종로5.6가동,633463,127.00424,37.57302,1815988
202507,1111064000,이화동,755902,127.00307,37.57969,1388771
202507,1111065000,혜화동,1164691,126.99769,37.58747,502851
202507,1111067000,창신제1동,313832,127.01402,37.57226,291336
202507,1111068000,창신제2동,249894,127.01025,37.57575,5514
202507,1111069000,창신제3동,220395,127.01321,37.57882,128942
202507,1111070000,숭인제1동,237128,127.01686,37.57723,175878
202507,1111071000,숭인제2동,321465,127.02064,37.57431,673539
202507,1114052000,소공동,935656,126.97436,37.5643,2278500
202507,1114054000,회현동,892974,126.97671,37.55697,5297963
202507,1114055000,명동,1006850,126.98436,37.56373,2987732
202507,1114057000,필동,1478522,126.99385,37.5568,970991
202507,1114058000,장충동,1003083,127.00228,37.55561,378779
202507,1114059000,광희동,752739,127.00363,37.5652,1465011
202507,1114060500,을지로동,599530,126.99649,37.56664,1716096
202507,1114061500,신당동,541354,127.01377,37.56575,779428
202507,1114062500,다산동,546686,127.00826,37.5547,110075
202507,1114063500,약수동,511938,127.01024,37.54984,612964
202507,1114064500,청구동,330066,127.01499,37.55686,74470
202507,1114065000,신당제5동,315652,127.02202,37.56358,179592
202507,1114066500,동화동,344934,127.01867,37.56059,234315
202507,1114067000,황학동,314878,127.0208,37.56842,121016
202507,1114068000,중림동,492309,126.96596,37.55732,149936
202507,1117051000,후암동,865282,126.98059,37.54994,183780
202507,1117052000,용산2가동,2045385,126.98353,37.54024,536592
202507,1117053000,남영동,751924,126.97351,37.54511,1123990
202507,1117055500,청파동,854585,126.96717,37.54786,216268
202507,1117056000,원효로제1동,563923,126.96656,37.53747,268315
202507,1117057000,원효로제2동,943601,126.95139,37.5331,167317
202507,1117058000,효창동,502716,126.96131,37.54305,371274
202507,1117059000,용문동,268086,126.95858,37.53815,92587
202507,1117062500,한강로동,2632658,126.96786,37.52918,3000771
202507,1117063000,이촌제1동,2128932,126.97096,37.51728,192453
202507,1117064000,이촌제2동,1203554,126.95394,37.52333,86405
202507,1117065000,이태원제1동,533547,126.99325,37.53339,515641
202507,1117066000,이태원제2동,891712,126.99213,37.54166,120545
202507,1117068500,한남동,3194899,127.0058,37.5371,1015986
202507,1117069000,서빙고동,2917053,126.98838,37.52247,251927
202507,1117070000,보광동,872912,127.00126,37.52587,99023
202507,1120052000,왕십리제2동,334371,127.02769,37.5615,517804
202507,1120053500,왕십리도선동,721844,127.02957,37.56679,236510
202507,1120054000,마장동,1127258,127.04049,37.56764,328955
202507,1120055000,사근동,1154150,127.04543,37.55801,477257
202507,1120056000,행당제1동,566619,127.03606,37.55902,1228646
202507,1120057000,행당제2동,479532,127.0295,37.55668,375945
202507,1120058000,응봉동,563044,127.03398,37.55099,137767
202507,1120059000,금호1가동,407653,127.02506,37.55367,284567
202507,1120061500,금호2.3가동,665732,127.01989,37.55143,147008
202507,1120062000,금호4가동,930024,127.0246,37.54459,437323
202507,1120064500,옥수동,1250869,127.01618,37.54197,461958
202507,1120065000,성수1가제1동,2238042,127.04104,37.54042,389561
202507,1120066000,성수1가제2동,977066,127.04395,37.54907,790940
202507,1120067000,성수2가제1동,1150487,127.05528,37.53666,183107
202507,1120069000,성수2가제3동,1046168,127.05814,37.54554,1579826
202507,1120072000,송정동,587634,127.0657,37.55233,86960
202507,1120079000,용답동,2372731,127.05785,37.55854,1194177
202507,1121571000,화양동,1178002,127.07346,37.54327,1728072
202507,1121573000,군자동,734486,127.07368,37.55307,284262
202507,1121574000,중곡제1동,590812,127.07772,37.56204,137813
202507,1121575000,중곡제2동,544506,127.08459,37.55891,178142
202507,1121576000,중곡제3동,602735,127.08197,37.56785,435499
202507,1121577000,중곡제4동,2284644,127.09445,37.56391,104868
202507,1121578000,능동,1083377,127.08165,37.55066,1280817
202507,1121581000,광장동,2755836,127.10487,37.54828,466127
202507,1121582000,자양제1동,565020,127.08042,37.53554,175491
202507,1121583000,자양제2동,1631119,127.08325,37.52933,222655
202507,1121584000,자양제3동,1134722,127.0712,37.53169,197853
202507,1121584700,자양제4동,1155166,127.06377,37.53389,437084
202507,1121585000,구의제1동,552319,127.08603,37.54149,968562
202507,1121586000,구의제2동,1380731,127.09445,37.551,597829
202507,1121587000,구의제3동,1450497,127.09524,37.53509,946787
202507,1123053600,용신동,1573645,127.03229,37.57562,1995170
202507,1123054500,제기동,1181233,127.03724,37.58368,819889
202507,1123056000,전농제1동,1170148,127.05105,37.57901,1525143
202507,1123057000,전농제2동,995125,127.06114,37.58072,253550
202507,1123060000,답십리제1동,798544,127.0517,37.57094,222311
202507,1123061000,답십리제2동,824988,127.06111,37.57089,308416
202507,1123065000,장안제1동,1365375,127.06859,37.56623,568156
202507,1123066000,장안제2동,1132972,127.07254,37.57576,426402
202507,1123070500,청량리동,1176505,127.04512,37.58894,386986
202507,1123071000,회기동,803887,127.05141,37.5937,212916
202507,1123072000,휘경제1동,510437,127.06247,37.59187,786471
202507,1123073000,휘경제2동,1195510,127.06644,37.58651,323237
202507,1123074000,이문제1동,1005087,127.06029,37.59722,405864
202507,1123075000,이문제2동,805192,127.06749,37.60283,255346
202507,1126052000,면목제2동,744933,127.07814,37.58938,191188
202507,1126054000,면목제4동,849250,127.08647,37.57348,298527
202507,1126055000,면목제5동,590803,127.07967,37.58297,136700
202507,1126056500,면목본동,827948,127.08953,37.58834,758740
202507,1126057000,면목제7동,1180742,127.09269,37.57729,178246
202507,1126057500,면목제3.8동,1400985,127.09738,37.5846,713202
202507,1126058000,상봉제1동,861947,127.08947,37.60203,184254
202507,1126059000,상봉제2동,655590,127.0839,37.59425,1067531
202507,1126060000,중화제1동,669339,127.08315,37.60229,99460
202507,1126061000,중화제2동,957879,127.07521,37.59872,677230
202507,1126062000,묵제1동,1207708,127.08245,37.61374,214470
202507,1126063000,묵제2동,668183,127.07467,37.61037,372147
202507,1126065500,망우본동,2948005,127.10754,37.60199,572749
202507,1126066000,망우제3동,991213,127.10294,37.59181,135234
202507,1126068000,신내1동,2490403,127.10451,37.6128,674925
202507,1126069000,신내2동,935095,127.09162,37.61095,286680
202507,1129052500,성북동,2416176,126.99615,37.59587,399613
202507,1129055500,삼선동,912074,127.0118,37.58662,1647554
202507,1129057500,동선동,731808,127.01843,37.59374,500619
202507,1129058000,돈암제1동,461014,127.02404,37.59933,362334
202507,1129059000,돈암제2동,523725,127.01163,37.59728,162507
202507,1129060000,안암동,1274562,127.02731,37.58725,565710
202507,1129061000,보문동,589971,127.01922,37.5826,457508
202507,1129062000,정릉제1동,389711,127.01665,37.60326,368777
202507,1129063000,정릉제2동,1126034,127.00812,37.60379,292354
202507,1129064000,정릉제3동,3357947,126.99377,37.61226,173857
202507,1129065000,정릉제4동,3712601,126.99518,37.62351,550359
202507,1129066000,길음제1동,818440,127.01974,37.60811,1028491
202507,1129068500,길음제2동,616132,127.02723,37.60797,292406
202507,1129070500,종암동,1520021,127.03337,37.59725,529264
202507,1129071500,월곡제1동,764805,127.03645,37.60788,311378
202507,1129072500,월곡제2동,1334181,127.04519,37.6033,649830
202507,1129076000,장위제1동,724308,127.04426,37.61494,242273
202507,1129077000,장위제2동,665829,127.05173,37.61222,471700
202507,1129078000,장위제3동,682909,127.05349,37.61818,178201
202507,1129081000,석관동,1731086,127.06134,37.60826,795845
202507,1130553400,삼양동,951708,127.01468,37.62379,474261
202507,1130553500,미아동,853875,127.02629,37.6287,729613
202507,1130554500,송중동,1061923,127.03292,37.6177,903529
202507,1130555500,송천동,939469,127.02487,37.61822,1103802
202507,1130557500,삼각산동,586701,127.01683,37.61713,237164
202507,1130559500,번1동,595659,127.03054,37.63763,1523805
202507,1130560300,번2동,1012328,127.03479,37.62952,245337
202507,1130560800,번3동,1091074,127.04234,37.62378,196591
202507,1130561500,수유1동,1728230,127.00884,37.62993,447879
202507,1130562500,수유2동,606037,127.0195,37.6454,329550
202507,1130563500,수유3동,730661,127.02355,37.64046,580514
202507,1130564500,우이동,10697189,127.00032,37.66035,552080
202507,1130566000,인수동,2860095,127.00396,37.63764,268856
202507,1132051100,창제1동,1093061,127.04356,37.64714,1205954
202507,1132051200,창제2동,682713,127.03682,37.64263,212696
202507,1132051300,창제3동,637773,127.04163,37.63736,154376
202507,1132051400,창제4동,1114658,127.05093,37.65258,327088
202507,1132051500,창제5동,690264,127.04277,37.65536,922432
202507,1132052100,도봉제1동,8508462,127.02679,37.68508,291241
202507,1132052200,도봉제2동,1195130,127.04779,37.68119,612808
202507,1132066000,쌍문제1동,1160994,127.01951,37.65303,219308
202507,1132067000,쌍문제2동,531978,127.037,37.65706,267685
202507,1132068000,쌍문제3동,499481,127.03059,37.64769,229266
202507,1132068100,쌍문제4동,577003,127.03041,37.65555,178810
202507,1132069000,방학제1동,1060647,127.04352,37.66503,444270
202507,1132070000,방학제2동,1108653,127.03226,37.66915,131609
202507,1132071000,방학제3동,1860513,127.02347,37.6628,232852
202507,1135056000,월계1동,1178816,127.0586,37.62181,320386
202507,1135057000,월계2동,1991879,127.05121,37.63407,310601
202507,1135058000,월계3동,1167762,127.06489,37.62466,336606
202507,1135059500,공릉1동,1208569,127.07277,37.62412,954976
202507,1135060000,공릉2동,7264834,127.09423,37.63161,594757
202507,1135061100,하계1동,1441008,127.07481,37.63862,304184
202507,1135061200,하계2동,505737,127.06482,37.63484,628330
202507,1135061900,중계본동,2061637,127.08576,37.64814,245043
202507,1135062100,중계1동,608503,127.0735,37.65002,182169
202507,1135062400,중계4동,1457885,127.08224,37.65885,177727
202507,1135062500,중계2.3동,946538,127.06589,37.64334,657510
202507,1135063000,상계1동,5016467,127.06533,37.68327,549700
202507,1135064000,상계2동,591000,127.06727,37.65649,1475546
202507,1135066500,상계3.4동,5783082,127.08327,37.67515,331685
202507,1135067000,상계5동,492170,127.0696,37.66322,678047
202507,1135069500,상계6.7동,1425634,127.06009,37.64875,359109
202507,1135070000,상계8동,661888,127.05365,37.66629,428271
202507,1135071000,상계9동,837674,127.0625,37.66807,109159
202507,1135072000,상계10동,828158,127.0584,37.65964,196256
202507,1138051000,녹번동,1915175,126.93505,37.60542,873118
202507,1138052000,불광제1동,3346747,126.93927,37.61731,544998
202507,1138053000,불광제2동,1338273,126.92865,37.62437,315932
202507,1138055100,갈현제1동,953450,126.91489,37.62535,1140702
202507,1138055200,갈현제2동,1053392,126.91212,37.61828,504704
202507,1138056000,구산동,1352647,126.90765,37.61106,273470
202507,1138057000,대조동,871085,126.9231,37.61228,1124025
202507,1138058000,응암제1동,1160262,126.9269,37.59826,488891
202507,1138059000,응암제2동,746941,126.92302,37.59189,183599
202507,1138060000,응암제3동,733293,126.91775,37.58865,339016
202507,1138062500,역촌동,1087046,126.91453,37.60457,437520
202507,1138063100,신사제1동,830268,126.90884,37.59899,729598
202507,1138063200,신사제2동,1041042,126.90629,37.59289,508494
202507,1138064000,증산동,919884,126.90581,37.58378,477980
202507,1138065000,수색동,1140125,126.8949,37.58577,267462
202507,1138069000,진관동,12911565,126.94052,37.63928,1253526
202507,1141052000,천연동,893844,126.95714,37.57121,502988
202507,1141055500,북아현동,444705,126.95552,37.55925,203016
202507,1141056500,충현동,1136892,126.9581,37.56391,1300776
202507,1141058500,신촌동,2566839,126.94106,37.56364,2316135
202507,1141061500,연희동,2825921,126.93273,37.57201,866883
202507,1141062000,홍제제1동,1561215,126.9452,37.58154,1089190
202507,1141064000,홍제제3동,1031592,126.95116,37.59202,261125
202507,1141065500,홍제제2동,712529,126.95253,37.58455,159067
202507,1141066000,홍은제1동,1550491,126.94703,37.59998,212501
202507,1141068500,홍은제2동,2048086,126.93217,37.58699,585576
202507,1141069000,남가좌제1동,447138,126.9162,37.57169,364100
202507,1141070000,남가좌제2동,812456,126.92133,37.57762,341469
202507,1141071000,북가좌제1동,581080,126.908,37.57527,165240
202507,1141072000,북가좌제2동,795331,126.9135,37.581,308555
202507,1144055500,아현동,731252,126.95284,37.55193,821291
202507,1144056500,공덕동,1002153,126.95779,37.54912,1474667
202507,1144058500,도화동,860064,126.94681,37.53704,243687
202507,1144059000,용강동,956700,126.94127,37.54059,541827
202507,1144060000,대흥동,836007,126.9414,37.55212,1186451
202507,1144061000,염리동,539922,126.94755,37.54982,114712
202507,1144063000,신수동,1118424,126.93364,37.54363,63349
202507,1144065500,서강동,1715559,126.92516,37.54595,735092
202507,1144066000,서교동,1647625,126.92094,37.55477,6056797
202507,1144068000,합정동,1753036,126.90884,37.54687,211285
202507,1144069000,망원제1동,1124872,126.90021,37.55275,184645
202507,1144070000,망원제2동,1208058,126.89568,37.55712,143369
202507,1144071000,연남동,647383,126.92154,37.56303,236003
202507,1144072000,성산제1동,864039,126.91185,37.56198,229596
202507,1144073000,성산제2동,1963168,126.90204,37.56811,882937
202507,1144074000,상암동,7678191,126.88086,37.57179,1620780
202507,1147051000,목1동,1564660,126.8751,37.52744,1640217
202507,1147052000,목2동,1054247,126.8741,37.54359,785926
202507,1147053000,목3동,500764,126.86541,37.5452,608673
202507,1147054000,목4동,561686,126.8669,37.53544,256027
202507,1147055000,목5동,2069098,126.88103,37.53631,435373
202507,1147056000,신월1동,630072,126.83453,37.53127,121137
202507,1147057000,신월2동,614213,126.84633,37.5234,195402
202507,1147058000,신월3동,926653,126.82747,37.53236,89517
202507,1147059000,신월4동,454712,126.83982,37.52225,160803
202507,1147060000,신월5동,515356,126.8299,37.54004,111739
202507,1147061000,신월6동,473483,126.84213,37.51597,141032
202507,1147061100,신월7동,900522,126.83234,37.52066,161071
202507,1147062000,신정1동,739881,126.85963,37.51888,181053
202507,1147063000,신정2동,648695,126.87518,37.51895,93616
202507,1147064000,신정3동,3169421,126.8394,37.51178,758664
202507,1147065000,신정4동,996239,126.85757,37.52541,806751
202507,1147067000,신정6동,926759,126.86964,37.51591,163446
202507,1147068000,신정7동,1143920,126.86468,37.51012,333843
202507,1150051000,염창동,2389890,126.87543,37.55321,380102
202507,1150052000,등촌제1동,658950,126.85963,37.55586,438405
202507,1150053000,등촌제2동,895367,126.86003,37.54574,209642
202507,1150053500,등촌제3동,1042691,126.84634,37.56105,947023
202507,1150054000,화곡제1동,1192600,126.84094,37.53378,2038531
202507,1150055000,화곡제2동,456930,126.85437,37.53228,140680
202507,1150056000,화곡제3동,526606,126.83427,37.54406,122431
202507,1150057000,화곡제4동,855978,126.85858,37.5361,148978
202507,1150059000,화곡본동,982074,126.84816,37.54257,252419
202507,1150059100,화곡제6동,1062894,126.85117,37.55172,398843
202507,1150059300,화곡제8동,575541,126.84863,37.53422,236603
202507,1150060300,가양제1동,5543738,126.83435,37.5731,1457096
202507,1150060400,가양제2동,1012806,126.85401,37.56866,65948
202507,1150060500,가양제3동,932533,126.8623,37.56268,58878
202507,1150061100,발산제1동,2963745,126.82558,37.55045,699818
202507,1150061500,우장산동,1245257,126.84102,37.55057,966868
202507,1150062000,공항동,11581226,126.79496,37.55649,464411
202507,1150063000,방화제1동,1487371,126.81755,37.56864,691274
202507,1150064000,방화제2동,5640487,126.80451,37.5838,1298085
202507,1150064100,방화제3동,1979329,126.81553,37.58158,237185
202507,1153051000,신도림동,1376469,126.88285,37.50973,1874806
202507,1153052000,구로제1동,1083279,126.87546,37.49303,110776
202507,1153053000,구로제2동,1809928,126.87949,37.49745,799344
202507,1153054000,구로제3동,1043117,126.89498,37.48488,2474567
202507,1153055000,구로제4동,516496,126.8902,37.49154,223193
202507,1153056000,구로제5동,1023242,126.88848,37.50203,681204
202507,1153059500,가리봉동,408284,126.88826,37.48256,208508
202507,1153072000,고척제1동,1132884,126.8634,37.50066,374450
202507,1153073000,고척제2동,997120,126.85331,37.50585,281688
202507,1153074000,개봉제1동,1126936,126.84988,37.49988,898153
202507,1153075000,개봉제2동,815642,126.85636,37.49273,319777
202507,1153076000,개봉제3동,848662,126.85241,37.48684,124348
202507,1153077000,오류제1동,747283,126.84163,37.49696,390719
202507,1153078000,오류제2동,3081182,126.83837,37.48526,573128
202507,1153079000,수궁동,2630691,126.82607,37.49828,687225
202507,1153080000,항동,1431213,126.82449,37.48103,93318
202507,1154551000,가산동,2244201,126.88434,37.47684,2312362
202507,1154561000,독산제1동,1964400,126.89272,37.4642,710968
202507,1154562000,독산제2동,616195,126.90255,37.46383,273726
202507,1154563000,독산제3동,945991,126.90459,37.47593,424010
202507,1154564000,독산제4동,619603,126.90405,37.46922,304539
202507,1154567000,시흥제1동,1476950,126.90015,37.45289,642310
202507,1154568000,시흥제2동,1180173,126.92007,37.45059,161237
202507,1154569000,시흥제3동,1335878,126.90593,37.44028,90867
202507,1154570000,시흥제4동,771262,126.90911,37.46008,201335
202507,1154571000,시흥제5동,1426902,126.91243,37.44875,315502
202507,1156051500,영등포본동,808233,126.9097,37.51372,779011
202507,1156053500,영등포동,1415805,126.90784,37.52152,1412420
202507,1156054000,여의동,6656365,126.92757,37.52749,4135072
202507,1156055000,당산제1동,743499,126.89685,37.52393,985348
202507,1156056000,당산제2동,1564124,126.90391,37.53298,1514085
202507,1156058500,도림동,549811,126.90124,37.50928,159321
202507,1156060500,문래동,1742935,126.89147,37.51638,977653
202507,1156061000,양평제1동,864764,126.88707,37.52507,381644
202507,1156062000,양평제2동,1892053,126.89418,37.5406,521507
202507,1156063000,신길제1동,811808,126.91951,37.51234,552648
202507,1156065000,신길제3동,480412,126.90589,37.50645,185483
202507,1156066000,신길제4동,288284,126.91292,37.50728,127948
202507,1156067000,신길제5동,530930,126.90555,37.50112,116342
202507,1156068000,신길제6동,679799,126.91354,37.49916,531449
202507,1156069000,신길제7동,548054,126.9198,37.5058,544359
202507,1156070000,대림제1동,481705,126.90526,37.49377,173143
202507,1156071000,대림제2동,578880,126.90064,37.48963,147471
202507,1156072000,대림제3동,937514,126.89727,37.49987,1106020
202507,1159051000,노량진제1동,1878710,126.94915,37.51303,1706338
202507,1159052000,노량진제2동,661468,126.938,37.51093,395348
202507,1159053000,상도제1동,1431135,126.95347,37.49833,1443112
202507,1159054000,상도제2동,776948,126.94206,37.50367,601073
202507,1159055000,상도제3동,673241,126.93335,37.49723,260566
202507,1159056000,상도제4동,968511,126.94076,37.49743,213267
202507,1159060500,흑석동,2097147,126.96376,37.5063,748899
202507,1159062000,사당제1동,632726,126.97741,37.47972,265104
202507,1159063000,사당제2동,3039007,126.97519,37.49823,1458265
202507,1159064000,사당제3동,894355,126.97086,37.48881,183675
202507,1159065000,사당제4동,427255,126.97077,37.48059,325928
202507,1159065100,사당제5동,661737,126.96504,37.4858,120317
202507,1159066000,대방동,1587711,126.92803,37.50711,1256476
202507,1159067000,신대방제1동,684048,126.91071,37.48995,184373
202507,1159068000,신대방제2동,1033193,126.92153,37.49431,583278
202507,1162052500,보라매동,762164,126.93259,37.49036,374194
202507,1162054500,청림동,316540,126.95957,37.48941,118548
202507,1162056500,성현동,686448,126.95117,37.48951,284008
202507,1162057500,행운동,723778,126.96062,37.4809,444293
202507,1162058500,낙성대동,2342295,126.96005,37.46723,461641
202507,1162059500,청룡동,1217892,126.94588,37.47805,2374171
202507,1162060500,은천동,734719,126.94221,37.48682,429014
202507,1162061500,중앙동,380017,126.95062,37.48412,270526
202507,1162062500,인헌동,706179,126.96662,37.47208,963412
202507,1162063000,남현동,4235911,126.97664,37.46247,2051137
202507,1162064500,서원동,631090,126.93344,37.4806,2252513
202507,1162065500,신원동,576667,126.9267,37.4793,81696
202507,1162066500,서림동,762657,126.93921,37.47355,517868
202507,1162068500,신사동,605859,126.91875,37.48563,824006
202507,1162069500,신림동,507637,126.92761,37.4869,671858
202507,1162071500,난향동,800353,126.91827,37.46159,157671
202507,1162072500,조원동,648305,126.90753,37.48294,742338
202507,1162073500,대학동,8316533,126.94848,37.45347,767127
202507,1162074500,삼성동,2589521,126.93014,37.46067,281162
202507,1162076500,미성동,1341134,126.91543,37.47594,447923
202507,1162077500,난곡동,1014887,126.92105,37.4705,292187
202507,1165051000,서초1동,1371823,127.02014,37.48696,1505864
202507,1165052000,서초2동,1234893,127.02791,37.48882,3885931
202507,1165053000,서초3동,3010786,127.00959,37.48543,2088339
202507,1165053100,서초4동,876369,127.01996,37.49899,420701
202507,1165054000,잠원동,1837867,127.01304,37.51764,446327
202507,1165055000,반포본동,1539963,126.98648,37.50629,113321
202507,1165056000,반포1동,1009783,127.01663,37.50551,640271
202507,1165057000,반포2동,1242525,126.9957,37.50638,348275
202507,1165058000,반포3동,1309158,127.00359,37.51241,391798
202507,1165058100,반포4동,1458521,127.00329,37.49958,2873999
202507,1165059000,방배본동,659648,126.98777,37.49495,207063
202507,1165060000,방배1동,698070,126.9963,37.48491,619111
202507,1165061000,방배2동,1934493,126.98849,37.47301,279635
202507,1165062000,방배3동,2412263,126.9979,37.47432,680303
202507,1165062100,방배4동,941537,126.99099,37.48982,284655
202507,1165065100,양재1동,5738915,127.02253,37.46956,2382117
202507,1165065200,양재2동,7433699,127.04591,37.45115,776686
202507,1165066000,내곡동,13138298,127.07055,37.45652,315516
202507,1168051000,신사동,1741768,127.0214,37.52572,356995
202507,1168052100,논현1동,1246164,127.0265,37.51191,2928439
202507,1168053100,논현2동,1440614,127.03622,37.51521,1536363
202507,1168054500,압구정동,2512082,127.03348,37.53027,1871645
202507,1168056500,청담동,2355811,127.0505,37.52454,571792
202507,1168058000,삼성1동,1925054,127.06063,37.5154,1753914
202507,1168059000,삼성2동,1258529,127.04876,37.51184,976660
202507,1168060000,대치1동,807837,127.05897,37.49339,447643
202507,1168061000,대치2동,2060695,127.06642,37.50058,2511289
202507,1168063000,대치4동,703180,127.0549,37.50166,2143496
202507,1168064000,역삼1동,2366859,127.03549,37.50089,4437893
202507,1168065000,역삼2동,1123383,127.04489,37.4985,538132
202507,1168065500,도곡1동,1010321,127.04098,37.48905,684081
202507,1168065600,도곡2동,1031472,127.04965,37.48821,884913
202507,1168066000,개포1동,1741195,127.06471,37.47928,165924
202507,1168067000,개포2동,1586586,127.06763,37.48648,496555
202507,1168067500,개포3동,848662,126.85241,37.48684,393567
202507,1168069000,개포4동,1583608,127.05324,37.47555,221955
202507,1168070000,세곡동,5912729,127.10435,37.47107,478984
202507,1168072000,일원본동,2426105,127.08467,37.48237,533722
202507,1168073000,일원1동,946206,127.08925,37.49339,97684
202507,1168075000,수서동,1624149,127.10057,37.48684,1378034
202507,1171051000,풍납1동,1057854,127.1143,37.53824,124677
202507,1171052000,풍납2동,1992907,127.11013,37.52985,178985
202507,1171053100,거여1동,506282,127.14168,37.49439,350447
202507,1171053200,거여2동,505978,127.14717,37.49238,98176
202507,1171054000,마천1동,519561,127.15572,37.49478,279726
202507,1171055000,마천2동,958068,127.15146,37.50033,181340
202507,1171056100,방이1동,585493,127.12232,37.50977,310558
202507,1171056200,방이2동,767575,127.11383,37.51325,386161
202507,1171056600,오륜동,3138116,127.12851,37.51766,684265
202507,1171057000,오금동,1733642,127.1344,37.50399,592665
202507,1171058000,송파1동,696743,127.11032,37.50717,531313
202507,1171059000,송파2동,599279,127.11683,37.50284,69411
202507,1171060000,석촌동,932452,127.10246,37.50272,787151
202507,1171061000,삼전동,990522,127.09191,37.50172,218651
202507,1171062000,가락본동,1049756,127.12164,37.49722,281113
202507,1171063100,가락1동,1368008,127.10824,37.49533,922172
202507,1171063200,가락2동,941692,127.13064,37.49586,575293
202507,1171064100,문정1동,667814,127.12686,37.48817,141775
202507,1171064200,문정2동,2357239,127.11914,37.48069,1093375
202507,1171064600,장지동,1221454,127.13163,37.48279,779747
202507,1171064700,위례동,2608006,127.14124,37.48166,407255
202507,1171065000,잠실본동,1140205,127.08229,37.50551,551661
202507,1171067000,잠실2동,2877277,127.07882,37.51772,789108
202507,1171068000,잠실3동,1514431,127.09432,37.51364,511890
202507,1171069000,잠실4동,840215,127.10815,37.52125,645485
202507,1171071000,잠실6동,1398484,127.09998,37.51907,3268950
202507,1171072000,잠실7동,680575,127.0741,37.50748,752862
202507,1174051500,강일동,3653950,127.17402,37.56389,279595
202507,1174052500,상일제1동,1781219,127.16484,37.55074,700815
202507,1174052600,상일제2동,1090000,127.17784,37.55674,68257
202507,1174053000,명일제1동,621207,127.14594,37.55037,414063
202507,1174054000,명일제2동,937505,127.1542,37.54829,429301
202507,1174055000,고덕제1동,1905349,127.15031,37.56335,114988
202507,1174056000,고덕제2동,2415151,127.16164,37.56586,256066
202507,1174057000,암사제1동,730232,127.13459,37.55186,88339
202507,1174058000,암사제2동,2442627,127.12324,37.55738,475539
202507,1174059000,암사제3동,1853001,127.13851,37.5615,260443
202507,1174060000,천호제1동,685407,127.13858,37.54632,378819
202507,1174061000,천호제2동,1828587,127.12228,37.54469,299415
202507,1174062000,천호제3동,538847,127.1332,37.53965,137951
202507,1174064000,성내제1동,661583,127.12552,37.52876,445692
202507,1174065000,성내제2동,626571,127.12774,37.53436,1722989
202507,1174066000,성내제3동,642074,127.1338,37.5284,141543
202507,1174068500,길동,1601118,127.14591,37.53973,545623
202507,1174069000,둔촌제1동,896155,127.14043,37.52315,537290
202507,1174070000,둔촌제2동,1594005,127.14741,37.53151,560472
202508,1111051500,청운효자동,2438307,126.97042,37.58466,236606
202508,1111053000,사직동,1165780,126.97014,37.57411,2420331
202508,1111054000,삼청동,1361445,126.98111,37.58801,132766
202508,1111055000,부암동,2202073,126.96256,37.5967,235488
202508,1111056000,평창동,9017316,126.96927,37.61396,246996
202508,1111057000,무악동,467575,126.95899,37.57774,60674
202508,1111058000,교남동,345990,126.96416,37.57105,301086
202508,1111060000,가회동,605383,126.98662,37.58268,77142
202508,1111061500,종로1.2.3.4가동,2394166,126.98973,37.57508,5251929
202508,1111063000,종로5.6가동,633463,127.00424,37.57302,1916117
202508,1111064000,이화동,755902,127.00307,37.57969,1494261
202508,1111065000,혜화동,1164691,126.99769,37.58747,550218
202508,1111067000,창신제1동,313832,127.01402,37.57226,305684
202508,1111068000,창신제2동,249894,127.01025,37.57575,6951
202508,1111069000,창신제3동,220395,127.01321,37.57882,134106
202508,1111070000,숭인제1동,237128,127.01686,37.57723,190704
202508,1111071000,숭인제2동,321465,127.02064,37.57431,738859
202508,1114052000,소공동,935656,126.97436,37.5643,2449515
202508,1114054000,회현동,892974,126.97671,37.55697,5697460
202508,1114055000,명동,1006850,126.98436,37.56373,3235797
202508,1114057000,필동,1478522,126.99385,37.5568,1038768
202508,1114058000,장충동,1003083,127.00228,37.55561,423788
202508,1114059000,광희동,752739,127.00363,37.5652,1560526
202508,1114060500,을지로동,599530,126.99649,37.56664,1787341
202508,1114061500,신당동,541354,127.01377,37.56575,800534
202508,1114062500,다산동,546686,127.00826,37.5547,116385
202508,1114063500,약수동,511938,127.01024,37.54984,651377
202508,1114064500,청구동,330066,127.01499,37.55686,79320
202508,1114065000,신당제5동,315652,127.02202,37.56358,192071
202508,1114066500,동화동,344934,127.01867,37.56059,242750
202508,1114067000,황학동,314878,127.0208,37.56842,129370
202508,1114068000,중림동,492309,126.96596,37.55732,160411
202508,1117051000,후암동,865282,126.98059,37.54994,201381
202508,1117052000,용산2가동,2045385,126.98353,37.54024,612672
202508,1117053000,남영동,751924,126.97351,37.54511,1203438
202508,1117055500,청파동,854585,126.96717,37.54786,227559
202508,1117056000,원효로제1동,563923,126.96656,37.53747,285727
202508,1117057000,원효로제2동,943601,126.95139,37.5331,175234
202508,1117058000,효창동,502716,126.96131,37.54305,390998
202508,1117059000,용문동,268086,126.95858,37.53815,100983
202508,1117062500,한강로동,2632658,126.96786,37.52918,3344443
202508,1117063000,이촌제1동,2128932,126.97096,37.51728,219102
202508,1117064000,이촌제2동,1203554,126.95394,37.52333,109182
202508,1117065000,이태원제1동,533547,126.99325,37.53339,587415
202508,1117066000,이태원제2동,891712,126.99213,37.54166,130852
202508,1117068500,한남동,3194899,127.0058,37.5371,1112055
202508,1117069000,서빙고동,2917053,126.98838,37.52247,278673
202508,1117070000,보광동,872912,127.00126,37.52587,106807
202508,1120052000,왕십리제2동,334371,127.02769,37.5615,544078
202508,1120053500,왕십리도선동,721844,127.02957,37.56679,250821
202508,1120054000,마장동,1127258,127.04049,37.56764,346980
202508,1120055000,사근동,1154150,127.04543,37.55801,490020
202508,1120056000,행당제1동,566619,127.03606,37.55902,1308240
202508,1120057000,행당제2동,479532,127.0295,37.55668,397750
202508,1120058000,응봉동,563044,127.03398,37.55099,144704
202508,1120059000,금호1가동,407653,127.02506,37.55367,302432
202508,1120061500,금호2.3가동,665732,127.01989,37.55143,155665
202508,1120062000,금호4가동,930024,127.0246,37.54459,463538
202508,1120064500,옥수동,1250869,127.01618,37.54197,493016
202508,1120065000,성수1가제1동,2238042,127.04104,37.54042,403987
202508,1120066000,성수1가제2동,977066,127.04395,37.54907,836005
202508,1120067000,성수2가제1동,1150487,127.05528,37.53666,195506
202508,1120069000,성수2가제3동,1046168,127.05814,37.54554,1683472
202508,1120072000,송정동,587634,127.0657,37.55233,92356
202508,1120079000,용답동,2372731,127.05785,37.55854,1259904
202508,1121571000,화양동,1178002,127.07346,37.54327,1862211
202508,1121573000,군자동,734486,127.07368,37.55307,305463
202508,1121574000,중곡제1동,590812,127.07772,37.56204,146738
202508,1121575000,중곡제2동,544506,127.08459,37.55891,190439
202508,1121576000,중곡제3동,602735,127.08197,37.56785,459474
202508,1121577000,중곡제4동,2284644,127.09445,37.56391,113410
202508,1121578000,능동,1083377,127.08165,37.55066,1358585
202508,1121581000,광장동,2755836,127.10487,37.54828,498559
202508,1121582000,자양제1동,565020,127.08042,37.53554,187310
202508,1121583000,자양제2동,1631119,127.08325,37.52933,238737
202508,1121584000,자양제3동,1134722,127.0712,37.53169,210823
202508,1121584700,자양제4동,1155166,127.06377,37.53389,499624
202508,1121585000,구의제1동,552319,127.08603,37.54149,1021647
202508,1121586000,구의제2동,1380731,127.09445,37.551,648602
202508,1121587000,구의제3동,1450497,127.09524,37.53509,1029780
202508,1123053600,용신동,1573645,127.03229,37.57562,2135202
202508,1123054500,제기동,1181233,127.03724,37.58368,883021
202508,1123056000,전농제1동,1170148,127.05105,37.57901,1669726
202508,1123057000,전농제2동,995125,127.06114,37.58072,266926
202508,1123060000,답십리제1동,798544,127.0517,37.57094,235252
202508,1123061000,답십리제2동,824988,127.06111,37.57089,327819
202508,1123065000,장안제1동,1365375,127.06859,37.56623,600593
202508,1123066000,장안제2동,1132972,127.07254,37.57576,452296
202508,1123070500,청량리동,1176505,127.04512,37.58894,417746
202508,1123071000,회기동,803887,127.05141,37.5937,225311
202508,1123072000,휘경제1동,510437,127.06247,37.59187,842869
202508,1123073000,휘경제2동,1195510,127.06644,37.58651,353801
202508,1123074000,이문제1동,1005087,127.06029,37.59722,440765
202508,1123075000,이문제2동,805192,127.06749,37.60283,270761
202508,1126052000,면목제2동,744933,127.07814,37.58938,203604
202508,1126054000,면목제4동,849250,127.08647,37.57348,317164
202508,1126055000,면목제5동,590803,127.07967,37.58297,146516
202508,1126056500,면목본동,827948,127.08953,37.58834,808888
202508,1126057000,면목제7동,1180742,127.09269,37.57729,193224
202508,1126057500,면목제3.8동,1400985,127.09738,37.5846,757101
202508,1126058000,상봉제1동,861947,127.08947,37.60203,193681
202508,1126059000,상봉제2동,655590,127.0839,37.59425,1144287
202508,1126060000,중화제1동,669339,127.08315,37.60229,106533
202508,1126061000,중화제2동,957879,127.07521,37.59872,723977
202508,1126062000,묵제1동,1207708,127.08245,37.61374,233594
202508,1126063000,묵제2동,668183,127.07467,37.61037,394808
202508,1126065500,망우본동,2948005,127.10754,37.60199,606571
202508,1126066000,망우제3동,991213,127.10294,37.59181,141540
202508,1126068000,신내1동,2490403,127.10451,37.6128,709482
202508,1126069000,신내2동,935095,127.09162,37.61095,304068
202508,1129052500,성북동,2416176,126.99615,37.59587,426054
202508,1129055500,삼선동,912074,127.0118,37.58662,1750342
202508,1129057500,동선동,731808,127.01843,37.59374,539328
202508,1129058000,돈암제1동,461014,127.02404,37.59933,381826
202508,1129059000,돈암제2동,523725,127.01163,37.59728,174485
202508,1129060000,안암동,1274562,127.02731,37.58725,574942
202508,1129061000,보문동,589971,127.01922,37.5826,482818
202508,1129062000,정릉제1동,389711,127.01665,37.60326,395114
202508,1129063000,정릉제2동,1126034,127.00812,37.60379,317814
202508,1129064000,정릉제3동,3357947,126.99377,37.61226,183553
202508,1129065000,정릉제4동,3712601,126.99518,37.62351,581800
202508,1129066000,길음제1동,818440,127.01974,37.60811,1079608
202508,1129068500,길음제2동,616132,127.02723,37.60797,313113
202508,1129070500,종암동,1520021,127.03337,37.59725,563149
202508,1129071500,월곡제1동,764805,127.03645,37.60788,333268
202508,1129072500,월곡제2동,1334181,127.04519,37.6033,678714
202508,1129076000,장위제1동,724308,127.04426,37.61494,257671
202508,1129077000,장위제2동,665829,127.05173,37.61222,509090
202508,1129078000,장위제3동,682909,127.05349,37.61818,188949
202508,1129081000,석관동,1731086,127.06134,37.60826,847076
202508,1130553400,삼양동,951708,127.01468,37.62379,503713
202508,1130553500,미아동,853875,127.02629,37.6287,776451
202508,1130554500,송중동,1061923,127.03292,37.6177,960634
202508,1130555500,송천동,939469,127.02487,37.61822,1164950
202508,1130557500,삼각산동,586701,127.01683,37.61713,251679
202508,1130559500,번1동,595659,127.03054,37.63763,1618499
202508,1130560300,번2동,1012328,127.03479,37.62952,260902
202508,1130560800,번3동,1091074,127.04234,37.62378,210593
202508,1130561500,수유1동,1728230,127.00884,37.62993,484001
202508,1130562500,수유2동,606037,127.0195,37.6454,353249
202508,1130563500,수유3동,730661,127.02355,37.64046,621521
202508,1130564500,우이동,10697189,127.00032,37.66035,605299
202508,1130566000,인수동,2860095,127.00396,37.63764,286126
202508,1132051100,창제1동,1093061,127.04356,37.64714,1267861
202508,1132051200,창제2동,682713,127.03682,37.64263,228137
202508,1132051300,창제3동,637773,127.04163,37.63736,165258
202508,1132051400,창제4동,1114658,127.05093,37.65258,349086
202508,1132051500,창제5동,690264,127.04277,37.65536,974931
202508,1132052100,도봉제1동,8508462,127.02679,37.68508,315515
202508,1132052200,도봉제2동,1195130,127.04779,37.68119,657304
202508,1132066000,쌍문제1동,1160994,127.01951,37.65303,230853
202508,1132067000,쌍문제2동,531978,127.037,37.65706,283358
202508,1132068000,쌍문제3동,499481,127.03059,37.64769,246177
202508,1132068100,쌍문제4동,577003,127.03041,37.65555,187443
202508,1132069000,방학제1동,1060647,127.04352,37.66503,473369
202508,1132070000,방학제2동,1108653,127.03226,37.66915,140955
202508,1132071000,방학제3동,1860513,127.02347,37.6628,248468
202508,1135056000,월계1동,1178816,127.0586,37.62181,339511
202508,1135057000,월계2동,1991879,127.05121,37.63407,327331
202508,1135058000,월계3동,1167762,127.06489,37.62466,359834
202508,1135059500,공릉1동,1208569,127.07277,37.62412,1015525
202508,1135060000,공릉2동,7264834,127.09423,37.63161,631103
202508,1135061100,하계1동,1441008,127.07481,37.63862,319797
202508,1135061200,하계2동,505737,127.06482,37.63484,659248
202508,1135061900,중계본동,2061637,127.08576,37.64814,264752
202508,1135062100,중계1동,608503,127.0735,37.65002,196151
202508,1135062400,중계4동,1457885,127.08224,37.65885,190036
202508,1135062500,중계2.3동,946538,127.06589,37.64334,689330
202508,1135063000,상계1동,5016467,127.06533,37.68327,586599
202508,1135064000,상계2동,591000,127.06727,37.65649,1550750
202508,1135066500,상계3.4동,5783082,127.08327,37.67515,349068
202508,1135067000,상계5동,492170,127.0696,37.66322,715411
202508,1135069500,상계6.7동,1425634,127.06009,37.64875,384750
202508,1135070000,상계8동,661888,127.05365,37.66629,452927
202508,1135071000,상계9동,837674,127.0625,37.66807,114888
202508,1135072000,상계10동,828158,127.0584,37.65964,208846
202508,1138051000,녹번동,1915175,126.93505,37.60542,918835
202508,1138052000,불광제1동,3346747,126.93927,37.61731,582012
202508,1138053000,불광제2동,1338273,126.92865,37.62437,339384
202508,1138055100,갈현제1동,953450,126.91489,37.62535,1211349
202508,1138055200,갈현제2동,1053392,126.91212,37.61828,534157
202508,1138056000,구산동,1352647,126.90765,37.61106,288935
202508,1138057000,대조동,871085,126.9231,37.61228,1194224
202508,1138058000,응암제1동,1160262,126.9269,37.59826,518331
202508,1138059000,응암제2동,746941,126.92302,37.59189,195246
202508,1138060000,응암제3동,733293,126.91775,37.58865,362007
202508,1138062500,역촌동,1087046,126.91453,37.60457,467308
202508,1138063100,신사제1동,830268,126.90884,37.59899,769318
202508,1138063200,신사제2동,1041042,126.90629,37.59289,532342
202508,1138064000,증산동,919884,126.90581,37.58378,505608
202508,1138065000,수색동,1140125,126.8949,37.58577,280581
202508,1138069000,진관동,12911565,126.94052,37.63928,1335770
202508,1141052000,천연동,893844,126.95714,37.57121,571467
202508,1141055500,북아현동,444705,126.95552,37.55925,219452
202508,1141056500,충현동,1136892,126.9581,37.56391,1338093
202508,1141058500,신촌동,2566839,126.94106,37.56364,2417594
202508,1141061500,연희동,2825921,126.93273,37.57201,928174
202508,1141062000,홍제제1동,1561215,126.9452,37.58154,1161099
202508,1141064000,홍제제3동,1031592,126.95116,37.59202,283215
202508,1141065500,홍제제2동,712529,126.95253,37.58455,171815
202508,1141066000,홍은제1동,1550491,126.94703,37.59998,229184
202508,1141068500,홍은제2동,2048086,126.93217,37.58699,622278
202508,1141069000,남가좌제1동,447138,126.9162,37.57169,386674
202508,1141070000,남가좌제2동,812456,126.92133,37.57762,362030
202508,1141071000,북가좌제1동,581080,126.908,37.57527,176256
202508,1141072000,북가좌제2동,795331,126.9135,37.581,331385
202508,1144055500,아현동,731252,126.95284,37.55193,864116
202508,1144056500,공덕동,1002153,126.95779,37.54912,1547387
202508,1144058500,도화동,860064,126.94681,37.53704,258517
202508,1144059000,용강동,956700,126.94127,37.54059,562157
202508,1144060000,대흥동,836007,126.9414,37.55212,1254018
202508,1144061000,염리동,539922,126.94755,37.54982,121537
202508,1144063000,신수동,1118424,126.93364,37.54363,66613
202508,1144065500,서강동,1715559,126.92516,37.54595,784798
202508,1144066000,서교동,1647625,126.92094,37.55477,6516185
202508,1144068000,합정동,1753036,126.90884,37.54687,228215
202508,1144069000,망원제1동,1124872,126.90021,37.55275,214687
202508,1144070000,망원제2동,1208058,126.89568,37.55712,150825
202508,1144071000,연남동,647383,126.92154,37.56303,253637
202508,1144072000,성산제1동,864039,126.91185,37.56198,242258
202508,1144073000,성산제2동,1963168,126.90204,37.56811,945754
202508,1144074000,상암동,7678191,126.88086,37.57179,1687609
202508,1147051000,목1동,1564660,126.8751,37.52744,1734374
202508,1147052000,목2동,1054247,126.8741,37.54359,829353
202508,1147053000,목3동,500764,126.86541,37.5452,643938
202508,1147054000,목4동,561686,126.8669,37.53544,273865
202508,1147055000,목5동,2069098,126.88103,37.53631,471460
202508,1147056000,신월1동,630072,126.83453,37.53127,128697
202508,1147057000,신월2동,614213,126.84633,37.5234,206785
202508,1147058000,신월3동,926653,126.82747,37.53236,92660
202508,1147059000,신월4동,454712,126.83982,37.52225,169587
202508,1147060000,신월5동,515356,126.8299,37.54004,117038
202508,1147061000,신월6동,473483,126.84213,37.51597,148371
202508,1147061100,신월7동,900522,126.83234,37.52066,172668
202508,1147062000,신정1동,739881,126.85963,37.51888,193384
202508,1147063000,신정2동,648695,126.87518,37.51895,100073
202508,1147064000,신정3동,3169421,126.8394,37.51178,794076
202508,1147065000,신정4동,996239,126.85757,37.52541,846842
202508,1147067000,신정6동,926759,126.86964,37.51591,172414
202508,1147068000,신정7동,1143920,126.86468,37.51012,350549
202508,1150051000,염창동,2389890,126.87543,37.55321,401870
202508,1150052000,등촌제1동,658950,126.85963,37.55586,457251
202508,1150053000,등촌제2동,895367,126.86003,37.54574,221624
202508,1150053500,등촌제3동,1042691,126.84634,37.56105,998740
202508,1150054000,화곡제1동,1192600,126.84094,37.53378,2153844
202508,1150055000,화곡제2동,456930,126.85437,37.53228,152117
202508,1150056000,화곡제3동,526606,126.83427,37.54406,130376
202508,1150057000,화곡제4동,855978,126.85858,37.5361,158403
202508,1150059000,화곡본동,982074,126.84816,37.54257,269963
202508,1150059100,화곡제6동,1062894,126.85117,37.55172,422687
202508,1150059300,화곡제8동,575541,126.84863,37.53422,252715
202508,1150060300,가양제1동,5543738,126.83435,37.5731,1548932
202508,1150060400,가양제2동,1012806,126.85401,37.56866,69624
202508,1150060500,가양제3동,932533,126.8623,37.56268,62897
202508,1150061100,발산제1동,2963745,126.82558,37.55045,737800
202508,1150061500,우장산동,1245257,126.84102,37.55057,1009834
202508,1150062000,공항동,11581226,126.79496,37.55649,489860
202508,1150063000,방화제1동,1487371,126.81755,37.56864,739762
202508,1150064000,방화제2동,5640487,126.80451,37.5838,1382798
202508,1150064100,방화제3동,1979329,126.81553,37.58158,248087
202508,1153051000,신도림동,1376469,126.88285,37.50973,1975743
202508,1153052000,구로제1동,1083279,126.87546,37.49303,116107
202508,1153053000,구로제2동,1809928,126.87949,37.49745,853508
202508,1153054000,구로제3동,1043117,126.89498,37.48488,2590142
202508,1153055000,구로제4동,516496,126.8902,37.49154,241084
202508,1153056000,구로제5동,1023242,126.88848,37.50203,717798
202508,1153059500,가리봉동,408284,126.88826,37.48256,223909
202508,1153072000,고척제1동,1132884,126.8634,37.50066,399603
202508,1153073000,고척제2동,997120,126.85331,37.50585,301281
202508,1153074000,개봉제1동,1126936,126.84988,37.49988,948492
202508,1153075000,개봉제2동,815642,126.85636,37.49273,343950
202508,1153076000,개봉제3동,848662,126.85241,37.48684,133086
202508,1153077000,오류제1동,747283,126.84163,37.49696,414930
202508,1153078000,오류제2동,3081182,126.83837,37.48526,600767
202508,1153079000,수궁동,2630691,126.82607,37.49828,724286
202508,1153080000,항동,1431213,126.82449,37.48103,98398
202508,1154551000,가산동,2244201,126.88434,37.47684,2363918
202508,1154561000,독산제1동,1964400,126.89272,37.4642,749698
202508,1154562000,독산제2동,616195,126.90255,37.46383,289510
202508,1154563000,독산제3동,945991,126.90459,37.47593,450643
202508,1154564000,독산제4동,619603,126.90405,37.46922,322704
202508,1154567000,시흥제1동,1476950,126.90015,37.45289,688049
202508,1154568000,시흥제2동,1180173,126.92007,37.45059,170631
202508,1154569000,시흥제3동,1335878,126.90593,37.44028,97462
202508,1154570000,시흥제4동,771262,126.90911,37.46008,215252
202508,1154571000,시흥제5동,1426902,126.91243,37.44875,336812
202508,1156051500,영등포본동,808233,126.9097,37.51372,838875
202508,1156053500,영등포동,1415805,126.90784,37.52152,1518801
202508,1156054000,여의동,6656365,126.92757,37.52749,4292356
202508,1156055000,당산제1동,743499,126.89685,37.52393,1027851
202508,1156056000,당산제2동,1564124,126.90391,37.53298,1593346
202508,1156058500,도림동,549811,126.90124,37.50928,175698
202508,1156060500,문래동,1742935,126.89147,37.51638,1015960
202508,1156061000,양평제1동,864764,126.88707,37.52507,398523
202508,1156062000,양평제2동,1892053,126.89418,37.5406,547458
202508,1156063000,신길제1동,811808,126.91951,37.51234,583188
202508,1156065000,신길제3동,480412,126.90589,37.50645,197121
202508,1156066000,신길제4동,288284,126.91292,37.50728,135881
202508,1156067000,신길제5동,530930,126.90555,37.50112,123815
202508,1156068000,신길제6동,679799,126.91354,37.49916,561301
202508,1156069000,신길제7동,548054,126.9198,37.5058,574072
202508,1156070000,대림제1동,481705,126.90526,37.49377,187772
202508,1156071000,대림제2동,578880,126.90064,37.48963,158587
202508,1156072000,대림제3동,937514,126.89727,37.49987,1181538
202508,1159051000,노량진제1동,1878710,126.94915,37.51303,1837968
202508,1159052000,노량진제2동,661468,126.938,37.51093,425325
202508,1159053000,상도제1동,1431135,126.95347,37.49833,1541514
202508,1159054000,상도제2동,776948,126.94206,37.50367,643281
202508,1159055000,상도제3동,673241,126.93335,37.49723,281727
202508,1159056000,상도제4동,968511,126.94076,37.49743,227372
202508,1159060500,흑석동,2097147,126.96376,37.5063,788019
202508,1159062000,사당제1동,632726,126.97741,37.47972,285893
202508,1159063000,사당제2동,3039007,126.97519,37.49823,1549351
202508,1159064000,사당제3동,894355,126.97086,37.48881,199585
202508,1159065000,사당제4동,427255,126.97077,37.48059,347804
202508,1159065100,사당제5동,661737,126.96504,37.4858,128655
202508,1159066000,대방동,1587711,126.92803,37.50711,1327102
202508,1159067000,신대방제1동,684048,126.91071,37.48995,198722
202508,1159068000,신대방제2동,1033193,126.92153,37.49431,606554
202508,1162052500,보라매동,762164,126.93259,37.49036,398547
202508,1162054500,청림동,316540,126.95957,37.48941,127123
202508,1162056500,성현동,686448,126.95117,37.48951,299155
202508,1162057500,행운동,723778,126.96062,37.4809,476397
202508,1162058500,낙성대동,2342295,126.96005,37.46723,480196
202508,1162059500,청룡동,1217892,126.94588,37.47805,2494962
202508,1162060500,은천동,734719,126.94221,37.48682,456598
202508,1162061500,중앙동,380017,126.95062,37.48412,291485
202508,1162062500,인헌동,706179,126.96662,37.47208,1014670
202508,1162063000,남현동,4235911,126.97664,37.46247,2156465
202508,1162064500,서원동,631090,126.93344,37.4806,2394998
202508,1162065500,신원동,576667,126.9267,37.4793,88273
202508,1162066500,서림동,762657,126.93921,37.47355,550998
202508,1162068500,신사동,605859,126.91875,37.48563,874492
202508,1162069500,신림동,507637,126.92761,37.4869,718580
202508,1162071500,난향동,800353,126.91827,37.46159,167122
202508,1162072500,조원동,648305,126.90753,37.48294,790802
202508,1162073500,대학동,8316533,126.94848,37.45347,793273
202508,1162074500,삼성동,2589521,126.93014,37.46067,298297
202508,1162076500,미성동,1341134,126.91543,37.47594,475070
202508,1162077500,난곡동,1014887,126.92105,37.4705,309781
202508,1165051000,서초1동,1371823,127.02014,37.48696,1545665
202508,1165052000,서초2동,1234893,127.02791,37.48882,4024747
202508,1165053000,서초3동,3010786,127.00959,37.48543,2192333
202508,1165053100,서초4동,876369,127.01996,37.49899,447042
202508,1165054000,잠원동,1837867,127.01304,37.51764,493789
202508,1165055000,반포본동,1539963,126.98648,37.50629,109919
202508,1165056000,반포1동,1009783,127.01663,37.50551,674592
202508,1165057000,반포2동,1242525,126.9957,37.50638,369838
202508,1165058000,반포3동,1309158,127.00359,37.51241,430422
202508,1165058100,반포4동,1458521,127.00329,37.49958,3142073
202508,1165059000,방배본동,659648,126.98777,37.49495,218907
202508,1165060000,방배1동,698070,126.9963,37.48491,646445
202508,1165061000,방배2동,1934493,126.98849,37.47301,294281
202508,1165062000,방배3동,2412263,126.9979,37.47432,702732
202508,1165062100,방배4동,941537,126.99099,37.48982,304054
202508,1165065100,양재1동,5738915,127.02253,37.46956,2455325
202508,1165065200,양재2동,7433699,127.04591,37.45115,809598
202508,1165066000,내곡동,13138298,127.07055,37.45652,331275
202508,1168051000,신사동,1741768,127.0214,37.52572,369521
202508,1168052100,논현1동,1246164,127.0265,37.51191,3040666
202508,1168053100,논현2동,1440614,127.03622,37.51521,1586435
202508,1168054500,압구정동,2512082,127.03348,37.53027,1940750
202508,1168056500,청담동,2355811,127.0505,37.52454,601885
202508,1168058000,삼성1동,1925054,127.06063,37.5154,1800891
202508,1168059000,삼성2동,1258529,127.04876,37.51184,1005531
202508,1168060000,대치1동,807837,127.05897,37.49339,489838
202508,1168061000,대치2동,2060695,127.06642,37.50058,2592258
202508,1168063000,대치4동,703180,127.0549,37.50166,2223355
202508,1168064000,역삼1동,2366859,127.03549,37.50089,4614094
202508,1168065000,역삼2동,1123383,127.04489,37.4985,563347
202508,1168065500,도곡1동,1010321,127.04098,37.48905,708597
202508,1168065600,도곡2동,1031472,127.04965,37.48821,923598
202508,1168066000,개포1동,1741195,127.06471,37.47928,172892
202508,1168067000,개포2동,1586586,127.06763,37.48648,518016
202508,1168067500,개포3동,848662,126.85241,37.48684,413662
202508,1168069000,개포4동,1583608,127.05324,37.47555,233488
202508,1168070000,세곡동,5912729,127.10435,37.47107,503092
202508,1168072000,일원본동,2426105,127.08467,37.48237,560774
202508,1168073000,일원1동,946206,127.08925,37.49339,103330
202508,1168075000,수서동,1624149,127.10057,37.48684,1454032
202508,1171051000,풍납1동,1057854,127.1143,37.53824,132131
202508,1171052000,풍납2동,1992907,127.11013,37.52985,188814
202508,1171053100,거여1동,506282,127.14168,37.49439,366361
202508,1171053200,거여2동,505978,127.14717,37.49238,106142
202508,1171054000,마천1동,519561,127.15572,37.49478,293862
202508,1171055000,마천2동,958068,127.15146,37.50033,193076
202508,1171056100,방이1동,585493,127.12232,37.50977,328590
202508,1171056200,방이2동,767575,127.11383,37.51325,412805
202508,1171056600,오륜동,3138116,127.12851,37.51766,724849
202508,1171057000,오금동,1733642,127.1344,37.50399,618531
202508,1171058000,송파1동,696743,127.11032,37.50717,567899
202508,1171059000,송파2동,599279,127.11683,37.50284,73006
202508,1171060000,석촌동,932452,127.10246,37.50272,839514
202508,1171061000,삼전동,990522,127.09191,37.50172,233283
202508,1171062000,가락본동,1049756,127.12164,37.49722,295633
202508,1171063100,가락1동,1368008,127.10824,37.49533,974340
202508,1171063200,가락2동,941692,127.13064,37.49586,599827
202508,1171064100,문정1동,667814,127.12686,37.48817,150748
202508,1171064200,문정2동,2357239,127.11914,37.48069,1133352
202508,1171064600,장지동,1221454,127.13163,37.48279,808909
202508,1171064700,위례동,2608006,127.14124,37.48166,430237
202508,1171065000,잠실본동,1140205,127.08229,37.50551,582933
202508,1171067000,잠실2동,2877277,127.07882,37.51772,837521
202508,1171068000,잠실3동,1514431,127.09432,37.51364,548663
202508,1171069000,잠실4동,840215,127.10815,37.52125,676033
202508,1171071000,잠실6동,1398484,127.09998,37.51907,3442805
202508,1171072000,잠실7동,680575,127.0741,37.50748,822613
202508,1174051500,강일동,3653950,127.17402,37.56389,296719
202508,1174052500,상일제1동,1781219,127.16484,37.55074,732422
202508,1174052600,상일제2동,1090000,127.17784,37.55674,72263
202508,1174053000,명일제1동,621207,127.14594,37.55037,442109
202508,1174054000,명일제2동,937505,127.1542,37.54829,452469
202508,1174055000,고덕제1동,1905349,127.15031,37.56335,121684
202508,1174056000,고덕제2동,2415151,127.16164,37.56586,269401
202508,1174057000,암사제1동,730232,127.13459,37.55186,95247
202508,1174058000,암사제2동,2442627,127.12324,37.55738,502015
202508,1174059000,암사제3동,1853001,127.13851,37.5615,272997
202508,1174060000,천호제1동,685407,127.13858,37.54632,404749
202508,1174061000,천호제2동,1828587,127.12228,37.54469,323364
202508,1174062000,천호제3동,538847,127.1332,37.53965,150342
202508,1174064000,성내제1동,661583,127.12552,37.52876,464071
202508,1174065000,성내제2동,626571,127.12774,37.53436,1826794
202508,1174066000,성내제3동,642074,127.1338,37.5284,152435
202508,1174068500,길동,1601118,127.14591,37.53973,584709
202508,1174069000,둔촌제1동,896155,127.14043,37.52315,571626
202508,1174070000,둔촌제2동,1594005,127.14741,37.53151,586056
202509,1111051500,청운효자동,2438307,126.97042,37.58466,248399
202509,1111053000,사직동,1165780,126.97014,37.57411,2671556
202509,1111054000,삼청동,1361445,126.98111,37.58801,144474
202509,1111055000,부암동,2202073,126.96256,37.5967,331800
202509,1111056000,평창동,9017316,126.96927,37.61396,277899
202509,1111057000,무악동,467575,126.95899,37.57774,65037
202509,1111058000,교남동,345990,126.96416,37.57105,322905
202509,1111060000,가회동,605383,126.98662,37.58268,78320
202509,1111061500,종로1.2.3.4가동,2394166,126.98973,37.57508,5645309
202509,1111063000,종로5.6가동,633463,127.00424,37.57302,2058301
202509,1111064000,이화동,755902,127.00307,37.57969,1589398
202509,1111065000,혜화동,1164691,126.99769,37.58747,626247
202509,1111067000,창신제1동,313832,127.01402,37.57226,321902
202509,1111068000,창신제2동,249894,127.01025,37.57575,7200
202509,1111069000,창신제3동,220395,127.01321,37.57882,157799
202509,1111070000,숭인제1동,237128,127.01686,37.57723,208331
202509,1111071000,숭인제2동,321465,127.02064,37.57431,761406
202509,1114052000,소공동,935656,126.97436,37.5643,2630729
202509,1114054000,회현동,892974,126.97671,37.55697,5944463
202509,1114055000,명동,1006850,126.98436,37.56373,3390549
202509,1114057000,필동,1478522,126.99385,37.5568,1176792
202509,1114058000,장충동,1003083,127.00228,37.55561,535219
202509,1114059000,광희동,752739,127.00363,37.5652,1626615
202509,1114060500,을지로동,599530,126.99649,37.56664,1914566
202509,1114061500,신당동,541354,127.01377,37.56575,852069
202509,1114062500,다산동,546686,127.00826,37.5547,122408
202509,1114063500,약수동,511938,127.01024,37.54984,702816
202509,1114064500,청구동,330066,127.01499,37.55686,80746
202509,1114065000,신당제5동,315652,127.02202,37.56358,198366
202509,1114066500,동화동,344934,127.01867,37.56059,259127
202509,1114067000,황학동,314878,127.0208,37.56842,132006
202509,1114068000,중림동,492309,126.96596,37.55732,161177
202509,1117051000,후암동,865282,126.98059,37.54994,198273
202509,1117052000,용산2가동,2045385,126.98353,37.54024,623325
202509,1117053000,남영동,751924,126.97351,37.54511,1337212
202509,1117055500,청파동,854585,126.96717,37.54786,275265
202509,1117056000,원효로제1동,563923,126.96656,37.53747,296227
202509,1117057000,원효로제2동,943601,126.95139,37.5331,188592
202509,1117058000,효창동,502716,126.96131,37.54305,465417
202509,1117059000,용문동,268086,126.95858,37.53815,100546
202509,1117062500,한강로동,2632658,126.96786,37.52918,3288439
202509,1117063000,이촌제1동,2128932,126.97096,37.51728,236754
202509,1117064000,이촌제2동,1203554,126.95394,37.52333,125955
202509,1117065000,이태원제1동,533547,126.99325,37.53339,594574
202509,1117066000,이태원제2동,891712,126.99213,37.54166,136645
202509,1117068500,한남동,3194899,127.0058,37.5371,1199260
202509,1117069000,서빙고동,2917053,126.98838,37.52247,279781
202509,1117070000,보광동,872912,127.00126,37.52587,112529
202509,1120052000,왕십리제2동,334371,127.02769,37.5615,577472
202509,1120053500,왕십리도선동,721844,127.02957,37.56679,259041
202509,1120054000,마장동,1127258,127.04049,37.56764,379676
202509,1120055000,사근동,1154150,127.04543,37.55801,734440
202509,1120056000,행당제1동,566619,127.03606,37.55902,1398678
202509,1120057000,행당제2동,479532,127.0295,37.55668,421474
202509,1120058000,응봉동,563044,127.03398,37.55099,152608
202509,1120059000,금호1가동,407653,127.02506,37.55367,322369
202509,1120061500,금호2.3가동,665732,127.01989,37.55143,163649
202509,1120062000,금호4가동,930024,127.0246,37.54459,490122
202509,1120064500,옥수동,1250869,127.01618,37.54197,528748
202509,1120065000,성수1가제1동,2238042,127.04104,37.54042,420607
202509,1120066000,성수1가제2동,977066,127.04395,37.54907,884999
202509,1120067000,성수2가제1동,1150487,127.05528,37.53666,207687
202509,1120069000,성수2가제3동,1046168,127.05814,37.54554,1771279
202509,1120072000,송정동,587634,127.0657,37.55233,95245
202509,1120079000,용답동,2372731,127.05785,37.55854,1355567
202509,1121571000,화양동,1178002,127.07346,37.54327,2006616
202509,1121573000,군자동,734486,127.07368,37.55307,330611
202509,1121574000,중곡제1동,590812,127.07772,37.56204,151331
202509,1121575000,중곡제2동,544506,127.08459,37.55891,194626
202509,1121576000,중곡제3동,602735,127.08197,37.56785,489035
202509,1121577000,중곡제4동,2284644,127.09445,37.56391,115600
202509,1121578000,능동,1083377,127.08165,37.55066,1600648
202509,1121581000,광장동,2755836,127.10487,37.54828,538228
202509,1121582000,자양제1동,565020,127.08042,37.53554,190168
202509,1121583000,자양제2동,1631119,127.08325,37.52933,248042
202509,1121584000,자양제3동,1134722,127.0712,37.53169,217626
202509,1121584700,자양제4동,1155166,127.06377,37.53389,575202
202509,1121585000,구의제1동,552319,127.08603,37.54149,1081301
202509,1121586000,구의제2동,1380731,127.09445,37.551,702801
202509,1121587000,구의제3동,1450497,127.09524,37.53509,1057043
202509,1123053600,용신동,1573645,127.03229,37.57562,2314076
202509,1123054500,제기동,1181233,127.03724,37.58368,1038241
202509,1123056000,전농제1동,1170148,127.05105,37.57901,1785175
202509,1123057000,전농제2동,995125,127.06114,37.58072,299350
202509,1123060000,답십리제1동,798544,127.0517,37.57094,245454
202509,1123061000,답십리제2동,824988,127.06111,37.57089,343230
202509,1123065000,장안제1동,1365375,127.06859,37.56623,627233
202509,1123066000,장안제2동,1132972,127.07254,37.57576,479051
202509,1123070500,청량리동,1176505,127.04512,37.58894,431648
202509,1123071000,회기동,803887,127.05141,37.5937,286048
202509,1123072000,휘경제1동,510437,127.06247,37.59187,1029817
202509,1123073000,휘경제2동,1195510,127.06644,37.58651,387762
202509,1123074000,이문제1동,1005087,127.06029,37.59722,557815
202509,1123075000,이문제2동,805192,127.06749,37.60283,290710
202509,1126052000,면목제2동,744933,127.07814,37.58938,212060
202509,1126054000,면목제4동,849250,127.08647,37.57348,337381
202509,1126055000,면목제5동,590803,127.07967,37.58297,150470
202509,1126056500,면목본동,827948,127.08953,37.58834,895972
202509,1126057000,면목제7동,1180742,127.09269,37.57729,209499
202509,1126057500,면목제3.8동,1400985,127.09738,37.5846,842235
202509,1126058000,상봉제1동,861947,127.08947,37.60203,208421
202509,1126059000,상봉제2동,655590,127.0839,37.59425,1183849
202509,1126060000,중화제1동,669339,127.08315,37.60229,111432
202509,1126061000,중화제2동,957879,127.07521,37.59872,776953
202509,1126062000,묵제1동,1207708,127.08245,37.61374,239979
202509,1126063000,묵제2동,668183,127.07467,37.61037,413877
202509,1126065500,망우본동,2948005,127.10754,37.60199,640568
202509,1126066000,망우제3동,991213,127.10294,37.59181,151081
202509,1126068000,신내1동,2490403,127.10451,37.6128,754305
202509,1126069000,신내2동,935095,127.09162,37.61095,315577
202509,1129052500,성북동,2416176,126.99615,37.59587,475166
202509,1129055500,삼선동,912074,127.0118,37.58662,2037864
202509,1129057500,동선동,731808,127.01843,37.59374,582103
202509,1129058000,돈암제1동,461014,127.02404,37.59933,445604
202509,1129059000,돈암제2동,523725,127.01163,37.59728,174219
202509,1129060000,안암동,1274562,127.02731,37.58725,803195
202509,1129061000,보문동,589971,127.01922,37.5826,531347
202509,1129062000,정릉제1동,389711,127.01665,37.60326,443555
202509,1129063000,정릉제2동,1126034,127.00812,37.60379,337061
202509,1129064000,정릉제3동,3357947,126.99377,37.61226,344788
202509,1129065000,정릉제4동,3712601,126.99518,37.62351,678822
202509,1129066000,길음제1동,818440,127.01974,37.60811,1184956
202509,1129068500,길음제2동,616132,127.02723,37.60797,332889
202509,1129070500,종암동,1520021,127.03337,37.59725,614479
202509,1129071500,월곡제1동,764805,127.03645,37.60788,350869
202509,1129072500,월곡제2동,1334181,127.04519,37.6033,784665
202509,1129076000,장위제1동,724308,127.04426,37.61494,266450
202509,1129077000,장위제2동,665829,127.05173,37.61222,547690
202509,1129078000,장위제3동,682909,127.05349,37.61818,209045
202509,1129081000,석관동,1731086,127.06134,37.60826,936673
202509,1130553400,삼양동,951708,127.01468,37.62379,535124
202509,1130553500,미아동,853875,127.02629,37.6287,839996
202509,1130554500,송중동,1061923,127.03292,37.6177,988163
202509,1130555500,송천동,939469,127.02487,37.61822,1232686
202509,1130557500,삼각산동,586701,127.01683,37.61713,255578
202509,1130559500,번1동,595659,127.03054,37.63763,1697372
202509,1130560300,번2동,1012328,127.03479,37.62952,272810
202509,1130560800,번3동,1091074,127.04234,37.62378,218637
202509,1130561500,수유1동,1728230,127.00884,37.62993,516598
202509,1130562500,수유2동,606037,127.0195,37.6454,362341
202509,1130563500,수유3동,730661,127.02355,37.64046,654767
202509,1130564500,우이동,10697189,127.00032,37.66035,646061
202509,1130566000,인수동,2860095,127.00396,37.63764,290876
202509,1132051100,창제1동,1093061,127.04356,37.64714,1344056
202509,1132051200,창제2동,682713,127.03682,37.64263,229463
202509,1132051300,창제3동,637773,127.04163,37.63736,171282
202509,1132051400,창제4동,1114658,127.05093,37.65258,361555
202509,1132051500,창제5동,690264,127.04277,37.65536,1038945
202509,1132052100,도봉제1동,8508462,127.02679,37.68508,325748
202509,1132052200,도봉제2동,1195130,127.04779,37.68119,709976
202509,1132066000,쌍문제1동,1160994,127.01951,37.65303,263542
202509,1132067000,쌍문제2동,531978,127.037,37.65706,289769
202509,1132068000,쌍문제3동,499481,127.03059,37.64769,251483
202509,1132068100,쌍문제4동,577003,127.03041,37.65555,196984
202509,1132069000,방학제1동,1060647,127.04352,37.66503,494131
202509,1132070000,방학제2동,1108653,127.03226,37.66915,141723
202509,1132071000,방학제3동,1860513,127.02347,37.6628,255118
202509,1135056000,월계1동,1178816,127.0586,37.62181,400229
202509,1135057000,월계2동,1991879,127.05121,37.63407,377514
202509,1135058000,월계3동,1167762,127.06489,37.62466,399191
202509,1135059500,공릉1동,1208569,127.07277,37.62412,1128871
202509,1135060000,공릉2동,7264834,127.09423,37.63161,770989
202509,1135061100,하계1동,1441008,127.07481,37.63862,343013
202509,1135061200,하계2동,505737,127.06482,37.63484,731071
202509,1135061900,중계본동,2061637,127.08576,37.64814,274538
202509,1135062100,중계1동,608503,127.0735,37.65002,200113
202509,1135062400,중계4동,1457885,127.08224,37.65885,195924
202509,1135062500,중계2.3동,946538,127.06589,37.64334,753199
202509,1135063000,상계1동,5016467,127.06533,37.68327,607219
202509,1135064000,상계2동,591000,127.06727,37.65649,1608704
202509,1135066500,상계3.4동,5783082,127.08327,37.67515,369193
202509,1135067000,상계5동,492170,127.0696,37.66322,760066
202509,1135069500,상계6.7동,1425634,127.06009,37.64875,394693
202509,1135070000,상계8동,661888,127.05365,37.66629,478837
202509,1135071000,상계9동,837674,127.0625,37.66807,117422
202509,1135072000,상계10동,828158,127.0584,37.65964,218331
202509,1138051000,녹번동,1915175,126.93505,37.60542,996028
202509,1138052000,불광제1동,3346747,126.93927,37.61731,599284
202509,1138053000,불광제2동,1338273,126.92865,37.62437,349295
202509,1138055100,갈현제1동,953450,126.91489,37.62535,1276061
202509,1138055200,갈현제2동,1053392,126.91212,37.61828,554747
202509,1138056000,구산동,1352647,126.90765,37.61106,302895
202509,1138057000,대조동,871085,126.9231,37.61228,1249683
202509,1138058000,응암제1동,1160262,126.9269,37.59826,536333
202509,1138059000,응암제2동,746941,126.92302,37.59189,202651
202509,1138060000,응암제3동,733293,126.91775,37.58865,386661
202509,1138062500,역촌동,1087046,126.91453,37.60457,477259
202509,1138063100,신사제1동,830268,126.90884,37.59899,824716
202509,1138063200,신사제2동,1041042,126.90629,37.59289,577533
202509,1138064000,증산동,919884,126.90581,37.58378,544072
202509,1138065000,수색동,1140125,126.8949,37.58577,305103
202509,1138069000,진관동,12911565,126.94052,37.63928,1385365
202509,1141052000,천연동,893844,126.95714,37.57121,588941
202509,1141055500,북아현동,444705,126.95552,37.55925,230472
202509,1141056500,충현동,1136892,126.9581,37.56391,1486470
202509,1141058500,신촌동,2566839,126.94106,37.56364,2803084
202509,1141061500,연희동,2825921,126.93273,37.57201,952277
202509,1141062000,홍제제1동,1561215,126.9452,37.58154,1246396
202509,1141064000,홍제제3동,1031592,126.95116,37.59202,315654
202509,1141065500,홍제제2동,712529,126.95253,37.58455,180561
202509,1141066000,홍은제1동,1550491,126.94703,37.59998,239381
202509,1141068500,홍은제2동,2048086,126.93217,37.58699,719322
202509,1141069000,남가좌제1동,447138,126.9162,37.57169,416713
202509,1141070000,남가좌제2동,812456,126.92133,37.57762,433134
202509,1141071000,북가좌제1동,581080,126.908,37.57527,185390
202509,1141072000,북가좌제2동,795331,126.9135,37.581,342996
202509,1144055500,아현동,731252,126.95284,37.55193,939853
202509,1144056500,공덕동,1002153,126.95779,37.54912,1660504
202509,1144058500,도화동,860064,126.94681,37.53704,262802
202509,1144059000,용강동,956700,126.94127,37.54059,619229
202509,1144060000,대흥동,836007,126.9414,37.55212,1492601
202509,1144061000,염리동,539922,126.94755,37.54982,136562
202509,1144063000,신수동,1118424,126.93364,37.54363,64941
202509,1144065500,서강동,1715559,126.92516,37.54595,848253
202509,1144066000,서교동,1647625,126.92094,37.55477,6465288
202509,1144068000,합정동,1753036,126.90884,37.54687,222071
202509,1144069000,망원제1동,1124872,126.90021,37.55275,213808
202509,1144070000,망원제2동,1208058,126.89568,37.55712,155965
202509,1144071000,연남동,647383,126.92154,37.56303,249015
202509,1144072000,성산제1동,864039,126.91185,37.56198,251360
202509,1144073000,성산제2동,1963168,126.90204,37.56811,1047962
202509,1144074000,상암동,7678191,126.88086,37.57179,1844271
202509,1147051000,목1동,1564660,126.8751,37.52744,1799556
202509,1147052000,목2동,1054247,126.8741,37.54359,882911
202509,1147053000,목3동,500764,126.86541,37.5452,672039
202509,1147054000,목4동,561686,126.8669,37.53544,280929
202509,1147055000,목5동,2069098,126.88103,37.53631,474235
202509,1147056000,신월1동,630072,126.83453,37.53127,131730
202509,1147057000,신월2동,614213,126.84633,37.5234,214225
202509,1147058000,신월3동,926653,126.82747,37.53236,104107
202509,1147059000,신월4동,454712,126.83982,37.52225,175986
202509,1147060000,신월5동,515356,126.8299,37.54004,124133
202509,1147061000,신월6동,473483,126.84213,37.51597,155971
202509,1147061100,신월7동,900522,126.83234,37.52066,179310
202509,1147062000,신정1동,739881,126.85963,37.51888,193955
202509,1147063000,신정2동,648695,126.87518,37.51895,101787
202509,1147064000,신정3동,3169421,126.8394,37.51178,855112
202509,1147065000,신정4동,996239,126.85757,37.52541,895466
202509,1147067000,신정6동,926759,126.86964,37.51591,178929
202509,1147068000,신정7동,1143920,126.86468,37.51012,376929
202509,1150051000,염창동,2389890,126.87543,37.55321,410911
202509,1150052000,등촌제1동,658950,126.85963,37.55586,487434
202509,1150053000,등촌제2동,895367,126.86003,37.54574,236868
202509,1150053500,등촌제3동,1042691,126.84634,37.56105,1060046
202509,1150054000,화곡제1동,1192600,126.84094,37.53378,2280581
202509,1150055000,화곡제2동,456930,126.85437,37.53228,153070
202509,1150056000,화곡제3동,526606,126.83427,37.54406,130348
202509,1150057000,화곡제4동,855978,126.85858,37.5361,165670
202509,1150059000,화곡본동,982074,126.84816,37.54257,279597
202509,1150059100,화곡제6동,1062894,126.85117,37.55172,450310
202509,1150059300,화곡제8동,575541,126.84863,37.53422,256858
202509,1150060300,가양제1동,5543738,126.83435,37.5731,1679458
202509,1150060400,가양제2동,1012806,126.85401,37.56866,72865
202509,1150060500,가양제3동,932533,126.8623,37.56268,65628
202509,1150061100,발산제1동,2963745,126.82558,37.55045,786951
202509,1150061500,우장산동,1245257,126.84102,37.55057,1064558
202509,1150062000,공항동,11581226,126.79496,37.55649,508306
202509,1150063000,방화제1동,1487371,126.81755,37.56864,813569
202509,1150064000,방화제2동,5640487,126.80451,37.5838,1398983
202509,1150064100,방화제3동,1979329,126.81553,37.58158,260486
202509,1153051000,신도림동,1376469,126.88285,37.50973,2086621
202509,1153052000,구로제1동,1083279,126.87546,37.49303,120189
202509,1153053000,구로제2동,1809928,126.87949,37.49745,869643
202509,1153054000,구로제3동,1043117,126.89498,37.48488,2727698
202509,1153055000,구로제4동,516496,126.8902,37.49154,242271
202509,1153056000,구로제5동,1023242,126.88848,37.50203,742188
202509,1153059500,가리봉동,408284,126.88826,37.48256,228430
202509,1153072000,고척제1동,1132884,126.8634,37.50066,421192
202509,1153073000,고척제2동,997120,126.85331,37.50585,307627
202509,1153074000,개봉제1동,1126936,126.84988,37.49988,995362
202509,1153075000,개봉제2동,815642,126.85636,37.49273,353966
202509,1153076000,개봉제3동,848662,126.85241,37.48684,136368
202509,1153077000,오류제1동,747283,126.84163,37.49696,434399
202509,1153078000,오류제2동,3081182,126.83837,37.48526,646419
202509,1153079000,수궁동,2630691,126.82607,37.49828,817966
202509,1153080000,항동,1431213,126.82449,37.48103,104012
202509,1154551000,가산동,2244201,126.88434,37.47684,2531727
202509,1154561000,독산제1동,1964400,126.89272,37.4642,784268
202509,1154562000,독산제2동,616195,126.90255,37.46383,297032
202509,1154563000,독산제3동,945991,126.90459,37.47593,462487
202509,1154564000,독산제4동,619603,126.90405,37.46922,330827
202509,1154567000,시흥제1동,1476950,126.90015,37.45289,720168
202509,1154568000,시흥제2동,1180173,126.92007,37.45059,181617
202509,1154569000,시흥제3동,1335878,126.90593,37.44028,103004
202509,1154570000,시흥제4동,771262,126.90911,37.46008,220568
202509,1154571000,시흥제5동,1426902,126.91243,37.44875,349155
202509,1156051500,영등포본동,808233,126.9097,37.51372,843135
202509,1156053500,영등포동,1415805,126.90784,37.52152,1522500
202509,1156054000,여의동,6656365,126.92757,37.52749,4638962
202509,1156055000,당산제1동,743499,126.89685,37.52393,1103760
202509,1156056000,당산제2동,1564124,126.90391,37.53298,1722887
202509,1156058500,도림동,549811,126.90124,37.50928,176082
202509,1156060500,문래동,1742935,126.89147,37.51638,1071141
202509,1156061000,양평제1동,864764,126.88707,37.52507,424177
202509,1156062000,양평제2동,1892053,126.89418,37.5406,592838
202509,1156063000,신길제1동,811808,126.91951,37.51234,622390
202509,1156065000,신길제3동,480412,126.90589,37.50645,203731
202509,1156066000,신길제4동,288284,126.91292,37.50728,140096
202509,1156067000,신길제5동,530930,126.90555,37.50112,128019
202509,1156068000,신길제6동,679799,126.91354,37.49916,599667
202509,1156069000,신길제7동,548054,126.9198,37.5058,637081
202509,1156070000,대림제1동,481705,126.90526,37.49377,186316
202509,1156071000,대림제2동,578880,126.90064,37.48963,160679
202509,1156072000,대림제3동,937514,126.89727,37.49987,1230173
202509,1159051000,노량진제1동,1878710,126.94915,37.51303,2050347
202509,1159052000,노량진제2동,661468,126.938,37.51093,461372
202509,1159053000,상도제1동,1431135,126.95347,37.49833,1915342
202509,1159054000,상도제2동,776948,126.94206,37.50367,689723
202509,1159055000,상도제3동,673241,126.93335,37.49723,284078
202509,1159056000,상도제4동,968511,126.94076,37.49743,233909
202509,1159060500,흑석동,2097147,126.96376,37.5063,967500
202509,1159062000,사당제1동,632726,126.97741,37.47972,289743
202509,1159063000,사당제2동,3039007,126.97519,37.49823,1647461
202509,1159064000,사당제3동,894355,126.97086,37.48881,214391
202509,1159065000,사당제4동,427255,126.97077,37.48059,375353
202509,1159065100,사당제5동,661737,126.96504,37.4858,135788
202509,1159066000,대방동,1587711,126.92803,37.50711,1451234
202509,1159067000,신대방제1동,684048,126.91071,37.48995,205575
202509,1159068000,신대방제2동,1033193,126.92153,37.49431,653685
202509,1162052500,보라매동,762164,126.93259,37.49036,410870
202509,1162054500,청림동,316540,126.95957,37.48941,127418
202509,1162056500,성현동,686448,126.95117,37.48951,316215
202509,1162057500,행운동,723778,126.96062,37.4809,491736
202509,1162058500,낙성대동,2342295,126.96005,37.46723,557415
202509,1162059500,청룡동,1217892,126.94588,37.47805,2684248
202509,1162060500,은천동,734719,126.94221,37.48682,465450
202509,1162061500,중앙동,380017,126.95062,37.48412,301923
202509,1162062500,인헌동,706179,126.96662,37.47208,1067257
202509,1162063000,남현동,4235911,126.97664,37.46247,2296352
202509,1162064500,서원동,631090,126.93344,37.4806,2463646
202509,1162065500,신원동,576667,126.9267,37.4793,88473
202509,1162066500,서림동,762657,126.93921,37.47355,593464
202509,1162068500,신사동,605859,126.91875,37.48563,918772
202509,1162069500,신림동,507637,126.92761,37.4869,727573
202509,1162071500,난향동,800353,126.91827,37.46159,175540
202509,1162072500,조원동,648305,126.90753,37.48294,815856
202509,1162073500,대학동,8316533,126.94848,37.45347,994593
202509,1162074500,삼성동,2589521,126.93014,37.46067,314034
202509,1162076500,미성동,1341134,126.91543,37.47594,487582
202509,1162077500,난곡동,1014887,126.92105,37.4705,322381
202509,1165051000,서초1동,1371823,127.02014,37.48696,1696899
202509,1165052000,서초2동,1234893,127.02791,37.48882,4142110
202509,1165053000,서초3동,3010786,127.00959,37.48543,2325861
202509,1165053100,서초4동,876369,127.01996,37.49899,441301
202509,1165054000,잠원동,1837867,127.01304,37.51764,523123
202509,1165055000,반포본동,1539963,126.98648,37.50629,129670
202509,1165056000,반포1동,1009783,127.01663,37.50551,705094
202509,1165057000,반포2동,1242525,126.9957,37.50638,412811
202509,1165058000,반포3동,1309158,127.00359,37.51241,434060
202509,1165058100,반포4동,1458521,127.00329,37.49958,3085515
202509,1165059000,방배본동,659648,126.98777,37.49495,224880
202509,1165060000,방배1동,698070,126.9963,37.48491,705807
202509,1165061000,방배2동,1934493,126.98849,37.47301,305607
202509,1165062000,방배3동,2412263,126.9979,37.47432,849980
202509,1165062100,방배4동,941537,126.99099,37.48982,313533
202509,1165065100,양재1동,5738915,127.02253,37.46956,2668918
202509,1165065200,양재2동,7433699,127.04591,37.45115,891056
202509,1165066000,내곡동,13138298,127.07055,37.45652,361295
202509,1168051000,신사동,1741768,127.0214,37.52572,378306
202509,1168052100,논현1동,1246164,127.0265,37.51191,3295753
202509,1168053100,논현2동,1440614,127.03622,37.51521,1725576
202509,1168054500,압구정동,2512082,127.03348,37.53027,2016247
202509,1168056500,청담동,2355811,127.0505,37.52454,623657
202509,1168058000,삼성1동,1925054,127.06063,37.5154,1850129
202509,1168059000,삼성2동,1258529,127.04876,37.51184,1072038
202509,1168060000,대치1동,807837,127.05897,37.49339,470805
202509,1168061000,대치2동,2060695,127.06642,37.50058,2627545
202509,1168063000,대치4동,703180,127.0549,37.50166,2325044
202509,1168064000,역삼1동,2366859,127.03549,37.50089,4801902
202509,1168065000,역삼2동,1123383,127.04489,37.4985,574662
202509,1168065500,도곡1동,1010321,127.04098,37.48905,752893
202509,1168065600,도곡2동,1031472,127.04965,37.48821,978940
202509,1168066000,개포1동,1741195,127.06471,37.47928,185415
202509,1168067000,개포2동,1586586,127.06763,37.48648,558848
202509,1168067500,개포3동,848662,126.85241,37.48684,445534
202509,1168069000,개포4동,1583608,127.05324,37.47555,239434
202509,1168070000,세곡동,5912729,127.10435,37.47107,541491
202509,1168072000,일원본동,2426105,127.08467,37.48237,604266
202509,1168073000,일원1동,946206,127.08925,37.49339,105419
202509,1168075000,수서동,1624149,127.10057,37.48684,1554991
202509,1171051000,풍납1동,1057854,127.1143,37.53824,132847
202509,1171052000,풍납2동,1992907,127.11013,37.52985,194127
202509,1171053100,거여1동,506282,127.14168,37.49439,400351
202509,1171053200,거여2동,505978,127.14717,37.49238,107699
202509,1171054000,마천1동,519561,127.15572,37.49478,317048
202509,1171055000,마천2동,958068,127.15146,37.50033,196327
202509,1171056100,방이1동,585493,127.12232,37.50977,342984
202509,1171056200,방이2동,767575,127.11383,37.51325,408024
202509,1171056600,오륜동,3138116,127.12851,37.51766,732200
202509,1171057000,오금동,1733642,127.1344,37.50399,651979
202509,1171058000,송파1동,696743,127.11032,37.50717,577034
202509,1171059000,송파2동,599279,127.11683,37.50284,78392
202509,1171060000,석촌동,932452,127.10246,37.50272,867550
202509,1171061000,삼전동,990522,127.09191,37.50172,235766
202509,1171062000,가락본동,1049756,127.12164,37.49722,309617
202509,1171063100,가락1동,1368008,127.10824,37.49533,1050784
202509,1171063200,가락2동,941692,127.13064,37.49586,636152
202509,1171064100,문정1동,667814,127.12686,37.48817,157327
202509,1171064200,문정2동,2357239,127.11914,37.48069,1246364
202509,1171064600,장지동,1221454,127.13163,37.48279,848878
202509,1171064700,위례동,2608006,127.14124,37.48166,461385
202509,1171065000,잠실본동,1140205,127.08229,37.50551,592000
202509,1171067000,잠실2동,2877277,127.07882,37.51772,873583
202509,1171068000,잠실3동,1514431,127.09432,37.51364,545089
202509,1171069000,잠실4동,840215,127.10815,37.52125,731579
202509,1171071000,잠실6동,1398484,127.09998,37.51907,3380005
202509,1171072000,잠실7동,680575,127.0741,37.50748,747821
202509,1174051500,강일동,3653950,127.17402,37.56389,309569
202509,1174052500,상일제1동,1781219,127.16484,37.55074,787507
202509,1174052600,상일제2동,1090000,127.17784,37.55674,75150
202509,1174053000,명일제1동,621207,127.14594,37.55037,465419
202509,1174054000,명일제2동,937505,127.1542,37.54829,482038
202509,1174055000,고덕제1동,1905349,127.15031,37.56335,126207
202509,1174056000,고덕제2동,2415151,127.16164,37.56586,261001
202509,1174057000,암사제1동,730232,127.13459,37.55186,96780
202509,1174058000,암사제2동,2442627,127.12324,37.55738,527447
202509,1174059000,암사제3동,1853001,127.13851,37.5615,294806
202509,1174060000,천호제1동,685407,127.13858,37.54632,414340
202509,1174061000,천호제2동,1828587,127.12228,37.54469,322638
202509,1174062000,천호제3동,538847,127.1332,37.53965,151915
202509,1174064000,성내제1동,661583,127.12552,37.52876,493151
202509,1174065000,성내제2동,626571,127.12774,37.53436,1895025
202509,1174066000,성내제3동,642074,127.1338,37.5284,153140
202509,1174068500,길동,1601118,127.14591,37.53973,600990
202509,1174069000,둔촌제1동,896155,127.14043,37.52315,620320
202509,1174070000,둔촌제2동,1594005,127.14741,37.53151,622868
202510,1111051500,청운효자동,2438307,126.97042,37.58466,246952
202510,1111053000,사직동,1165780,126.97014,37.57411,2577725
202510,1111054000,삼청동,1361445,126.98111,37.58801,144852
202510,1111055000,부암동,2202073,126.96256,37.5967,303986
202510,1111056000,평창동,9017316,126.96927,37.61396,256857
202510,1111057000,무악동,467575,126.95899,37.57774,60657
202510,1111058000,교남동,345990,126.96416,37.57105,294756
202510,1111060000,가회동,605383,126.98662,37.58268,68445
202510,1111061500,종로1.2.3.4가동,2394166,126.98973,37.57508,5474277
202510,1111063000,종로5.6가동,633463,127.00424,37.57302,1995301
202510,1111064000,이화동,755902,127.00307,37.57969,1561257
202510,1111065000,혜화동,1164691,126.99769,37.58747,581871
202510,1111067000,창신제1동,313832,127.01402,37.57226,313833
202510,1111068000,창신제2동,249894,127.01025,37.57575,8052
202510,1111069000,창신제3동,220395,127.01321,37.57882,142092
202510,1111070000,숭인제1동,237128,127.01686,37.57723,199191
202510,1111071000,숭인제2동,321465,127.02064,37.57431,775197
202510,1114052000,소공동,935656,126.97436,37.5643,2448547
202510,1114054000,회현동,892974,126.97671,37.55697,5790412
202510,1114055000,명동,1006850,126.98436,37.56373,3252594
202510,1114057000,필동,1478522,126.99385,37.5568,1093518
202510,1114058000,장충동,1003083,127.00228,37.55561,509977
202510,1114059000,광희동,752739,127.00363,37.5652,1564200
202510,1114060500,을지로동,599530,126.99649,37.56664,1762920
202510,1114061500,신당동,541354,127.01377,37.56575,788922
202510,1114062500,다산동,546686,127.00826,37.5547,110632
202510,1114063500,약수동,511938,127.01024,37.54984,646883
202510,1114064500,청구동,330066,127.01499,37.55686,74203
202510,1114065000,신당제5동,315652,127.02202,37.56358,181907
202510,1114066500,동화동,344934,127.01867,37.56059,239881
202510,1114067000,황학동,314878,127.0208,37.56842,122595
202510,1114068000,중림동,492309,126.96596,37.55732,134914
202510,1117051000,후암동,865282,126.98059,37.54994,187950
202510,1117052000,용산2가동,2045385,126.98353,37.54024,676105
202510,1117053000,남영동,751924,126.97351,37.54511,1214260
202510,1117055500,청파동,854585,126.96717,37.54786,235384
202510,1117056000,원효로제1동,563923,126.96656,37.53747,261153
202510,1117057000,원효로제2동,943601,126.95139,37.5331,163666
202510,1117058000,효창동,502716,126.96131,37.54305,420617
202510,1117059000,용문동,268086,126.95858,37.53815,90018
202510,1117062500,한강로동,2632658,126.96786,37.52918,3148540
202510,1117063000,이촌제1동,2128932,126.97096,37.51728,214508
202510,1117064000,이촌제2동,1203554,126.95394,37.52333,112535
202510,1117065000,이태원제1동,533547,126.99325,37.53339,598551
202510,1117066000,이태원제2동,891712,126.99213,37.54166,130751
202510,1117068500,한남동,3194899,127.0058,37.5371,1118963
202510,1117069000,서빙고동,2917053,126.98838,37.52247,266022
202510,1117070000,보광동,872912,127.00126,37.52587,103709
202510,1120052000,왕십리제2동,334371,127.02769,37.5615,527471
202510,1120053500,왕십리도선동,721844,127.02957,37.56679,231166
202510,1120054000,마장동,1127258,127.04049,37.56764,345657
202510,1120055000,사근동,1154150,127.04543,37.55801,612042
202510,1120056000,행당제1동,566619,127.03606,37.55902,1279170
202510,1120057000,행당제2동,479532,127.0295,37.55668,382432
202510,1120058000,응봉동,563044,127.03398,37.55099,138936
202510,1120059000,금호1가동,407653,127.02506,37.55367,295449
202510,1120061500,금호2.3가동,665732,127.01989,37.55143,148497
202510,1120062000,금호4가동,930024,127.0246,37.54459,452774
202510,1120064500,옥수동,1250869,127.01618,37.54197,482440
202510,1120065000,성수1가제1동,2238042,127.04104,37.54042,379843
202510,1120066000,성수1가제2동,977066,127.04395,37.54907,816137
202510,1120067000,성수2가제1동,1150487,127.05528,37.53666,189691
202510,1120069000,성수2가제3동,1046168,127.05814,37.54554,1677742
202510,1120072000,송정동,587634,127.0657,37.55233,85264
202510,1120079000,용답동,2372731,127.05785,37.55854,1250933
202510,1121571000,화양동,1178002,127.07346,37.54327,1880686
202510,1121573000,군자동,734486,127.07368,37.55307,300853
202510,1121574000,중곡제1동,590812,127.07772,37.56204,141916
202510,1121575000,중곡제2동,544506,127.08459,37.55891,177691
202510,1121576000,중곡제3동,602735,127.08197,37.56785,452983
202510,1121577000,중곡제4동,2284644,127.09445,37.56391,104569
202510,1121578000,능동,1083377,127.08165,37.55066,1469802
202510,1121581000,광장동,2755836,127.10487,37.54828,492912
202510,1121582000,자양제1동,565020,127.08042,37.53554,174457
202510,1121583000,자양제2동,1631119,127.08325,37.52933,222572
202510,1121584000,자양제3동,1134722,127.0712,37.53169,196593
202510,1121584700,자양제4동,1155166,127.06377,37.53389,526522
202510,1121585000,구의제1동,552319,127.08603,37.54149,994089
202510,1121586000,구의제2동,1380731,127.09445,37.551,683663
202510,1121587000,구의제3동,1450497,127.09524,37.53509,1013532
202510,1123053600,용신동,1573645,127.03229,37.57562,2175066
202510,1123054500,제기동,1181233,127.03724,37.58368,947793
202510,1123056000,전농제1동,1170148,127.05105,37.57901,1689522
202510,1123057000,전농제2동,995125,127.06114,37.58072,271610
202510,1123060000,답십리제1동,798544,127.0517,37.57094,222514
202510,1123061000,답십리제2동,824988,127.06111,37.57089,316230
202510,1123065000,장안제1동,1365375,127.06859,37.56623,563429
202510,1123066000,장안제2동,1132972,127.07254,37.57576,439416
202510,1123070500,청량리동,1176505,127.04512,37.58894,404315
202510,1123071000,회기동,803887,127.05141,37.5937,246763
202510,1123072000,휘경제1동,510437,127.06247,37.59187,921770
202510,1123073000,휘경제2동,1195510,127.06644,37.58651,352193
202510,1123074000,이문제1동,1005087,127.06029,37.59722,497006
202510,1123075000,이문제2동,805192,127.06749,37.60283,271711
202510,1126052000,면목제2동,744933,127.07814,37.58938,196573
202510,1126054000,면목제4동,849250,127.08647,37.57348,314814
202510,1126055000,면목제5동,590803,127.07967,37.58297,137581
202510,1126056500,면목본동,827948,127.08953,37.58834,825687
202510,1126057000,면목제7동,1180742,127.09269,37.57729,189179
202510,1126057500,면목제3.8동,1400985,127.09738,37.5846,776492
202510,1126058000,상봉제1동,861947,127.08947,37.60203,191447
202510,1126059000,상봉제2동,655590,127.0839,37.59425,1132500
202510,1126060000,중화제1동,669339,127.08315,37.60229,106040
202510,1126061000,중화제2동,957879,127.07521,37.59872,723380
202510,1126062000,묵제1동,1207708,127.08245,37.61374,217727
202510,1126063000,묵제2동,668183,127.07467,37.61037,390293
202510,1126065500,망우본동,2948005,127.10754,37.60199,594653
202510,1126066000,망우제3동,991213,127.10294,37.59181,137036
202510,1126068000,신내1동,2490403,127.10451,37.6128,688986
202510,1126069000,신내2동,935095,127.09162,37.61095,285105
202510,1129052500,성북동,2416176,126.99615,37.59587,443430
202510,1129055500,삼선동,912074,127.0118,37.58662,1880438
202510,1129057500,동선동,731808,127.01843,37.59374,543212
202510,1129058000,돈암제1동,461014,127.02404,37.59933,404554
202510,1129059000,돈암제2동,523725,127.01163,37.59728,158459
202510,1129060000,안암동,1274562,127.02731,37.58725,671359
202510,1129061000,보문동,589971,127.01922,37.5826,492008
202510,1129062000,정릉제1동,389711,127.01665,37.60326,407182
202510,1129063000,정릉제2동,1126034,127.00812,37.60379,310733
202510,1129064000,정릉제3동,3357947,126.99377,37.61226,291437
202510,1129065000,정릉제4동,3712601,126.99518,37.62351,633813
202510,1129066000,길음제1동,818440,127.01974,37.60811,1092924
202510,1129068500,길음제2동,616132,127.02723,37.60797,309495
202510,1129070500,종암동,1520021,127.03337,37.59725,563560
202510,1129071500,월곡제1동,764805,127.03645,37.60788,320088
202510,1129072500,월곡제2동,1334181,127.04519,37.6033,710905
202510,1129076000,장위제1동,724308,127.04426,37.61494,250648
202510,1129077000,장위제2동,665829,127.05173,37.61222,505760
202510,1129078000,장위제3동,682909,127.05349,37.61818,192983
202510,1129081000,석관동,1731086,127.06134,37.60826,863515
202510,1130553400,삼양동,951708,127.01468,37.62379,500707
202510,1130553500,미아동,853875,127.02629,37.6287,792125
202510,1130554500,송중동,1061923,127.03292,37.6177,933098
202510,1130555500,송천동,939469,127.02487,37.61822,1165599
202510,1130557500,삼각산동,586701,127.01683,37.61713,233009
202510,1130559500,번1동,595659,127.03054,37.63763,1612969
202510,1130560300,번2동,1012328,127.03479,37.62952,254082
202510,1130560800,번3동,1091074,127.04234,37.62378,205383
202510,1130561500,수유1동,1728230,127.00884,37.62993,482991
202510,1130562500,수유2동,606037,127.0195,37.6454,339456
202510,1130563500,수유3동,730661,127.02355,37.64046,617140
202510,1130564500,우이동,10697189,127.00032,37.66035,621099
202510,1130566000,인수동,2860095,127.00396,37.63764,268366
202510,1132051100,창제1동,1093061,127.04356,37.64714,1255969
202510,1132051200,창제2동,682713,127.03682,37.64263,213569
202510,1132051300,창제3동,637773,127.04163,37.63736,158849
202510,1132051400,창제4동,1114658,127.05093,37.65258,324482
202510,1132051500,창제5동,690264,127.04277,37.65536,968802
202510,1132052100,도봉제1동,8508462,127.02679,37.68508,313801
202510,1132052200,도봉제2동,1195130,127.04779,37.68119,669102
202510,1132066000,쌍문제1동,1160994,127.01951,37.65303,239777
202510,1132067000,쌍문제2동,531978,127.037,37.65706,268867
202510,1132068000,쌍문제3동,499481,127.03059,37.64769,229406
202510,1132068100,쌍문제4동,577003,127.03041,37.65555,180930
202510,1132069000,방학제1동,1060647,127.04352,37.66503,472069
202510,1132070000,방학제2동,1108653,127.03226,37.66915,132160
202510,1132071000,방학제3동,1860513,127.02347,37.6628,237084
202510,1135056000,월계1동,1178816,127.0586,37.62181,354811
202510,1135057000,월계2동,1991879,127.05121,37.63407,341529
202510,1135058000,월계3동,1167762,127.06489,37.62466,364017
202510,1135059500,공릉1동,1208569,127.07277,37.62412,1036443
202510,1135060000,공릉2동,7264834,127.09423,37.63161,681073
202510,1135061100,하계1동,1441008,127.07481,37.63862,309202
202510,1135061200,하계2동,505737,127.06482,37.63484,671567
202510,1135061900,중계본동,2061637,127.08576,37.64814,247661
202510,1135062100,중계1동,608503,127.0735,37.65002,182526
202510,1135062400,중계4동,1457885,127.08224,37.65885,178239
202510,1135062500,중계2.3동,946538,127.06589,37.64334,688613
202510,1135063000,상계1동,5016467,127.06533,37.68327,569690
202510,1135064000,상계2동,591000,127.06727,37.65649,1516668
202510,1135066500,상계3.4동,5783082,127.08327,37.67515,345971
202510,1135067000,상계5동,492170,127.0696,37.66322,707834
202510,1135069500,상계6.7동,1425634,127.06009,37.64875,356655
202510,1135070000,상계8동,661888,127.05365,37.66629,446162
202510,1135071000,상계9동,837674,127.0625,37.66807,105513
202510,1135072000,상계10동,828158,127.0584,37.65964,198697
202510,1138051000,녹번동,1915175,126.93505,37.60542,917099
202510,1138052000,불광제1동,3346747,126.93927,37.61731,560280
202510,1138053000,불광제2동,1338273,126.92865,37.62437,326878
202510,1138055100,갈현제1동,953450,126.91489,37.62535,1226652
202510,1138055200,갈현제2동,1053392,126.91212,37.61828,513866
202510,1138056000,구산동,1352647,126.90765,37.61106,275918
202510,1138057000,대조동,871085,126.9231,37.61228,1186875
202510,1138058000,응암제1동,1160262,126.9269,37.59826,496147
202510,1138059000,응암제2동,746941,126.92302,37.59189,183291
202510,1138060000,응암제3동,733293,126.91775,37.58865,356100
202510,1138062500,역촌동,1087046,126.91453,37.60457,438653
202510,1138063100,신사제1동,830268,126.90884,37.59899,775267
202510,1138063200,신사제2동,1041042,126.90629,37.59289,527446
202510,1138064000,증산동,919884,126.90581,37.58378,507062
202510,1138065000,수색동,1140125,126.8949,37.58577,276592
202510,1138069000,진관동,12911565,126.94052,37.63928,1326463
202510,1141052000,천연동,893844,126.95714,37.57121,558770
202510,1141055500,북아현동,444705,126.95552,37.55925,207879
202510,1141056500,충현동,1136892,126.9581,37.56391,1310773
202510,1141058500,신촌동,2566839,126.94106,37.56364,2519097
202510,1141061500,연희동,2825921,126.93273,37.57201,884594
202510,1141062000,홍제제1동,1561215,126.9452,37.58154,1170457
202510,1141064000,홍제제3동,1031592,126.95116,37.59202,285377
202510,1141065500,홍제제2동,712529,126.95253,37.58455,169106
202510,1141066000,홍은제1동,1550491,126.94703,37.59998,219042
202510,1141068500,홍은제2동,2048086,126.93217,37.58699,657086
202510,1141069000,남가좌제1동,447138,126.9162,37.57169,381032
202510,1141070000,남가좌제2동,812456,126.92133,37.57762,389797
202510,1141071000,북가좌제1동,581080,126.908,37.57527,169283
202510,1141072000,북가좌제2동,795331,126.9135,37.581,313238
202510,1144055500,아현동,731252,126.95284,37.55193,852223
202510,1144056500,공덕동,1002153,126.95779,37.54912,1483983
202510,1144058500,도화동,860064,126.94681,37.53704,233194
202510,1144059000,용강동,956700,126.94127,37.54059,533822
202510,1144060000,대흥동,836007,126.9414,37.55212,1314165
202510,1144061000,염리동,539922,126.94755,37.54982,116051
202510,1144063000,신수동,1118424,126.93364,37.54363,56886
202510,1144065500,서강동,1715559,126.92516,37.54595,775582
202510,1144066000,서교동,1647625,126.92094,37.55477,6369376
202510,1144068000,합정동,1753036,126.90884,37.54687,204366
202510,1144069000,망원제1동,1124872,126.90021,37.55275,207460
202510,1144070000,망원제2동,1208058,126.89568,37.55712,146106
202510,1144071000,연남동,647383,126.92154,37.56303,228134
202510,1144072000,성산제1동,864039,126.91185,37.56198,226705
202510,1144073000,성산제2동,1963168,126.90204,37.56811,1068736
202510,1144074000,상암동,7678191,126.88086,37.57179,1629550
202510,1147051000,목1동,1564660,126.8751,37.52744,1652212
202510,1147052000,목2동,1054247,126.8741,37.54359,811760
202510,1147053000,목3동,500764,126.86541,37.5452,617469
202510,1147054000,목4동,561686,126.8669,37.53544,258748
202510,1147055000,목5동,2069098,126.88103,37.53631,423347
202510,1147056000,신월1동,630072,126.83453,37.53127,120857
202510,1147057000,신월2동,614213,126.84633,37.5234,198204
202510,1147058000,신월3동,926653,126.82747,37.53236,93969
202510,1147059000,신월4동,454712,126.83982,37.52225,162825
202510,1147060000,신월5동,515356,126.8299,37.54004,114718
202510,1147061000,신월6동,473483,126.84213,37.51597,144545
202510,1147061100,신월7동,900522,126.83234,37.52066,167628
202510,1147062000,신정1동,739881,126.85963,37.51888,171441
202510,1147063000,신정2동,648695,126.87518,37.51895,88289
202510,1147064000,신정3동,3169421,126.8394,37.51178,775971
202510,1147065000,신정4동,996239,126.85757,37.52541,822033
202510,1147067000,신정6동,926759,126.86964,37.51591,156592
202510,1147068000,신정7동,1143920,126.86468,37.51012,345439
202510,1150051000,염창동,2389890,126.87543,37.55321,374938
202510,1150052000,등촌제1동,658950,126.85963,37.55586,433299
202510,1150053000,등촌제2동,895367,126.86003,37.54574,216202
202510,1150053500,등촌제3동,1042691,126.84634,37.56105,965751
202510,1150054000,화곡제1동,1192600,126.84094,37.53378,2128392
202510,1150055000,화곡제2동,456930,126.85437,37.53228,138951
202510,1150056000,화곡제3동,526606,126.83427,37.54406,119703
202510,1150057000,화곡제4동,855978,126.85858,37.5361,151121
202510,1150059000,화곡본동,982074,126.84816,37.54257,254613
202510,1150059100,화곡제6동,1062894,126.85117,37.55172,413513
202510,1150059300,화곡제8동,575541,126.84863,37.53422,237271
202510,1150060300,가양제1동,5543738,126.83435,37.5731,1512524
202510,1150060400,가양제2동,1012806,126.85401,37.56866,65212
202510,1150060500,가양제3동,932533,126.8623,37.56268,57984
202510,1150061100,발산제1동,2963745,126.82558,37.55045,718305
202510,1150061500,우장산동,1245257,126.84102,37.55057,980684
202510,1150062000,공항동,11581226,126.79496,37.55649,478088
202510,1150063000,방화제1동,1487371,126.81755,37.56864,731955
202510,1150064000,방화제2동,5640487,126.80451,37.5838,1365976
202510,1150064100,방화제3동,1979329,126.81553,37.58158,247025
202510,1153051000,신도림동,1376469,126.88285,37.50973,1904090
202510,1153052000,구로제1동,1083279,126.87546,37.49303,106587
202510,1153053000,구로제2동,1809928,126.87949,37.49745,777432
202510,1153054000,구로제3동,1043117,126.89498,37.48488,2480878
202510,1153055000,구로제4동,516496,126.8902,37.49154,222029
202510,1153056000,구로제5동,1023242,126.88848,37.50203,674592
202510,1153059500,가리봉동,408284,126.88826,37.48256,210814
202510,1153072000,고척제1동,1132884,126.8634,37.50066,370387
202510,1153073000,고척제2동,997120,126.85331,37.50585,277841
202510,1153074000,개봉제1동,1126936,126.84988,37.49988,923029
202510,1153075000,개봉제2동,815642,126.85636,37.49273,327978
202510,1153076000,개봉제3동,848662,126.85241,37.48684,123981
202510,1153077000,오류제1동,747283,126.84163,37.49696,402158
202510,1153078000,오류제2동,3081182,126.83837,37.48526,591457
202510,1153079000,수궁동,2630691,126.82607,37.49828,729735
202510,1153080000,항동,1431213,126.82449,37.48103,94507
202510,1154551000,가산동,2244201,126.88434,37.47684,2225118
202510,1154561000,독산제1동,1964400,126.89272,37.4642,708426
202510,1154562000,독산제2동,616195,126.90255,37.46383,277855
202510,1154563000,독산제3동,945991,126.90459,37.47593,435562
202510,1154564000,독산제4동,619603,126.90405,37.46922,307897
202510,1154567000,시흥제1동,1476950,126.90015,37.45289,664737
202510,1154568000,시흥제2동,1180173,126.92007,37.45059,166595
202510,1154569000,시흥제3동,1335878,126.90593,37.44028,93701
202510,1154570000,시흥제4동,771262,126.90911,37.46008,207927
202510,1154571000,시흥제5동,1426902,126.91243,37.44875,321604
202510,1156051500,영등포본동,808233,126.9097,37.51372,815070
202510,1156053500,영등포동,1415805,126.90784,37.52152,1429361
202510,1156054000,여의동,6656365,126.92757,37.52749,4005177
202510,1156055000,당산제1동,743499,126.89685,37.52393,980579
202510,1156056000,당산제2동,1564124,126.90391,37.53298,1533836
202510,1156058500,도림동,549811,126.90124,37.50928,159052
202510,1156060500,문래동,1742935,126.89147,37.51638,944803
202510,1156061000,양평제1동,864764,126.88707,37.52507,376368
202510,1156062000,양평제2동,1892053,126.89418,37.5406,525060
202510,1156063000,신길제1동,811808,126.91951,37.51234,563495
202510,1156065000,신길제3동,480412,126.90589,37.50645,189305
202510,1156066000,신길제4동,288284,126.91292,37.50728,127467
202510,1156067000,신길제5동,530930,126.90555,37.50112,116430
202510,1156068000,신길제6동,679799,126.91354,37.49916,547363
202510,1156069000,신길제7동,548054,126.9198,37.5058,560212
202510,1156070000,대림제1동,481705,126.90526,37.49377,169522
202510,1156071000,대림제2동,578880,126.90064,37.48963,153386
202510,1156072000,대림제3동,937514,126.89727,37.49987,1188320
202510,1159051000,노량진제1동,1878710,126.94915,37.51303,1886575
202510,1159052000,노량진제2동,661468,126.938,37.51093,424870
202510,1159053000,상도제1동,1431135,126.95347,37.49833,1674925
202510,1159054000,상도제2동,776948,126.94206,37.50367,620794
202510,1159055000,상도제3동,673241,126.93335,37.49723,263584
202510,1159056000,상도제4동,968511,126.94076,37.49743,210772
202510,1159060500,흑석동,2097147,126.96376,37.5063,845216
202510,1159062000,사당제1동,632726,126.97741,37.47972,263223
202510,1159063000,사당제2동,3039007,126.97519,37.49823,1534949
202510,1159064000,사당제3동,894355,126.97086,37.48881,191518
202510,1159065000,사당제4동,427255,126.97077,37.48059,344390
202510,1159065100,사당제5동,661737,126.96504,37.4858,121460
202510,1159066000,대방동,1587711,126.92803,37.50711,1304174
202510,1159067000,신대방제1동,684048,126.91071,37.48995,185345
202510,1159068000,신대방제2동,1033193,126.92153,37.49431,579719
202510,1162052500,보라매동,762164,126.93259,37.49036,375606
202510,1162054500,청림동,316540,126.95957,37.48941,115866
202510,1162056500,성현동,686448,126.95117,37.48951,283880
202510,1162057500,행운동,723778,126.96062,37.4809,451571
202510,1162058500,낙성대동,2342295,126.96005,37.46723,490919
202510,1162059500,청룡동,1217892,126.94588,37.47805,2442385
202510,1162060500,은천동,734719,126.94221,37.48682,423312
202510,1162061500,중앙동,380017,126.95062,37.48412,274696
202510,1162062500,인헌동,706179,126.96662,37.47208,978632
202510,1162063000,남현동,4235911,126.97664,37.46247,2121932
202510,1162064500,서원동,631090,126.93344,37.4806,2313727
202510,1162065500,신원동,576667,126.9267,37.4793,80132
202510,1162066500,서림동,762657,126.93921,37.47355,553200
202510,1162068500,신사동,605859,126.91875,37.48563,859609
202510,1162069500,신림동,507637,126.92761,37.4869,679674
202510,1162071500,난향동,800353,126.91827,37.46159,162393
202510,1162072500,조원동,648305,126.90753,37.48294,747505
202510,1162073500,대학동,8316533,126.94848,37.45347,870269
202510,1162074500,삼성동,2589521,126.93014,37.46067,286016
202510,1162076500,미성동,1341134,126.91543,37.47594,449112
202510,1162077500,난곡동,1014887,126.92105,37.4705,302206
202510,1165051000,서초1동,1371823,127.02014,37.48696,1474139
202510,1165052000,서초2동,1234893,127.02791,37.48882,3691797
202510,1165053000,서초3동,3010786,127.00959,37.48543,2119268
202510,1165053100,서초4동,876369,127.01996,37.49899,402524
202510,1165054000,잠원동,1837867,127.01304,37.51764,478788
202510,1165055000,반포본동,1539963,126.98648,37.50629,111097
202510,1165056000,반포1동,1009783,127.01663,37.50551,642369
202510,1165057000,반포2동,1242525,126.9957,37.50638,373572
202510,1165058000,반포3동,1309158,127.00359,37.51241,420605
202510,1165058100,반포4동,1458521,127.00329,37.49958,3055625
202510,1165059000,방배본동,659648,126.98777,37.49495,203121
202510,1165060000,방배1동,698070,126.9963,37.48491,622753
202510,1165061000,방배2동,1934493,126.98849,37.47301,274369
202510,1165062000,방배3동,2412263,126.9979,37.47432,737936
202510,1165062100,방배4동,941537,126.99099,37.48982,283084
202510,1165065100,양재1동,5738915,127.02253,37.46956,2352781
202510,1165065200,양재2동,7433699,127.04591,37.45115,790545
202510,1165066000,내곡동,13138298,127.07055,37.45652,339413
202510,1168051000,신사동,1741768,127.0214,37.52572,340533
202510,1168052100,논현1동,1246164,127.0265,37.51191,2943378
202510,1168053100,논현2동,1440614,127.03622,37.51521,1499244
202510,1168054500,압구정동,2512082,127.03348,37.53027,1850786
202510,1168056500,청담동,2355811,127.0505,37.52454,549441
202510,1168058000,삼성1동,1925054,127.06063,37.5154,1689487
202510,1168059000,삼성2동,1258529,127.04876,37.51184,929485
202510,1168060000,대치1동,807837,127.05897,37.49339,420002
202510,1168061000,대치2동,2060695,127.06642,37.50058,2332886
202510,1168063000,대치4동,703180,127.0549,37.50166,2013327
202510,1168064000,역삼1동,2366859,127.03549,37.50089,4253016
202510,1168065000,역삼2동,1123383,127.04489,37.4985,501707
202510,1168065500,도곡1동,1010321,127.04098,37.48905,667017
202510,1168065600,도곡2동,1031472,127.04965,37.48821,876789
202510,1168066000,개포1동,1741195,127.06471,37.47928,165182
202510,1168067000,개포2동,1586586,127.06763,37.48648,497356
202510,1168067500,개포3동,848662,126.85241,37.48684,400891
202510,1168069000,개포4동,1583608,127.05324,37.47555,212295
202510,1168070000,세곡동,5912729,127.10435,37.47107,487635
202510,1168072000,일원본동,2426105,127.08467,37.48237,534739
202510,1168073000,일원1동,946206,127.08925,37.49339,94279
202510,1168075000,수서동,1624149,127.10057,37.48684,1437553
202510,1171051000,풍납1동,1057854,127.1143,37.53824,120514
202510,1171052000,풍납2동,1992907,127.11013,37.52985,175910
202510,1171053100,거여1동,506282,127.14168,37.49439,365480
202510,1171053200,거여2동,505978,127.14717,37.49238,97640
202510,1171054000,마천1동,519561,127.15572,37.49478,289496
202510,1171055000,마천2동,958068,127.15146,37.50033,182514
202510,1171056100,방이1동,585493,127.12232,37.50977,314648
202510,1171056200,방이2동,767575,127.11383,37.51325,379828
202510,1171056600,오륜동,3138116,127.12851,37.51766,738103
202510,1171057000,오금동,1733642,127.1344,37.50399,586444
202510,1171058000,송파1동,696743,127.11032,37.50717,538355
202510,1171059000,송파2동,599279,127.11683,37.50284,67647
202510,1171060000,석촌동,932452,127.10246,37.50272,809697
202510,1171061000,삼전동,990522,127.09191,37.50172,213109
202510,1171062000,가락본동,1049756,127.12164,37.49722,279225
202510,1171063100,가락1동,1368008,127.10824,37.49533,963942
202510,1171063200,가락2동,941692,127.13064,37.49586,570104
202510,1171064100,문정1동,667814,127.12686,37.48817,138493
202510,1171064200,문정2동,2357239,127.11914,37.48069,1100543
202510,1171064600,장지동,1221454,127.13163,37.48279,783515
202510,1171064700,위례동,2608006,127.14124,37.48166,415092
202510,1171065000,잠실본동,1140205,127.08229,37.50551,544064
202510,1171067000,잠실2동,2877277,127.07882,37.51772,791643
202510,1171068000,잠실3동,1514431,127.09432,37.51364,522855
202510,1171069000,잠실4동,840215,127.10815,37.52125,673533
202510,1171071000,잠실6동,1398484,127.09998,37.51907,3395137
202510,1171072000,잠실7동,680575,127.0741,37.50748,620636
202510,1174051500,강일동,3653950,127.17402,37.56389,282314
202510,1174052500,상일제1동,1781219,127.16484,37.55074,708346
202510,1174052600,상일제2동,1090000,127.17784,37.55674,64836
202510,1174053000,명일제1동,621207,127.14594,37.55037,427036
202510,1174054000,명일제2동,937505,127.1542,37.54829,434490
202510,1174055000,고덕제1동,1905349,127.15031,37.56335,111558
202510,1174056000,고덕제2동,2415151,127.16164,37.56586,239457
202510,1174057000,암사제1동,730232,127.13459,37.55186,91585
202510,1174058000,암사제2동,2442627,127.12324,37.55738,496062
202510,1174059000,암사제3동,1853001,127.13851,37.5615,277202
202510,1174060000,천호제1동,685407,127.13858,37.54632,385788
202510,1174061000,천호제2동,1828587,127.12228,37.54469,297132
202510,1174062000,천호제3동,538847,127.1332,37.53965,143672
202510,1174064000,성내제1동,661583,127.12552,37.52876,444857
202510,1174065000,성내제2동,626571,127.12774,37.53436,1782180
202510,1174066000,성내제3동,642074,127.1338,37.5284,140606
202510,1174068500,길동,1601118,127.14591,37.53973,560200
202510,1174069000,둔촌제1동,896155,127.14043,37.52315,570538
202510,1174070000,둔촌제2동,1594005,127.14741,37.53151,549149
202511,1111051500,청운효자동,2438307,126.97042,37.58466,254799
202511,1111053000,사직동,1165780,126.97014,37.57411,2815215
202511,1111054000,삼청동,1361445,126.98111,37.58801,143890
202511,1111055000,부암동,2202073,126.96256,37.5967,337847
202511,1111056000,평창동,9017316,126.96927,37.61396,270302
202511,1111057000,무악동,467575,126.95899,37.57774,62174
202511,1111058000,교남동,345990,126.96416,37.57105,310995
202511,1111060000,가회동,605383,126.98662,37.58268,69160
202511,1111061500,종로1.2.3.4가동,2394166,126.98973,37.57508,5721410
202511,1111063000,종로5.6가동,633463,127.00424,37.57302,2061295
202511,1111064000,이화동,755902,127.00307,37.57969,1702036
202511,1111065000,혜화동,1164691,126.99769,37.58747,631839
202511,1111067000,창신제1동,313832,127.01402,37.57226,315167
202511,1111068000,창신제2동,249894,127.01025,37.57575,5797
202511,1111069000,창신제3동,220395,127.01321,37.57882,152088
202511,1111070000,숭인제1동,237128,127.01686,37.57723,205225
202511,1111071000,숭인제2동,321465,127.02064,37.57431,812519
202511,1114052000,소공동,935656,126.97436,37.5643,2659838
202511,1114054000,회현동,892974,126.97671,37.55697,6199382
202511,1114055000,명동,1006850,126.98436,37.56373,3452405
202511,1114057000,필동,1478522,126.99385,37.5568,1196750
202511,1114058000,장충동,1003083,127.00228,37.55561,574517
202511,1114059000,광희동,752739,127.00363,37.5652,1621411
202511,1114060500,을지로동,599530,126.99649,37.56664,1905814
202511,1114061500,신당동,541354,127.01377,37.56575,841941
202511,1114062500,다산동,546686,127.00826,37.5547,116034
202511,1114063500,약수동,511938,127.01024,37.54984,691376
202511,1114064500,청구동,330066,127.01499,37.55686,77603
202511,1114065000,신당제5동,315652,127.02202,37.56358,187982
202511,1114066500,동화동,344934,127.01867,37.56059,253821
202511,1114067000,황학동,314878,127.0208,37.56842,126047
202511,1114068000,중림동,492309,126.96596,37.55732,141386
202511,1117051000,후암동,865282,126.98059,37.54994,210514
202511,1117052000,용산2가동,2045385,126.98353,37.54024,681200
202511,1117053000,남영동,751924,126.97351,37.54511,1314482
202511,1117055500,청파동,854585,126.96717,37.54786,251068
202511,1117056000,원효로제1동,563923,126.96656,37.53747,277840
202511,1117057000,원효로제2동,943601,126.95139,37.5331,173244
202511,1117058000,효창동,502716,126.96131,37.54305,450619
202511,1117059000,용문동,268086,126.95858,37.53815,90194
202511,1117062500,한강로동,2632658,126.96786,37.52918,3284828
202511,1117063000,이촌제1동,2128932,126.97096,37.51728,209423
202511,1117064000,이촌제2동,1203554,126.95394,37.52333,94950
202511,1117065000,이태원제1동,533547,126.99325,37.53339,602745
202511,1117066000,이태원제2동,891712,126.99213,37.54166,136840
202511,1117068500,한남동,3194899,127.0058,37.5371,1181485
202511,1117069000,서빙고동,2917053,126.98838,37.52247,278498
202511,1117070000,보광동,872912,127.00126,37.52587,106001
202511,1120052000,왕십리제2동,334371,127.02769,37.5615,559932
202511,1120053500,왕십리도선동,721844,127.02957,37.56679,243457
202511,1120054000,마장동,1127258,127.04049,37.56764,360320
202511,1120055000,사근동,1154150,127.04543,37.55801,686368
202511,1120056000,행당제1동,566619,127.03606,37.55902,1380513
202511,1120057000,행당제2동,479532,127.0295,37.55668,404735
202511,1120058000,응봉동,563044,127.03398,37.55099,145870
202511,1120059000,금호1가동,407653,127.02506,37.55367,309229
202511,1120061500,금호2.3가동,665732,127.01989,37.55143,153117
202511,1120062000,금호4가동,930024,127.0246,37.54459,476597
202511,1120064500,옥수동,1250869,127.01618,37.54197,504766
202511,1120065000,성수1가제1동,2238042,127.04104,37.54042,412234
202511,1120066000,성수1가제2동,977066,127.04395,37.54907,881713
202511,1120067000,성수2가제1동,1150487,127.05528,37.53666,196169
202511,1120069000,성수2가제3동,1046168,127.05814,37.54554,1862453
202511,1120072000,송정동,587634,127.0657,37.55233,89936
202511,1120079000,용답동,2372731,127.05785,37.55854,1336205
202511,1121571000,화양동,1178002,127.07346,37.54327,2017613
202511,1121573000,군자동,734486,127.07368,37.55307,312160
202511,1121574000,중곡제1동,590812,127.07772,37.56204,146845
202511,1121575000,중곡제2동,544506,127.08459,37.55891,180143
202511,1121576000,중곡제3동,602735,127.08197,37.56785,480533
202511,1121577000,중곡제4동,2284644,127.09445,37.56391,109051
202511,1121578000,능동,1083377,127.08165,37.55066,1577624
202511,1121581000,광장동,2755836,127.10487,37.54828,534877
202511,1121582000,자양제1동,565020,127.08042,37.53554,179734
202511,1121583000,자양제2동,1631119,127.08325,37.52933,227185
202511,1121584000,자양제3동,1134722,127.0712,37.53169,201365
202511,1121584700,자양제4동,1155166,127.06377,37.53389,473781
202511,1121585000,구의제1동,552319,127.08603,37.54149,1068701
202511,1121586000,구의제2동,1380731,127.09445,37.551,711758
202511,1121587000,구의제3동,1450497,127.09524,37.53509,1056397
202511,1123053600,용신동,1573645,127.03229,37.57562,2272852
202511,1123054500,제기동,1181233,127.03724,37.58368,997675
202511,1123056000,전농제1동,1170148,127.05105,37.57901,1773754
202511,1123057000,전농제2동,995125,127.06114,37.58072,281908
202511,1123060000,답십리제1동,798544,127.0517,37.57094,232042
202511,1123061000,답십리제2동,824988,127.06111,37.57089,328674
202511,1123065000,장안제1동,1365375,127.06859,37.56623,599560
202511,1123066000,장안제2동,1132972,127.07254,37.57576,458393
202511,1123070500,청량리동,1176505,127.04512,37.58894,415644
202511,1123071000,회기동,803887,127.05141,37.5937,267870
202511,1123072000,휘경제1동,510437,127.06247,37.59187,1015203
202511,1123073000,휘경제2동,1195510,127.06644,37.58651,375954
202511,1123074000,이문제1동,1005087,127.06029,37.59722,546477
202511,1123075000,이문제2동,805192,127.06749,37.60283,283768
202511,1126052000,면목제2동,744933,127.07814,37.58938,203508
202511,1126054000,면목제4동,849250,127.08647,37.57348,324896
202511,1126055000,면목제5동,590803,127.07967,37.58297,141585
202511,1126056500,면목본동,827948,127.08953,37.58834,854700
202511,1126057000,면목제7동,1180742,127.09269,37.57729,194237
202511,1126057500,면목제3.8동,1400985,127.09738,37.5846,813819
202511,1126058000,상봉제1동,861947,127.08947,37.60203,198917
202511,1126059000,상봉제2동,655590,127.0839,37.59425,1191866
202511,1126060000,중화제1동,669339,127.08315,37.60229,106722
202511,1126061000,중화제2동,957879,127.07521,37.59872,763110
202511,1126062000,묵제1동,1207708,127.08245,37.61374,225604
202511,1126063000,묵제2동,668183,127.07467,37.61037,405783
202511,1126065500,망우본동,2948005,127.10754,37.60199,615211
202511,1126066000,망우제3동,991213,127.10294,37.59181,140532
202511,1126068000,신내1동,2490403,127.10451,37.6128,718228
202511,1126069000,신내2동,935095,127.09162,37.61095,299644
202511,1129052500,성북동,2416176,126.99615,37.59587,466714
202511,1129055500,삼선동,912074,127.0118,37.58662,1999301
202511,1129057500,동선동,731808,127.01843,37.59374,568321
202511,1129058000,돈암제1동,461014,127.02404,37.59933,428311
202511,1129059000,돈암제2동,523725,127.01163,37.59728,163200
202511,1129060000,안암동,1274562,127.02731,37.58725,762408
202511,1129061000,보문동,589971,127.01922,37.5826,524146
202511,1129062000,정릉제1동,389711,127.01665,37.60326,430304
202511,1129063000,정릉제2동,1126034,127.00812,37.60379,323162
202511,1129064000,정릉제3동,3357947,126.99377,37.61226,324140
202511,1129065000,정릉제4동,3712601,126.99518,37.62351,665222
202511,1129066000,길음제1동,818440,127.01974,37.60811,1163091
202511,1129068500,길음제2동,616132,127.02723,37.60797,324198
202511,1129070500,종암동,1520021,127.03337,37.59725,588836
202511,1129071500,월곡제1동,764805,127.03645,37.60788,333580
202511,1129072500,월곡제2동,1334181,127.04519,37.6033,753022
202511,1129076000,장위제1동,724308,127.04426,37.61494,256548
202511,1129077000,장위제2동,665829,127.05173,37.61222,540239
202511,1129078000,장위제3동,682909,127.05349,37.61818,199411
202511,1129081000,석관동,1731086,127.06134,37.60826,910106
202511,1130553400,삼양동,951708,127.01468,37.62379,519958
202511,1130553500,미아동,853875,127.02629,37.6287,818231
202511,1130554500,송중동,1061923,127.03292,37.6177,955131
202511,1130555500,송천동,939469,127.02487,37.61822,1210539
202511,1130557500,삼각산동,586701,127.01683,37.61713,240454
202511,1130559500,번1동,595659,127.03054,37.63763,1674394
202511,1130560300,번2동,1012328,127.03479,37.62952,259232
202511,1130560800,번3동,1091074,127.04234,37.62378,209740
202511,1130561500,수유1동,1728230,127.00884,37.62993,493697
202511,1130562500,수유2동,606037,127.0195,37.6454,350808
202511,1130563500,수유3동,730661,127.02355,37.64046,630886
202511,1130564500,우이동,10697189,127.00032,37.66035,648240
202511,1130566000,인수동,2860095,127.00396,37.63764,270826
202511,1132051100,창제1동,1093061,127.04356,37.64714,1316757
202511,1132051200,창제2동,682713,127.03682,37.64263,217419
202511,1132051300,창제3동,637773,127.04163,37.63736,162962
202511,1132051400,창제4동,1114658,127.05093,37.65258,337974
202511,1132051500,창제5동,690264,127.04277,37.65536,1013277
202511,1132052100,도봉제1동,8508462,127.02679,37.68508,325499
202511,1132052200,도봉제2동,1195130,127.04779,37.68119,704975
202511,1132066000,쌍문제1동,1160994,127.01951,37.65303,247678
202511,1132067000,쌍문제2동,531978,127.037,37.65706,277863
202511,1132068000,쌍문제3동,499481,127.03059,37.64769,234189
202511,1132068100,쌍문제4동,577003,127.03041,37.65555,188760
202511,1132069000,방학제1동,1060647,127.04352,37.66503,483486
202511,1132070000,방학제2동,1108653,127.03226,37.66915,134249
202511,1132071000,방학제3동,1860513,127.02347,37.6628,245541
202511,1135056000,월계1동,1178816,127.0586,37.62181,376033
202511,1135057000,월계2동,1991879,127.05121,37.63407,356816
202511,1135058000,월계3동,1167762,127.06489,37.62466,381387
202511,1135059500,공릉1동,1208569,127.07277,37.62412,1109991
202511,1135060000,공릉2동,7264834,127.09423,37.63161,743519
202511,1135061100,하계1동,1441008,127.07481,37.63862,325875
202511,1135061200,하계2동,505737,127.06482,37.63484,723984
202511,1135061900,중계본동,2061637,127.08576,37.64814,257110
202511,1135062100,중계1동,608503,127.0735,37.65002,190824
202511,1135062400,중계4동,1457885,127.08224,37.65885,185269
202511,1135062500,중계2.3동,946538,127.06589,37.64334,731422
202511,1135063000,상계1동,5016467,127.06533,37.68327,593712
202511,1135064000,상계2동,591000,127.06727,37.65649,1589321
202511,1135066500,상계3.4동,5783082,127.08327,37.67515,357860
202511,1135067000,상계5동,492170,127.0696,37.66322,739067
202511,1135069500,상계6.7동,1425634,127.06009,37.64875,371457
202511,1135070000,상계8동,661888,127.05365,37.66629,467491
202511,1135071000,상계9동,837674,127.0625,37.66807,108224
202511,1135072000,상계10동,828158,127.0584,37.65964,206214
202511,1138051000,녹번동,1915175,126.93505,37.60542,966879
202511,1138052000,불광제1동,3346747,126.93927,37.61731,572472
202511,1138053000,불광제2동,1338273,126.92865,37.62437,330464
202511,1138055100,갈현제1동,953450,126.91489,37.62535,1280034
202511,1138055200,갈현제2동,1053392,126.91212,37.61828,532579
202511,1138056000,구산동,1352647,126.90765,37.61106,282668
202511,1138057000,대조동,871085,126.9231,37.61228,1230879
202511,1138058000,응암제1동,1160262,126.9269,37.59826,513525
202511,1138059000,응암제2동,746941,126.92302,37.59189,191444
202511,1138060000,응암제3동,733293,126.91775,37.58865,362856
202511,1138062500,역촌동,1087046,126.91453,37.60457,447935
202511,1138063100,신사제1동,830268,126.90884,37.59899,802327
202511,1138063200,신사제2동,1041042,126.90629,37.59289,553222
202511,1138064000,증산동,919884,126.90581,37.58378,530290
202511,1138065000,수색동,1140125,126.8949,37.58577,293374
202511,1138069000,진관동,12911565,126.94052,37.63928,1384354
202511,1141052000,천연동,893844,126.95714,37.57121,580316
202511,1141055500,북아현동,444705,126.95552,37.55925,216074
202511,1141056500,충현동,1136892,126.9581,37.56391,1426706
202511,1141058500,신촌동,2566839,126.94106,37.56364,2694893
202511,1141061500,연희동,2825921,126.93273,37.57201,921259
202511,1141062000,홍제제1동,1561215,126.9452,37.58154,1229053
202511,1141064000,홍제제3동,1031592,126.95116,37.59202,297671
202511,1141065500,홍제제2동,712529,126.95253,37.58455,172254
202511,1141066000,홍은제1동,1550491,126.94703,37.59998,224947
202511,1141068500,홍은제2동,2048086,126.93217,37.58699,677850
202511,1141069000,남가좌제1동,447138,126.9162,37.57169,401658
202511,1141070000,남가좌제2동,812456,126.92133,37.57762,410170
202511,1141071000,북가좌제1동,581080,126.908,37.57527,176767
202511,1141072000,북가좌제2동,795331,126.9135,37.581,320860
202511,1144055500,아현동,731252,126.95284,37.55193,909320
202511,1144056500,공덕동,1002153,126.95779,37.54912,1597543
202511,1144058500,도화동,860064,126.94681,37.53704,244041
202511,1144059000,용강동,956700,126.94127,37.54059,580817
202511,1144060000,대흥동,836007,126.9414,37.55212,1435461
202511,1144061000,염리동,539922,126.94755,37.54982,123524
202511,1144063000,신수동,1118424,126.93364,37.54363,58285
202511,1144065500,서강동,1715559,126.92516,37.54595,816164
202511,1144066000,서교동,1647625,126.92094,37.55477,6568443
202511,1144068000,합정동,1753036,126.90884,37.54687,206616
202511,1144069000,망원제1동,1124872,126.90021,37.55275,202542
202511,1144070000,망원제2동,1208058,126.89568,37.55712,145072
202511,1144071000,연남동,647383,126.92154,37.56303,239969
202511,1144072000,성산제1동,864039,126.91185,37.56198,237352
202511,1144073000,성산제2동,1963168,126.90204,37.56811,1017555
202511,1144074000,상암동,7678191,126.88086,37.57179,1747858
202511,1147051000,목1동,1564660,126.8751,37.52744,1742461
202511,1147052000,목2동,1054247,126.8741,37.54359,869265
202511,1147053000,목3동,500764,126.86541,37.5452,652267
202511,1147054000,목4동,561686,126.8669,37.53544,270964
202511,1147055000,목5동,2069098,126.88103,37.53631,455347
202511,1147056000,신월1동,630072,126.83453,37.53127,124694
202511,1147057000,신월2동,614213,126.84633,37.5234,206577
202511,1147058000,신월3동,926653,126.82747,37.53236,99748
202511,1147059000,신월4동,454712,126.83982,37.52225,169805
202511,1147060000,신월5동,515356,126.8299,37.54004,121084
202511,1147061000,신월6동,473483,126.84213,37.51597,152009
202511,1147061100,신월7동,900522,126.83234,37.52066,172718
202511,1147062000,신정1동,739881,126.85963,37.51888,178296
202511,1147063000,신정2동,648695,126.87518,37.51895,94726
202511,1147064000,신정3동,3169421,126.8394,37.51178,818245
202511,1147065000,신정4동,996239,126.85757,37.52541,864622
202511,1147067000,신정6동,926759,126.86964,37.51591,166950
202511,1147068000,신정7동,1143920,126.86468,37.51012,366352
202511,1150051000,염창동,2389890,126.87543,37.55321,395761
202511,1150052000,등촌제1동,658950,126.85963,37.55586,462910
202511,1150053000,등촌제2동,895367,126.86003,37.54574,226910
202511,1150053500,등촌제3동,1042691,126.84634,37.56105,1024148
202511,1150054000,화곡제1동,1192600,126.84094,37.53378,2231373
202511,1150055000,화곡제2동,456930,126.85437,37.53228,142742
202511,1150056000,화곡제3동,526606,126.83427,37.54406,126156
202511,1150057000,화곡제4동,855978,126.85858,37.5361,155550
202511,1150059000,화곡본동,982074,126.84816,37.54257,261140
202511,1150059100,화곡제6동,1062894,126.85117,37.55172,439726
202511,1150059300,화곡제8동,575541,126.84863,37.53422,244358
202511,1150060300,가양제1동,5543738,126.83435,37.5731,1621003
202511,1150060400,가양제2동,1012806,126.85401,37.56866,68338
202511,1150060500,가양제3동,932533,126.8623,37.56268,60262
202511,1150061100,발산제1동,2963745,126.82558,37.55045,755786
202511,1150061500,우장산동,1245257,126.84102,37.55057,1057548
202511,1150062000,공항동,11581226,126.79496,37.55649,491024
202511,1150063000,방화제1동,1487371,126.81755,37.56864,782337
202511,1150064000,방화제2동,5640487,126.80451,37.5838,1415891
202511,1150064100,방화제3동,1979329,126.81553,37.58158,251473
202511,1153051000,신도림동,1376469,126.88285,37.50973,2078206
202511,1153052000,구로제1동,1083279,126.87546,37.49303,112983
202511,1153053000,구로제2동,1809928,126.87949,37.49745,828543
202511,1153054000,구로제3동,1043117,126.89498,37.48488,2652250
202511,1153055000,구로제4동,516496,126.8902,37.49154,230005
202511,1153056000,구로제5동,1023242,126.88848,37.50203,712272
202511,1153059500,가리봉동,408284,126.88826,37.48256,220028
202511,1153072000,고척제1동,1132884,126.8634,37.50066,403826
202511,1153073000,고척제2동,997120,126.85331,37.50585,285263
202511,1153074000,개봉제1동,1126936,126.84988,37.49988,960905
202511,1153075000,개봉제2동,815642,126.85636,37.49273,339561
202511,1153076000,개봉제3동,848662,126.85241,37.48684,128155
202511,1153077000,오류제1동,747283,126.84163,37.49696,424079
202511,1153078000,오류제2동,3081182,126.83837,37.48526,623478
202511,1153079000,수궁동,2630691,126.82607,37.49828,766436
202511,1153080000,항동,1431213,126.82449,37.48103,99233
202511,1154551000,가산동,2244201,126.88434,37.47684,2407772
202511,1154561000,독산제1동,1964400,126.89272,37.4642,743496
202511,1154562000,독산제2동,616195,126.90255,37.46383,290049
202511,1154563000,독산제3동,945991,126.90459,37.47593,450131
202511,1154564000,독산제4동,619603,126.90405,37.46922,320873
202511,1154567000,시흥제1동,1476950,126.90015,37.45289,704924
202511,1154568000,시흥제2동,1180173,126.92007,37.45059,171582
202511,1154569000,시흥제3동,1335878,126.90593,37.44028,99005
202511,1154570000,시흥제4동,771262,126.90911,37.46008,212825
202511,1154571000,시흥제5동,1426902,126.91243,37.44875,331790
202511,1156051500,영등포본동,808233,126.9097,37.51372,843511
202511,1156053500,영등포동,1415805,126.90784,37.52152,1503078
202511,1156054000,여의동,6656365,126.92757,37.52749,4377229
202511,1156055000,당산제1동,743499,126.89685,37.52393,1075071
202511,1156056000,당산제2동,1564124,126.90391,37.53298,1652963
202511,1156058500,도림동,549811,126.90124,37.50928,165099
202511,1156060500,문래동,1742935,126.89147,37.51638,1029160
202511,1156061000,양평제1동,864764,126.88707,37.52507,404754
202511,1156062000,양평제2동,1892053,126.89418,37.5406,556508
202511,1156063000,신길제1동,811808,126.91951,37.51234,598286
202511,1156065000,신길제3동,480412,126.90589,37.50645,193588
202511,1156066000,신길제4동,288284,126.91292,37.50728,134163
202511,1156067000,신길제5동,530930,126.90555,37.50112,120167
202511,1156068000,신길제6동,679799,126.91354,37.49916,584194
202511,1156069000,신길제7동,548054,126.9198,37.5058,607223
202511,1156070000,대림제1동,481705,126.90526,37.49377,180183
202511,1156071000,대림제2동,578880,126.90064,37.48963,154696
202511,1156072000,대림제3동,937514,126.89727,37.49987,1223584
202511,1159051000,노량진제1동,1878710,126.94915,37.51303,1980274
202511,1159052000,노량진제2동,661468,126.938,37.51093,441331
202511,1159053000,상도제1동,1431135,126.95347,37.49833,1819805
202511,1159054000,상도제2동,776948,126.94206,37.50367,655363
202511,1159055000,상도제3동,673241,126.93335,37.49723,271343
202511,1159056000,상도제4동,968511,126.94076,37.49743,218914
202511,1159060500,흑석동,2097147,126.96376,37.5063,916055
202511,1159062000,사당제1동,632726,126.97741,37.47972,280161
202511,1159063000,사당제2동,3039007,126.97519,37.49823,1608198
202511,1159064000,사당제3동,894355,126.97086,37.48881,204299
202511,1159065000,사당제4동,427255,126.97077,37.48059,367338
202511,1159065100,사당제5동,661737,126.96504,37.4858,128550
202511,1159066000,대방동,1587711,126.92803,37.50711,1397583
202511,1159067000,신대방제1동,684048,126.91071,37.48995,194927
202511,1159068000,신대방제2동,1033193,126.92153,37.49431,603807
202511,1162052500,보라매동,762164,126.93259,37.49036,390942
202511,1162054500,청림동,316540,126.95957,37.48941,119324
202511,1162056500,성현동,686448,126.95117,37.48951,296995
202511,1162057500,행운동,723778,126.96062,37.4809,472662
202511,1162058500,낙성대동,2342295,126.96005,37.46723,527435
202511,1162059500,청룡동,1217892,126.94588,37.47805,2623123
202511,1162060500,은천동,734719,126.94221,37.48682,439734
202511,1162061500,중앙동,380017,126.95062,37.48412,288106
202511,1162062500,인헌동,706179,126.96662,37.47208,1038314
202511,1162063000,남현동,4235911,126.97664,37.46247,2313421
202511,1162064500,서원동,631090,126.93344,37.4806,2433777
202511,1162065500,신원동,576667,126.9267,37.4793,81020
202511,1162066500,서림동,762657,126.93921,37.47355,575412
202511,1162068500,신사동,605859,126.91875,37.48563,896624
202511,1162069500,신림동,507637,126.92761,37.4869,707889
202511,1162071500,난향동,800353,126.91827,37.46159,167045
202511,1162072500,조원동,648305,126.90753,37.48294,790764
202511,1162073500,대학동,8316533,126.94848,37.45347,925863
202511,1162074500,삼성동,2589521,126.93014,37.46067,295350
202511,1162076500,미성동,1341134,126.91543,37.47594,465046
202511,1162077500,난곡동,1014887,126.92105,37.4705,310182
202511,1165051000,서초1동,1371823,127.02014,37.48696,1634329
202511,1165052000,서초2동,1234893,127.02791,37.48882,4024556
202511,1165053000,서초3동,3010786,127.00959,37.48543,2314496
202511,1165053100,서초4동,876369,127.01996,37.49899,425498
202511,1165054000,잠원동,1837867,127.01304,37.51764,510554
202511,1165055000,반포본동,1539963,126.98648,37.50629,124089
202511,1165056000,반포1동,1009783,127.01663,37.50551,686261
202511,1165057000,반포2동,1242525,126.9957,37.50638,380451
202511,1165058000,반포3동,1309158,127.00359,37.51241,421163
202511,1165058100,반포4동,1458521,127.00329,37.49958,3176461
202511,1165059000,방배본동,659648,126.98777,37.49495,215656
202511,1165060000,방배1동,698070,126.9963,37.48491,675282
202511,1165061000,방배2동,1934493,126.98849,37.47301,288596
202511,1165062000,방배3동,2412263,126.9979,37.47432,808658
202511,1165062100,방배4동,941537,126.99099,37.48982,295428
202511,1165065100,양재1동,5738915,127.02253,37.46956,2608311
202511,1165065200,양재2동,7433699,127.04591,37.45115,859251
202511,1165066000,내곡동,13138298,127.07055,37.45652,365042
202511,1168051000,신사동,1741768,127.0214,37.52572,357741
202511,1168052100,논현1동,1246164,127.0265,37.51191,3215713
202511,1168053100,논현2동,1440614,127.03622,37.51521,1657496
202511,1168054500,압구정동,2512082,127.03348,37.53027,1987045
202511,1168056500,청담동,2355811,127.0505,37.52454,591800
202511,1168058000,삼성1동,1925054,127.06063,37.5154,1878832
202511,1168059000,삼성2동,1258529,127.04876,37.51184,1022588
202511,1168060000,대치1동,807837,127.05897,37.49339,440786
202511,1168061000,대치2동,2060695,127.06642,37.50058,2635265
202511,1168063000,대치4동,703180,127.0549,37.50166,2212734
202511,1168064000,역삼1동,2366859,127.03549,37.50089,4639824
202511,1168065000,역삼2동,1123383,127.04489,37.4985,535434
202511,1168065500,도곡1동,1010321,127.04098,37.48905,718870
202511,1168065600,도곡2동,1031472,127.04965,37.48821,948934
202511,1168066000,개포1동,1741195,127.06471,37.47928,176431
202511,1168067000,개포2동,1586586,127.06763,37.48648,531429
202511,1168067500,개포3동,848662,126.85241,37.48684,433905
202511,1168069000,개포4동,1583608,127.05324,37.47555,225003
202511,1168070000,세곡동,5912729,127.10435,37.47107,521915
202511,1168072000,일원본동,2426105,127.08467,37.48237,584611
202511,1168073000,일원1동,946206,127.08925,37.49339,99172
202511,1168075000,수서동,1624149,127.10057,37.48684,1548092
202511,1171051000,풍납1동,1057854,127.1143,37.53824,126822
202511,1171052000,풍납2동,1992907,127.11013,37.52985,188236
202511,1171053100,거여1동,506282,127.14168,37.49439,390031
202511,1171053200,거여2동,505978,127.14717,37.49238,102373
202511,1171054000,마천1동,519561,127.15572,37.49478,306561
202511,1171055000,마천2동,958068,127.15146,37.50033,186987
202511,1171056100,방이1동,585493,127.12232,37.50977,344260
202511,1171056200,방이2동,767575,127.11383,37.51325,402470
202511,1171056600,오륜동,3138116,127.12851,37.51766,794295
202511,1171057000,오금동,1733642,127.1344,37.50399,626986
202511,1171058000,송파1동,696743,127.11032,37.50717,575477
202511,1171059000,송파2동,599279,127.11683,37.50284,71744
202511,1171060000,석촌동,932452,127.10246,37.50272,865976
202511,1171061000,삼전동,990522,127.09191,37.50172,222748
202511,1171062000,가락본동,1049756,127.12164,37.49722,294819
202511,1171063100,가락1동,1368008,127.10824,37.49533,1043962
202511,1171063200,가락2동,941692,127.13064,37.49586,605463
202511,1171064100,문정1동,667814,127.12686,37.48817,145927
202511,1171064200,문정2동,2357239,127.11914,37.48069,1208120
202511,1171064600,장지동,1221454,127.13163,37.48279,840570
202511,1171064700,위례동,2608006,127.14124,37.48166,448312
202511,1171065000,잠실본동,1140205,127.08229,37.50551,574254
202511,1171067000,잠실2동,2877277,127.07882,37.51772,844227
202511,1171068000,잠실3동,1514431,127.09432,37.51364,544457
202511,1171069000,잠실4동,840215,127.10815,37.52125,735321
202511,1171071000,잠실6동,1398484,127.09998,37.51907,3564531
202511,1171072000,잠실7동,680575,127.0741,37.50748,646101
202511,1174051500,강일동,3653950,127.17402,37.56389,292593
202511,1174052500,상일제1동,1781219,127.16484,37.55074,760611
202511,1174052600,상일제2동,1090000,127.17784,37.55674,69448
202511,1174053000,명일제1동,621207,127.14594,37.55037,447724
202511,1174054000,명일제2동,937505,127.1542,37.54829,467544
202511,1174055000,고덕제1동,1905349,127.15031,37.56335,115897
202511,1174056000,고덕제2동,2415151,127.16164,37.56586,248753
202511,1174057000,암사제1동,730232,127.13459,37.55186,90086
202511,1174058000,암사제2동,2442627,127.12324,37.55738,514765
202511,1174059000,암사제3동,1853001,127.13851,37.5615,286736
202511,1174060000,천호제1동,685407,127.13858,37.54632,402981
202511,1174061000,천호제2동,1828587,127.12228,37.54469,304291
202511,1174062000,천호제3동,538847,127.1332,37.53965,148259
202511,1174064000,성내제1동,661583,127.12552,37.52876,476714
202511,1174065000,성내제2동,626571,127.12774,37.53436,1897613
202511,1174066000,성내제3동,642074,127.1338,37.5284,147179
202511,1174068500,길동,1601118,127.14591,37.53973,582582
202511,1174069000,둔촌제1동,896155,127.14043,37.52315,617225
202511,1174070000,둔촌제2동,1594005,127.14741,37.53151,589834
202512,1111051500,청운효자동,2438307,126.97042,37.58466,242379
202512,1111053000,사직동,1165780,126.97014,37.57411,2917510
202512,1111054000,삼청동,1361445,126.98111,37.58801,133607
202512,1111055000,부암동,2202073,126.96256,37.5967,288614
202512,1111056000,평창동,9017316,126.96927,37.61396,263864
202512,1111057000,무악동,467575,126.95899,37.57774,61516
202512,1111058000,교남동,345990,126.96416,37.57105,315952
202512,1111060000,가회동,605383,126.98662,37.58268,71051
202512,1111061500,종로1.2.3.4가동,2394166,126.98973,37.57508,5970241
202512,1111063000,종로5.6가동,633463,127.00424,37.57302,2115495
202512,1111064000,이화동,755902,127.00307,37.57969,1728829
202512,1111065000,혜화동,1164691,126.99769,37.58747,624372
202512,1111067000,창신제1동,313832,127.01402,37.57226,324415
202512,1111068000,창신제2동,249894,127.01025,37.57575,4662
202512,1111069000,창신제3동,220395,127.01321,37.57882,153739
202512,1111070000,숭인제1동,237128,127.01686,37.57723,201582
202512,1111071000,숭인제2동,321465,127.02064,37.57431,782101
202512,1114052000,소공동,935656,126.97436,37.5643,2774773
202512,1114054000,회현동,892974,126.97671,37.55697,6337502
202512,1114055000,명동,1006850,126.98436,37.56373,3715715
202512,1114057000,필동,1478522,126.99385,37.5568,1143219
202512,1114058000,장충동,1003083,127.00228,37.55561,491738
202512,1114059000,광희동,752739,127.00363,37.5652,1699871
202512,1114060500,을지로동,599530,126.99649,37.56664,2050398
202512,1114061500,신당동,541354,127.01377,37.56575,915296
202512,1114062500,다산동,546686,127.00826,37.5547,120103
202512,1114063500,약수동,511938,127.01024,37.54984,713567
202512,1114064500,청구동,330066,127.01499,37.55686,78845
202512,1114065000,신당제5동,315652,127.02202,37.56358,194640
202512,1114066500,동화동,344934,127.01867,37.56059,262787
202512,1114067000,황학동,314878,127.0208,37.56842,129838
202512,1114068000,중림동,492309,126.96596,37.55732,143285
202512,1117051000,후암동,865282,126.98059,37.54994,193722
202512,1117052000,용산2가동,2045385,126.98353,37.54024,625746
202512,1117053000,남영동,751924,126.97351,37.54511,1322180
202512,1117055500,청파동,854585,126.96717,37.54786,245832
202512,1117056000,원효로제1동,563923,126.96656,37.53747,287030
202512,1117057000,원효로제2동,943601,126.95139,37.5331,181129
202512,1117058000,효창동,502716,126.96131,37.54305,440320
202512,1117059000,용문동,268086,126.95858,37.53815,93999
202512,1117062500,한강로동,2632658,126.96786,37.52918,3554739
202512,1117063000,이촌제1동,2128932,126.97096,37.51728,202100
202512,1117064000,이촌제2동,1203554,126.95394,37.52333,79710
202512,1117065000,이태원제1동,533547,126.99325,37.53339,605909
202512,1117066000,이태원제2동,891712,126.99213,37.54166,138854
202512,1117068500,한남동,3194899,127.0058,37.5371,1214400
202512,1117069000,서빙고동,2917053,126.98838,37.52247,280476
202512,1117070000,보광동,872912,127.00126,37.52587,107795
202512,1120052000,왕십리제2동,334371,127.02769,37.5615,590108
202512,1120053500,왕십리도선동,721844,127.02957,37.56679,254900
202512,1120054000,마장동,1127258,127.04049,37.56764,390760
202512,1120055000,사근동,1154150,127.04543,37.55801,642912
202512,1120056000,행당제1동,566619,127.03606,37.55902,1459834
202512,1120057000,행당제2동,479532,127.0295,37.55668,422931
202512,1120058000,응봉동,563044,127.03398,37.55099,151720
202512,1120059000,금호1가동,407653,127.02506,37.55367,320238
202512,1120061500,금호2.3가동,665732,127.01989,37.55143,160234
202512,1120062000,금호4가동,930024,127.0246,37.54459,490195
202512,1120064500,옥수동,1250869,127.01618,37.54197,518307
202512,1120065000,성수1가제1동,2238042,127.04104,37.54042,385758
202512,1120066000,성수1가제2동,977066,127.04395,37.54907,915008
202512,1120067000,성수2가제1동,1150487,127.05528,37.53666,206787
202512,1120069000,성수2가제3동,1046168,127.05814,37.54554,2028235
202512,1120072000,송정동,587634,127.0657,37.55233,95307
202512,1120079000,용답동,2372731,127.05785,37.55854,1404105
202512,1121571000,화양동,1178002,127.07346,37.54327,2147851
202512,1121573000,군자동,734486,127.07368,37.55307,327818
202512,1121574000,중곡제1동,590812,127.07772,37.56204,154738
202512,1121575000,중곡제2동,544506,127.08459,37.55891,186057
202512,1121576000,중곡제3동,602735,127.08197,37.56785,504701
202512,1121577000,중곡제4동,2284644,127.09445,37.56391,111989
202512,1121578000,능동,1083377,127.08165,37.55066,1586344
202512,1121581000,광장동,2755836,127.10487,37.54828,533566
202512,1121582000,자양제1동,565020,127.08042,37.53554,194928
202512,1121583000,자양제2동,1631119,127.08325,37.52933,243038
202512,1121584000,자양제3동,1134722,127.0712,37.53169,216100
202512,1121584700,자양제4동,1155166,127.06377,37.53389,474711
202512,1121585000,구의제1동,552319,127.08603,37.54149,1142632
202512,1121586000,구의제2동,1380731,127.09445,37.551,708160
202512,1121587000,구의제3동,1450497,127.09524,37.53509,1086973
202512,1123053600,용신동,1573645,127.03229,37.57562,2277641
202512,1123054500,제기동,1181233,127.03724,37.58368,968057
202512,1123056000,전농제1동,1170148,127.05105,37.57901,1838727
202512,1123057000,전농제2동,995125,127.06114,37.58072,293167
202512,1123060000,답십리제1동,798544,127.0517,37.57094,244750
202512,1123061000,답십리제2동,824988,127.06111,37.57089,344795
202512,1123065000,장안제1동,1365375,127.06859,37.56623,642802
202512,1123066000,장안제2동,1132972,127.07254,37.57576,485386
202512,1123070500,청량리동,1176505,127.04512,37.58894,425439
202512,1123071000,회기동,803887,127.05141,37.5937,270446
202512,1123072000,휘경제1동,510437,127.06247,37.59187,1001948
202512,1123073000,휘경제2동,1195510,127.06644,37.58651,379618
202512,1123074000,이문제1동,1005087,127.06029,37.59722,542997
202512,1123075000,이문제2동,805192,127.06749,37.60283,295581
202512,1126052000,면목제2동,744933,127.07814,37.58938,214447
202512,1126054000,면목제4동,849250,127.08647,37.57348,336304
202512,1126055000,면목제5동,590803,127.07967,37.58297,149955
202512,1126056500,면목본동,827948,127.08953,37.58834,884082
202512,1126057000,면목제7동,1180742,127.09269,37.57729,198929
202512,1126057500,면목제3.8동,1400985,127.09738,37.5846,839961
202512,1126058000,상봉제1동,861947,127.08947,37.60203,211325
202512,1126059000,상봉제2동,655590,127.0839,37.59425,1267800
202512,1126060000,중화제1동,669339,127.08315,37.60229,111230
202512,1126061000,중화제2동,957879,127.07521,37.59872,801999
202512,1126062000,묵제1동,1207708,127.08245,37.61374,236381
202512,1126063000,묵제2동,668183,127.07467,37.61037,428076
202512,1126065500,망우본동,2948005,127.10754,37.60199,642442
202512,1126066000,망우제3동,991213,127.10294,37.59181,148720
202512,1126068000,신내1동,2490403,127.10451,37.6128,763070
202512,1126069000,신내2동,935095,127.09162,37.61095,315804
202512,1129052500,성북동,2416176,126.99615,37.59587,454550
202512,1129055500,삼선동,912074,127.0118,37.58662,2016564
202512,1129057500,동선동,731808,127.01843,37.59374,583537
202512,1129058000,돈암제1동,461014,127.02404,37.59933,428037
202512,1129059000,돈암제2동,523725,127.01163,37.59728,174365
202512,1129060000,안암동,1274562,127.02731,37.58725,736004
202512,1129061000,보문동,589971,127.01922,37.5826,534855
202512,1129062000,정릉제1동,389711,127.01665,37.60326,425980
202512,1129063000,정릉제2동,1126034,127.00812,37.60379,327546
202512,1129064000,정릉제3동,3357947,126.99377,37.61226,262100
202512,1129065000,정릉제4동,3712601,126.99518,37.62351,658834
202512,1129066000,길음제1동,818440,127.01974,37.60811,1194935
202512,1129068500,길음제2동,616132,127.02723,37.60797,328919
202512,1129070500,종암동,1520021,127.03337,37.59725,604106
202512,1129071500,월곡제1동,764805,127.03645,37.60788,343526
202512,1129072500,월곡제2동,1334181,127.04519,37.6033,758064
202512,1129076000,장위제1동,724308,127.04426,37.61494,266686
202512,1129077000,장위제2동,665829,127.05173,37.61222,559117
202512,1129078000,장위제3동,682909,127.05349,37.61818,205002
202512,1129081000,석관동,1731086,127.06134,37.60826,936750
202512,1130553400,삼양동,951708,127.01468,37.62379,540245
202512,1130553500,미아동,853875,127.02629,37.6287,839215
202512,1130554500,송중동,1061923,127.03292,37.6177,1005040
202512,1130555500,송천동,939469,127.02487,37.61822,1267360
202512,1130557500,삼각산동,586701,127.01683,37.61713,251859
202512,1130559500,번1동,595659,127.03054,37.63763,1762888
202512,1130560300,번2동,1012328,127.03479,37.62952,268468
202512,1130560800,번3동,1091074,127.04234,37.62378,217311
202512,1130561500,수유1동,1728230,127.00884,37.62993,505956
202512,1130562500,수유2동,606037,127.0195,37.6454,367097
202512,1130563500,수유3동,730661,127.02355,37.64046,659540
202512,1130564500,우이동,10697189,127.00032,37.66035,613334
202512,1130566000,인수동,2860095,127.00396,37.63764,283321
202512,1132051100,창제1동,1093061,127.04356,37.64714,1382535
202512,1132051200,창제2동,682713,127.03682,37.64263,230529
202512,1132051300,창제3동,637773,127.04163,37.63736,169251
202512,1132051400,창제4동,1114658,127.05093,37.65258,360240
202512,1132051500,창제5동,690264,127.04277,37.65536,1064318
202512,1132052100,도봉제1동,8508462,127.02679,37.68508,325465
202512,1132052200,도봉제2동,1195130,127.04779,37.68119,698202
202512,1132066000,쌍문제1동,1160994,127.01951,37.65303,251329
202512,1132067000,쌍문제2동,531978,127.037,37.65706,296001
202512,1132068000,쌍문제3동,499481,127.03059,37.64769,249720
202512,1132068100,쌍문제4동,577003,127.03041,37.65555,200111
202512,1132069000,방학제1동,1060647,127.04352,37.66503,510920
202512,1132070000,방학제2동,1108653,127.03226,37.66915,141495
202512,1132071000,방학제3동,1860513,127.02347,37.6628,259783
202512,1135056000,월계1동,1178816,127.0586,37.62181,378640
202512,1135057000,월계2동,1991879,127.05121,37.63407,364075
202512,1135058000,월계3동,1167762,127.06489,37.62466,389839
202512,1135059500,공릉1동,1208569,127.07277,37.62412,1126583
202512,1135060000,공릉2동,7264834,127.09423,37.63161,727983
202512,1135061100,하계1동,1441008,127.07481,37.63862,340900
202512,1135061200,하계2동,505737,127.06482,37.63484,744347
202512,1135061900,중계본동,2061637,127.08576,37.64814,269349
202512,1135062100,중계1동,608503,127.0735,37.65002,200582
202512,1135062400,중계4동,1457885,127.08224,37.65885,196921
202512,1135062500,중계2.3동,946538,127.06589,37.64334,754196
202512,1135063000,상계1동,5016467,127.06533,37.68327,626560
202512,1135064000,상계2동,591000,127.06727,37.65649,1726048
202512,1135066500,상계3.4동,5783082,127.08327,37.67515,370204
202512,1135067000,상계5동,492170,127.0696,37.66322,773375
202512,1135069500,상계6.7동,1425634,127.06009,37.64875,393912
202512,1135070000,상계8동,661888,127.05365,37.66629,490760
202512,1135071000,상계9동,837674,127.0625,37.66807,116100
202512,1135072000,상계10동,828158,127.0584,37.65964,217406
202512,1138051000,녹번동,1915175,126.93505,37.60542,990864
202512,1138052000,불광제1동,3346747,126.93927,37.61731,589714
202512,1138053000,불광제2동,1338273,126.92865,37.62437,341438
202512,1138055100,갈현제1동,953450,126.91489,37.62535,1334179
202512,1138055200,갈현제2동,1053392,126.91212,37.61828,557783
202512,1138056000,구산동,1352647,126.90765,37.61106,293143
202512,1138057000,대조동,871085,126.9231,37.61228,1277638
202512,1138058000,응암제1동,1160262,126.9269,37.59826,540230
202512,1138059000,응암제2동,746941,126.92302,37.59189,200330
202512,1138060000,응암제3동,733293,126.91775,37.58865,371867
202512,1138062500,역촌동,1087046,126.91453,37.60457,475313
202512,1138063100,신사제1동,830268,126.90884,37.59899,834932
202512,1138063200,신사제2동,1041042,126.90629,37.59289,573591
202512,1138064000,증산동,919884,126.90581,37.58378,548415
202512,1138065000,수색동,1140125,126.8949,37.58577,302666
202512,1138069000,진관동,12911565,126.94052,37.63928,1410913
202512,1141052000,천연동,893844,126.95714,37.57121,587332
202512,1141055500,북아현동,444705,126.95552,37.55925,221350
202512,1141056500,충현동,1136892,126.9581,37.56391,1486361
202512,1141058500,신촌동,2566839,126.94106,37.56364,2708555
202512,1141061500,연희동,2825921,126.93273,37.57201,959138
202512,1141062000,홍제제1동,1561215,126.9452,37.58154,1263185
202512,1141064000,홍제제3동,1031592,126.95116,37.59202,297748
202512,1141065500,홍제제2동,712529,126.95253,37.58455,177654
202512,1141066000,홍은제1동,1550491,126.94703,37.59998,232065
202512,1141068500,홍은제2동,2048086,126.93217,37.58699,668927
202512,1141069000,남가좌제1동,447138,126.9162,37.57169,420582
202512,1141070000,남가좌제2동,812456,126.92133,37.57762,410368
202512,1141071000,북가좌제1동,581080,126.908,37.57527,186294
202512,1141072000,북가좌제2동,795331,126.9135,37.581,334650
202512,1144055500,아현동,731252,126.95284,37.55193,938869
202512,1144056500,공덕동,1002153,126.95779,37.54912,1677502
202512,1144058500,도화동,860064,126.94681,37.53704,256439
202512,1144059000,용강동,956700,126.94127,37.54059,627494
202512,1144060000,대흥동,836007,126.9414,37.55212,1404390
202512,1144061000,염리동,539922,126.94755,37.54982,125829
202512,1144063000,신수동,1118424,126.93364,37.54363,62000
202512,1144065500,서강동,1715559,126.92516,37.54595,849144
202512,1144066000,서교동,1647625,126.92094,37.55477,6936969
202512,1144068000,합정동,1753036,126.90884,37.54687,219028
202512,1144069000,망원제1동,1124872,126.90021,37.55275,213638
202512,1144070000,망원제2동,1208058,126.89568,37.55712,147871
202512,1144071000,연남동,647383,126.92154,37.56303,257884
202512,1144072000,성산제1동,864039,126.91185,37.56198,249967
202512,1144073000,성산제2동,1963168,126.90204,37.56811,962321
202512,1144074000,상암동,7678191,126.88086,37.57179,1808568
202512,1147051000,목1동,1564660,126.8751,37.52744,1851586
202512,1147052000,목2동,1054247,126.8741,37.54359,906246
202512,1147053000,목3동,500764,126.86541,37.5452,681003
202512,1147054000,목4동,561686,126.8669,37.53544,287783
202512,1147055000,목5동,2069098,126.88103,37.53631,470421
202512,1147056000,신월1동,630072,126.83453,37.53127,132997
202512,1147057000,신월2동,614213,126.84633,37.5234,219083
202512,1147058000,신월3동,926653,126.82747,37.53236,103314
202512,1147059000,신월4동,454712,126.83982,37.52225,179576
202512,1147060000,신월5동,515356,126.8299,37.54004,128896
202512,1147061000,신월6동,473483,126.84213,37.51597,160621
202512,1147061100,신월7동,900522,126.83234,37.52066,180063
202512,1147062000,신정1동,739881,126.85963,37.51888,189599
202512,1147063000,신정2동,648695,126.87518,37.51895,100253
202512,1147064000,신정3동,3169421,126.8394,37.51178,851977
202512,1147065000,신정4동,996239,126.85757,37.52541,908563
202512,1147067000,신정6동,926759,126.86964,37.51591,177822
202512,1147068000,신정7동,1143920,126.86468,37.51012,384910
202512,1150051000,염창동,2389890,126.87543,37.55321,419603
202512,1150052000,등촌제1동,658950,126.85963,37.55586,485082
202512,1150053000,등촌제2동,895367,126.86003,37.54574,238900
202512,1150053500,등촌제3동,1042691,126.84634,37.56105,1065158
202512,1150054000,화곡제1동,1192600,126.84094,37.53378,2346493
202512,1150055000,화곡제2동,456930,126.85437,37.53228,152370
202512,1150056000,화곡제3동,526606,126.83427,37.54406,135765
202512,1150057000,화곡제4동,855978,126.85858,37.5361,165762
202512,1150059000,화곡본동,982074,126.84816,37.54257,275288
202512,1150059100,화곡제6동,1062894,126.85117,37.55172,460024
202512,1150059300,화곡제8동,575541,126.84863,37.53422,257514
202512,1150060300,가양제1동,5543738,126.83435,37.5731,1756784
202512,1150060400,가양제2동,1012806,126.85401,37.56866,72515
202512,1150060500,가양제3동,932533,126.8623,37.56268,62318
202512,1150061100,발산제1동,2963745,126.82558,37.55045,804110
202512,1150061500,우장산동,1245257,126.84102,37.55057,1132486
202512,1150062000,공항동,11581226,126.79496,37.55649,517694
202512,1150063000,방화제1동,1487371,126.81755,37.56864,834536
202512,1150064000,방화제2동,5640487,126.80451,37.5838,1507067
202512,1150064100,방화제3동,1979329,126.81553,37.58158,262927
202512,1153051000,신도림동,1376469,126.88285,37.50973,2162061
202512,1153052000,구로제1동,1083279,126.87546,37.49303,119314
202512,1153053000,구로제2동,1809928,126.87949,37.49745,880396
202512,1153054000,구로제3동,1043117,126.89498,37.48488,2801962
202512,1153055000,구로제4동,516496,126.8902,37.49154,243212
202512,1153056000,구로제5동,1023242,126.88848,37.50203,755750
202512,1153059500,가리봉동,408284,126.88826,37.48256,227234
202512,1153072000,고척제1동,1132884,126.8634,37.50066,429932
202512,1153073000,고척제2동,997120,126.85331,37.50585,300261
202512,1153074000,개봉제1동,1126936,126.84988,37.49988,1009173
202512,1153075000,개봉제2동,815642,126.85636,37.49273,357174
202512,1153076000,개봉제3동,848662,126.85241,37.48684,135860
202512,1153077000,오류제1동,747283,126.84163,37.49696,441151
202512,1153078000,오류제2동,3081182,126.83837,37.48526,651685
202512,1153079000,수궁동,2630691,126.82607,37.49828,791790
202512,1153080000,항동,1431213,126.82449,37.48103,101933
202512,1154551000,가산동,2244201,126.88434,37.47684,2545501
202512,1154561000,독산제1동,1964400,126.89272,37.4642,781975
202512,1154562000,독산제2동,616195,126.90255,37.46383,304410
202512,1154563000,독산제3동,945991,126.90459,37.47593,471777
202512,1154564000,독산제4동,619603,126.90405,37.46922,336308
202512,1154567000,시흥제1동,1476950,126.90015,37.45289,728294
202512,1154568000,시흥제2동,1180173,126.92007,37.45059,175846
202512,1154569000,시흥제3동,1335878,126.90593,37.44028,102628
202512,1154570000,시흥제4동,771262,126.90911,37.46008,221783
202512,1154571000,시흥제5동,1426902,126.91243,37.44875,348702
202512,1156051500,영등포본동,808233,126.9097,37.51372,917417
202512,1156053500,영등포동,1415805,126.90784,37.52152,1608796
202512,1156054000,여의동,6656365,126.92757,37.52749,4576231
202512,1156055000,당산제1동,743499,126.89685,37.52393,1142575
202512,1156056000,당산제2동,1564124,126.90391,37.53298,1719586
202512,1156058500,도림동,549811,126.90124,37.50928,172373
202512,1156060500,문래동,1742935,126.89147,37.51638,1094115
202512,1156061000,양평제1동,864764,126.88707,37.52507,429310
202512,1156062000,양평제2동,1892053,126.89418,37.5406,576663
202512,1156063000,신길제1동,811808,126.91951,37.51234,622582
202512,1156065000,신길제3동,480412,126.90589,37.50645,204891
202512,1156066000,신길제4동,288284,126.91292,37.50728,141128
202512,1156067000,신길제5동,530930,126.90555,37.50112,127547
202512,1156068000,신길제6동,679799,126.91354,37.49916,611532
202512,1156069000,신길제7동,548054,126.9198,37.5058,629578
202512,1156070000,대림제1동,481705,126.90526,37.49377,192256
202512,1156071000,대림제2동,578880,126.90064,37.48963,162398
202512,1156072000,대림제3동,937514,126.89727,37.49987,1277939
202512,1159051000,노량진제1동,1878710,126.94915,37.51303,2065923
202512,1159052000,노량진제2동,661468,126.938,37.51093,461023
202512,1159053000,상도제1동,1431135,126.95347,37.49833,1768755
202512,1159054000,상도제2동,776948,126.94206,37.50367,681008
202512,1159055000,상도제3동,673241,126.93335,37.49723,282128
202512,1159056000,상도제4동,968511,126.94076,37.49743,229649
202512,1159060500,흑석동,2097147,126.96376,37.5063,909000
202512,1159062000,사당제1동,632726,126.97741,37.47972,292131
202512,1159063000,사당제2동,3039007,126.97519,37.49823,1674879
202512,1159064000,사당제3동,894355,126.97086,37.48881,204485
202512,1159065000,사당제4동,427255,126.97077,37.48059,377756
202512,1159065100,사당제5동,661737,126.96504,37.4858,133744
202512,1159066000,대방동,1587711,126.92803,37.50711,1436421
202512,1159067000,신대방제1동,684048,126.91071,37.48995,204223
202512,1159068000,신대방제2동,1033193,126.92153,37.49431,634576
202512,1162052500,보라매동,762164,126.93259,37.49036,413732
202512,1162054500,청림동,316540,126.95957,37.48941,126699
202512,1162056500,성현동,686448,126.95117,37.48951,307911
202512,1162057500,행운동,723778,126.96062,37.4809,487370
202512,1162058500,낙성대동,2342295,126.96005,37.46723,519586
202512,1162059500,청룡동,1217892,126.94588,37.47805,2688788
202512,1162060500,은천동,734719,126.94221,37.48682,461489
202512,1162061500,중앙동,380017,126.95062,37.48412,295057
202512,1162062500,인헌동,706179,126.96662,37.47208,1069972
202512,1162063000,남현동,4235911,126.97664,37.46247,2471370
202512,1162064500,서원동,631090,126.93344,37.4806,2558167
202512,1162065500,신원동,576667,126.9267,37.4793,84847
202512,1162066500,서림동,762657,126.93921,37.47355,593779
202512,1162068500,신사동,605859,126.91875,37.48563,925990
202512,1162069500,신림동,507637,126.92761,37.4869,752845
202512,1162071500,난향동,800353,126.91827,37.46159,174612
202512,1162072500,조원동,648305,126.90753,37.48294,838381
202512,1162073500,대학동,8316533,126.94848,37.45347,856170
202512,1162074500,삼성동,2589521,126.93014,37.46067,304069
202512,1162076500,미성동,1341134,126.91543,37.47594,486408
202512,1162077500,난곡동,1014887,126.92105,37.4705,324954
202512,1165051000,서초1동,1371823,127.02014,37.48696,1736959
202512,1165052000,서초2동,1234893,127.02791,37.48882,4317509
202512,1165053000,서초3동,3010786,127.00959,37.48543,2412071
202512,1165053100,서초4동,876369,127.01996,37.49899,462455
202512,1165054000,잠원동,1837867,127.01304,37.51764,531602
202512,1165055000,반포본동,1539963,126.98648,37.50629,126658
202512,1165056000,반포1동,1009783,127.01663,37.50551,722226
202512,1165057000,반포2동,1242525,126.9957,37.50638,382680
202512,1165058000,반포3동,1309158,127.00359,37.51241,426259
202512,1165058100,반포4동,1458521,127.00329,37.49958,3359947
202512,1165059000,방배본동,659648,126.98777,37.49495,226210
202512,1165060000,방배1동,698070,126.9963,37.48491,710466
202512,1165061000,방배2동,1934493,126.98849,37.47301,305826
202512,1165062000,방배3동,2412263,126.9979,37.47432,821139
202512,1165062100,방배4동,941537,126.99099,37.48982,308404
202512,1165065100,양재1동,5738915,127.02253,37.46956,2747754
202512,1165065200,양재2동,7433699,127.04591,37.45115,870272
202512,1165066000,내곡동,13138298,127.07055,37.45652,352432
202512,1168051000,신사동,1741768,127.0214,37.52572,374413
202512,1168052100,논현1동,1246164,127.0265,37.51191,3431204
202512,1168053100,논현2동,1440614,127.03622,37.51521,1748398
202512,1168054500,압구정동,2512082,127.03348,37.53027,2138571
202512,1168056500,청담동,2355811,127.0505,37.52454,635101
202512,1168058000,삼성1동,1925054,127.06063,37.5154,2010512
202512,1168059000,삼성2동,1258529,127.04876,37.51184,1075029
202512,1168060000,대치1동,807837,127.05897,37.49339,434551
202512,1168061000,대치2동,2060695,127.06642,37.50058,2899895
202512,1168063000,대치4동,703180,127.0549,37.50166,2337078
202512,1168064000,역삼1동,2366859,127.03549,37.50089,4975575
202512,1168065000,역삼2동,1123383,127.04489,37.4985,562685
202512,1168065500,도곡1동,1010321,127.04098,37.48905,762170
202512,1168065600,도곡2동,1031472,127.04965,37.48821,997679
202512,1168066000,개포1동,1741195,127.06471,37.47928,187719
202512,1168067000,개포2동,1586586,127.06763,37.48648,557859
202512,1168067500,개포3동,848662,126.85241,37.48684,449350
202512,1168069000,개포4동,1583608,127.05324,37.47555,240815
202512,1168070000,세곡동,5912729,127.10435,37.47107,547241
202512,1168072000,일원본동,2426105,127.08467,37.48237,616348
202512,1168073000,일원1동,946206,127.08925,37.49339,107080
202512,1168075000,수서동,1624149,127.10057,37.48684,1633186
202512,1171051000,풍납1동,1057854,127.1143,37.53824,136941
202512,1171052000,풍납2동,1992907,127.11013,37.52985,202138
202512,1171053100,거여1동,506282,127.14168,37.49439,410780
202512,1171053200,거여2동,505978,127.14717,37.49238,109847
202512,1171054000,마천1동,519561,127.15572,37.49478,318294
202512,1171055000,마천2동,958068,127.15146,37.50033,196743
202512,1171056100,방이1동,585493,127.12232,37.50977,356632
202512,1171056200,방이2동,767575,127.11383,37.51325,445548
202512,1171056600,오륜동,3138116,127.12851,37.51766,774640
202512,1171057000,오금동,1733642,127.1344,37.50399,663642
202512,1171058000,송파1동,696743,127.11032,37.50717,610505
202512,1171059000,송파2동,599279,127.11683,37.50284,76316
202512,1171060000,석촌동,932452,127.10246,37.50272,921684
202512,1171061000,삼전동,990522,127.09191,37.50172,240621
202512,1171062000,가락본동,1049756,127.12164,37.49722,312460
202512,1171063100,가락1동,1368008,127.10824,37.49533,1120476
202512,1171063200,가락2동,941692,127.13064,37.49586,638586
202512,1171064100,문정1동,667814,127.12686,37.48817,155026
202512,1171064200,문정2동,2357239,127.11914,37.48069,1260544
202512,1171064600,장지동,1221454,127.13163,37.48279,886243
202512,1171064700,위례동,2608006,127.14124,37.48166,475446
202512,1171065000,잠실본동,1140205,127.08229,37.50551,609532
202512,1171067000,잠실2동,2877277,127.07882,37.51772,892348
202512,1171068000,잠실3동,1514431,127.09432,37.51364,583866
202512,1171069000,잠실4동,840215,127.10815,37.52125,754058
202512,1171071000,잠실6동,1398484,127.09998,37.51907,4112403
202512,1171072000,잠실7동,680575,127.0741,37.50748,615732
202512,1174051500,강일동,3653950,127.17402,37.56389,310693
202512,1174052500,상일제1동,1781219,127.16484,37.55074,801348
202512,1174052600,상일제2동,1090000,127.17784,37.55674,75838
202512,1174053000,명일제1동,621207,127.14594,37.55037,468804
202512,1174054000,명일제2동,937505,127.1542,37.54829,492575
202512,1174055000,고덕제1동,1905349,127.15031,37.56335,122758
202512,1174056000,고덕제2동,2415151,127.16164,37.56586,267403
202512,1174057000,암사제1동,730232,127.13459,37.55186,94452
202512,1174058000,암사제2동,2442627,127.12324,37.55738,542941
202512,1174059000,암사제3동,1853001,127.13851,37.5615,303690
202512,1174060000,천호제1동,685407,127.13858,37.54632,437541
202512,1174061000,천호제2동,1828587,127.12228,37.54469,320904
202512,1174062000,천호제3동,538847,127.1332,37.53965,152762
202512,1174064000,성내제1동,661583,127.12552,37.52876,510787
202512,1174065000,성내제2동,626571,127.12774,37.53436,2024949
202512,1174066000,성내제3동,642074,127.1338,37.5284,155489
202512,1174068500,길동,1601118,127.14591,37.53973,622504
202512,1174069000,둔촌제1동,896155,127.14043,37.52315,654626
202512,1174070000,둔촌제2동,1594005,127.14741,37.53151,621726
202601,1111051500,청운효자동,2438307,126.97042,37.58466,200117
202601,1111053000,사직동,1165780,126.97014,37.57411,2362872
202601,1111054000,삼청동,1361445,126.98111,37.58801,110464
202601,1111055000,부암동,2202073,126.96256,37.5967,201098
202601,1111056000,평창동,9017316,126.96927,37.61396,207720
202601,1111057000,무악동,467575,126.95899,37.57774,49970
202601,1111058000,교남동,345990,126.96416,37.57105,260402
202601,1111060000,가회동,605383,126.98662,37.58268,59940
202601,1111061500,종로1.2.3.4가동,2394166,126.98973,37.57508,5055118
202601,1111063000,종로5.6가동,633463,127.00424,37.57302,1908927
202601,1111064000,이화동,755902,127.00307,37.57969,1486148
202601,1111065000,혜화동,1164691,126.99769,37.58747,483033
202601,1111067000,창신제1동,313832,127.01402,37.57226,265862
202601,1111068000,창신제2동,249894,127.01025,37.57575,4060
202601,1111069000,창신제3동,220395,127.01321,37.57882,131171
202601,1111070000,숭인제1동,237128,127.01686,37.57723,167566
202601,1111071000,숭인제2동,321465,127.02064,37.57431,710345
202601,1114052000,소공동,935656,126.97436,37.5643,2348473
202601,1114054000,회현동,892974,126.97671,37.55697,5486985
202601,1114055000,명동,1006850,126.98436,37.56373,3060668
202601,1114057000,필동,1478522,126.99385,37.5568,986280
202601,1114058000,장충동,1003083,127.00228,37.55561,408660
202601,1114059000,광희동,752739,127.00363,37.5652,1448059
202601,1114060500,을지로동,599530,126.99649,37.56664,1802751
202601,1114061500,신당동,541354,127.01377,37.56575,805721
202601,1114062500,다산동,546686,127.00826,37.5547,97966
202601,1114063500,약수동,511938,127.01024,37.54984,639661
202601,1114064500,청구동,330066,127.01499,37.55686,64826
202601,1114065000,신당제5동,315652,127.02202,37.56358,167344
202601,1114066500,동화동,344934,127.01867,37.56059,238146
202601,1114067000,황학동,314878,127.0208,37.56842,107500
202601,1114068000,중림동,492309,126.96596,37.55732,118271
202601,1117051000,후암동,865282,126.98059,37.54994,166147
202601,1117052000,용산2가동,2045385,126.98353,37.54024,533976
202601,1117053000,남영동,751924,126.97351,37.54511,1107254
202601,1117055500,청파동,854585,126.96717,37.54786,187441
202601,1117056000,원효로제1동,563923,126.96656,37.53747,236301
202601,1117057000,원효로제2동,943601,126.95139,37.5331,149702
202601,1117058000,효창동,502716,126.96131,37.54305,378245
202601,1117059000,용문동,268086,126.95858,37.53815,82155
202601,1117062500,한강로동,2632658,126.96786,37.52918,3074638
202601,1117063000,이촌제1동,2128932,126.97096,37.51728,160096
202601,1117064000,이촌제2동,1203554,126.95394,37.52333,60848
202601,1117065000,이태원제1동,533547,126.99325,37.53339,520177
202601,1117066000,이태원제2동,891712,126.99213,37.54166,115164
202601,1117068500,한남동,3194899,127.0058,37.5371,1003051
202601,1117069000,서빙고동,2917053,126.98838,37.52247,223490
202601,1117070000,보광동,872912,127.00126,37.52587,86541
202601,1120052000,왕십리제2동,334371,127.02769,37.5615,530126
202601,1120053500,왕십리도선동,721844,127.02957,37.56679,216788
202601,1120054000,마장동,1127258,127.04049,37.56764,335500
202601,1120055000,사근동,1154150,127.04543,37.55801,475684
202601,1120056000,행당제1동,566619,127.03606,37.55902,1273637
202601,1120057000,행당제2동,479532,127.0295,37.55668,376920
202601,1120058000,응봉동,563044,127.03398,37.55099,135534
202601,1120059000,금호1가동,407653,127.02506,37.55367,286197
202601,1120061500,금호2.3가동,665732,127.01989,37.55143,137102
202601,1120062000,금호4가동,930024,127.0246,37.54459,446843
202601,1120064500,옥수동,1250869,127.01618,37.54197,465157
202601,1120065000,성수1가제1동,2238042,127.04104,37.54042,326951
202601,1120066000,성수1가제2동,977066,127.04395,37.54907,793902
202601,1120067000,성수2가제1동,1150487,127.05528,37.53666,167133
202601,1120069000,성수2가제3동,1046168,127.05814,37.54554,1699410
202601,1120072000,송정동,587634,127.0657,37.55233,83087
202601,1120079000,용답동,2372731,127.05785,37.55854,1284029
202601,1121571000,화양동,1178002,127.07346,37.54327,1861514
202601,1121573000,군자동,734486,127.07368,37.55307,262470
202601,1121574000,중곡제1동,590812,127.07772,37.56204,130014
202601,1121575000,중곡제2동,544506,127.08459,37.55891,158782
202601,1121576000,중곡제3동,602735,127.08197,37.56785,451058
202601,1121577000,중곡제4동,2284644,127.09445,37.56391,99451
202601,1121578000,능동,1083377,127.08165,37.55066,1362767
202601,1121581000,광장동,2755836,127.10487,37.54828,468535
202601,1121582000,자양제1동,565020,127.08042,37.53554,166447
202601,1121583000,자양제2동,1631119,127.08325,37.52933,208972
202601,1121584000,자양제3동,1134722,127.0712,37.53169,183240
202601,1121584700,자양제4동,1155166,127.06377,37.53389,422342
202601,1121585000,구의제1동,552319,127.08603,37.54149,1031356
202601,1121586000,구의제2동,1380731,127.09445,37.551,627965
202601,1121587000,구의제3동,1450497,127.09524,37.53509,973884
202601,1123053600,용신동,1573645,127.03229,37.57562,2016212
202601,1123054500,제기동,1181233,127.03724,37.58368,793075
202601,1123056000,전농제1동,1170148,127.05105,37.57901,1614966
202601,1123057000,전농제2동,995125,127.06114,37.58072,229707
202601,1123060000,답십리제1동,798544,127.0517,37.57094,208508
202601,1123061000,답십리제2동,824988,127.06111,37.57089,288128
202601,1123065000,장안제1동,1365375,127.06859,37.56623,540883
202601,1123066000,장안제2동,1132972,127.07254,37.57576,397424
202601,1123070500,청량리동,1176505,127.04512,37.58894,352239
202601,1123071000,회기동,803887,127.05141,37.5937,198328
202601,1123072000,휘경제1동,510437,127.06247,37.59187,824301
202601,1123073000,휘경제2동,1195510,127.06644,37.58651,302156
202601,1123074000,이문제1동,1005087,127.06029,37.59722,450978
202601,1123075000,이문제2동,805192,127.06749,37.60283,258470
202601,1126052000,면목제2동,744933,127.07814,37.58938,177094
202601,1126054000,면목제4동,849250,127.08647,37.57348,297518
202601,1126055000,면목제5동,590803,127.07967,37.58297,125316
202601,1126056500,면목본동,827948,127.08953,37.58834,765275
202601,1126057000,면목제7동,1180742,127.09269,37.57729,158612
202601,1126057500,면목제3.8동,1400985,127.09738,37.5846,722622
202601,1126058000,상봉제1동,861947,127.08947,37.60203,182542
202601,1126059000,상봉제2동,655590,127.0839,37.59425,1119710
202601,1126060000,중화제1동,669339,127.08315,37.60229,91381
202601,1126061000,중화제2동,957879,127.07521,37.59872,701482
202601,1126062000,묵제1동,1207708,127.08245,37.61374,192719
202601,1126063000,묵제2동,668183,127.07467,37.61037,383775
202601,1126065500,망우본동,2948005,127.10754,37.60199,523734
202601,1126066000,망우제3동,991213,127.10294,37.59181,119671
202601,1126068000,신내1동,2490403,127.10451,37.6128,648070
202601,1126069000,신내2동,935095,127.09162,37.61095,260386
202601,1129052500,성북동,2416176,126.99615,37.59587,367168
202601,1129055500,삼선동,912074,127.0118,37.58662,1695421
202601,1129057500,동선동,731808,127.01843,37.59374,474014
202601,1129058000,돈암제1동,461014,127.02404,37.59933,330811
202601,1129059000,돈암제2동,523725,127.01163,37.59728,154946
202601,1129060000,안암동,1274562,127.02731,37.58725,567580
202601,1129061000,보문동,589971,127.01922,37.5826,459191
202601,1129062000,정릉제1동,389711,127.01665,37.60326,353077
202601,1129063000,정릉제2동,1126034,127.00812,37.60379,266941
202601,1129064000,정릉제3동,3357947,126.99377,37.61226,147673
202601,1129065000,정릉제4동,3712601,126.99518,37.62351,528424
202601,1129066000,길음제1동,818440,127.01974,37.60811,1051586
202601,1129068500,길음제2동,616132,127.02723,37.60797,268732
202601,1129070500,종암동,1520021,127.03337,37.59725,493261
202601,1129071500,월곡제1동,764805,127.03645,37.60788,281633
202601,1129072500,월곡제2동,1334181,127.04519,37.6033,654541
202601,1129076000,장위제1동,724308,127.04426,37.61494,229765
202601,1129077000,장위제2동,665829,127.05173,37.61222,499092
202601,1129078000,장위제3동,682909,127.05349,37.61818,167514
202601,1129081000,석관동,1731086,127.06134,37.60826,801009
202601,1130553400,삼양동,951708,127.01468,37.62379,478958
202601,1130553500,미아동,853875,127.02629,37.6287,746954
202601,1130554500,송중동,1061923,127.03292,37.6177,887257
202601,1130555500,송천동,939469,127.02487,37.61822,1121805
202601,1130557500,삼각산동,586701,127.01683,37.61713,216261
202601,1130559500,번1동,595659,127.03054,37.63763,1585101
202601,1130560300,번2동,1012328,127.03479,37.62952,236104
202601,1130560800,번3동,1091074,127.04234,37.62378,193257
202601,1130561500,수유1동,1728230,127.00884,37.62993,426058
202601,1130562500,수유2동,606037,127.0195,37.6454,320205
202601,1130563500,수유3동,730661,127.02355,37.64046,551747
202601,1130564500,우이동,10697189,127.00032,37.66035,515152
202601,1130566000,인수동,2860095,127.00396,37.63764,242668
202601,1132051100,창제1동,1093061,127.04356,37.64714,1252835
202601,1132051200,창제2동,682713,127.03682,37.64263,200178
202601,1132051300,창제3동,637773,127.04163,37.63736,147982
202601,1132051400,창제4동,1114658,127.05093,37.65258,311822
202601,1132051500,창제5동,690264,127.04277,37.65536,981655
202601,1132052100,도봉제1동,8508462,127.02679,37.68508,269142
202601,1132052200,도봉제2동,1195130,127.04779,37.68119,611535
202601,1132066000,쌍문제1동,1160994,127.01951,37.65303,206123
202601,1132067000,쌍문제2동,531978,127.037,37.65706,258607
202601,1132068000,쌍문제3동,499481,127.03059,37.64769,215769
202601,1132068100,쌍문제4동,577003,127.03041,37.65555,171689
202601,1132069000,방학제1동,1060647,127.04352,37.66503,441453
202601,1132070000,방학제2동,1108653,127.03226,37.66915,120218
202601,1132071000,방학제3동,1860513,127.02347,37.6628,227416
202601,1135056000,월계1동,1178816,127.0586,37.62181,296952
202601,1135057000,월계2동,1991879,127.05121,37.63407,298804
202601,1135058000,월계3동,1167762,127.06489,37.62466,327077
202601,1135059500,공릉1동,1208569,127.07277,37.62412,986837
202601,1135060000,공릉2동,7264834,127.09423,37.63161,583240
202601,1135061100,하계1동,1441008,127.07481,37.63862,266940
202601,1135061200,하계2동,505737,127.06482,37.63484,649876
202601,1135061900,중계본동,2061637,127.08576,37.64814,227663
202601,1135062100,중계1동,608503,127.0735,37.65002,172464
202601,1135062400,중계4동,1457885,127.08224,37.65885,167801
202601,1135062500,중계2.3동,946538,127.06589,37.64334,651169
202601,1135063000,상계1동,5016467,127.06533,37.68327,542938
202601,1135064000,상계2동,591000,127.06727,37.65649,1535876
202601,1135066500,상계3.4동,5783082,127.08327,37.67515,329301
202601,1135067000,상계5동,492170,127.0696,37.66322,697201
202601,1135069500,상계6.7동,1425634,127.06009,37.64875,337323
202601,1135070000,상계8동,661888,127.05365,37.66629,443875
202601,1135071000,상계9동,837674,127.0625,37.66807,97877
202601,1135072000,상계10동,828158,127.0584,37.65964,177579
202601,1138051000,녹번동,1915175,126.93505,37.60542,873700
202601,1138052000,불광제1동,3346747,126.93927,37.61731,500381
202601,1138053000,불광제2동,1338273,126.92865,37.62437,276310
202601,1138055100,갈현제1동,953450,126.91489,37.62535,1206844
202601,1138055200,갈현제2동,1053392,126.91212,37.61828,493579
202601,1138056000,구산동,1352647,126.90765,37.61106,241410
202601,1138057000,대조동,871085,126.9231,37.61228,1124662
202601,1138058000,응암제1동,1160262,126.9269,37.59826,457702
202601,1138059000,응암제2동,746941,126.92302,37.59189,176878
202601,1138060000,응암제3동,733293,126.91775,37.58865,311860
202601,1138062500,역촌동,1087046,126.91453,37.60457,399093
202601,1138063100,신사제1동,830268,126.90884,37.59899,745117
202601,1138063200,신사제2동,1041042,126.90629,37.59289,506276
202601,1138064000,증산동,919884,126.90581,37.58378,480093
202601,1138065000,수색동,1140125,126.8949,37.58577,251421
202601,1138069000,진관동,12911565,126.94052,37.63928,1208163
202601,1141052000,천연동,893844,126.95714,37.57121,500330
202601,1141055500,북아현동,444705,126.95552,37.55925,184413
202601,1141056500,충현동,1136892,126.9581,37.56391,1320247
202601,1141058500,신촌동,2566839,126.94106,37.56364,2283821
202601,1141061500,연희동,2825921,126.93273,37.57201,811217
202601,1141062000,홍제제1동,1561215,126.9452,37.58154,1135207
202601,1141064000,홍제제3동,1031592,126.95116,37.59202,256826
202601,1141065500,홍제제2동,712529,126.95253,37.58455,149900
202601,1141066000,홍은제1동,1550491,126.94703,37.59998,199579
202601,1141068500,홍은제2동,2048086,126.93217,37.58699,523082
202601,1141069000,남가좌제1동,447138,126.9162,37.57169,361650
202601,1141070000,남가좌제2동,812456,126.92133,37.57762,325610
202601,1141071000,북가좌제1동,581080,126.908,37.57527,152003
202601,1141072000,북가좌제2동,795331,126.9135,37.581,278603
202601,1144055500,아현동,731252,126.95284,37.55193,826547
202601,1144056500,공덕동,1002153,126.95779,37.54912,1500077
202601,1144058500,도화동,860064,126.94681,37.53704,222294
202601,1144059000,용강동,956700,126.94127,37.54059,562108
202601,1144060000,대흥동,836007,126.9414,37.55212,1163271
202601,1144061000,염리동,539922,126.94755,37.54982,98329
202601,1144063000,신수동,1118424,126.93364,37.54363,56773
202601,1144065500,서강동,1715559,126.92516,37.54595,748386
202601,1144066000,서교동,1647625,126.92094,37.55477,6160571
202601,1144068000,합정동,1753036,126.90884,37.54687,187561
202601,1144069000,망원제1동,1124872,126.90021,37.55275,193792
202601,1144070000,망원제2동,1208058,126.89568,37.55712,126052
202601,1144071000,연남동,647383,126.92154,37.56303,215320
202601,1144072000,성산제1동,864039,126.91185,37.56198,208090
202601,1144073000,성산제2동,1963168,126.90204,37.56811,835456
202601,1144074000,상암동,7678191,126.88086,37.57179,1644286
202601,1147051000,목1동,1564660,126.8751,37.52744,1695723
202601,1147052000,목2동,1054247,126.8741,37.54359,836155
202601,1147053000,목3동,500764,126.86541,37.5452,611697
202601,1147054000,목4동,561686,126.8669,37.53544,245025
202601,1147055000,목5동,2069098,126.88103,37.53631,429209
202601,1147056000,신월1동,630072,126.83453,37.53127,108164
202601,1147057000,신월2동,614213,126.84633,37.5234,183821
202601,1147058000,신월3동,926653,126.82747,37.53236,75859
202601,1147059000,신월4동,454712,126.83982,37.52225,148422
202601,1147060000,신월5동,515356,126.8299,37.54004,103695
202601,1147061000,신월6동,473483,126.84213,37.51597,137382
202601,1147061100,신월7동,900522,126.83234,37.52066,151538
202601,1147062000,신정1동,739881,126.85963,37.51888,167055
202601,1147063000,신정2동,648695,126.87518,37.51895,89737
202601,1147064000,신정3동,3169421,126.8394,37.51178,719816
202601,1147065000,신정4동,996239,126.85757,37.52541,787588
202601,1147067000,신정6동,926759,126.86964,37.51591,151109
202601,1147068000,신정7동,1143920,126.86468,37.51012,336813
202601,1150051000,염창동,2389890,126.87543,37.55321,363597
202601,1150052000,등촌제1동,658950,126.85963,37.55586,434996
202601,1150053000,등촌제2동,895367,126.86003,37.54574,191100
202601,1150053500,등촌제3동,1042691,126.84634,37.56105,956842
202601,1150054000,화곡제1동,1192600,126.84094,37.53378,2125207
202601,1150055000,화곡제2동,456930,126.85437,37.53228,128790
202601,1150056000,화곡제3동,526606,126.83427,37.54406,117085
202601,1150057000,화곡제4동,855978,126.85858,37.5361,138537
202601,1150059000,화곡본동,982074,126.84816,37.54257,242329
202601,1150059100,화곡제6동,1062894,126.85117,37.55172,384065
202601,1150059300,화곡제8동,575541,126.84863,37.53422,221888
202601,1150060300,가양제1동,5543738,126.83435,37.5731,1599292
202601,1150060400,가양제2동,1012806,126.85401,37.56866,56571
202601,1150060500,가양제3동,932533,126.8623,37.56268,50941
202601,1150061100,발산제1동,2963745,126.82558,37.55045,703212
202601,1150061500,우장산동,1245257,126.84102,37.55057,1008758
202601,1150062000,공항동,11581226,126.79496,37.55649,450168
202601,1150063000,방화제1동,1487371,126.81755,37.56864,774052
202601,1150064000,방화제2동,5640487,126.80451,37.5838,1342010
202601,1150064100,방화제3동,1979329,126.81553,37.58158,236835
202601,1153051000,신도림동,1376469,126.88285,37.50973,1929556
202601,1153052000,구로제1동,1083279,126.87546,37.49303,104346
202601,1153053000,구로제2동,1809928,126.87949,37.49745,732894
202601,1153054000,구로제3동,1043117,126.89498,37.48488,2584716
202601,1153055000,구로제4동,516496,126.8902,37.49154,219547
202601,1153056000,구로제5동,1023242,126.88848,37.50203,673139
202601,1153059500,가리봉동,408284,126.88826,37.48256,189703
202601,1153072000,고척제1동,1132884,126.8634,37.50066,329941
202601,1153073000,고척제2동,997120,126.85331,37.50585,256428
202601,1153074000,개봉제1동,1126936,126.84988,37.49988,910817
202601,1153075000,개봉제2동,815642,126.85636,37.49273,314500
202601,1153076000,개봉제3동,848662,126.85241,37.48684,119582
202601,1153077000,오류제1동,747283,126.84163,37.49696,385656
202601,1153078000,오류제2동,3081182,126.83837,37.48526,571554
202601,1153079000,수궁동,2630691,126.82607,37.49828,641179
202601,1153080000,항동,1431213,126.82449,37.48103,84334
202601,1154551000,가산동,2244201,126.88434,37.47684,2370226
202601,1154561000,독산제1동,1964400,126.89272,37.4642,708618
202601,1154562000,독산제2동,616195,126.90255,37.46383,256783
202601,1154563000,독산제3동,945991,126.90459,37.47593,389910
202601,1154564000,독산제4동,619603,126.90405,37.46922,280290
202601,1154567000,시흥제1동,1476950,126.90015,37.45289,642374
202601,1154568000,시흥제2동,1180173,126.92007,37.45059,150954
202601,1154569000,시흥제3동,1335878,126.90593,37.44028,86395
202601,1154570000,시흥제4동,771262,126.90911,37.46008,187855
202601,1154571000,시흥제5동,1426902,126.91243,37.44875,290149
202601,1156051500,영등포본동,808233,126.9097,37.51372,822881
202601,1156053500,영등포동,1415805,126.90784,37.52152,1382386
202601,1156054000,여의동,6656365,126.92757,37.52749,4054062
202601,1156055000,당산제1동,743499,126.89685,37.52393,1041249
202601,1156056000,당산제2동,1564124,126.90391,37.53298,1557213
202601,1156058500,도림동,549811,126.90124,37.50928,155550
202601,1156060500,문래동,1742935,126.89147,37.51638,997589
202601,1156061000,양평제1동,864764,126.88707,37.52507,394789
202601,1156062000,양평제2동,1892053,126.89418,37.5406,520096
202601,1156063000,신길제1동,811808,126.91951,37.51234,542854
202601,1156065000,신길제3동,480412,126.90589,37.50645,180093
202601,1156066000,신길제4동,288284,126.91292,37.50728,118902
202601,1156067000,신길제5동,530930,126.90555,37.50112,109647
202601,1156068000,신길제6동,679799,126.91354,37.49916,538509
202601,1156069000,신길제7동,548054,126.9198,37.5058,561053
202601,1156070000,대림제1동,481705,126.90526,37.49377,168826
202601,1156071000,대림제2동,578880,126.90064,37.48963,138283
202601,1156072000,대림제3동,937514,126.89727,37.49987,1176044
202601,1159051000,노량진제1동,1878710,126.94915,37.51303,1816395
202601,1159052000,노량진제2동,661468,126.938,37.51093,388340
202601,1159053000,상도제1동,1431135,126.95347,37.49833,1473508
202601,1159054000,상도제2동,776948,126.94206,37.50367,611866
202601,1159055000,상도제3동,673241,126.93335,37.49723,242874
202601,1159056000,상도제4동,968511,126.94076,37.49743,206982
202601,1159060500,흑석동,2097147,126.96376,37.5063,756548
202601,1159062000,사당제1동,632726,126.97741,37.47972,246060
202601,1159063000,사당제2동,3039007,126.97519,37.49823,1518868
202601,1159064000,사당제3동,894355,126.97086,37.48881,175356
202601,1159065000,사당제4동,427255,126.97077,37.48059,340898
202601,1159065100,사당제5동,661737,126.96504,37.4858,112666
202601,1159066000,대방동,1587711,126.92803,37.50711,1260133
202601,1159067000,신대방제1동,684048,126.91071,37.48995,172399
202601,1159068000,신대방제2동,1033193,126.92153,37.49431,565874
202601,1162052500,보라매동,762164,126.93259,37.49036,364673
202601,1162054500,청림동,316540,126.95957,37.48941,110761
202601,1162056500,성현동,686448,126.95117,37.48951,261562
202601,1162057500,행운동,723778,126.96062,37.4809,419012
202601,1162058500,낙성대동,2342295,126.96005,37.46723,434047
202601,1162059500,청룡동,1217892,126.94588,37.47805,2411634
202601,1162060500,은천동,734719,126.94221,37.48682,409169
202601,1162061500,중앙동,380017,126.95062,37.48412,248502
202601,1162062500,인헌동,706179,126.96662,37.47208,992230
202601,1162063000,남현동,4235911,126.97664,37.46247,2176510
202601,1162064500,서원동,631090,126.93344,37.4806,2323205
202601,1162065500,신원동,576667,126.9267,37.4793,80519
202601,1162066500,서림동,762657,126.93921,37.47355,533920
202601,1162068500,신사동,605859,126.91875,37.48563,845659
202601,1162069500,신림동,507637,126.92761,37.4869,646864
202601,1162071500,난향동,800353,126.91827,37.46159,146534
202601,1162072500,조원동,648305,126.90753,37.48294,739846
202601,1162073500,대학동,8316533,126.94848,37.45347,687847
202601,1162074500,삼성동,2589521,126.93014,37.46067,255058
202601,1162076500,미성동,1341134,126.91543,37.47594,413107
202601,1162077500,난곡동,1014887,126.92105,37.4705,279608
202601,1165051000,서초1동,1371823,127.02014,37.48696,1575621
202601,1165052000,서초2동,1234893,127.02791,37.48882,4010623
202601,1165053000,서초3동,3010786,127.00959,37.48543,2156485
202601,1165053100,서초4동,876369,127.01996,37.49899,404857
202601,1165054000,잠원동,1837867,127.01304,37.51764,456858
202601,1165055000,반포본동,1539963,126.98648,37.50629,106892
202601,1165056000,반포1동,1009783,127.01663,37.50551,632217
202601,1165057000,반포2동,1242525,126.9957,37.50638,323259
202601,1165058000,반포3동,1309158,127.00359,37.51241,346861
202601,1165058100,반포4동,1458521,127.00329,37.49958,2956108
202601,1165059000,방배본동,659648,126.98777,37.49495,192481
202601,1165060000,방배1동,698070,126.9963,37.48491,646283
202601,1165061000,방배2동,1934493,126.98849,37.47301,263835
202601,1165062000,방배3동,2412263,126.9979,37.47432,685471
202601,1165062100,방배4동,941537,126.99099,37.48982,268818
202601,1165065100,양재1동,5738915,127.02253,37.46956,2451657
202601,1165065200,양재2동,7433699,127.04591,37.45115,778277
202601,1165066000,내곡동,13138298,127.07055,37.45652,299589
202601,1168051000,신사동,1741768,127.0214,37.52572,306554
202601,1168052100,논현1동,1246164,127.0265,37.51191,3083094
202601,1168053100,논현2동,1440614,127.03622,37.51521,1596578
202601,1168054500,압구정동,2512082,127.03348,37.53027,1865328
202601,1168056500,청담동,2355811,127.0505,37.52454,529774
202601,1168058000,삼성1동,1925054,127.06063,37.5154,1701603
202601,1168059000,삼성2동,1258529,127.04876,37.51184,971528
202601,1168060000,대치1동,807837,127.05897,37.49339,410234
202601,1168061000,대치2동,2060695,127.06642,37.50058,2538577
202601,1168063000,대치4동,703180,127.0549,37.50166,2171171
202601,1168064000,역삼1동,2366859,127.03549,37.50089,4589793
202601,1168065000,역삼2동,1123383,127.04489,37.4985,484098
202601,1168065500,도곡1동,1010321,127.04098,37.48905,678887
202601,1168065600,도곡2동,1031472,127.04965,37.48821,905873
202601,1168066000,개포1동,1741195,127.06471,37.47928,150726
202601,1168067000,개포2동,1586586,127.06763,37.48648,476217
202601,1168067500,개포3동,848662,126.85241,37.48684,395323
202601,1168069000,개포4동,1583608,127.05324,37.47555,209317
202601,1168070000,세곡동,5912729,127.10435,37.47107,455177
202601,1168072000,일원본동,2426105,127.08467,37.48237,544988
202601,1168073000,일원1동,946206,127.08925,37.49339,94828
202601,1168075000,수서동,1624149,127.10057,37.48684,1469157
202601,1171051000,풍납1동,1057854,127.1143,37.53824,114678
202601,1171052000,풍납2동,1992907,127.11013,37.52985,166570
202601,1171053100,거여1동,506282,127.14168,37.49439,363725
202601,1171053200,거여2동,505978,127.14717,37.49238,89614
202601,1171054000,마천1동,519561,127.15572,37.49478,283850
202601,1171055000,마천2동,958068,127.15146,37.50033,161589
202601,1171056100,방이1동,585493,127.12232,37.50977,326441
202601,1171056200,방이2동,767575,127.11383,37.51325,389884
202601,1171056600,오륜동,3138116,127.12851,37.51766,655341
202601,1171057000,오금동,1733642,127.1344,37.50399,578603
202601,1171058000,송파1동,696743,127.11032,37.50717,535640
202601,1171059000,송파2동,599279,127.11683,37.50284,61825
202601,1171060000,석촌동,932452,127.10246,37.50272,817696
202601,1171061000,삼전동,990522,127.09191,37.50172,198844
202601,1171062000,가락본동,1049756,127.12164,37.49722,251044
202601,1171063100,가락1동,1368008,127.10824,37.49533,989841
202601,1171063200,가락2동,941692,127.13064,37.49586,565596
202601,1171064100,문정1동,667814,127.12686,37.48817,126807
202601,1171064200,문정2동,2357239,127.11914,37.48069,1149802
202601,1171064600,장지동,1221454,127.13163,37.48279,772252
202601,1171064700,위례동,2608006,127.14124,37.48166,374322
202601,1171065000,잠실본동,1140205,127.08229,37.50551,546794
202601,1171067000,잠실2동,2877277,127.07882,37.51772,782434
202601,1171068000,잠실3동,1514431,127.09432,37.51364,465324
202601,1171069000,잠실4동,840215,127.10815,37.52125,685267
202601,1171071000,잠실6동,1398484,127.09998,37.51907,3435696
202601,1171072000,잠실7동,680575,127.0741,37.50748,502268
202601,1174051500,강일동,3653950,127.17402,37.56389,262726
202601,1174052500,상일제1동,1781219,127.16484,37.55074,697191
202601,1174052600,상일제2동,1090000,127.17784,37.55674,62440
202601,1174053000,명일제1동,621207,127.14594,37.55037,409322
202601,1174054000,명일제2동,937505,127.1542,37.54829,429467
202601,1174055000,고덕제1동,1905349,127.15031,37.56335,103709
202601,1174056000,고덕제2동,2415151,127.16164,37.56586,230853
202601,1174057000,암사제1동,730232,127.13459,37.55186,81385
202601,1174058000,암사제2동,2442627,127.12324,37.55738,494336
202601,1174059000,암사제3동,1853001,127.13851,37.5615,267750
202601,1174060000,천호제1동,685407,127.13858,37.54632,387947
202601,1174061000,천호제2동,1828587,127.12228,37.54469,275847
202601,1174062000,천호제3동,538847,127.1332,37.53965,130037
202601,1174064000,성내제1동,661583,127.12552,37.52876,455532
202601,1174065000,성내제2동,626571,127.12774,37.53436,1876965
202601,1174066000,성내제3동,642074,127.1338,37.5284,128128
202601,1174068500,길동,1601118,127.14591,37.53973,555180
202601,1174069000,둔촌제1동,896155,127.14043,37.52315,590717
202601,1174070000,둔촌제2동,1594005,127.14741,37.53151,542492
202602,1111051500,청운효자동,2438307,126.97042,37.58466,200821
202602,1111053000,사직동,1165780,126.97014,37.57411,2173025
202602,1111054000,삼청동,1361445,126.98111,37.58801,121067
202602,1111055000,부암동,2202073,126.96256,37.5967,198609
202602,1111056000,평창동,9017316,126.96927,37.61396,209316
202602,1111057000,무악동,467575,126.95899,37.57774,49967
202602,1111058000,교남동,345990,126.96416,37.57105,252988
202602,1111060000,가회동,605383,126.98662,37.58268,55365
202602,1111061500,종로1.2.3.4가동,2394166,126.98973,37.57508,4686206
202602,1111063000,종로5.6가동,633463,127.00424,37.57302,1762336
202602,1111064000,이화동,755902,127.00307,37.57969,1339134
202602,1111065000,혜화동,1164691,126.99769,37.58747,454954
202602,1111067000,창신제1동,313832,127.01402,37.57226,266739
202602,1111068000,창신제2동,249894,127.01025,37.57575,3992
202602,1111069000,창신제3동,220395,127.01321,37.57882,115686
202602,1111070000,숭인제1동,237128,127.01686,37.57723,162920
202602,1111071000,숭인제2동,321465,127.02064,37.57431,680687
202602,1114052000,소공동,935656,126.97436,37.5643,2133552
202602,1114054000,회현동,892974,126.97671,37.55697,5177960
202602,1114055000,명동,1006850,126.98436,37.56373,2850700
202602,1114057000,필동,1478522,126.99385,37.5568,919225
202602,1114058000,장충동,1003083,127.00228,37.55561,380562
202602,1114059000,광희동,752739,127.00363,37.5652,1328273
202602,1114060500,을지로동,599530,126.99649,37.56664,1590559
202602,1114061500,신당동,541354,127.01377,37.56575,712136
202602,1114062500,다산동,546686,127.00826,37.5547,96718
202602,1114063500,약수동,511938,127.01024,37.54984,569659
202602,1114064500,청구동,330066,127.01499,37.55686,65219
202602,1114065000,신당제5동,315652,127.02202,37.56358,158908
202602,1114066500,동화동,344934,127.01867,37.56059,211514
202602,1114067000,황학동,314878,127.0208,37.56842,105831
202602,1114068000,중림동,492309,126.96596,37.55732,114923
202602,1117051000,후암동,865282,126.98059,37.54994,162631
202602,1117052000,용산2가동,2045385,126.98353,37.54024,545598
202602,1117053000,남영동,751924,126.97351,37.54511,1013946
202602,1117055500,청파동,854585,126.96717,37.54786,174938
202602,1117056000,원효로제1동,563923,126.96656,37.53747,227021
202602,1117057000,원효로제2동,943601,126.95139,37.5331,142198
202602,1117058000,효창동,502716,126.96131,37.54305,338854
202602,1117059000,용문동,268086,126.95858,37.53815,77910
202602,1117062500,한강로동,2632658,126.96786,37.52918,2890475
202602,1117063000,이촌제1동,2128932,126.97096,37.51728,159376
202602,1117064000,이촌제2동,1203554,126.95394,37.52333,62831
202602,1117065000,이태원제1동,533547,126.99325,37.53339,482725
202602,1117066000,이태원제2동,891712,126.99213,37.54166,109119
202602,1117068500,한남동,3194899,127.0058,37.5371,950272
202602,1117069000,서빙고동,2917053,126.98838,37.52247,224014
202602,1117070000,보광동,872912,127.00126,37.52587,84202
202602,1120052000,왕십리제2동,334371,127.02769,37.5615,470934
202602,1120053500,왕십리도선동,721844,127.02957,37.56679,206494
202602,1120054000,마장동,1127258,127.04049,37.56764,316179
202602,1120055000,사근동,1154150,127.04543,37.55801,412658
202602,1120056000,행당제1동,566619,127.03606,37.55902,1148633
202602,1120057000,행당제2동,479532,127.0295,37.55668,340818
202602,1120058000,응봉동,563044,127.03398,37.55099,122247
202602,1120059000,금호1가동,407653,127.02506,37.55367,258401
202602,1120061500,금호2.3가동,665732,127.01989,37.55143,127832
202602,1120062000,금호4가동,930024,127.0246,37.54459,401539
202602,1120064500,옥수동,1250869,127.01618,37.54197,421622
202602,1120065000,성수1가제1동,2238042,127.04104,37.54042,310187
202602,1120066000,성수1가제2동,977066,127.04395,37.54907,722390
202602,1120067000,성수2가제1동,1150487,127.05528,37.53666,162583
202602,1120069000,성수2가제3동,1046168,127.05814,37.54554,1589921
202602,1120072000,송정동,587634,127.0657,37.55233,77533
202602,1120079000,용답동,2372731,127.05785,37.55854,1135074
202602,1121571000,화양동,1178002,127.07346,37.54327,1684127
202602,1121573000,군자동,734486,127.07368,37.55307,252783
202602,1121574000,중곡제1동,590812,127.07772,37.56204,125678
202602,1121575000,중곡제2동,544506,127.08459,37.55891,151864
202602,1121576000,중곡제3동,602735,127.08197,37.56785,404747
202602,1121577000,중곡제4동,2284644,127.09445,37.56391,92334
202602,1121578000,능동,1083377,127.08165,37.55066,1211472
202602,1121581000,광장동,2755836,127.10487,37.54828,428587
202602,1121582000,자양제1동,565020,127.08042,37.53554,156272
202602,1121583000,자양제2동,1631119,127.08325,37.52933,195817
202602,1121584000,자양제3동,1134722,127.0712,37.53169,168601
202602,1121584700,자양제4동,1155166,127.06377,37.53389,412757
202602,1121585000,구의제1동,552319,127.08603,37.54149,924652
202602,1121586000,구의제2동,1380731,127.09445,37.551,581646
202602,1121587000,구의제3동,1450497,127.09524,37.53509,908681
202602,1123053600,용신동,1573645,127.03229,37.57562,1904013
202602,1123054500,제기동,1181233,127.03724,37.58368,783139
202602,1123056000,전농제1동,1170148,127.05105,37.57901,1515698
202602,1123057000,전농제2동,995125,127.06114,37.58072,226301
202602,1123060000,답십리제1동,798544,127.0517,37.57094,197700
202602,1123061000,답십리제2동,824988,127.06111,37.57089,281116
202602,1123065000,장안제1동,1365375,127.06859,37.56623,518109
202602,1123066000,장안제2동,1132972,127.07254,37.57576,381952
202602,1123070500,청량리동,1176505,127.04512,37.58894,349315
202602,1123071000,회기동,803887,127.05141,37.5937,177839
202602,1123072000,휘경제1동,510437,127.06247,37.59187,720131
202602,1123073000,휘경제2동,1195510,127.06644,37.58651,301931
202602,1123074000,이문제1동,1005087,127.06029,37.59722,419852
202602,1123075000,이문제2동,805192,127.06749,37.60283,242322
202602,1126052000,면목제2동,744933,127.07814,37.58938,172402
202602,1126054000,면목제4동,849250,127.08647,37.57348,276895
202602,1126055000,면목제5동,590803,127.07967,37.58297,122352
202602,1126056500,면목본동,827948,127.08953,37.58834,707338
202602,1126057000,면목제7동,1180742,127.09269,37.57729,158799
202602,1126057500,면목제3.8동,1400985,127.09738,37.5846,664356
202602,1126058000,상봉제1동,861947,127.08947,37.60203,165012
202602,1126059000,상봉제2동,655590,127.0839,37.59425,1046390
202602,1126060000,중화제1동,669339,127.08315,37.60229,90082
202602,1126061000,중화제2동,957879,127.07521,37.59872,651452
202602,1126062000,묵제1동,1207708,127.08245,37.61374,188506
202602,1126063000,묵제2동,668183,127.07467,37.61037,351598
202602,1126065500,망우본동,2948005,127.10754,37.60199,511143
202602,1126066000,망우제3동,991213,127.10294,37.59181,117890
202602,1126068000,신내1동,2490403,127.10451,37.6128,606409
202602,1126069000,신내2동,935095,127.09162,37.61095,253674
202602,1129052500,성북동,2416176,126.99615,37.59587,355734
202602,1129055500,삼선동,912074,127.0118,37.58662,1536920
202602,1129057500,동선동,731808,127.01843,37.59374,463198
202602,1129058000,돈암제1동,461014,127.02404,37.59933,320165
202602,1129059000,돈암제2동,523725,127.01163,37.59728,144223
202602,1129060000,안암동,1274562,127.02731,37.58725,505268
202602,1129061000,보문동,589971,127.01922,37.5826,422419
202602,1129062000,정릉제1동,389711,127.01665,37.60326,333986
202602,1129063000,정릉제2동,1126034,127.00812,37.60379,261436
202602,1129064000,정릉제3동,3357947,126.99377,37.61226,145813
202602,1129065000,정릉제4동,3712601,126.99518,37.62351,500467
202602,1129066000,길음제1동,818440,127.01974,37.60811,948639
202602,1129068500,길음제2동,616132,127.02723,37.60797,259795
202602,1129070500,종암동,1520021,127.03337,37.59725,477652
202602,1129071500,월곡제1동,764805,127.03645,37.60788,271000
202602,1129072500,월곡제2동,1334181,127.04519,37.6033,590497
202602,1129076000,장위제1동,724308,127.04426,37.61494,219763
202602,1129077000,장위제2동,665829,127.05173,37.61222,451772
202602,1129078000,장위제3동,682909,127.05349,37.61818,161107
202602,1129081000,석관동,1731086,127.06134,37.60826,743084
202602,1130553400,삼양동,951708,127.01468,37.62379,440256
202602,1130553500,미아동,853875,127.02629,37.6287,691673
202602,1130554500,송중동,1061923,127.03292,37.6177,831453
202602,1130555500,송천동,939469,127.02487,37.61822,1034662
202602,1130557500,삼각산동,586701,127.01683,37.61713,206975
202602,1130559500,번1동,595659,127.03054,37.63763,1430450
202602,1130560300,번2동,1012328,127.03479,37.62952,219773
202602,1130560800,번3동,1091074,127.04234,37.62378,182221
202602,1130561500,수유1동,1728230,127.00884,37.62993,411312
202602,1130562500,수유2동,606037,127.0195,37.6454,303855
202602,1130563500,수유3동,730661,127.02355,37.64046,527068
202602,1130564500,우이동,10697189,127.00032,37.66035,495210
202602,1130566000,인수동,2860095,127.00396,37.63764,232622
202602,1132051100,창제1동,1093061,127.04356,37.64714,1129205
202602,1132051200,창제2동,682713,127.03682,37.64263,190140
202602,1132051300,창제3동,637773,127.04163,37.63736,138194
202602,1132051400,창제4동,1114658,127.05093,37.65258,283141
202602,1132051500,창제5동,690264,127.04277,37.65536,890847
202602,1132052100,도봉제1동,8508462,127.02679,37.68508,268705
202602,1132052200,도봉제2동,1195130,127.04779,37.68119,566573
202602,1132066000,쌍문제1동,1160994,127.01951,37.65303,187808
202602,1132067000,쌍문제2동,531978,127.037,37.65706,245037
202602,1132068000,쌍문제3동,499481,127.03059,37.64769,201289
202602,1132068100,쌍문제4동,577003,127.03041,37.65555,159763
202602,1132069000,방학제1동,1060647,127.04352,37.66503,417348
202602,1132070000,방학제2동,1108653,127.03226,37.66915,118647
202602,1132071000,방학제3동,1860513,127.02347,37.6628,210737
202602,1135056000,월계1동,1178816,127.0586,37.62181,280883
202602,1135057000,월계2동,1991879,127.05121,37.63407,275016
202602,1135058000,월계3동,1167762,127.06489,37.62466,309862
202602,1135059500,공릉1동,1208569,127.07277,37.62412,900721
202602,1135060000,공릉2동,7264834,127.09423,37.63161,534428
202602,1135061100,하계1동,1441008,127.07481,37.63862,257678
202602,1135061200,하계2동,505737,127.06482,37.63484,580708
202602,1135061900,중계본동,2061637,127.08576,37.64814,223679
202602,1135062100,중계1동,608503,127.0735,37.65002,165898
202602,1135062400,중계4동,1457885,127.08224,37.65885,158709
202602,1135062500,중계2.3동,946538,127.06589,37.64334,599823
202602,1135063000,상계1동,5016467,127.06533,37.68327,502793
202602,1135064000,상계2동,591000,127.06727,37.65649,1394248
202602,1135066500,상계3.4동,5783082,127.08327,37.67515,305630
202602,1135067000,상계5동,492170,127.0696,37.66322,631393
202602,1135069500,상계6.7동,1425634,127.06009,37.64875,319535
202602,1135070000,상계8동,661888,127.05365,37.66629,401896
202602,1135071000,상계9동,837674,127.0625,37.66807,91866
202602,1135072000,상계10동,828158,127.0584,37.65964,169648
202602,1138051000,녹번동,1915175,126.93505,37.60542,791123
202602,1138052000,불광제1동,3346747,126.93927,37.61731,476009
202602,1138053000,불광제2동,1338273,126.92865,37.62437,271324
202602,1138055100,갈현제1동,953450,126.91489,37.62535,1096770
202602,1138055200,갈현제2동,1053392,126.91212,37.61828,457325
202602,1138056000,구산동,1352647,126.90765,37.61106,233474
202602,1138057000,대조동,871085,126.9231,37.61228,1046068
202602,1138058000,응암제1동,1160262,126.9269,37.59826,436720
202602,1138059000,응암제2동,746941,126.92302,37.59189,168150
202602,1138060000,응암제3동,733293,126.91775,37.58865,301181
202602,1138062500,역촌동,1087046,126.91453,37.60457,389890
202602,1138063100,신사제1동,830268,126.90884,37.59899,675080
202602,1138063200,신사제2동,1041042,126.90629,37.59289,459372
202602,1138064000,증산동,919884,126.90581,37.58378,441326
202602,1138065000,수색동,1140125,126.8949,37.58577,242222
202602,1138069000,진관동,12911565,126.94052,37.63928,1140937
202602,1141052000,천연동,893844,126.95714,37.57121,473953
202602,1141055500,북아현동,444705,126.95552,37.55925,173538
202602,1141056500,충현동,1136892,126.9581,37.56391,1152025
202602,1141058500,신촌동,2566839,126.94106,37.56364,2033931
202602,1141061500,연희동,2825921,126.93273,37.57201,764662
202602,1141062000,홍제제1동,1561215,126.9452,37.58154,1024285
202602,1141064000,홍제제3동,1031592,126.95116,37.59202,237451
202602,1141065500,홍제제2동,712529,126.95253,37.58455,145356
202602,1141066000,홍은제1동,1550491,126.94703,37.59998,188781
202602,1141068500,홍은제2동,2048086,126.93217,37.58699,505537
202602,1141069000,남가좌제1동,447138,126.9162,37.57169,338921
202602,1141070000,남가좌제2동,812456,126.92133,37.57762,308063
202602,1141071000,북가좌제1동,581080,126.908,37.57527,148279
202602,1141072000,북가좌제2동,795331,126.9135,37.581,267889
202602,1144055500,아현동,731252,126.95284,37.55193,741375
202602,1144056500,공덕동,1002153,126.95779,37.54912,1343377
202602,1144058500,도화동,860064,126.94681,37.53704,205023
202602,1144059000,용강동,956700,126.94127,37.54059,494520
202602,1144060000,대흥동,836007,126.9414,37.55212,1049262
202602,1144061000,염리동,539922,126.94755,37.54982,92690
202602,1144063000,신수동,1118424,126.93364,37.54363,50987
202602,1144065500,서강동,1715559,126.92516,37.54595,660505
202602,1144066000,서교동,1647625,126.92094,37.55477,5688158
202602,1144068000,합정동,1753036,126.90884,37.54687,174362
202602,1144069000,망원제1동,1124872,126.90021,37.55275,183122
202602,1144070000,망원제2동,1208058,126.89568,37.55712,122095
202602,1144071000,연남동,647383,126.92154,37.56303,201955
202602,1144072000,성산제1동,864039,126.91185,37.56198,195886
202602,1144073000,성산제2동,1963168,126.90204,37.56811,767331
202602,1144074000,상암동,7678191,126.88086,37.57179,1454334
202602,1147051000,목1동,1564660,126.8751,37.52744,1521849
202602,1147052000,목2동,1054247,126.8741,37.54359,738328
202602,1147053000,목3동,500764,126.86541,37.5452,555095
202602,1147054000,목4동,561686,126.8669,37.53544,228797
202602,1147055000,목5동,2069098,126.88103,37.53631,394453
202602,1147056000,신월1동,630072,126.83453,37.53127,108063
202602,1147057000,신월2동,614213,126.84633,37.5234,177038
202602,1147058000,신월3동,926653,126.82747,37.53236,77644
202602,1147059000,신월4동,454712,126.83982,37.52225,144404
202602,1147060000,신월5동,515356,126.8299,37.54004,98950
202602,1147061000,신월6동,473483,126.84213,37.51597,132994
202602,1147061100,신월7동,900522,126.83234,37.52066,146433
202602,1147062000,신정1동,739881,126.85963,37.51888,158861
202602,1147063000,신정2동,648695,126.87518,37.51895,83833
202602,1147064000,신정3동,3169421,126.8394,37.51178,669441
202602,1147065000,신정4동,996239,126.85757,37.52541,732440
202602,1147067000,신정6동,926759,126.86964,37.51591,143560
202602,1147068000,신정7동,1143920,126.86468,37.51012,308933
202602,1150051000,염창동,2389890,126.87543,37.55321,342257
202602,1150052000,등촌제1동,658950,126.85963,37.55586,388143
202602,1150053000,등촌제2동,895367,126.86003,37.54574,185945
202602,1150053500,등촌제3동,1042691,126.84634,37.56105,854465
202602,1150054000,화곡제1동,1192600,126.84094,37.53378,1917851
202602,1150055000,화곡제2동,456930,126.85437,37.53228,122974
202602,1150056000,화곡제3동,526606,126.83427,37.54406,110783
202602,1150057000,화곡제4동,855978,126.85858,37.5361,133106
202602,1150059000,화곡본동,982074,126.84816,37.54257,223330
202602,1150059100,화곡제6동,1062894,126.85117,37.55172,366483
202602,1150059300,화곡제8동,575541,126.84863,37.53422,210181
202602,1150060300,가양제1동,5543738,126.83435,37.5731,1429047
202602,1150060400,가양제2동,1012806,126.85401,37.56866,55431
202602,1150060500,가양제3동,932533,126.8623,37.56268,49720
202602,1150061100,발산제1동,2963745,126.82558,37.55045,638611
202602,1150061500,우장산동,1245257,126.84102,37.55057,902118
202602,1150062000,공항동,11581226,126.79496,37.55649,420737
202602,1150063000,방화제1동,1487371,126.81755,37.56864,692219
202602,1150064000,방화제2동,5640487,126.80451,37.5838,1245080
202602,1150064100,방화제3동,1979329,126.81553,37.58158,216177
202602,1153051000,신도림동,1376469,126.88285,37.50973,1730338
202602,1153052000,구로제1동,1083279,126.87546,37.49303,95907
202602,1153053000,구로제2동,1809928,126.87949,37.49745,682895
202602,1153054000,구로제3동,1043117,126.89498,37.48488,2289807
202602,1153055000,구로제4동,516496,126.8902,37.49154,203008
202602,1153056000,구로제5동,1023242,126.88848,37.50203,606598
202602,1153059500,가리봉동,408284,126.88826,37.48256,183766
202602,1153072000,고척제1동,1132884,126.8634,37.50066,309377
202602,1153073000,고척제2동,997120,126.85331,37.50585,244111
202602,1153074000,개봉제1동,1126936,126.84988,37.49988,826018
202602,1153075000,개봉제2동,815642,126.85636,37.49273,294108
202602,1153076000,개봉제3동,848662,126.85241,37.48684,108111
202602,1153077000,오류제1동,747283,126.84163,37.49696,359526
202602,1153078000,오류제2동,3081182,126.83837,37.48526,517374
202602,1153079000,수궁동,2630691,126.82607,37.49828,593967
202602,1153080000,항동,1431213,126.82449,37.48103,81859
202602,1154551000,가산동,2244201,126.88434,37.47684,2052930
202602,1154561000,독산제1동,1964400,126.89272,37.4642,643217
202602,1154562000,독산제2동,616195,126.90255,37.46383,250442
202602,1154563000,독산제3동,945991,126.90459,37.47593,381228
202602,1154564000,독산제4동,619603,126.90405,37.46922,282230
202602,1154567000,시흥제1동,1476950,126.90015,37.45289,588047
202602,1154568000,시흥제2동,1180173,126.92007,37.45059,144858
202602,1154569000,시흥제3동,1335878,126.90593,37.44028,84847
202602,1154570000,시흥제4동,771262,126.90911,37.46008,184787
202602,1154571000,시흥제5동,1426902,126.91243,37.44875,281309
202602,1156051500,영등포본동,808233,126.9097,37.51372,741054
202602,1156053500,영등포동,1415805,126.90784,37.52152,1306060
202602,1156054000,여의동,6656365,126.92757,37.52749,3594361
202602,1156055000,당산제1동,743499,126.89685,37.52393,911862
202602,1156056000,당산제2동,1564124,126.90391,37.53298,1393932
202602,1156058500,도림동,549811,126.90124,37.50928,139146
202602,1156060500,문래동,1742935,126.89147,37.51638,874791
202602,1156061000,양평제1동,864764,126.88707,37.52507,346940
202602,1156062000,양평제2동,1892053,126.89418,37.5406,466666
202602,1156063000,신길제1동,811808,126.91951,37.51234,499004
202602,1156065000,신길제3동,480412,126.90589,37.50645,168201
202602,1156066000,신길제4동,288284,126.91292,37.50728,114210
202602,1156067000,신길제5동,530930,126.90555,37.50112,103183
202602,1156068000,신길제6동,679799,126.91354,37.49916,491737
202602,1156069000,신길제7동,548054,126.9198,37.5058,499670
202602,1156070000,대림제1동,481705,126.90526,37.49377,157138
202602,1156071000,대림제2동,578880,126.90064,37.48963,133782
202602,1156072000,대림제3동,937514,126.89727,37.49987,1072239
202602,1159051000,노량진제1동,1878710,126.94915,37.51303,1607658
202602,1159052000,노량진제2동,661468,126.938,37.51093,367136
202602,1159053000,상도제1동,1431135,126.95347,37.49833,1311351
202602,1159054000,상도제2동,776948,126.94206,37.50367,550469
202602,1159055000,상도제3동,673241,126.93335,37.49723,236262
202602,1159056000,상도제4동,968511,126.94076,37.49743,189709
202602,1159060500,흑석동,2097147,126.96376,37.5063,682291
202602,1159062000,사당제1동,632726,126.97741,37.47972,236099
202602,1159063000,사당제2동,3039007,126.97519,37.49823,1370277
202602,1159064000,사당제3동,894355,126.97086,37.48881,161199
202602,1159065000,사당제4동,427255,126.97077,37.48059,304750
202602,1159065100,사당제5동,661737,126.96504,37.4858,105262
202602,1159066000,대방동,1587711,126.92803,37.50711,1127073
202602,1159067000,신대방제1동,684048,126.91071,37.48995,163274
202602,1159068000,신대방제2동,1033193,126.92153,37.49431,512284
202602,1162052500,보라매동,762164,126.93259,37.49036,334396
202602,1162054500,청림동,316540,126.95957,37.48941,103009
202602,1162056500,성현동,686448,126.95117,37.48951,240832
202602,1162057500,행운동,723778,126.96062,37.4809,393430
202602,1162058500,낙성대동,2342295,126.96005,37.46723,383900
202602,1162059500,청룡동,1217892,126.94588,37.47805,2178126
202602,1162060500,은천동,734719,126.94221,37.48682,376861
202602,1162061500,중앙동,380017,126.95062,37.48412,240714
202602,1162062500,인헌동,706179,126.96662,37.47208,876727
202602,1162063000,남현동,4235911,126.97664,37.46247,1918970
202602,1162064500,서원동,631090,126.93344,37.4806,2092887
202602,1162065500,신원동,576667,126.9267,37.4793,72271
202602,1162066500,서림동,762657,126.93921,37.47355,467037
202602,1162068500,신사동,605859,126.91875,37.48563,762877
202602,1162069500,신림동,507637,126.92761,37.4869,614426
202602,1162071500,난향동,800353,126.91827,37.46159,141875
202602,1162072500,조원동,648305,126.90753,37.48294,681440
202602,1162073500,대학동,8316533,126.94848,37.45347,687890
202602,1162074500,삼성동,2589521,126.93014,37.46067,246311
202602,1162076500,미성동,1341134,126.91543,37.47594,396507
202602,1162077500,난곡동,1014887,126.92105,37.4705,266846
202602,1165051000,서초1동,1371823,127.02014,37.48696,1370290
202602,1165052000,서초2동,1234893,127.02791,37.48882,3471913
202602,1165053000,서초3동,3010786,127.00959,37.48543,1943401
202602,1165053100,서초4동,876369,127.01996,37.49899,381762
202602,1165054000,잠원동,1837867,127.01304,37.51764,426596
202602,1165055000,반포본동,1539963,126.98648,37.50629,99381
202602,1165056000,반포1동,1009783,127.01663,37.50551,576641
202602,1165057000,반포2동,1242525,126.9957,37.50638,301401
202602,1165058000,반포3동,1309158,127.00359,37.51241,355397
202602,1165058100,반포4동,1458521,127.00329,37.49958,2784090
202602,1165059000,방배본동,659648,126.98777,37.49495,180628
202602,1165060000,방배1동,698070,126.9963,37.48491,575701
202602,1165061000,방배2동,1934493,126.98849,37.47301,243883
202602,1165062000,방배3동,2412263,126.9979,37.47432,604279
202602,1165062100,방배4동,941537,126.99099,37.48982,256117
202602,1165065100,양재1동,5738915,127.02253,37.46956,2146885
202602,1165065200,양재2동,7433699,127.04591,37.45115,696808
202602,1165066000,내곡동,13138298,127.07055,37.45652,288248
202602,1168051000,신사동,1741768,127.0214,37.52572,293333
202602,1168052100,논현1동,1246164,127.0265,37.51191,2710610
202602,1168053100,논현2동,1440614,127.03622,37.51521,1383008
202602,1168054500,압구정동,2512082,127.03348,37.53027,1666684
202602,1168056500,청담동,2355811,127.0505,37.52454,500895
202602,1168058000,삼성1동,1925054,127.06063,37.5154,1527322
202602,1168059000,삼성2동,1258529,127.04876,37.51184,863476
202602,1168060000,대치1동,807837,127.05897,37.49339,385082
202602,1168061000,대치2동,2060695,127.06642,37.50058,2197535
202602,1168063000,대치4동,703180,127.0549,37.50166,1856559
202602,1168064000,역삼1동,2366859,127.03549,37.50089,3984084
202602,1168065000,역삼2동,1123383,127.04489,37.4985,459175
202602,1168065500,도곡1동,1010321,127.04098,37.48905,609836
202602,1168065600,도곡2동,1031472,127.04965,37.48821,807002
202602,1168066000,개포1동,1741195,127.06471,37.47928,142503
202602,1168067000,개포2동,1586586,127.06763,37.48648,429341
202602,1168067500,개포3동,848662,126.85241,37.48684,349342
202602,1168069000,개포4동,1583608,127.05324,37.47555,195058
202602,1168070000,세곡동,5912729,127.10435,37.47107,427400
202602,1168072000,일원본동,2426105,127.08467,37.48237,488119
202602,1168073000,일원1동,946206,127.08925,37.49339,86246
202602,1168075000,수서동,1624149,127.10057,37.48684,1316166
202602,1171051000,풍납1동,1057854,127.1143,37.53824,109441
202602,1171052000,풍납2동,1992907,127.11013,37.52985,159550
202602,1171053100,거여1동,506282,127.14168,37.49439,323809
202602,1171053200,거여2동,505978,127.14717,37.49238,87197
202602,1171054000,마천1동,519561,127.15572,37.49478,256186
202602,1171055000,마천2동,958068,127.15146,37.50033,159831
202602,1171056100,방이1동,585493,127.12232,37.50977,291700
202602,1171056200,방이2동,767575,127.11383,37.51325,353940
202602,1171056600,오륜동,3138116,127.12851,37.51766,600041
202602,1171057000,오금동,1733642,127.1344,37.50399,530672
202602,1171058000,송파1동,696743,127.11032,37.50717,492404
202602,1171059000,송파2동,599279,127.11683,37.50284,58412
202602,1171060000,석촌동,932452,127.10246,37.50272,738742
202602,1171061000,삼전동,990522,127.09191,37.50172,192494
202602,1171062000,가락본동,1049756,127.12164,37.49722,243458
202602,1171063100,가락1동,1368008,127.10824,37.49533,887595
202602,1171063200,가락2동,941692,127.13064,37.49586,503347
202602,1171064100,문정1동,667814,127.12686,37.48817,120949
202602,1171064200,문정2동,2357239,127.11914,37.48069,995443
202602,1171064600,장지동,1221454,127.13163,37.48279,694579
202602,1171064700,위례동,2608006,127.14124,37.48166,366907
202602,1171065000,잠실본동,1140205,127.08229,37.50551,498481
202602,1171067000,잠실2동,2877277,127.07882,37.51772,701589
202602,1171068000,잠실3동,1514431,127.09432,37.51364,457835
202602,1171069000,잠실4동,840215,127.10815,37.52125,634799
202602,1171071000,잠실6동,1398484,127.09998,37.51907,3118959
202602,1171072000,잠실7동,680575,127.0741,37.50748,473540
202602,1174051500,강일동,3653950,127.17402,37.56389,247376
202602,1174052500,상일제1동,1781219,127.16484,37.55074,632803
202602,1174052600,상일제2동,1090000,127.17784,37.55674,58043
202602,1174053000,명일제1동,621207,127.14594,37.55037,379449
202602,1174054000,명일제2동,937505,127.1542,37.54829,389122
202602,1174055000,고덕제1동,1905349,127.15031,37.56335,96219
202602,1174056000,고덕제2동,2415151,127.16164,37.56586,215048
202602,1174057000,암사제1동,730232,127.13459,37.55186,76559
202602,1174058000,암사제2동,2442627,127.12324,37.55738,446374
202602,1174059000,암사제3동,1853001,127.13851,37.5615,244888
202602,1174060000,천호제1동,685407,127.13858,37.54632,349988
202602,1174061000,천호제2동,1828587,127.12228,37.54469,262230
202602,1174062000,천호제3동,538847,127.1332,37.53965,127329
202602,1174064000,성내제1동,661583,127.12552,37.52876,406293
202602,1174065000,성내제2동,626571,127.12774,37.53436,1660894
202602,1174066000,성내제3동,642074,127.1338,37.5284,125099
202602,1174068500,길동,1601118,127.14591,37.53973,512737
202602,1174069000,둔촌제1동,896155,127.14043,37.52315,522172
202602,1174070000,둔촌제2동,1594005,127.14741,37.53151,492563
202603,1111051500,청운효자동,2438307,126.97042,37.58466,255505
202603,1111053000,사직동,1165780,126.97014,37.57411,2743110
202603,1111054000,삼청동,1361445,126.98111,37.58801,150749
202603,1111055000,부암동,2202073,126.96256,37.5967,341457
202603,1111056000,평창동,9017316,126.96927,37.61396,283669
202603,1111057000,무악동,467575,126.95899,37.57774,64594
202603,1111058000,교남동,345990,126.96416,37.57105,324305
202603,1111060000,가회동,605383,126.98662,37.58268,71476
202603,1111061500,종로1.2.3.4가동,2394166,126.98973,37.57508,5838778
202603,1111063000,종로5.6가동,633463,127.00424,37.57302,2209777
202603,1111064000,이화동,755902,127.00307,37.57969,1702370
202603,1111065000,혜화동,1164691,126.99769,37.58747,653168
202603,1111067000,창신제1동,313832,127.01402,37.57226,335233
202603,1111068000,창신제2동,249894,127.01025,37.57575,5291
202603,1111069000,창신제3동,220395,127.01321,37.57882,161157
202603,1111070000,숭인제1동,237128,127.01686,37.57723,213653
202603,1111071000,숭인제2동,321465,127.02064,37.57431,856504
202603,1114052000,소공동,935656,126.97436,37.5643,2610717
202603,1114054000,회현동,892974,126.97671,37.55697,6398830
202603,1114055000,명동,1006850,126.98436,37.56373,3603137
202603,1114057000,필동,1478522,126.99385,37.5568,1236425
202603,1114058000,장충동,1003083,127.00228,37.55561,538299
202603,1114059000,광희동,752739,127.00363,37.5652,1699165
202603,1114060500,을지로동,599530,126.99649,37.56664,1979731
202603,1114061500,신당동,541354,127.01377,37.56575,904646
202603,1114062500,다산동,546686,127.00826,37.5547,120719
202603,1114063500,약수동,511938,127.01024,37.54984,709623
202603,1114064500,청구동,330066,127.01499,37.55686,79798
202603,1114065000,신당제5동,315652,127.02202,37.56358,195521
202603,1114066500,동화동,344934,127.01867,37.56059,266077
202603,1114067000,황학동,314878,127.0208,37.56842,132611
202603,1114068000,중림동,492309,126.96596,37.55732,145172
202603,1117051000,후암동,865282,126.98059,37.54994,199383
202603,1117052000,용산2가동,2045385,126.98353,37.54024,689762
202603,1117053000,남영동,751924,126.97351,37.54511,1376256
202603,1117055500,청파동,854585,126.96717,37.54786,265753
202603,1117056000,원효로제1동,563923,126.96656,37.53747,288850
202603,1117057000,원효로제2동,943601,126.95139,37.5331,180665
202603,1117058000,효창동,502716,126.96131,37.54305,468867
202603,1117059000,용문동,268086,126.95858,37.53815,93780
202603,1117062500,한강로동,2632658,126.96786,37.52918,3382773
202603,1117063000,이촌제1동,2128932,126.97096,37.51728,205375
202603,1117064000,이촌제2동,1203554,126.95394,37.52333,81392
202603,1117065000,이태원제1동,533547,126.99325,37.53339,612464
202603,1117066000,이태원제2동,891712,126.99213,37.54166,133874
202603,1117068500,한남동,3194899,127.0058,37.5371,1188669
202603,1117069000,서빙고동,2917053,126.98838,37.52247,292610
202603,1117070000,보광동,872912,127.00126,37.52587,105312
202603,1120052000,왕십리제2동,334371,127.02769,37.5615,586996
202603,1120053500,왕십리도선동,721844,127.02957,37.56679,254732
202603,1120054000,마장동,1127258,127.04049,37.56764,381351
202603,1120055000,사근동,1154150,127.04543,37.55801,759405
202603,1120056000,행당제1동,566619,127.03606,37.55902,1476156
202603,1120057000,행당제2동,479532,127.0295,37.55668,420674
202603,1120058000,응봉동,563044,127.03398,37.55099,164305
202603,1120059000,금호1가동,407653,127.02506,37.55367,323237
202603,1120061500,금호2.3가동,665732,127.01989,37.55143,160296
202603,1120062000,금호4가동,930024,127.0246,37.54459,497219
202603,1120064500,옥수동,1250869,127.01618,37.54197,533934
202603,1120065000,성수1가제1동,2238042,127.04104,37.54042,405109
202603,1120066000,성수1가제2동,977066,127.04395,37.54907,901667
202603,1120067000,성수2가제1동,1150487,127.05528,37.53666,198933
202603,1120069000,성수2가제3동,1046168,127.05814,37.54554,1918564
202603,1120072000,송정동,587634,127.0657,37.55233,94272
202603,1120079000,용답동,2372731,127.05785,37.55854,1432258
202603,1121571000,화양동,1178002,127.07346,37.54327,2169295
202603,1121573000,군자동,734486,127.07368,37.55307,334304
202603,1121574000,중곡제1동,590812,127.07772,37.56204,152392
202603,1121575000,중곡제2동,544506,127.08459,37.55891,185081
202603,1121576000,중곡제3동,602735,127.08197,37.56785,499043
202603,1121577000,중곡제4동,2284644,127.09445,37.56391,112176
202603,1121578000,능동,1083377,127.08165,37.55066,1694448
202603,1121581000,광장동,2755836,127.10487,37.54828,549126
202603,1121582000,자양제1동,565020,127.08042,37.53554,185023
202603,1121583000,자양제2동,1631119,127.08325,37.52933,233972
202603,1121584000,자양제3동,1134722,127.0712,37.53169,207514
202603,1121584700,자양제4동,1155166,127.06377,37.53389,548381
202603,1121585000,구의제1동,552319,127.08603,37.54149,1130859
202603,1121586000,구의제2동,1380731,127.09445,37.551,741536
202603,1121587000,구의제3동,1450497,127.09524,37.53509,1053780
202603,1123053600,용신동,1573645,127.03229,37.57562,2329968
202603,1123054500,제기동,1181233,127.03724,37.58368,1026308
202603,1123056000,전농제1동,1170148,127.05105,37.57901,1856875
202603,1123057000,전농제2동,995125,127.06114,37.58072,298834
202603,1123060000,답십리제1동,798544,127.0517,37.57094,244677
202603,1123061000,답십리제2동,824988,127.06111,37.57089,341689
202603,1123065000,장안제1동,1365375,127.06859,37.56623,635214
202603,1123066000,장안제2동,1132972,127.07254,37.57576,478673
202603,1123070500,청량리동,1176505,127.04512,37.58894,433388
202603,1123071000,회기동,803887,127.05141,37.5937,285850
202603,1123072000,휘경제1동,510437,127.06247,37.59187,1055972
202603,1123073000,휘경제2동,1195510,127.06644,37.58651,396444
202603,1123074000,이문제1동,1005087,127.06029,37.59722,636268
202603,1123075000,이문제2동,805192,127.06749,37.60283,304400
202603,1126052000,면목제2동,744933,127.07814,37.58938,214173
202603,1126054000,면목제4동,849250,127.08647,37.57348,338977
202603,1126055000,면목제5동,590803,127.07967,37.58297,149145
202603,1126056500,면목본동,827948,127.08953,37.58834,906202
202603,1126057000,면목제7동,1180742,127.09269,37.57729,206132
202603,1126057500,면목제3.8동,1400985,127.09738,37.5846,864193
202603,1126058000,상봉제1동,861947,127.08947,37.60203,207870
202603,1126059000,상봉제2동,655590,127.0839,37.59425,1257876
202603,1126060000,중화제1동,669339,127.08315,37.60229,111046
202603,1126061000,중화제2동,957879,127.07521,37.59872,810604
202603,1126062000,묵제1동,1207708,127.08245,37.61374,239101
202603,1126063000,묵제2동,668183,127.07467,37.61037,430005
202603,1126065500,망우본동,2948005,127.10754,37.60199,644842
202603,1126066000,망우제3동,991213,127.10294,37.59181,147334
202603,1126068000,신내1동,2490403,127.10451,37.6128,753873
202603,1126069000,신내2동,935095,127.09162,37.61095,310474
202603,1129052500,성북동,2416176,126.99615,37.59587,468157
202603,1129055500,삼선동,912074,127.0118,37.58662,2117922
202603,1129057500,동선동,731808,127.01843,37.59374,595658
202603,1129058000,돈암제1동,461014,127.02404,37.59933,450616
202603,1129059000,돈암제2동,523725,127.01163,37.59728,172495
202603,1129060000,안암동,1274562,127.02731,37.58725,823522
202603,1129061000,보문동,589971,127.01922,37.5826,543938
202603,1129062000,정릉제1동,389711,127.01665,37.60326,443065
202603,1129063000,정릉제2동,1126034,127.00812,37.60379,334050
202603,1129064000,정릉제3동,3357947,126.99377,37.61226,348370
202603,1129065000,정릉제4동,3712601,126.99518,37.62351,688837
202603,1129066000,길음제1동,818440,127.01974,37.60811,1224754
202603,1129068500,길음제2동,616132,127.02723,37.60797,327900
202603,1129070500,종암동,1520021,127.03337,37.59725,621081
202603,1129071500,월곡제1동,764805,127.03645,37.60788,345600
202603,1129072500,월곡제2동,1334181,127.04519,37.6033,806474
202603,1129076000,장위제1동,724308,127.04426,37.61494,264558
202603,1129077000,장위제2동,665829,127.05173,37.61222,572721
202603,1129078000,장위제3동,682909,127.05349,37.61818,213155
202603,1129081000,석관동,1731086,127.06134,37.60826,964150
202603,1130553400,삼양동,951708,127.01468,37.62379,544740
202603,1130553500,미아동,853875,127.02629,37.6287,857386
202603,1130554500,송중동,1061923,127.03292,37.6177,1004645
202603,1130555500,송천동,939469,127.02487,37.61822,1273507
202603,1130557500,삼각산동,586701,127.01683,37.61713,253526
202603,1130559500,번1동,595659,127.03054,37.63763,1749198
202603,1130560300,번2동,1012328,127.03479,37.62952,266733
202603,1130560800,번3동,1091074,127.04234,37.62378,219387
202603,1130561500,수유1동,1728230,127.00884,37.62993,514044
202603,1130562500,수유2동,606037,127.0195,37.6454,365592
202603,1130563500,수유3동,730661,127.02355,37.64046,652059
202603,1130564500,우이동,10697189,127.00032,37.66035,661554
202603,1130566000,인수동,2860095,127.00396,37.63764,282265
202603,1132051100,창제1동,1093061,127.04356,37.64714,1387823
202603,1132051200,창제2동,682713,127.03682,37.64263,226727
202603,1132051300,창제3동,637773,127.04163,37.63736,167461
202603,1132051400,창제4동,1114658,127.05093,37.65258,350318
202603,1132051500,창제5동,690264,127.04277,37.65536,1071904
202603,1132052100,도봉제1동,8508462,127.02679,37.68508,331468
202603,1132052200,도봉제2동,1195130,127.04779,37.68119,716369
202603,1132066000,쌍문제1동,1160994,127.01951,37.65303,254396
202603,1132067000,쌍문제2동,531978,127.037,37.65706,291667
202603,1132068000,쌍문제3동,499481,127.03059,37.64769,246722
202603,1132068100,쌍문제4동,577003,127.03041,37.65555,198562
202603,1132069000,방학제1동,1060647,127.04352,37.66503,505624
202603,1132070000,방학제2동,1108653,127.03226,37.66915,142355
202603,1132071000,방학제3동,1860513,127.02347,37.6628,257383
202603,1135056000,월계1동,1178816,127.0586,37.62181,394078
202603,1135057000,월계2동,1991879,127.05121,37.63407,373803
202603,1135058000,월계3동,1167762,127.06489,37.62466,402135
202603,1135059500,공릉1동,1208569,127.07277,37.62412,1197527
202603,1135060000,공릉2동,7264834,127.09423,37.63161,802546
202603,1135061100,하계1동,1441008,127.07481,37.63862,334856
202603,1135061200,하계2동,505737,127.06482,37.63484,755830
202603,1135061900,중계본동,2061637,127.08576,37.64814,273699
202603,1135062100,중계1동,608503,127.0735,37.65002,200025
202603,1135062400,중계4동,1457885,127.08224,37.65885,191831
202603,1135062500,중계2.3동,946538,127.06589,37.64334,760323
202603,1135063000,상계1동,5016467,127.06533,37.68327,622853
202603,1135064000,상계2동,591000,127.06727,37.65649,1692820
202603,1135066500,상계3.4동,5783082,127.08327,37.67515,377537
202603,1135067000,상계5동,492170,127.0696,37.66322,778439
202603,1135069500,상계6.7동,1425634,127.06009,37.64875,393190
202603,1135070000,상계8동,661888,127.05365,37.66629,492205
202603,1135071000,상계9동,837674,127.0625,37.66807,115282
202603,1135072000,상계10동,828158,127.0584,37.65964,217292
202603,1138051000,녹번동,1915175,126.93505,37.60542,1005342
202603,1138052000,불광제1동,3346747,126.93927,37.61731,584249
202603,1138053000,불광제2동,1338273,126.92865,37.62437,339195
202603,1138055100,갈현제1동,953450,126.91489,37.62535,1347955
202603,1138055200,갈현제2동,1053392,126.91212,37.61828,561083
202603,1138056000,구산동,1352647,126.90765,37.61106,292735
202603,1138057000,대조동,871085,126.9231,37.61228,1296833
202603,1138058000,응암제1동,1160262,126.9269,37.59826,530913
202603,1138059000,응암제2동,746941,126.92302,37.59189,202343
202603,1138060000,응암제3동,733293,126.91775,37.58865,380984
202603,1138062500,역촌동,1087046,126.91453,37.60457,473146
202603,1138063100,신사제1동,830268,126.90884,37.59899,838860
202603,1138063200,신사제2동,1041042,126.90629,37.59289,593510
202603,1138064000,증산동,919884,126.90581,37.58378,553653
202603,1138065000,수색동,1140125,126.8949,37.58577,306426
202603,1138069000,진관동,12911565,126.94052,37.63928,1424558
202603,1141052000,천연동,893844,126.95714,37.57121,608311
202603,1141055500,북아현동,444705,126.95552,37.55925,223910
202603,1141056500,충현동,1136892,126.9581,37.56391,1500313
202603,1141058500,신촌동,2566839,126.94106,37.56364,2858551
202603,1141061500,연희동,2825921,126.93273,37.57201,961552
202603,1141062000,홍제제1동,1561215,126.9452,37.58154,1282037
202603,1141064000,홍제제3동,1031592,126.95116,37.59202,316393
202603,1141065500,홍제제2동,712529,126.95253,37.58455,181385
202603,1141066000,홍은제1동,1550491,126.94703,37.59998,232577
202603,1141068500,홍은제2동,2048086,126.93217,37.58699,722197
202603,1141069000,남가좌제1동,447138,126.9162,37.57169,426978
202603,1141070000,남가좌제2동,812456,126.92133,37.57762,440345
202603,1141071000,북가좌제1동,581080,126.908,37.57527,182401
202603,1141072000,북가좌제2동,795331,126.9135,37.581,332630
202603,1144055500,아현동,731252,126.95284,37.55193,945589
202603,1144056500,공덕동,1002153,126.95779,37.54912,1676692
202603,1144058500,도화동,860064,126.94681,37.53704,249068
202603,1144059000,용강동,956700,126.94127,37.54059,609477
202603,1144060000,대흥동,836007,126.9414,37.55212,1509242
202603,1144061000,염리동,539922,126.94755,37.54982,128687
202603,1144063000,신수동,1118424,126.93364,37.54363,61022
202603,1144065500,서강동,1715559,126.92516,37.54595,866691
202603,1144066000,서교동,1647625,126.92094,37.55477,6835887
202603,1144068000,합정동,1753036,126.90884,37.54687,214684
202603,1144069000,망원제1동,1124872,126.90021,37.55275,221947
202603,1144070000,망원제2동,1208058,126.89568,37.55712,152172
202603,1144071000,연남동,647383,126.92154,37.56303,253678
202603,1144072000,성산제1동,864039,126.91185,37.56198,249174
202603,1144073000,성산제2동,1963168,126.90204,37.56811,958504
202603,1144074000,상암동,7678191,126.88086,37.57179,1801902
202603,1147051000,목1동,1564660,126.8751,37.52744,1825188
202603,1147052000,목2동,1054247,126.8741,37.54359,906716
202603,1147053000,목3동,500764,126.86541,37.5452,677000
202603,1147054000,목4동,561686,126.8669,37.53544,282526
202603,1147055000,목5동,2069098,126.88103,37.53631,466487
202603,1147056000,신월1동,630072,126.83453,37.53127,129371
202603,1147057000,신월2동,614213,126.84633,37.5234,214940
202603,1147058000,신월3동,926653,126.82747,37.53236,106880
202603,1147059000,신월4동,454712,126.83982,37.52225,177433
202603,1147060000,신월5동,515356,126.8299,37.54004,125939
202603,1147061000,신월6동,473483,126.84213,37.51597,158213
202603,1147061100,신월7동,900522,126.83234,37.52066,176741
202603,1147062000,신정1동,739881,126.85963,37.51888,190141
202603,1147063000,신정2동,648695,126.87518,37.51895,102293
202603,1147064000,신정3동,3169421,126.8394,37.51178,847552
202603,1147065000,신정4동,996239,126.85757,37.52541,902245
202603,1147067000,신정6동,926759,126.86964,37.51591,172541
202603,1147068000,신정7동,1143920,126.86468,37.51012,384282
202603,1150051000,염창동,2389890,126.87543,37.55321,415574
202603,1150052000,등촌제1동,658950,126.85963,37.55586,483961
202603,1150053000,등촌제2동,895367,126.86003,37.54574,238140
202603,1150053500,등촌제3동,1042691,126.84634,37.56105,1054740
202603,1150054000,화곡제1동,1192600,126.84094,37.53378,2332618
202603,1150055000,화곡제2동,456930,126.85437,37.53228,149749
202603,1150056000,화곡제3동,526606,126.83427,37.54406,133865
202603,1150057000,화곡제4동,855978,126.85858,37.5361,161841
202603,1150059000,화곡본동,982074,126.84816,37.54257,277073
202603,1150059100,화곡제6동,1062894,126.85117,37.55172,458603
202603,1150059300,화곡제8동,575541,126.84863,37.53422,251222
202603,1150060300,가양제1동,5543738,126.83435,37.5731,1763029
202603,1150060400,가양제2동,1012806,126.85401,37.56866,69455
202603,1150060500,가양제3동,932533,126.8623,37.56268,61179
202603,1150061100,발산제1동,2963745,126.82558,37.55045,794672
202603,1150061500,우장산동,1245257,126.84102,37.55057,1108118
202603,1150062000,공항동,11581226,126.79496,37.55649,513000
202603,1150063000,방화제1동,1487371,126.81755,37.56864,871157
202603,1150064000,방화제2동,5640487,126.80451,37.5838,1445898
202603,1150064100,방화제3동,1979329,126.81553,37.58158,265456
202603,1153051000,신도림동,1376469,126.88285,37.50973,2157303
202603,1153052000,구로제1동,1083279,126.87546,37.49303,117836
202603,1153053000,구로제2동,1809928,126.87949,37.49745,839242
202603,1153054000,구로제3동,1043117,126.89498,37.48488,2784914
202603,1153055000,구로제4동,516496,126.8902,37.49154,241957
202603,1153056000,구로제5동,1023242,126.88848,37.50203,745759
202603,1153059500,가리봉동,408284,126.88826,37.48256,223958
202603,1153072000,고척제1동,1132884,126.8634,37.50066,403519
202603,1153073000,고척제2동,997120,126.85331,37.50585,293711
202603,1153074000,개봉제1동,1126936,126.84988,37.49988,1003286
202603,1153075000,개봉제2동,815642,126.85636,37.49273,357042
202603,1153076000,개봉제3동,848662,126.85241,37.48684,129255
202603,1153077000,오류제1동,747283,126.84163,37.49696,446109
202603,1153078000,오류제2동,3081182,126.83837,37.48526,649230
202603,1153079000,수궁동,2630691,126.82607,37.49828,809676
202603,1153080000,항동,1431213,126.82449,37.48103,103605
202603,1154551000,가산동,2244201,126.88434,37.47684,2520875
202603,1154561000,독산제1동,1964400,126.89272,37.4642,778401
202603,1154562000,독산제2동,616195,126.90255,37.46383,303198
202603,1154563000,독산제3동,945991,126.90459,37.47593,461938
202603,1154564000,독산제4동,619603,126.90405,37.46922,336221
202603,1154567000,시흥제1동,1476950,126.90015,37.45289,716946
202603,1154568000,시흥제2동,1180173,126.92007,37.45059,182022
202603,1154569000,시흥제3동,1335878,126.90593,37.44028,107194
202603,1154570000,시흥제4동,771262,126.90911,37.46008,220291
202603,1154571000,시흥제5동,1426902,126.91243,37.44875,346062
202603,1156051500,영등포본동,808233,126.9097,37.51372,871008
202603,1156053500,영등포동,1415805,126.90784,37.52152,1560888
202603,1156054000,여의동,6656365,126.92757,37.52749,4526689
202603,1156055000,당산제1동,743499,126.89685,37.52393,1131437
202603,1156056000,당산제2동,1564124,126.90391,37.53298,1752800
202603,1156058500,도림동,549811,126.90124,37.50928,166457
202603,1156060500,문래동,1742935,126.89147,37.51638,1073103
202603,1156061000,양평제1동,864764,126.88707,37.52507,423575
202603,1156062000,양평제2동,1892053,126.89418,37.5406,588559
202603,1156063000,신길제1동,811808,126.91951,37.51234,620425
202603,1156065000,신길제3동,480412,126.90589,37.50645,201538
202603,1156066000,신길제4동,288284,126.91292,37.50728,139301
202603,1156067000,신길제5동,530930,126.90555,37.50112,125879
202603,1156068000,신길제6동,679799,126.91354,37.49916,608516
202603,1156069000,신길제7동,548054,126.9198,37.5058,634652
202603,1156070000,대림제1동,481705,126.90526,37.49377,188228
202603,1156071000,대림제2동,578880,126.90064,37.48963,158061
202603,1156072000,대림제3동,937514,126.89727,37.49987,1291141
202603,1159051000,노량진제1동,1878710,126.94915,37.51303,2010908
202603,1159052000,노량진제2동,661468,126.938,37.51093,451816
202603,1159053000,상도제1동,1431135,126.95347,37.49833,1946064
202603,1159054000,상도제2동,776948,126.94206,37.50367,684584
202603,1159055000,상도제3동,673241,126.93335,37.49723,280036
202603,1159056000,상도제4동,968511,126.94076,37.49743,231845
202603,1159060500,흑석동,2097147,126.96376,37.5063,987341
202603,1159062000,사당제1동,632726,126.97741,37.47972,292186
202603,1159063000,사당제2동,3039007,126.97519,37.49823,1698140
202603,1159064000,사당제3동,894355,126.97086,37.48881,210113
202603,1159065000,사당제4동,427255,126.97077,37.48059,383938
202603,1159065100,사당제5동,661737,126.96504,37.4858,137255
202603,1159066000,대방동,1587711,126.92803,37.50711,1456633
202603,1159067000,신대방제1동,684048,126.91071,37.48995,202434
202603,1159068000,신대방제2동,1033193,126.92153,37.49431,625318
202603,1162052500,보라매동,762164,126.93259,37.49036,402452
202603,1162054500,청림동,316540,126.95957,37.48941,123434
202603,1162056500,성현동,686448,126.95117,37.48951,305119
202603,1162057500,행운동,723778,126.96062,37.4809,486389
202603,1162058500,낙성대동,2342295,126.96005,37.46723,567244
202603,1162059500,청룡동,1217892,126.94588,37.47805,2782580
202603,1162060500,은천동,734719,126.94221,37.48682,460217
202603,1162061500,중앙동,380017,126.95062,37.48412,298741
202603,1162062500,인헌동,706179,126.96662,37.47208,1095879
202603,1162063000,남현동,4235911,126.97664,37.46247,2413360
202603,1162064500,서원동,631090,126.93344,37.4806,2538337
202603,1162065500,신원동,576667,126.9267,37.4793,84111
202603,1162066500,서림동,762657,126.93921,37.47355,570804
202603,1162068500,신사동,605859,126.91875,37.48563,930883
202603,1162069500,신림동,507637,126.92761,37.4869,739824
202603,1162071500,난향동,800353,126.91827,37.46159,173863
202603,1162072500,조원동,648305,126.90753,37.48294,826018
202603,1162073500,대학동,8316533,126.94848,37.45347,1070214
202603,1162074500,삼성동,2589521,126.93014,37.46067,309847
202603,1162076500,미성동,1341134,126.91543,37.47594,479924
202603,1162077500,난곡동,1014887,126.92105,37.4705,324255
202603,1165051000,서초1동,1371823,127.02014,37.48696,1711249
202603,1165052000,서초2동,1234893,127.02791,37.48882,4201326
202603,1165053000,서초3동,3010786,127.00959,37.48543,2391943
202603,1165053100,서초4동,876369,127.01996,37.49899,467090
202603,1165054000,잠원동,1837867,127.01304,37.51764,537691
202603,1165055000,반포본동,1539963,126.98648,37.50629,135920
202603,1165056000,반포1동,1009783,127.01663,37.50551,717800
202603,1165057000,반포2동,1242525,126.9957,37.50638,406320
202603,1165058000,반포3동,1309158,127.00359,37.51241,440923
202603,1165058100,반포4동,1458521,127.00329,37.49958,3165717
202603,1165059000,방배본동,659648,126.98777,37.49495,225960
202603,1165060000,방배1동,698070,126.9963,37.48491,726729
202603,1165061000,방배2동,1934493,126.98849,37.47301,309274
202603,1165062000,방배3동,2412263,126.9979,37.47432,870627
202603,1165062100,방배4동,941537,126.99099,37.48982,320483
202603,1165065100,양재1동,5738915,127.02253,37.46956,2701638
202603,1165065200,양재2동,7433699,127.04591,37.45115,886399
202603,1165066000,내곡동,13138298,127.07055,37.45652,378462
202603,1168051000,신사동,1741768,127.0214,37.52572,376106
202603,1168052100,논현1동,1246164,127.0265,37.51191,3368194
202603,1168053100,논현2동,1440614,127.03622,37.51521,1732683
202603,1168054500,압구정동,2512082,127.03348,37.53027,2052107
202603,1168056500,청담동,2355811,127.0505,37.52454,633648
202603,1168058000,삼성1동,1925054,127.06063,37.5154,1928944
202603,1168059000,삼성2동,1258529,127.04876,37.51184,1069662
202603,1168060000,대치1동,807837,127.05897,37.49339,452297
202603,1168061000,대치2동,2060695,127.06642,37.50058,2654038
202603,1168063000,대치4동,703180,127.0549,37.50166,2267319
202603,1168064000,역삼1동,2366859,127.03549,37.50089,4832444
202603,1168065000,역삼2동,1123383,127.04489,37.4985,568046
202603,1168065500,도곡1동,1010321,127.04098,37.48905,768935
202603,1168065600,도곡2동,1031472,127.04965,37.48821,994871
202603,1168066000,개포1동,1741195,127.06471,37.47928,184680
202603,1168067000,개포2동,1586586,127.06763,37.48648,551039
202603,1168067500,개포3동,848662,126.85241,37.48684,440274
202603,1168069000,개포4동,1583608,127.05324,37.47555,239658
202603,1168070000,세곡동,5912729,127.10435,37.47107,545558
202603,1168072000,일원본동,2426105,127.08467,37.48237,619186
202603,1168073000,일원1동,946206,127.08925,37.49339,104051
202603,1168075000,수서동,1624149,127.10057,37.48684,1638175
202603,1171051000,풍납1동,1057854,127.1143,37.53824,131809
202603,1171052000,풍납2동,1992907,127.11013,37.52985,196593
202603,1171053100,거여1동,506282,127.14168,37.49439,408917
202603,1171053200,거여2동,505978,127.14717,37.49238,107059
202603,1171054000,마천1동,519561,127.15572,37.49478,321815
202603,1171055000,마천2동,958068,127.15146,37.50033,192728
202603,1171056100,방이1동,585493,127.12232,37.50977,358107
202603,1171056200,방이2동,767575,127.11383,37.51325,426366
202603,1171056600,오륜동,3138116,127.12851,37.51766,849786
202603,1171057000,오금동,1733642,127.1344,37.50399,658151
202603,1171058000,송파1동,696743,127.11032,37.50717,598857
202603,1171059000,송파2동,599279,127.11683,37.50284,76230
202603,1171060000,석촌동,932452,127.10246,37.50272,911828
202603,1171061000,삼전동,990522,127.09191,37.50172,235345
202603,1171062000,가락본동,1049756,127.12164,37.49722,304380
202603,1171063100,가락1동,1368008,127.10824,37.49533,1083553
202603,1171063200,가락2동,941692,127.13064,37.49586,630927
202603,1171064100,문정1동,667814,127.12686,37.48817,154645
202603,1171064200,문정2동,2357239,127.11914,37.48069,1277674
202603,1171064600,장지동,1221454,127.13163,37.48279,876237
202603,1171064700,위례동,2608006,127.14124,37.48166,479145
202603,1171065000,잠실본동,1140205,127.08229,37.50551,599485
202603,1171067000,잠실2동,2877277,127.07882,37.51772,880466
202603,1171068000,잠실3동,1514431,127.09432,37.51364,555016
202603,1171069000,잠실4동,840215,127.10815,37.52125,819780
202603,1171071000,잠실6동,1398484,127.09998,37.51907,3628996
202603,1171072000,잠실7동,680575,127.0741,37.50748,663108
202603,1174051500,강일동,3653950,127.17402,37.56389,307225
202603,1174052500,상일제1동,1781219,127.16484,37.55074,793467
202603,1174052600,상일제2동,1090000,127.17784,37.55674,72707
202603,1174053000,명일제1동,621207,127.14594,37.55037,473010
202603,1174054000,명일제2동,937505,127.1542,37.54829,483841
202603,1174055000,고덕제1동,1905349,127.15031,37.56335,124605
202603,1174056000,고덕제2동,2415151,127.16164,37.56586,259260
202603,1174057000,암사제1동,730232,127.13459,37.55186,93314
202603,1174058000,암사제2동,2442627,127.12324,37.55738,542615
202603,1174059000,암사제3동,1853001,127.13851,37.5615,311228
202603,1174060000,천호제1동,685407,127.13858,37.54632,424877
202603,1174061000,천호제2동,1828587,127.12228,37.54469,315563
202603,1174062000,천호제3동,538847,127.1332,37.53965,155398
202603,1174064000,성내제1동,661583,127.12552,37.52876,501019
202603,1174065000,성내제2동,626571,127.12774,37.53436,2020021
202603,1174066000,성내제3동,642074,127.1338,37.5284,153390
202603,1174068500,길동,1601118,127.14591,37.53973,616790
202603,1174069000,둔촌제1동,896155,127.14043,37.52315,649590
202603,1174070000,둔촌제2동,1594005,127.14741,37.53151,615781
