YYYYMM,행정동코드,생활인구합계
202408,11110515,10466681
202408,11110530,21399917
202408,11110540,4017890
202408,11110550,8780204
202408,11110560,10261956
202408,11110570,1124979
202408,11110580,7273208
202408,11110600,6170748
202408,11110615,46248946
202408,11110630,12929901
202408,11110640,14241267
202408,11110650,17292938
202408,11110670,5222523
202408,11110680,6619230
202408,11110690,2131502
202408,11110700,4674563
202408,11110710,12192374
202408,11140520,27602919
202408,11140540,23202874
202408,11140550,34852881
202408,11140570,12839448
202408,11140580,8642009
202408,11140590,18951379
202408,11140605,15304766
202408,11140615,11489431
202408,11140625,9905741
202408,11140635,10209951
202408,11140645,10827766
202408,11140650,11920671
202408,11140665,5270383
202408,11140670,9179353
202408,11140680,10868773
202408,11170510,10618837
202408,11170520,13082652
202408,11170530,12823745
202408,11170555,14265839
202408,11170560,13723168
202408,11170570,9978069
202408,11170580,6420438
202408,11170590,7848147
202408,11170625,39619852
202408,11170630,17135435
202408,11170640,4205637
202408,11170650,12496882
202408,11170660,8715676
202408,11170685,19911234
202408,11170690,11133861
202408,11170700,4702573
202408,11200520,13695357
202408,11200535,16499197
202408,11200540,14679623
202408,11200550,14070401
202408,11200560,9604696
202408,11200570,17940024
202408,11200580,8086530
202408,11200590,10392985
202408,11200615,13896027
202408,11200620,9565481
202408,11200645,17696299
202408,11200650,15837252
202408,11200660,13603451
202408,11200670,15003709
202408,11200690,20879756
202408,11200720,5204786
202408,11200790,16817554
202408,11215710,25251639
202408,11215730,18564666
202408,11215740,11535503
202408,11215750,13505873
202408,11215760,13843351
202408,11215770,13191842
202408,11215780,11472665
202408,11215810,24118221
202408,11215820,18043401
202408,11215830,18680171
202408,11215840,20801387
202408,11215847,21837284
202408,11215850,17106523
202408,11215860,16727491
202408,11215870,24429377
202408,11230536,32153358
202408,11230545,19909317
202408,11230560,31004281
202408,11230570,10435492
202408,11230600,15237389
202408,11230610,21656876
202408,11230650,25006693
202408,11230660,21901456
202408,11230705,14191265
202408,11230710,12341438
202408,11230720,11712563
202408,11230730,14734857
202408,11230740,14766514
202408,11230750,11041164
202408,11260520,17259087
202408,11260540,13010993
202408,11260550,13284300
202408,11260565,22936438
202408,11260570,13133796
202408,11260575,15528328
202408,11260580,16239244
202408,11260590,19586036
202408,11260600,9475085
202408,11260610,22013952
202408,11260620,19387561
202408,11260630,14187345
202408,11260655,26620690
202408,11260660,9500478
202408,11260680,23855404
202408,11260690,13635309
202408,11290525,14750668
202408,11290555,22088187
202408,11290575,14151265
202408,11290580,8381171
202408,11290590,8681112
202408,11290600,19423694
202408,11290610,9503412
202408,11290620,6676843
202408,11290630,15055489
202408,11290640,15268657
202408,11290650,11975949
202408,11290660,25300707
202408,11290685,16118340
202408,11290705,30384189
202408,11290715,14400837
202408,11290725,13133743
202408,11290760,13177319
202408,11290770,11063195
202408,11290780,6808312
202408,11290810,24635574
202408,11305534,14506661
202408,11305535,18220247
202408,11305545,18154767
202408,11305555,19529988
202408,11305575,17784980
202408,11305595,13958704
202408,11305603,6529135
202408,11305608,14627472
202408,11305615,18928604
202408,11305625,12031578
202408,11305635,22242533
202408,11305645,14901501
202408,11305660,20201016
202408,11320511,17618805
202408,11320512,17415315
202408,11320513,7923691
202408,11320514,17506776
202408,11320515,15239695
202408,11320521,16385456
202408,11320522,16065030
202408,11320660,13991582
202408,11320670,13124644
202408,11320680,11855454
202408,11320681,11377527
202408,11320690,21716608
202408,11320700,9259743
202408,11320710,16565183
202408,11350560,14668523
202408,11350570,18211386
202408,11350580,19874310
202408,11350595,29279174
202408,11350600,31937234
202408,11350611,15926713
202408,11350612,9904733
202408,11350619,13669265
202408,11350621,19398722
202408,11350624,11048619
202408,11350625,25898973
202408,11350630,26251980
202408,11350640,16792327
202408,11350665,17963132
202408,11350670,12449639
202408,11350695,31428792
202408,11350700,14579893
202408,11350710,9913517
202408,11350720,14818393
202408,11380510,24596184
202408,11380520,23145376
202408,11380530,16592875
202408,11380551,10913339
202408,11380552,19673236
202408,11380560,15001663
202408,11380570,21935626
202408,11380580,25624546
202408,11380590,14340743
202408,11380600,17064528
202408,11380625,35577914
202408,11380631,17389670
202408,11380632,12901801
202408,11380640,13181419
202408,11380650,13953257
202408,11380690,41308465
202408,11410520,12634234
202408,11410555,8504598
202408,11410565,22601004
202408,11410585,38296295
202408,11410615,29675642
202408,11410620,20285554
202408,11410640,11190982
202408,11410655,7010230
202408,11410660,9850875
202408,11410685,19162462
202408,11410690,9312770
202408,11410700,16281644
202408,11410710,9777517
202408,11410720,23363342
202408,11440555,21504073
202408,11440565,26893190
202408,11440585,17544625
202408,11440590,15966322
202408,11440600,16620490
202408,11440610,17089432
202408,11440630,16639775
202408,11440655,20796615
202408,11440660,54371280
202408,11440680,19354003
202408,11440690,18836289
202408,11440700,12935575
202408,11440710,13539605
202408,11440720,11673601
202408,11440730,28965442
202408,11440740,33838207
202408,11470510,30659828
202408,11470520,16525513
202408,11470530,13091580
202408,11470540,13866836
202408,11470550,27952531
202408,11470560,12946467
202408,11470570,16366855
202408,11470580,11457332
202408,11470590,9764094
202408,11470600,11481324
202408,11470610,4431171
202408,11470611,12112726
202408,11470620,9290854
202408,11470630,11680409
202408,11470640,33759970
202408,11470650,22283231
202408,11470670,12812275
202408,11470680,21694423
202408,11500510,23029281
202408,11500520,18133869
202408,11500530,14489855
202408,11500535,23103584
202408,11500540,53734948
202408,11500550,8634715
202408,11500560,13506029
202408,11500570,15002601
202408,11500590,21631239
202408,11500591,17346123
202408,11500593,8452039
202408,11500603,35513073
202408,11500604,8407405
202408,11500605,7571281
202408,11500611,32448126
202408,11500615,22634262
202408,11500620,29225224
202408,11500630,24690667
202408,11500640,24793862
202408,11500641,11333839
202408,11530510,25387650
202408,11530520,13254902
202408,11530530,25371916
202408,11530540,35186132
202408,11530550,13304239
202408,11530560,25611010
202408,11530595,5152474
202408,11530720,20853982
202408,11530730,11659618
202408,11530740,21029255
202408,11530750,17882367
202408,11530760,13724851
202408,11530770,15874527
202408,11530780,28383740
202408,11530790,14820533
202408,11530800,8224221
202408,11545510,51912903
202408,11545610,36539641
202408,11545620,11071384
202408,11545630,14505810
202408,11545640,9057671
202408,11545670,26346500
202408,11545680,12899870
202408,11545690,7521488
202408,11545700,7073294
202408,11545710,11729229
202408,11560515,16782956
202408,11560535,35625367
202408,11560540,46553479
202408,11560550,21646319
202408,11560560,26189268
202408,11560585,12709916
202408,11560605,30263617
202408,11560610,13760955
202408,11560620,19205840
202408,11560630,12380144
202408,11560650,7992130
202408,11560660,8087061
202408,11560670,7939026
202408,11560680,14540863
202408,11560690,7828316
202408,11560700,7905248
202408,11560710,10120373
202408,11560720,14501566
202408,11590510,22932604
202408,11590520,8410383
202408,11590530,29962802
202408,11590540,18597978
202408,11590550,18007685
202408,11590560,16640864
202408,11590605,21226697
202408,11590620,18435149
202408,11590630,20480132
202408,11590640,13151642
202408,11590650,8518216
202408,11590651,9165499
202408,11590660,26413519
202408,11590670,17450485
202408,11590680,19258266
202408,11620525,14148216
202408,11620545,8774437
202408,11620565,16643877
202408,11620575,19363903
202408,11620585,17984270
202408,11620595,30221915
202408,11620605,20804111
202408,11620615,12629639
202408,11620625,16344699
202408,11620630,16696326
202408,11620645,17230080
202408,11620655,16631822
202408,11620665,15918350
202408,11620685,16685008
202408,11620695,18620929
202408,11620715,8951416
202408,11620725,18509274
202408,11620735,25847506
202408,11620745,15254141
202408,11620765,17086009
202408,11620775,14911574
202408,11650510,20422797
202408,11650520,34957692
202408,11650530,43911053
202408,11650531,33610034
202408,11650540,22323671
202408,11650550,1096401
202408,11650560,26349032
202408,11650570,15412517
202408,11650580,18248247
202408,11650581,33569616
202408,11650590,14179739
202408,11650600,11948503
202408,11650610,16126645
202408,11650620,19102046
202408,11650621,18387844
202408,11650651,39107956
202408,11650652,28688929
202408,11650660,13106138
202408,11680510,24385088
202408,11680521,28026385
202408,11680531,31220851
202408,11680545,27583145
202408,11680565,28015031
202408,11680580,29583445
202408,11680590,29135170
202408,11680600,20047398
202408,11680610,32954914
202408,11680630,30793284
202408,11680640,50018461
202408,11680650,39215698
202408,11680655,18068660
202408,11680656,26004313
202408,11680660,13683246
202408,11680670,30392841
202408,11680675,8449853
202408,11680690,19244064
202408,11680700,31474876
202408,11680720,19448415
202408,11680730,9550620
202408,11680750,14020208
202408,11710510,7758200
202408,11710520,23658901
202408,11710531,9221343
202408,11710532,15241313
202408,11710540,8607804
202408,11710550,11491485
202408,11710561,11917884
202408,11710562,23035835
202408,11710566,14719065
202408,11710570,25265311
202408,11710580,18499871
202408,11710590,12329799
202408,11710600,26041398
202408,11710610,22486008
202408,11710620,23021028
202408,11710631,21623213
202408,11710632,21206417
202408,11710641,13599528
202408,11710642,38016986
202408,11710646,18002694
202408,11710647,26601164
202408,11710650,24852812
202408,11710670,25829089
202408,11710680,29666690
202408,11710690,13121910
202408,11710710,31133400
202408,11710720,6957875
202408,11740515,24521210
202408,11740525,27910529
202408,11740526,12150590
202408,11740530,16440093
202408,11740540,13157211
202408,11740550,14029002
202408,11740560,16157410
202408,11740570,21911998
202408,11740580,9390036
202408,11740590,8623668
202408,11740600,20024432
202408,11740610,29418179
202408,11740620,18778936
202408,11740640,15216758
202408,11740650,22934323
202408,11740660,21228374
202408,11740685,37725290
202408,11740690,1920550
202408,11740700,16649257
202409,11110515,10633410
202409,11110530,20391437
202409,11110540,3532183
202409,11110550,7832466
202409,11110560,11454636
202409,11110570,3636857
202409,11110580,8058219
202409,11110600,6186221
202409,11110615,37382805
202409,11110630,11369717
202409,11110640,15472471
202409,11110650,18176331
202409,11110670,5187674
202409,11110680,4592788
202409,11110690,3476679
202409,11110700,4327451
202409,11110710,8760080
202409,11140520,22682031
202409,11140540,21725339
202409,11140550,32219466
202409,11140570,11318599
202409,11140580,8213968
202409,11140590,17283763
202409,11140605,12237789
202409,11140615,11770726
202409,11140625,9215665
202409,11140635,10000476
202409,11140645,5387138
202409,11140650,7615109
202409,11140665,9211616
202409,11140670,9333718
202409,11140680,9011814
202409,11170510,8673224
202409,11170520,8885840
202409,11170530,11629319
202409,11170555,17628832
202409,11170560,13012570
202409,11170570,9968138
202409,11170580,6508928
202409,11170590,7046725
202409,11170625,35714477
202409,11170630,15610533
202409,11170640,3255574
202409,11170650,10146586
202409,11170660,10592852
202409,11170685,20843586
202409,11170690,10190109
202409,11170700,6029652
202409,11200520,8306025
202409,11200535,22466354
202409,11200540,16300441
202409,11200550,16000513
202409,11200560,13239324
202409,11200570,14119235
202409,11200580,8326973
202409,11200590,9757154
202409,11200615,14704421
202409,11200620,10030570
202409,11200645,14627242
202409,11200650,12951456
202409,11200660,14349666
202409,11200670,12533039
202409,11200690,20710564
202409,11200720,7743026
202409,11200790,10374366
202409,11215710,27171643
202409,11215730,15212606
202409,11215740,10909158
202409,11215750,13217348
202409,11215760,10866086
202409,11215770,21215289
202409,11215780,9460765
202409,11215810,25014613
202409,11215820,15560433
202409,11215830,16587919
202409,11215840,20336762
202409,11215847,16969319
202409,11215850,15350230
202409,11215860,18071356
202409,11215870,22136682
202409,11230536,30110505
202409,11230545,19994156
202409,11230560,27450378
202409,11230570,13254662
202409,11230600,17739392
202409,11230610,19763553
202409,11230650,24158315
202409,11230660,22977947
202409,11230705,13873720
202409,11230710,12439334
202409,11230720,10995434
202409,11230730,15382504
202409,11230740,18803612
202409,11230750,13378080
202409,11260520,16861319
202409,11260540,12060743
202409,11260550,8676350
202409,11260565,24700739
202409,11260570,14530309
202409,11260575,18250552
202409,11260580,13255924
202409,11260590,17981017
202409,11260600,12550125
202409,11260610,14960502
202409,11260620,21056736
202409,11260630,15457590
202409,11260655,27094969
202409,11260660,8383950
202409,11260680,25428460
202409,11260690,11900430
202409,11290525,15133409
202409,11290555,17187757
202409,11290575,15458539
202409,11290580,8751238
202409,11290590,6237881
202409,11290600,20266979
202409,11290610,13055286
202409,11290620,9953847
202409,11290630,14452564
202409,11290640,10643253
202409,11290650,15865832
202409,11290660,22373333
202409,11290685,15135722
202409,11290705,27997133
202409,11290715,14626328
202409,11290725,15487402
202409,11290760,16160688
202409,11290770,8716292
202409,11290780,6748269
202409,11290810,19961427
202409,11305534,15868435
202409,11305535,15544537
202409,11305545,22054084
202409,11305555,19297473
202409,11305575,15393918
202409,11305595,14607075
202409,11305603,10047465
202409,11305608,10694237
202409,11305615,12092920
202409,11305625,14095959
202409,11305635,19112448
202409,11305645,14905079
202409,11305660,18897285
202409,11320511,15545367
202409,11320512,20395827
202409,11320513,6964420
202409,11320514,19958364
202409,11320515,16095943
202409,11320521,15904380
202409,11320522,17097226
202409,11320660,12691940
202409,11320670,11697099
202409,11320680,10297690
202409,11320681,14037809
202409,11320690,19518971
202409,11320700,9432005
202409,11320710,16632780
202409,11350560,17073821
202409,11350570,15468224
202409,11350580,20056343
202409,11350595,26570728
202409,11350600,32161597
202409,11350611,20771397
202409,11350612,10465140
202409,11350619,16520664
202409,11350621,17881845
202409,11350624,12642195
202409,11350625,20398105
202409,11350630,25144254
202409,11350640,18165149
202409,11350665,17368308
202409,11350670,11851827
202409,11350695,26481806
202409,11350700,13944186
202409,11350710,13196910
202409,11350720,10952690
202409,11380510,26598219
202409,11380520,23368522
202409,11380530,18258662
202409,11380551,12055559
202409,11380552,16005209
202409,11380560,21328527
202409,11380570,20654225
202409,11380580,20540371
202409,11380590,14872737
202409,11380600,15858070
202409,11380625,29769230
202409,11380631,17025668
202409,11380632,12363253
202409,11380640,9214628
202409,11380650,13516572
202409,11380690,39606362
202409,11410520,9078355
202409,11410555,5987960
202409,11410565,20960059
202409,11410585,42796740
202409,11410615,28927427
202409,11410620,17152934
202409,11410640,12212850
202409,11410655,7540902
202409,11410660,13250643
202409,11410685,16655068
202409,11410690,10107921
202409,11410700,20179999
202409,11410710,10545593
202409,11410720,20292881
202409,11440555,19575564
202409,11440565,25344494
202409,11440585,13183727
202409,11440590,14595749
202409,11440600,16989186
202409,11440610,16112771
202409,11440630,15840861
202409,11440655,22126699
202409,11440660,48366226
202409,11440680,14296001
202409,11440690,14530713
202409,11440700,12245774
202409,11440710,12244874
202409,11440720,15442998
202409,11440730,27103277
202409,11440740,33047735
202409,11470510,23665270
202409,11470520,21035801
202409,11470530,10068652
202409,11470540,14704665
202409,11470550,27466978
202409,11470560,13148155
202409,11470570,8369438
202409,11470580,8866001
202409,11470590,7623697
202409,11470600,9929001
202409,11470610,4125309
202409,11470611,11714508
202409,11470620,9999999
202409,11470630,11218222
202409,11470640,35579685
202409,11470650,25267446
202409,11470670,12693147
202409,11470680,17924048
202409,11500510,23940367
202409,11500520,19919296
202409,11500530,12751560
202409,11500535,23775587
202409,11500540,33706777
202409,11500550,8310043
202409,11500560,12933579
202409,11500570,14813193
202409,11500590,21625269
202409,11500591,17573678
202409,11500593,26248400
202409,11500603,35639647
202409,11500604,9524848
202409,11500605,7508090
202409,11500611,31015731
202409,11500615,18942173
202409,11500620,26215012
202409,11500630,24189965
202409,11500640,21016974
202409,11500641,12373133
202409,11530510,25150333
202409,11530520,13147383
202409,11530530,19634709
202409,11530540,30934773
202409,11530550,13530323
202409,11530560,26493436
202409,11530595,5178121
202409,11530720,20979695
202409,11530730,12175974
202409,11530740,20781486
202409,11530750,18464894
202409,11530760,11416749
202409,11530770,14509229
202409,11530780,27233854
202409,11530790,14399140
202409,11530800,7826619
202409,11545510,42692247
202409,11545610,34836575
202409,11545620,9264188
202409,11545630,11968381
202409,11545640,10601177
202409,11545670,22973485
202409,11545680,12594829
202409,11545690,7248397
202409,11545700,13075678
202409,11545710,9686845
202409,11560515,13903052
202409,11560535,33131163
202409,11560540,44379633
202409,11560550,20219636
202409,11560560,28696897
202409,11560585,13608584
202409,11560605,26731237
202409,11560610,13987533
202409,11560620,17605621
202409,11560630,13769739
202409,11560650,7962529
202409,11560660,7809166
202409,11560670,5094604
202409,11560680,12725219
202409,11560690,10987103
202409,11560700,9689473
202409,11560710,10069747
202409,11560720,15661576
202409,11590510,23951613
202409,11590520,8454244
202409,11590530,31239642
202409,11590540,18018811
202409,11590550,14022914
202409,11590560,18209308
202409,11590605,24780607
202409,11590620,17508429
202409,11590630,21325241
202409,11590640,12828743
202409,11590650,9162712
202409,11590651,9943009
202409,11590660,25673951
202409,11590670,15315179
202409,11590680,16315151
202409,11620525,14568929
202409,11620545,6279123
202409,11620565,15607620
202409,11620575,19769688
202409,11620585,18188502
202409,11620595,27654989
202409,11620605,20688821
202409,11620615,10817989
202409,11620625,15852042
202409,11620630,15090284
202409,11620645,18056562
202409,11620655,11546168
202409,11620665,14947040
202409,11620685,13652454
202409,11620695,19326987
202409,11620715,8544992
202409,11620725,17885461
202409,11620735,25075870
202409,11620745,14545588
202409,11620765,18217787
202409,11620775,14494198
202409,11650510,19700584
202409,11650520,27365951
202409,11650530,46435425
202409,11650531,29049166
202409,11650540,22651377
202409,11650550,1150822
202409,11650560,23131923
202409,11650570,17071715
202409,11650580,14174000
202409,11650581,29154594
202409,11650590,13878861
202409,11650600,13490824
202409,11650610,12134088
202409,11650620,11583303
202409,11650621,18111237
202409,11650651,35359794
202409,11650652,25717737
202409,11650660,13278390
202409,11680510,21521893
202409,11680521,28829239
202409,11680531,29062314
202409,11680545,28700182
202409,11680565,26600458
202409,11680580,28190539
202409,11680590,28001886
202409,11680600,21244530
202409,11680610,35373045
202409,11680630,28829587
202409,11680640,48883910
202409,11680650,31468622
202409,11680655,19921399
202409,11680656,19707375
202409,11680660,16362294
202409,11680670,25721931
202409,11680675,10737231
202409,11680690,16017092
202409,11680700,30112984
202409,11680720,17998036
202409,11680730,10047828
202409,11680750,13612904
202409,11710510,7567053
202409,11710520,20904594
202409,11710531,7132689
202409,11710532,14663280
202409,11710540,9876082
202409,11710550,11708211
202409,11710561,12593907
202409,11710562,24602854
202409,11710566,11538690
202409,11710570,25573888
202409,11710580,19480922
202409,11710590,12150695
202409,11710600,24049215
202409,11710610,18260724
202409,11710620,24279814
202409,11710631,19306798
202409,11710632,20573930
202409,11710641,14767290
202409,11710642,30002047
202409,11710646,19151832
202409,11710647,27658876
202409,11710650,21849375
202409,11710670,22957804
202409,11710680,31396029
202409,11710690,12926612
202409,11710710,26657643
202409,11710720,6949904
202409,11740515,23587087
202409,11740525,27348365
202409,11740526,11314445
202409,11740530,18508120
202409,11740540,10728424
202409,11740550,15902160
202409,11740560,16148175
202409,11740570,21428370
202409,11740580,9468309
202409,11740590,11393013
202409,11740600,17257019
202409,11740610,27064910
202409,11740620,20767864
202409,11740640,14763158
202409,11740650,17794554
202409,11740660,19913078
202409,11740685,37583651
202409,11740690,1964794
202409,11740700,18697465
202410,11110515,11661692
202410,11110530,22672722
202410,11110540,3976155
202410,11110550,8163737
202410,11110560,11653142
202410,11110570,3862692
202410,11110580,8715446
202410,11110600,6801080
202410,11110615,40932330
202410,11110630,12755869
202410,11110640,17224658
202410,11110650,19211004
202410,11110670,5304730
202410,11110680,4700062
202410,11110690,3639307
202410,11110700,4617448
202410,11110710,9510014
202410,11140520,25814603
202410,11140540,25556757
202410,11140550,35807048
202410,11140570,12529705
202410,11140580,8629031
202410,11140590,18845735
202410,11140605,13561324
202410,11140615,12814165
202410,11140625,9659671
202410,11140635,10351962
202410,11140645,5990209
202410,11140650,7863146
202410,11140665,9532774
202410,11140670,10282373
202410,11140680,9290409
202410,11170510,9014811
202410,11170520,9095810
202410,11170530,14884420
202410,11170555,18587330
202410,11170560,13587234
202410,11170570,10432100
202410,11170580,7106336
202410,11170590,7249638
202410,11170625,39004083
202410,11170630,16529489
202410,11170640,3691981
202410,11170650,10199334
202410,11170660,10795134
202410,11170685,22153303
202410,11170690,10892419
202410,11170700,6116198
202410,11200520,8561647
202410,11200535,23218993
202410,11200540,16865568
202410,11200550,17225105
202410,11200560,14185612
202410,11200570,14400534
202410,11200580,8445383
202410,11200590,9970003
202410,11200615,15268460
202410,11200620,10144655
202410,11200645,15305419
202410,11200650,14293716
202410,11200660,15450852
202410,11200670,13292507
202410,11200690,22984078
202410,11200720,8157945
202410,11200790,10893794
202410,11215710,28748564
202410,11215730,15898408
202410,11215740,11394522
202410,11215750,13741487
202410,11215760,11193864
202410,11215770,21789991
202410,11215780,10517688
202410,11215810,26218867
202410,11215820,16109513
202410,11215830,17075793
202410,11215840,20906661
202410,11215847,17628492
202410,11215850,16272590
202410,11215860,18778364
202410,11215870,23507577
202410,11230536,31929093
202410,11230545,20892471
202410,11230560,28777130
202410,11230570,13540628
202410,11230600,18258895
202410,11230610,20718070
202410,11230650,25375211
202410,11230660,23564302
202410,11230705,14497343
202410,11230710,13060118
202410,11230720,11546040
202410,11230730,16036081
202410,11230740,20080592
202410,11230750,13621941
202410,11260520,17248405
202410,11260540,12360889
202410,11260550,9034615
202410,11260565,25264803
202410,11260570,14780469
202410,11260575,18536946
202410,11260580,13781310
202410,11260590,18841473
202410,11260600,12844098
202410,11260610,15160633
202410,11260620,21626189
202410,11260630,15985978
202410,11260655,28148310
202410,11260660,8489835
202410,11260680,26093825
202410,11260690,12156833
202410,11290525,15398314
202410,11290555,18268408
202410,11290575,16351305
202410,11290580,8724128
202410,11290590,5906656
202410,11290600,21565064
202410,11290610,13494838
202410,11290620,10941504
202410,11290630,14203334
202410,11290640,11082314
202410,11290650,16408115
202410,11290660,23341360
202410,11290685,15645004
202410,11290705,29037155
202410,11290715,15379330
202410,11290725,16096687
202410,11290760,16852025
202410,11290770,8406582
202410,11290780,8102398
202410,11290810,20577916
202410,11305534,16478585
202410,11305535,16083814
202410,11305545,22448863
202410,11305555,19700442
202410,11305575,16399465
202410,11305595,15105122
202410,11305603,10240678
202410,11305608,10843013
202410,11305615,12086255
202410,11305625,14255338
202410,11305635,19741597
202410,11305645,15553664
202410,11305660,19057663
202410,11320511,15907965
202410,11320512,20529230
202410,11320513,7136240
202410,11320514,20584401
202410,11320515,16559736
202410,11320521,16772900
202410,11320522,17612333
202410,11320660,12788349
202410,11320670,12057080
202410,11320680,10315818
202410,11320681,14162294
202410,11320690,19572690
202410,11320700,9278119
202410,11320710,16993813
202410,11350560,17391615
202410,11350570,15341719
202410,11350580,20183097
202410,11350595,27580892
202410,11350600,34017412
202410,11350611,21640307
202410,11350612,10631029
202410,11350619,17096564
202410,11350621,18464405
202410,11350624,12868144
202410,11350625,21035689
202410,11350630,25517458
202410,11350640,18561272
202410,11350665,17702637
202410,11350670,11199673
202410,11350695,27641683
202410,11350700,14442855
202410,11350710,13363213
202410,11350720,11045704
202410,11380510,27280267
202410,11380520,24147014
202410,11380530,18676937
202410,11380551,12313305
202410,11380552,16292167
202410,11380560,21685099
202410,11380570,21309634
202410,11380580,21143163
202410,11380590,15609207
202410,11380600,16098741
202410,11380625,31114772
202410,11380631,17194253
202410,11380632,12752224
202410,11380640,9427870
202410,11380650,13899411
202410,11380690,40795459
202410,11410520,9755125
202410,11410555,6343963
202410,11410565,21581554
202410,11410585,46256436
202410,11410615,30243708
202410,11410620,17559712
202410,11410640,12801352
202410,11410655,7696528
202410,11410660,13565246
202410,11410685,14378544
202410,11410690,10849720
202410,11410700,20390522
202410,11410710,10645705
202410,11410720,21222510
202410,11440555,20241528
202410,11440565,26834507
202410,11440585,13884567
202410,11440590,15395793
202410,11440600,18098468
202410,11440610,17050646
202410,11440630,16460135
202410,11440655,23318836
202410,11440660,51137503
202410,11440680,15091085
202410,11440690,15240004
202410,11440700,12547092
202410,11440710,12511034
202410,11440720,16073028
202410,11440730,27994912
202410,11440740,35581065
202410,11470510,24645435
202410,11470520,21434890
202410,11470530,10316415
202410,11470540,14944163
202410,11470550,28926481
202410,11470560,13441937
202410,11470570,8620559
202410,11470580,9328048
202410,11470590,7693447
202410,11470600,10103191
202410,11470610,4150274
202410,11470611,11947305
202410,11470620,10470924
202410,11470630,11553867
202410,11470640,36362820
202410,11470650,26203955
202410,11470670,13171272
202410,11470680,18386959
202410,11500510,24928490
202410,11500520,20896141
202410,11500530,13017101
202410,11500535,24725153
202410,11500540,35116436
202410,11500550,8498745
202410,11500560,13498927
202410,11500570,15088105
202410,11500590,22083817
202410,11500591,18207837
202410,11500593,26761266
202410,11500603,37611855
202410,11500604,9807701
202410,11500605,7727843
202410,11500611,32505066
202410,11500615,18762891
202410,11500620,28223783
202410,11500630,25058495
202410,11500640,22938246
202410,11500641,12666911
202410,11530510,26496522
202410,11530520,13545134
202410,11530530,20251482
202410,11530540,32775245
202410,11530550,13683897
202410,11530560,27763621
202410,11530595,5398510
202410,11530720,21086190
202410,11530730,12392534
202410,11530740,21164984
202410,11530750,18864223
202410,11530760,11830294
202410,11530770,15018171
202410,11530780,27920668
202410,11530790,14605402
202410,11530800,7011712
202410,11545510,46535849
202410,11545610,36165315
202410,11545620,8513288
202410,11545630,12402668
202410,11545640,11015575
202410,11545670,23862487
202410,11545680,12721533
202410,11545690,7398399
202410,11545700,13227332
202410,11545710,9740805
202410,11560515,14596889
202410,11560535,35580022
202410,11560540,48312065
202410,11560550,21372457
202410,11560560,30617547
202410,11560585,13970272
202410,11560605,28201081
202410,11560610,14654771
202410,11560620,18617458
202410,11560630,14245142
202410,11560650,8140008
202410,11560660,7987549
202410,11560670,5119182
202410,11560680,13227403
202410,11560690,11417658
202410,11560700,10009710
202410,11560710,10293555
202410,11560720,15926435
202410,11590510,25371807
202410,11590520,9077030
202410,11590530,32666926
202410,11590540,18643948
202410,11590550,14419902
202410,11590560,18582951
202410,11590605,25983332
202410,11590620,18453186
202410,11590630,22344095
202410,11590640,13029594
202410,11590650,9336299
202410,11590651,10125967
202410,11590660,26788491
202410,11590670,15813607
202410,11590680,17266630
202410,11620525,14796146
202410,11620545,6262158
202410,11620565,15897297
202410,11620575,20515204
202410,11620585,19369510
202410,11620595,28993264
202410,11620605,21203328
202410,11620615,11483350
202410,11620625,16509519
202410,11620630,15894255
202410,11620645,18899834
202410,11620655,11843823
202410,11620665,15458305
202410,11620685,14384970
202410,11620695,20577088
202410,11620715,8671808
202410,11620725,18920826
202410,11620735,26515195
202410,11620745,14652335
202410,11620765,18650699
202410,11620775,14779686
202410,11650510,20993350
202410,11650520,29304096
202410,11650530,49780021
202410,11650531,30264787
202410,11650540,24609643
202410,11650550,1405262
202410,11650560,24477074
202410,11650570,18307313
202410,11650580,15176667
202410,11650581,31853225
202410,11650590,14298638
202410,11650600,14182004
202410,11650610,12896222
202410,11650620,11995913
202410,11650621,19001926
202410,11650651,37517350
202410,11650652,27562228
202410,11650660,14038521
202410,11680510,23015622
202410,11680521,30769084
202410,11680531,31624221
202410,11680545,30667917
202410,11680565,28413510
202410,11680580,30405785
202410,11680590,29661264
202410,11680600,22353364
202410,11680610,37326545
202410,11680630,30316022
202410,11680640,52336018
202410,11680650,33593892
202410,11680655,21207021
202410,11680656,20642750
202410,11680660,16923441
202410,11680670,26397165
202410,11680675,11122873
202410,11680690,16544854
202410,11680700,31071809
202410,11680720,18678645
202410,11680730,10366412
202410,11680750,15404559
202410,11710510,7735114
202410,11710520,21825587
202410,11710531,7359481
202410,11710532,14830155
202410,11710540,9734500
202410,11710550,11866002
202410,11710561,12911571
202410,11710562,25866926
202410,11710566,11205026
202410,11710570,26291402
202410,11710580,20317919
202410,11710590,12297852
202410,11710600,25193906
202410,11710610,18919975
202410,11710620,25433747
202410,11710631,20001093
202410,11710632,21231564
202410,11710641,15390054
202410,11710642,32416484
202410,11710646,20402670
202410,11710647,28827784
202410,11710650,22810792
202410,11710670,22796007
202410,11710680,34122578
202410,11710690,13079988
202410,11710710,28243609
202410,11710720,7157801
202410,11740515,23942961
202410,11740525,28232437
202410,11740526,11854574
202410,11740530,18770626
202410,11740540,11314718
202410,11740550,16302856
202410,11740560,17130498
202410,11740570,21857191
202410,11740580,9989669
202410,11740590,11589133
202410,11740600,17695413
202410,11740610,28821596
202410,11740620,21393675
202410,11740640,15353277
202410,11740650,18516271
202410,11740660,20297744
202410,11740685,39095194
202410,11740690,2719723
202410,11740700,19185982
202411,11110515,11031367
202411,11110530,22025113
202411,11110540,3863771
202411,11110550,8008701
202411,11110560,11441966
202411,11110570,3515402
202411,11110580,8437956
202411,11110600,6787864
202411,11110615,39229208
202411,11110630,12266282
202411,11110640,16794235
202411,11110650,18867648
202411,11110670,5068637
202411,11110680,4579033
202411,11110690,3462065
202411,11110700,4513123
202411,11110710,9185147
202411,11140520,26367519
202411,11140540,25371900
202411,11140550,36214318
202411,11140570,12460233
202411,11140580,8447360
202411,11140590,18323570
202411,11140605,13433718
202411,11140615,12282393
202411,11140625,9411817
202411,11140635,10245726
202411,11140645,5796408
202411,11140650,7808960
202411,11140665,9270189
202411,11140670,10027296
202411,11140680,8981366
202411,11170510,8664369
202411,11170520,8964364
202411,11170530,14751345
202411,11170555,18176245
202411,11170560,13337071
202411,11170570,10068090
202411,11170580,6802458
202411,11170590,6870517
202411,11170625,38748194
202411,11170630,15635149
202411,11170640,2963196
202411,11170650,9852812
202411,11170660,10482178
202411,11170685,21506923
202411,11170690,10368617
202411,11170700,6020111
202411,11200520,8221907
202411,11200535,22226503
202411,11200540,16335823
202411,11200550,16365774
202411,11200560,14170820
202411,11200570,13821387
202411,11200580,8053628
202411,11200590,9664977
202411,11200615,14677360
202411,11200620,9694008
202411,11200645,14930930
202411,11200650,13423908
202411,11200660,14829050
202411,11200670,13018669
202411,11200690,22466803
202411,11200720,7959883
202411,11200790,10678366
202411,11215710,27892527
202411,11215730,15368416
202411,11215740,11027355
202411,11215750,13254749
202411,11215760,10766707
202411,11215770,20995795
202411,11215780,9731958
202411,11215810,25352254
202411,11215820,15900076
202411,11215830,16438786
202411,11215840,20032549
202411,11215847,16976207
202411,11215850,15952384
202411,11215860,18040595
202411,11215870,22850132
202411,11230536,31375575
202411,11230545,20173748
202411,11230560,28196627
202411,11230570,12872641
202411,11230600,17565151
202411,11230610,20068134
202411,11230650,24405043
202411,11230660,22771494
202411,11230705,13689712
202411,11230710,12593311
202411,11230720,11273502
202411,11230730,15735056
202411,11230740,19340774
202411,11230750,13119068
202411,11260520,16535344
202411,11260540,11724270
202411,11260550,8687568
202411,11260565,24541833
202411,11260570,14478189
202411,11260575,17917871
202411,11260580,13486430
202411,11260590,18333478
202411,11260600,12520018
202411,11260610,14645558
202411,11260620,21001314
202411,11260630,15300407
202411,11260655,27240661
202411,11260660,8180076
202411,11260680,25438222
202411,11260690,11773152
202411,11290525,14741774
202411,11290555,17862194
202411,11290575,15633575
202411,11290580,8592269
202411,11290590,5964606
202411,11290600,20937534
202411,11290610,12856862
202411,11290620,10029474
202411,11290630,13645274
202411,11290640,10704765
202411,11290650,15908035
202411,11290660,22548967
202411,11290685,15173749
202411,11290705,28203215
202411,11290715,15045550
202411,11290725,15402260
202411,11290760,16222556
202411,11290770,8168450
202411,11290780,7873259
202411,11290810,19847534
202411,11305534,16141000
202411,11305535,15318524
202411,11305545,22044749
202411,11305555,18929548
202411,11305575,15903802
202411,11305595,14665046
202411,11305603,9837229
202411,11305608,10373198
202411,11305615,11472489
202411,11305625,13887416
202411,11305635,19246454
202411,11305645,14971944
202411,11305660,18409257
202411,11320511,15759915
202411,11320512,19871392
202411,11320513,6925410
202411,11320514,19950329
202411,11320515,15480444
202411,11320521,16361282
202411,11320522,17055549
202411,11320660,11902550
202411,11320670,11659398
202411,11320680,9837437
202411,11320681,13893464
202411,11320690,19409701
202411,11320700,8906526
202411,11320710,16470843
202411,11350560,16562673
202411,11350570,14692168
202411,11350580,19596678
202411,11350595,26682652
202411,11350600,32978909
202411,11350611,20901027
202411,11350612,9873388
202411,11350619,16184466
202411,11350621,17974804
202411,11350624,12603924
202411,11350625,20432855
202411,11350630,24766371
202411,11350640,18108631
202411,11350665,17105414
202411,11350670,11472699
202411,11350695,27024192
202411,11350700,13913741
202411,11350710,12953187
202411,11350720,10624296
202411,11380510,26480980
202411,11380520,23386081
202411,11380530,18154042
202411,11380551,11957808
202411,11380552,15905985
202411,11380560,20861333
202411,11380570,20574652
202411,11380580,20359925
202411,11380590,14781944
202411,11380600,15572091
202411,11380625,30140113
202411,11380631,16569640
202411,11380632,12271118
202411,11380640,8683586
202411,11380650,13630789
202411,11380690,39609870
202411,11410520,9650920
202411,11410555,6416539
202411,11410565,21749013
202411,11410585,44760754
202411,11410615,29110488
202411,11410620,16936555
202411,11410640,12361758
202411,11410655,7385995
202411,11410660,13136243
202411,11410685,14786601
202411,11410690,10372807
202411,11410700,20297223
202411,11410710,10616517
202411,11410720,20279292
202411,11440555,19612141
202411,11440565,26107130
202411,11440585,13772612
202411,11440590,14658397
202411,11440600,18080114
202411,11440610,16836699
202411,11440630,16094076
202411,11440655,22448322
202411,11440660,50034503
202411,11440680,14757911
202411,11440690,14626056
202411,11440700,11915142
202411,11440710,12314118
202411,11440720,15596525
202411,11440730,26692108
202411,11440740,34378249
202411,11470510,23764902
202411,11470520,20578128
202411,11470530,10181159
202411,11470540,14583156
202411,11470550,27918885
202411,11470560,12884952
202411,11470570,8972888
202411,11470580,9110130
202411,11470590,7567199
202411,11470600,9724109
202411,11470610,4292691
202411,11470611,11544805
202411,11470620,9882084
202411,11470630,11386742
202411,11470640,34946599
202411,11470650,25101049
202411,11470670,12414162
202411,11470680,18073047
202411,11500510,24198599
202411,11500520,20252895
202411,11500530,12609190
202411,11500535,24124865
202411,11500540,33461106
202411,11500550,8299091
202411,11500560,13021268
202411,11500570,14490902
202411,11500590,21424709
202411,11500591,17751032
202411,11500593,26950529
202411,11500603,35993469
202411,11500604,9522822
202411,11500605,7442357
202411,11500611,31662303
202411,11500615,18465903
202411,11500620,27403407
202411,11500630,24449311
202411,11500640,22781457
202411,11500641,12405140
202411,11530510,26099440
202411,11530520,13231769
202411,11530530,20082144
202411,11530540,32559713
202411,11530550,13012317
202411,11530560,27220329
202411,11530595,5462552
202411,11530720,20702662
202411,11530730,12232156
202411,11530740,20507982
202411,11530750,18472888
202411,11530760,11740705
202411,11530770,14530102
202411,11530780,27299640
202411,11530790,14023728
202411,11530800,6621115
202411,11545510,46245506
202411,11545610,35059069
202411,11545620,7925336
202411,11545630,12465483
202411,11545640,10692679
202411,11545670,23071531
202411,11545680,12352834
202411,11545690,7237483
202411,11545700,12840660
202411,11545710,9310850
202411,11560515,14239121
202411,11560535,35366088
202411,11560540,45304600
202411,11560550,20623930
202411,11560560,29360284
202411,11560585,13469900
202411,11560605,27367688
202411,11560610,14356359
202411,11560620,17994801
202411,11560630,13773240
202411,11560650,8161961
202411,11560660,7735620
202411,11560670,4918388
202411,11560680,13035141
202411,11560690,10994822
202411,11560700,9935766
202411,11560710,9855973
202411,11560720,15337284
202411,11590510,24614418
202411,11590520,8845356
202411,11590530,30517063
202411,11590540,18068958
202411,11590550,14012551
202411,11590560,18063620
202411,11590605,25231817
202411,11590620,18047231
202411,11590630,21481341
202411,11590640,12880242
202411,11590650,8981696
202411,11590651,9734606
202411,11590660,25810575
202411,11590670,15339098
202411,11590680,17018770
202411,11620525,14444019
202411,11620545,5761507
202411,11620565,15443050
202411,11620575,19849220
202411,11620585,18575014
202411,11620595,28211761
202411,11620605,20286320
202411,11620615,10989947
202411,11620625,15945743
202411,11620630,15410802
202411,11620645,18283109
202411,11620655,11548339
202411,11620665,14998255
202411,11620685,13615724
202411,11620695,19768166
202411,11620715,8447279
202411,11620725,18687135
202411,11620735,25496935
202411,11620745,14050340
202411,11620765,17920250
202411,11620775,14264357
202411,11650510,20473512
202411,11650520,29337768
202411,11650530,50696218
202411,11650531,29633744
202411,11650540,23826827
202411,11650550,1224296
202411,11650560,24324508
202411,11650570,17293836
202411,11650580,14537841
202411,11650581,31242194
202411,11650590,13640717
202411,11650600,13779156
202411,11650610,13102907
202411,11650620,11622979
202411,11650621,18381529
202411,11650651,36903144
202411,11650652,27097084
202411,11650660,13595334
202411,11680510,22643641
202411,11680521,30603053
202411,11680531,31710373
202411,11680545,30293531
202411,11680565,27526069
202411,11680580,31629942
202411,11680590,29212004
202411,11680600,21458038
202411,11680610,36335778
202411,11680630,29564393
202411,11680640,50349912
202411,11680650,33012492
202411,11680655,21708360
202411,11680656,19590839
202411,11680660,16487920
202411,11680670,25289830
202411,11680675,10803228
202411,11680690,16126174
202411,11680700,30238865
202411,11680720,18100135
202411,11680730,10006634
202411,11680750,15305549
202411,11710510,7418714
202411,11710520,21298375
202411,11710531,7107736
202411,11710532,14080748
202411,11710540,9293163
202411,11710550,11510700
202411,11710561,12636699
202411,11710562,25052606
202411,11710566,10850875
202411,11710570,25516450
202411,11710580,19670106
202411,11710590,12039446
202411,11710600,24337048
202411,11710610,18341191
202411,11710620,24771741
202411,11710631,20061576
202411,11710632,19429686
202411,11710641,14799260
202411,11710642,31622006
202411,11710646,19903710
202411,11710647,27706854
202411,11710650,22115790
202411,11710670,21417768
202411,11710680,32715949
202411,11710690,12713933
202411,11710710,29010024
202411,11710720,6931721
202411,11740515,23264615
202411,11740525,27229822
202411,11740526,11775534
202411,11740530,18437008
202411,11740540,11619822
202411,11740550,15739651
202411,11740560,16766689
202411,11740570,20938992
202411,11740580,9449973
202411,11740590,9629141
202411,11740600,16994497
202411,11740610,28405010
202411,11740620,20583502
202411,11740640,14893507
202411,11740650,17838660
202411,11740660,19392962
202411,11740685,38073598
202411,11740690,2501082
202411,11740700,18381372
202412,11110515,10338907
202412,11110530,22393326
202412,11110540,3497644
202412,11110550,7773462
202412,11110560,11649653
202412,11110570,3581921
202412,11110580,8527318
202412,11110600,6362989
202412,11110615,41944560
202412,11110630,12377151
202412,11110640,16837152
202412,11110650,18747325
202412,11110670,5483007
202412,11110680,4716614
202412,11110690,3513482
202412,11110700,4670199
202412,11110710,9339697
202412,11140520,25945317
202412,11140540,24498887
202412,11140550,37751190
202412,11140570,11788311
202412,11140580,8202616
202412,11140590,18907331
202412,11140605,13431583
202412,11140615,12557686
202412,11140625,9618110
202412,11140635,10878579
202412,11140645,5902059
202412,11140650,8016497
202412,11140665,9551868
202412,11140670,10071996
202412,11140680,9512571
202412,11170510,8940853
202412,11170520,9070251
202412,11170530,14852262
202412,11170555,18171469
202412,11170560,13621314
202412,11170570,10183326
202412,11170580,6852060
202412,11170590,7198076
202412,11170625,40280838
202412,11170630,16441151
202412,11170640,3086228
202412,11170650,10396832
202412,11170660,10754155
202412,11170685,22534730
202412,11170690,10344450
202412,11170700,6180110
202412,11200520,8492805
202412,11200535,22989149
202412,11200540,16869476
202412,11200550,15922829
202412,11200560,14997479
202412,11200570,14444975
202412,11200580,8339545
202412,11200590,10021112
202412,11200615,15205681
202412,11200620,10061532
202412,11200645,15476534
202412,11200650,13412173
202412,11200660,14810475
202412,11200670,13557578
202412,11200690,23113328
202412,11200720,8092819
202412,11200790,10968811
202412,11215710,28479450
202412,11215730,15513669
202412,11215740,11331379
202412,11215750,13939081
202412,11215760,11133951
202412,11215770,21580091
202412,11215780,9410919
202412,11215810,25956835
202412,11215820,16835597
202412,11215830,17163137
202412,11215840,20797136
202412,11215847,17428328
202412,11215850,16515069
202412,11215860,18612888
202412,11215870,23393568
202412,11230536,32091119
202412,11230545,20483187
202412,11230560,29021943
202412,11230570,13117868
202412,11230600,18016523
202412,11230610,21140154
202412,11230650,25341561
202412,11230660,23648491
202412,11230705,13905857
202412,11230710,12645112
202412,11230720,11527979
202412,11230730,16167411
202412,11230740,18441202
202412,11230750,13673135
202412,11260520,17129226
202412,11260540,11973065
202412,11260550,9029741
202412,11260565,25528296
202412,11260570,14959682
202412,11260575,18109769
202412,11260580,14066946
202412,11260590,19245932
202412,11260600,12969016
202412,11260610,15499354
202412,11260620,21964069
202412,11260630,15746212
202412,11260655,28163927
202412,11260660,8398871
202412,11260680,26509169
202412,11260690,12036842
202412,11290525,15306303
202412,11290555,18235546
202412,11290575,16049191
202412,11290580,8886659
202412,11290590,6301718
202412,11290600,20775003
202412,11290610,13219556
202412,11290620,10410678
202412,11290630,13944481
202412,11290640,9941125
202412,11290650,16397411
202412,11290660,23255619
202412,11290685,15656329
202412,11290705,28798093
202412,11290715,15992762
202412,11290725,15619556
202412,11290760,16708737
202412,11290770,8227935
202412,11290780,8364235
202412,11290810,20455704
202412,11305534,16753486
202412,11305535,15658323
202412,11305545,22823053
202412,11305555,19240501
202412,11305575,16204328
202412,11305595,15228975
202412,11305603,10136853
202412,11305608,10640648
202412,11305615,11784629
202412,11305625,14407407
202412,11305635,20114760
202412,11305645,15063422
202412,11305660,18969922
202412,11320511,16341733
202412,11320512,20705873
202412,11320513,7269232
202412,11320514,20366729
202412,11320515,16319074
202412,11320521,16567998
202412,11320522,17418619
202412,11320660,12208818
202412,11320670,11995869
202412,11320680,10376212
202412,11320681,14316337
202412,11320690,20023128
202412,11320700,9172847
202412,11320710,17070739
202412,11350560,16561314
202412,11350570,15251764
202412,11350580,20287559
202412,11350595,27551575
202412,11350600,32914480
202412,11350611,21164668
202412,11350612,10191840
202412,11350619,16428565
202412,11350621,18448856
202412,11350624,13181356
202412,11350625,21091847
202412,11350630,25710975
202412,11350640,18905101
202412,11350665,17823600
202412,11350670,12085999
202412,11350695,27944202
202412,11350700,14592462
202412,11350710,13357579
202412,11350720,11163502
202412,11380510,27457341
202412,11380520,24342352
202412,11380530,19063271
202412,11380551,12179984
202412,11380552,16692475
202412,11380560,21655932
202412,11380570,21189171
202412,11380580,21301275
202412,11380590,15037929
202412,11380600,16114279
202412,11380625,31620274
202412,11380631,17216295
202412,11380632,12674038
202412,11380640,8832193
202412,11380650,14237260
202412,11380690,40733972
202412,11410520,10211857
202412,11410555,6604249
202412,11410565,22176815
202412,11410585,43944519
202412,11410615,29910393
202412,11410620,17430213
202412,11410640,12752813
202412,11410655,7609964
202412,11410660,13661881
202412,11410685,17159713
202412,11410690,10624911
202412,11410700,20193877
202412,11410710,10923889
202412,11410720,21207802
202412,11440555,20018781
202412,11440565,27305867
202412,11440585,14548307
202412,11440590,15030557
202412,11440600,17831138
202412,11440610,17259722
202412,11440630,16639265
202412,11440655,22660200
202412,11440660,51968283
202412,11440680,15243725
202412,11440690,15451678
202412,11440700,12302476
202412,11440710,13036892
202412,11440720,15984078
202412,11440730,26834676
202412,11440740,33774889
202412,11470510,24425225
202412,11470520,21322151
202412,11470530,10605339
202412,11470540,15300465
202412,11470550,28745926
202412,11470560,13317953
202412,11470570,9375328
202412,11470580,9201258
202412,11470590,7888172
202412,11470600,10122852
202412,11470610,4493106
202412,11470611,11904727
202412,11470620,10182693
202412,11470630,11829857
202412,11470640,36190489
202412,11470650,25522029
202412,11470670,12655847
202412,11470680,18573898
202412,11500510,25270182
202412,11500520,21043190
202412,11500530,13033172
202412,11500535,24722820
202412,11500540,34702667
202412,11500550,8730933
202412,11500560,13543650
202412,11500570,15089681
202412,11500590,22208576
202412,11500591,18528119
202412,11500593,28265520
202412,11500603,36434798
202412,11500604,9711551
202412,11500605,7702632
202412,11500611,32280448
202412,11500615,18758580
202412,11500620,27870906
202412,11500630,25646192
202412,11500640,24003673
202412,11500641,12770328
202412,11530510,27260342
202412,11530520,13760088
202412,11530530,20601380
202412,11530540,33004250
202412,11530550,13440339
202412,11530560,28142294
202412,11530595,5764906
202412,11530720,22448402
202412,11530730,12651177
202412,11530740,21432730
202412,11530750,19469611
202412,11530760,12425387
202412,11530770,15168944
202412,11530780,28430032
202412,11530790,14259169
202412,11530800,6969307
202412,11545510,46221397
202412,11545610,36421289
202412,11545620,8298114
202412,11545630,13178825
202412,11545640,11147174
202412,11545670,23970931
202412,11545680,12867936
202412,11545690,7441424
202412,11545700,13369757
202412,11545710,9726301
202412,11560515,14981688
202412,11560535,37329655
202412,11560540,48397104
202412,11560550,21300155
202412,11560560,30250572
202412,11560585,13985171
202412,11560605,28293833
202412,11560610,14898963
202412,11560620,18335644
202412,11560630,14412936
202412,11560650,8549134
202412,11560660,8055689
202412,11560670,5100414
202412,11560680,13456257
202412,11560690,11290922
202412,11560700,10368004
202412,11560710,10340407
202412,11560720,15974255
202412,11590510,25871041
202412,11590520,8999548
202412,11590530,30591351
202412,11590540,18558031
202412,11590550,14286940
202412,11590560,18699516
202412,11590605,25379120
202412,11590620,18851942
202412,11590630,22197415
202412,11590640,13333596
202412,11590650,9305793
202412,11590651,10020240
202412,11590660,26364747
202412,11590670,15909161
202412,11590680,17561399
202412,11620525,14955129
202412,11620545,6118594
202412,11620565,16039804
202412,11620575,20473628
202412,11620585,18982618
202412,11620595,29272897
202412,11620605,21025321
202412,11620615,11216550
202412,11620625,16503957
202412,11620630,16178832
202412,11620645,18944030
202412,11620655,11929001
202412,11620665,15706762
202412,11620685,14381554
202412,11620695,20541168
202412,11620715,8912152
202412,11620725,19387246
202412,11620735,25128208
202412,11620745,14581544
202412,11620765,18701977
202412,11620775,14899943
202412,11650510,20694636
202412,11650520,30132662
202412,11650530,51736446
202412,11650531,30468254
202412,11650540,24957954
202412,11650550,1146779
202412,11650560,25307225
202412,11650570,17782616
202412,11650580,14439824
202412,11650581,31576922
202412,11650590,14110208
202412,11650600,14001887
202412,11650610,14030506
202412,11650620,11582279
202412,11650621,19075873
202412,11650651,37353186
202412,11650652,26783220
202412,11650660,13673856
202412,11680510,23385654
202412,11680521,31418984
202412,11680531,31378708
202412,11680545,31291208
202412,11680565,27709327
202412,11680580,31704004
202412,11680590,29732197
202412,11680600,21339736
202412,11680610,36407871
202412,11680630,28619311
202412,11680640,52581926
202412,11680650,33865068
202412,11680655,22270840
202412,11680656,19798903
202412,11680660,17009868
202412,11680670,26208744
202412,11680675,11261160
202412,11680690,16544044
202412,11680700,31279776
202412,11680720,18002901
202412,11680730,10321374
202412,11680750,15832437
202412,11710510,7633446
202412,11710520,21939194
202412,11710531,7409408
202412,11710532,15060560
202412,11710540,9554970
202412,11710550,12237435
202412,11710561,12861810
202412,11710562,25963124
202412,11710566,10763813
202412,11710570,26086187
202412,11710580,20556904
202412,11710590,12379256
202412,11710600,25183392
202412,11710610,18923010
202412,11710620,25769051
202412,11710631,21159038
202412,11710632,19753296
202412,11710641,15468868
202412,11710642,32054103
202412,11710646,20759563
202412,11710647,28415026
202412,11710650,22975403
202412,11710670,22035755
202412,11710680,33746105
202412,11710690,13018435
202412,11710710,31226791
202412,11710720,7040388
202412,11740515,24094892
202412,11740525,27866293
202412,11740526,12172656
202412,11740530,19189559
202412,11740540,11646497
202412,11740550,16149914
202412,11740560,17488691
202412,11740570,21752469
202412,11740580,9668305
202412,11740590,9484781
202412,11740600,17822152
202412,11740610,29425792
202412,11740620,21274627
202412,11740640,15441591
202412,11740650,18544751
202412,11740660,19739502
202412,11740685,39954715
202412,11740690,7855105
202412,11740700,19131449
202501,11110515,10122712
202501,11110530,20511434
202501,11110540,3133311
202501,11110550,7426801
202501,11110560,11666631
202501,11110570,3598271
202501,11110580,8558400
202501,11110600,6197389
202501,11110615,38083289
202501,11110630,11094164
202501,11110640,15475920
202501,11110650,16411176
202501,11110670,5622417
202501,11110680,4990677
202501,11110690,3684973
202501,11110700,4789959
202501,11110710,9126896
202501,11140520,22882465
202501,11140540,21674031
202501,11140550,33080169
202501,11140570,9893377
202501,11140580,7332746
202501,11140590,16880302
202501,11140605,11844872
202501,11140615,11170818
202501,11140625,9711590
202501,11140635,11031944
202501,11140645,5703584
202501,11140650,8025520
202501,11140665,10207757
202501,11140670,9845482
202501,11140680,9673092
202501,11170510,9007803
202501,11170520,8447006
202501,11170530,14317762
202501,11170555,16910156
202501,11170560,13281386
202501,11170570,10334254
202501,11170580,6697516
202501,11170590,7502791
202501,11170625,38160446
202501,11170630,16707118
202501,11170640,3272864
202501,11170650,9380873
202501,11170660,9809647
202501,11170685,23290094
202501,11170690,10074183
202501,11170700,5919823
202501,11200520,8427331
202501,11200535,23084947
202501,11200540,16966747
202501,11200550,13157867
202501,11200560,14570047
202501,11200570,15015004
202501,11200580,8673434
202501,11200590,10468558
202501,11200615,15726037
202501,11200620,10386399
202501,11200645,15719966
202501,11200650,13240108
202501,11200660,14063436
202501,11200670,13595355
202501,11200690,21409698
202501,11200720,8237859
202501,11200790,10864789
202501,11215710,25432967
202501,11215730,13717362
202501,11215740,11674884
202501,11215750,14331004
202501,11215760,11503481
202501,11215770,22316843
202501,11215780,9023052
202501,11215810,25930666
202501,11215820,16690439
202501,11215830,17787386
202501,11215840,20942958
202501,11215847,17515127
202501,11215850,16134096
202501,11215860,18909105
202501,11215870,23341424
202501,11230536,31145967
202501,11230545,19681515
202501,11230560,28789460
202501,11230570,12865856
202501,11230600,18172863
202501,11230610,22016280
202501,11230650,25198040
202501,11230660,24391397
202501,11230705,14171833
202501,11230710,10844350
202501,11230720,10955303
202501,11230730,15696487
202501,11230740,15532379
202501,11230750,14204261
202501,11260520,17841662
202501,11260540,12401720
202501,11260550,9471011
202501,11260565,26574720
202501,11260570,15600177
202501,11260575,18389272
202501,11260580,14575510
202501,11260590,19194960
202501,11260600,13427832
202501,11260610,16215772
202501,11260620,22640699
202501,11260630,16391129
202501,11260655,29012222
202501,11260660,8626404
202501,11260680,27575801
202501,11260690,12465199
202501,11290525,15166415
202501,11290555,17928950
202501,11290575,15162096
202501,11290580,9189754
202501,11290590,6413395
202501,11290600,17257760
202501,11290610,13239430
202501,11290620,10665653
202501,11290630,14457154
202501,11290640,8307607
202501,11290650,16582412
202501,11290660,24129015
202501,11290685,15837010
202501,11290705,28392435
202501,11290715,17063905
202501,11290725,15920047
202501,11290760,17604967
202501,11290770,8532450
202501,11290780,8660752
202501,11290810,20670628
202501,11305534,17696310
202501,11305535,15842496
202501,11305545,23276473
202501,11305555,19204751
202501,11305575,16852187
202501,11305595,15212570
202501,11305603,10729345
202501,11305608,11340910
202501,11305615,12154947
202501,11305625,15267468
202501,11305635,20444384
202501,11305645,15475398
202501,11305660,19840614
202501,11320511,16947491
202501,11320512,21767539
202501,11320513,7760928
202501,11320514,21152637
202501,11320515,16878868
202501,11320521,16003319
202501,11320522,18131664
202501,11320660,12162602
202501,11320670,12388278
202501,11320680,10738083
202501,11320681,14941972
202501,11320690,19019177
202501,11320700,12568532
202501,11320710,17876248
202501,11350560,16011763
202501,11350570,15496709
202501,11350580,21327330
202501,11350595,28120546
202501,11350600,31523903
202501,11350611,21031224
202501,11350612,10692764
202501,11350619,17307241
202501,11350621,18776418
202501,11350624,13194691
202501,11350625,21736052
202501,11350630,26840284
202501,11350640,19410861
202501,11350665,18812172
202501,11350670,12676546
202501,11350695,28000376
202501,11350700,15019328
202501,11350710,13842166
202501,11350720,11529817
202501,11380510,28151258
202501,11380520,23706080
202501,11380530,19903081
202501,11380551,12373188
202501,11380552,17418826
202501,11380560,22397499
202501,11380570,23505352
202501,11380580,21849717
202501,11380590,15706669
202501,11380600,16701896
202501,11380625,33112679
202501,11380631,18162911
202501,11380632,13080334
202501,11380640,9119561
202501,11380650,14721149
202501,11380690,41517065
202501,11410520,10307365
202501,11410555,6557469
202501,11410565,21364063
202501,11410585,36287356
202501,11410615,28835780
202501,11410620,18091542
202501,11410640,13024213
202501,11410655,7983171
202501,11410660,14427133
202501,11410685,17165091
202501,11410690,10820018
202501,11410700,19815842
202501,11410710,11244413
202501,11410720,22249841
202501,11440555,19812041
202501,11440565,27784544
202501,11440585,14327456
202501,11440590,14786338
202501,11440600,15710701
202501,11440610,16949974
202501,11440630,16589142
202501,11440655,20897429
202501,11440660,47960767
202501,11440680,14807413
202501,11440690,15838031
202501,11440700,12798116
202501,11440710,12637168
202501,11440720,16084343
202501,11440730,27148510
202501,11440740,33109732
202501,11470510,24834521
202501,11470520,22103495
202501,11470530,11010561
202501,11470540,15713650
202501,11470550,29522113
202501,11470560,13970564
202501,11470570,9795354
202501,11470580,9126651
202501,11470590,8316760
202501,11470600,10405861
202501,11470610,4658289
202501,11470611,12341065
202501,11470620,10476164
202501,11470630,12215759
202501,11470640,37508747
202501,11470650,26319177
202501,11470670,12719093
202501,11470680,19160742
202501,11500510,25673457
202501,11500520,21145216
202501,11500530,13377834
202501,11500535,24570156
202501,11500540,38724786
202501,11500550,9282127
202501,11500560,13682214
202501,11500570,15658577
202501,11500590,23132732
202501,11500591,18661901
202501,11500593,25753525
202501,11500603,35150747
202501,11500604,10017528
202501,11500605,7723459
202501,11500611,31869513
202501,11500615,19470793
202501,11500620,28037412
202501,11500630,26268949
202501,11500640,24200292
202501,11500641,13173016
202501,11530510,27025171
202501,11530520,14025937
202501,11530530,20909070
202501,11530540,32204843
202501,11530550,14380622
202501,11530560,28047252
202501,11530595,6022543
202501,11530720,22309395
202501,11530730,13179788
202501,11530740,22228970
202501,11530750,20728684
202501,11530760,13765905
202501,11530770,15198740
202501,11530780,29658179
202501,11530790,14290189
202501,11530800,7101842
202501,11545510,43972052
202501,11545610,37226844
202501,11545620,8746615
202501,11545630,13239818
202501,11545640,11829586
202501,11545670,24174267
202501,11545680,13498909
202501,11545690,7582926
202501,11545700,14196696
202501,11545710,10232306
202501,11560515,14814470
202501,11560535,35525639
202501,11560540,43788302
202501,11560550,20742116
202501,11560560,29498588
202501,11560585,14547599
202501,11560605,28039400
202501,11560610,14757522
202501,11560620,18016960
202501,11560630,14790827
202501,11560650,9009242
202501,11560660,8466156
202501,11560670,5238707
202501,11560680,13817021
202501,11560690,11617472
202501,11560700,10826366
202501,11560710,11083567
202501,11560720,16967078
202501,11590510,26768104
202501,11590520,8484131
202501,11590530,29389477
202501,11590540,19019415
202501,11590550,14875420
202501,11590560,19353676
202501,11590605,23242529
202501,11590620,18778743
202501,11590630,22754308
202501,11590640,13882931
202501,11590650,9429342
202501,11590651,10411924
202501,11590660,26249909
202501,11590670,16234211
202501,11590680,17614854
202501,11620525,15435164
202501,11620545,6409794
202501,11620565,16724928
202501,11620575,20701665
202501,11620585,17243944
202501,11620595,28995410
202501,11620605,21485593
202501,11620615,11160831
202501,11620625,16788943
202501,11620630,16046586
202501,11620645,18975981
202501,11620655,12143486
202501,11620665,15803448
202501,11620685,14661296
202501,11620695,20207040
202501,11620715,9424337
202501,11620725,19567318
202501,11620735,23002659
202501,11620745,14984177
202501,11620765,19274846
202501,11620775,15450984
202501,11650510,20220843
202501,11650520,29265925
202501,11650530,48818646
202501,11650531,29866214
202501,11650540,24841483
202501,11650550,981285
202501,11650560,25089490
202501,11650570,17936410
202501,11650580,14440222
202501,11650581,29926824
202501,11650590,14395969
202501,11650600,13758938
202501,11650610,13474638
202501,11650620,11419480
202501,11650621,18773090
202501,11650651,37189310
202501,11650652,25895575
202501,11650660,13600027
202501,11680510,21948691
202501,11680521,30402142
202501,11680531,29309481
202501,11680545,29385339
202501,11680565,26228668
202501,11680580,27817116
202501,11680590,28863600
202501,11680600,22598570
202501,11680610,36383595
202501,11680630,29971716
202501,11680640,51351144
202501,11680650,33436281
202501,11680655,22059859
202501,11680656,19791264
202501,11680660,17401330
202501,11680670,26428101
202501,11680675,11076678
202501,11680690,16727505
202501,11680700,32097414
202501,11680720,17767009
202501,11680730,10501316
202501,11680750,15580655
202501,11710510,7931772
202501,11710520,22021295
202501,11710531,7656531
202501,11710532,15671744
202501,11710540,9964838
202501,11710550,12897884
202501,11710561,12941235
202501,11710562,25239210
202501,11710566,10354913
202501,11710570,26742087
202501,11710580,20620678
202501,11710590,12491698
202501,11710600,24096709
202501,11710610,20526001
202501,11710620,25873364
202501,11710631,21146831
202501,11710632,20344453
202501,11710641,15131282
202501,11710642,30799586
202501,11710646,21967414
202501,11710647,28777136
202501,11710650,22989653
202501,11710670,21867700
202501,11710680,33359194
202501,11710690,13170282
202501,11710710,27974696
202501,11710720,6850393
202501,11740515,25099473
202501,11740525,29295955
202501,11740526,11835733
202501,11740530,19591358
202501,11740540,11876863
202501,11740550,16189037
202501,11740560,16348325
202501,11740570,22779553
202501,11740580,9993093
202501,11740590,9605892
202501,11740600,18461918
202501,11740610,30096026
202501,11740620,21546822
202501,11740640,15719097
202501,11740650,18802357
202501,11740660,20720074
202501,11740685,41072492
202501,11740690,12051165
202501,11740700,19860363
202502,11110515,9160306
202502,11110530,20908520
202502,11110540,2911122
202502,11110550,6664787
202502,11110560,10397063
202502,11110570,3342507
202502,11110580,7826289
202502,11110600,6219201
202502,11110615,36694276
202502,11110630,11613303
202502,11110640,15357997
202502,11110650,15894707
202502,11110670,5562412
202502,11110680,4396425
202502,11110690,3239059
202502,11110700,4288850
202502,11110710,8403223
202502,11140520,24136979
202502,11140540,22402812
202502,11140550,34091043
202502,11140570,10210666
202502,11140580,7003049
202502,11140590,17587062
202502,11140605,12326531
202502,11140615,12062879
202502,11140625,8884709
202502,11140635,9847790
202502,11140645,5152843
202502,11140650,7242476
202502,11140665,9126714
202502,11140670,9197399
202502,11140680,9271206
202502,11170510,8093392
202502,11170520,7530070
202502,11170530,13858567
202502,11170555,15859162
202502,11170560,12745665
202502,11170570,9386083
202502,11170580,6211460
202502,11170590,6598016
202502,11170625,36539585
202502,11170630,15139717
202502,11170640,3129523
202502,11170650,8258680
202502,11170660,8656205
202502,11170685,20005805
202502,11170690,9559034
202502,11170700,5005959
202502,11200520,7501398
202502,11200535,21129388
202502,11200540,15274812
202502,11200550,12921100
202502,11200560,13556858
202502,11200570,13067563
202502,11200580,7426257
202502,11200590,9172078
202502,11200615,13716010
202502,11200620,9533075
202502,11200645,14022828
202502,11200650,12706343
202502,11200660,13820292
202502,11200670,12597240
202502,11200690,22176487
202502,11200720,7491158
202502,11200790,10083250
202502,11215710,24416224
202502,11215730,12764883
202502,11215740,10446963
202502,11215750,12930578
202502,11215760,10336797
202502,11215770,19617743
202502,11215780,8670503
202502,11215810,23047755
202502,11215820,15108627
202502,11215830,15719608
202502,11215840,19204340
202502,11215847,15774135
202502,11215850,14637692
202502,11215860,16929888
202502,11215870,21482372
202502,11230536,29392490
202502,11230545,18239609
202502,11230560,25698026
202502,11230570,11514895
202502,11230600,16556375
202502,11230610,19463814
202502,11230650,23085034
202502,11230660,21575387
202502,11230705,12760861
202502,11230710,10408196
202502,11230720,10222452
202502,11230730,14379355
202502,11230740,16130269
202502,11230750,12193000
202502,11260520,15724451
202502,11260540,11024568
202502,11260550,8241626
202502,11260565,23474430
202502,11260570,13481650
202502,11260575,16329328
202502,11260580,12671851
202502,11260590,17438467
202502,11260600,11818267
202502,11260610,13904930
202502,11260620,19897330
202502,11260630,14703449
202502,11260655,25365240
202502,11260660,7547747
202502,11260680,24251565
202502,11260690,11064392
202502,11290525,13648614
202502,11290555,16370280
202502,11290575,14281820
202502,11290580,8185614
202502,11290590,5709236
202502,11290600,17407000
202502,11290610,12176314
202502,11290620,9253773
202502,11290630,12814251
202502,11290640,8094027
202502,11290650,14571848
202502,11290660,21234182
202502,11290685,14230624
202502,11290705,25306174
202502,11290715,15018110
202502,11290725,14243449
202502,11290760,15327938
202502,11290770,7656003
202502,11290780,7448926
202502,11290810,18426586
202502,11305534,15356384
202502,11305535,14227235
202502,11305545,20740786
202502,11305555,17166748
202502,11305575,15634439
202502,11305595,13894267
202502,11305603,9290440
202502,11305608,9758776
202502,11305615,10829334
202502,11305625,13205534
202502,11305635,18137678
202502,11305645,13579566
202502,11305660,17289349
202502,11320511,14905742
202502,11320512,18916791
202502,11320513,6635176
202502,11320514,18560052
202502,11320515,14918212
202502,11320521,13883489
202502,11320522,15899155
202502,11320660,10678306
202502,11320670,11026986
202502,11320680,9402244
202502,11320681,13027450
202502,11320690,16909334
202502,11320700,10880703
202502,11320710,15455960
202502,11350560,14593634
202502,11350570,13504987
202502,11350580,18251686
202502,11350595,25315756
202502,11350600,29494776
202502,11350611,18425081
202502,11350612,9575932
202502,11350619,15583042
202502,11350621,16990724
202502,11350624,11430705
202502,11350625,18929449
202502,11350630,23483268
202502,11350640,17076387
202502,11350665,16206694
202502,11350670,11395152
202502,11350695,25605431
202502,11350700,13219932
202502,11350710,12011673
202502,11350720,10310771
202502,11380510,25056350
202502,11380520,21026445
202502,11380530,17356712
202502,11380551,10931191
202502,11380552,15267792
202502,11380560,19501056
202502,11380570,21127512
202502,11380580,19395191
202502,11380590,13804597
202502,11380600,14779762
202502,11380625,29036943
202502,11380631,15696941
202502,11380632,11402201
202502,11380640,7930920
202502,11380650,13065386
202502,11380690,36820740
202502,11410520,9211407
202502,11410555,5778919
202502,11410565,20434045
202502,11410585,35611232
202502,11410615,26499661
202502,11410620,15994527
202502,11410640,11443535
202502,11410655,6984806
202502,11410660,12523070
202502,11410685,15405792
202502,11410690,9599843
202502,11410700,17781840
202502,11410710,9893995
202502,11410720,19346905
202502,11440555,18278190
202502,11440565,25003935
202502,11440585,13473819
202502,11440590,13411845
202502,11440600,15107904
202502,11440610,15875535
202502,11440630,15294075
202502,11440655,19360768
202502,11440660,45944040
202502,11440680,13739535
202502,11440690,14665418
202502,11440700,11124436
202502,11440710,11569970
202502,11440720,14754107
202502,11440730,24527556
202502,11440740,31365113
202502,11470510,22535251
202502,11470520,19332470
202502,11470530,9718700
202502,11470540,14037630
202502,11470550,26983135
202502,11470560,12230393
202502,11470570,8419755
202502,11470580,8166204
202502,11470590,7325440
202502,11470600,9097964
202502,11470610,4222255
202502,11470611,10680798
202502,11470620,9572196
202502,11470630,10846969
202502,11470640,32867009
202502,11470650,23591595
202502,11470670,11100060
202502,11470680,16832949
202502,11500510,23112225
202502,11500520,19602881
202502,11500530,11793722
202502,11500535,23816930
202502,11500540,34835525
202502,11500550,8130513
202502,11500560,12042591
202502,11500570,13404550
202502,11500590,20425333
202502,11500591,16543840
202502,11500593,24598885
202502,11500603,33153324
202502,11500604,8865169
202502,11500605,6829542
202502,11500611,29525070
202502,11500615,17268647
202502,11500620,24907172
202502,11500630,23489747
202502,11500640,21455227
202502,11500641,11552781
202502,11530510,24687593
202502,11530520,12386460
202502,11530530,19388541
202502,11530540,32010059
202502,11530550,12520695
202502,11530560,25780703
202502,11530595,5394336
202502,11530720,18687858
202502,11530730,11439800
202502,11530740,19408776
202502,11530750,17480048
202502,11530760,10443775
202502,11530770,13455595
202502,11530780,25935998
202502,11530790,12562947
202502,11530800,6226158
202502,11545510,45401739
202502,11545610,34724064
202502,11545620,7807552
202502,11545630,10867823
202502,11545640,10324840
202502,11545670,21443139
202502,11545680,11686080
202502,11545690,6824849
202502,11545700,12140936
202502,11545710,8817916
202502,11560515,13184772
202502,11560535,34330622
202502,11560540,41860075
202502,11560550,19280788
202502,11560560,27237469
202502,11560585,13072259
202502,11560605,26502867
202502,11560610,13842214
202502,11560620,17046536
202502,11560630,12994924
202502,11560650,7984357
202502,11560660,7439044
202502,11560670,4901172
202502,11560680,12038500
202502,11560690,10917501
202502,11560700,9451556
202502,11560710,9725102
202502,11560720,14932124
202502,11590510,23832809
202502,11590520,7499191
202502,11590530,26983866
202502,11590540,17079462
202502,11590550,13017026
202502,11590560,17430591
202502,11590605,21581457
202502,11590620,17341019
202502,11590630,20190154
202502,11590640,12455291
202502,11590650,8050373
202502,11590651,9237880
202502,11590660,24255742
202502,11590670,14573243
202502,11590680,16904930
202502,11620525,13686789
202502,11620545,5663523
202502,11620565,15104268
202502,11620575,18924358
202502,11620585,16261627
202502,11620595,27063922
202502,11620605,19198247
202502,11620615,10263849
202502,11620625,15253872
202502,11620630,14505103
202502,11620645,16885586
202502,11620655,10960768
202502,11620665,13852790
202502,11620685,13178395
202502,11620695,18733610
202502,11620715,8180874
202502,11620725,18254979
202502,11620735,21725707
202502,11620745,13114118
202502,11620765,17173701
202502,11620775,13535461
202502,11650510,19265495
202502,11650520,28233186
202502,11650530,48798929
202502,11650531,27783517
202502,11650540,22886105
202502,11650550,981281
202502,11650560,23038373
202502,11650570,16229017
202502,11650580,13192615
202502,11650581,28278570
202502,11650590,12996047
202502,11650600,12778446
202502,11650610,12184219
202502,11650620,10466492
202502,11650621,17123354
202502,11650651,35360751
202502,11650652,25216978
202502,11650660,12861181
202502,11680510,20830377
202502,11680521,29943499
202502,11680531,29506560
202502,11680545,27899246
202502,11680565,25739198
202502,11680580,29143485
202502,11680590,27786467
202502,11680600,20663949
202502,11680610,34760704
202502,11680630,28461760
202502,11680640,48673286
202502,11680650,32035592
202502,11680655,21391862
202502,11680656,18074843
202502,11680660,15494443
202502,11680670,23909249
202502,11680675,9944070
202502,11680690,15194592
202502,11680700,28711896
202502,11680720,16370785
202502,11680730,9339223
202502,11680750,14655217
202502,11710510,6855874
202502,11710520,20246099
202502,11710531,6573458
202502,11710532,13845102
202502,11710540,8597194
202502,11710550,11153304
202502,11710561,11694244
202502,11710562,23137617
202502,11710566,9951163
202502,11710570,23976470
202502,11710580,19048488
202502,11710590,11260729
202502,11710600,21961387
202502,11710610,18260481
202502,11710620,23617755
202502,11710631,19053252
202502,11710632,19009849
202502,11710641,13445260
202502,11710642,30404832
202502,11710646,19677737
202502,11710647,25551681
202502,11710650,20786756
202502,11710670,20056035
202502,11710680,31657849
202502,11710690,11861978
202502,11710710,26997919
202502,11710720,6283724
202502,11740515,22246400
202502,11740525,25671581
202502,11740526,10730628
202502,11740530,17391448
202502,11740540,10952709
202502,11740550,14309612
202502,11740560,15307974
202502,11740570,20061746
202502,11740580,8822568
202502,11740590,8313134
202502,11740600,16371086
202502,11740610,26761861
202502,11740620,19413251
202502,11740640,14320112
202502,11740650,16950161
202502,11740660,19095768
202502,11740685,36855082
202502,11740690,13457987
202502,11740700,17678039
202503,11110515,11081954
202503,11110530,23533410
202503,11110540,3614848
202503,11110550,8124189
202503,11110560,11802276
202503,11110570,3616295
202503,11110580,8725309
202503,11110600,7143001
202503,11110615,40926647
202503,11110630,12735218
202503,11110640,17678877
202503,11110650,20185426
202503,11110670,6320904
202503,11110680,4784586
202503,11110690,3644487
202503,11110700,4835153
202503,11110710,9302642
202503,11140520,25801004
202503,11140540,23998337
202503,11140550,35910187
202503,11140570,12351683
202503,11140580,8441426
202503,11140590,18660707
202503,11140605,13215951
202503,11140615,12690312
202503,11140625,10077484
202503,11140635,10600199
202503,11140645,5586563
202503,11140650,8020651
202503,11140665,10279801
202503,11140670,9854647
202503,11140680,10110394
202503,11170510,8923176
202503,11170520,8754755
202503,11170530,14365886
202503,11170555,18871209
202503,11170560,13785983
202503,11170570,10570132
202503,11170580,7192008
202503,11170590,7214608
202503,11170625,39086389
202503,11170630,17143914
202503,11170640,3646979
202503,11170650,9311076
202503,11170660,9462476
202503,11170685,22128415
202503,11170690,10864122
202503,11170700,5781231
202503,11200520,8261097
202503,11200535,23427279
202503,11200540,17162386
202503,11200550,17955083
202503,11200560,14785038
202503,11200570,14747535
202503,11200580,8449825
202503,11200590,9912358
202503,11200615,15489606
202503,11200620,10240648
202503,11200645,15748662
202503,11200650,13870917
202503,11200660,15391202
202503,11200670,13126247
202503,11200690,24148514
202503,11200720,8133058
202503,11200790,11192147
202503,11215710,30332702
202503,11215730,15987864
202503,11215740,11931687
202503,11215750,13787440
202503,11215760,11233640
202503,11215770,22255578
202503,11215780,10632022
202503,11215810,26226420
202503,11215820,16913955
202503,11215830,17504376
202503,11215840,21799225
202503,11215847,17346747
202503,11215850,15857042
202503,11215860,18945481
202503,11215870,23371474
202503,11230536,33618975
202503,11230545,21278704
202503,11230560,29026316
202503,11230570,13644489
202503,11230600,18157280
202503,11230610,21264496
202503,11230650,24923355
202503,11230660,24122766
202503,11230705,14573421
202503,11230710,13292662
202503,11230720,11397751
202503,11230730,17024297
202503,11230740,22389795
202503,11230750,13342679
202503,11260520,17356622
202503,11260540,12379591
202503,11260550,8914252
202503,11260565,25824106
202503,11260570,14834365
202503,11260575,18821735
202503,11260580,14042240
202503,11260590,19415534
202503,11260600,13306315
202503,11260610,15445683
202503,11260620,22359409
202503,11260630,16135824
202503,11260655,28667968
202503,11260660,8438000
202503,11260680,26733119
202503,11260690,12042191
202503,11290525,15773961
202503,11290555,18816531
202503,11290575,17345171
202503,11290580,9023622
202503,11290590,6343388
202503,11290600,23665266
202503,11290610,13715681
202503,11290620,10252454
202503,11290630,14172062
202503,11290640,11977539
202503,11290650,16325035
202503,11290660,24255928
202503,11290685,16037310
202503,11290705,29428340
202503,11290715,16987982
202503,11290725,16519060
202503,11290760,17100378
202503,11290770,8863152
202503,11290780,7819790
202503,11290810,20804506
202503,11305534,17011685
202503,11305535,16096599
202503,11305545,22926045
202503,11305555,19055575
202503,11305575,16318860
202503,11305595,15591919
202503,11305603,10388526
202503,11305608,10724553
202503,11305615,11966095
202503,11305625,14715195
202503,11305635,20179253
202503,11305645,15713232
202503,11305660,19317227
202503,11320511,16657091
202503,11320512,21287369
202503,11320513,7357840
202503,11320514,20814741
202503,11320515,16440810
202503,11320521,15530685
202503,11320522,17507448
202503,11320660,12869238
202503,11320670,12276543
202503,11320680,10545798
202503,11320681,14598458
202503,11320690,18761225
202503,11320700,11787806
202503,11320710,17166089
202503,11350560,18084066
202503,11350570,15690405
202503,11350580,20343856
202503,11350595,28437429
202503,11350600,35582349
202503,11350611,22036150
202503,11350612,9964299
202503,11350619,16853136
202503,11350621,18697661
202503,11350624,12770859
202503,11350625,21259664
202503,11350630,25939129
202503,11350640,18723434
202503,11350665,17952339
202503,11350670,11851331
202503,11350695,28174315
202503,11350700,14724890
202503,11350710,13539374
202503,11350720,11563599
202503,11380510,27927501
202503,11380520,23204713
202503,11380530,18951962
202503,11380551,12348939
202503,11380552,16966843
202503,11380560,22039118
202503,11380570,23377162
202503,11380580,21401502
202503,11380590,14959304
202503,11380600,16470043
202503,11380625,32173879
202503,11380631,17221072
202503,11380632,13004479
202503,11380640,8518801
202503,11380650,14105461
202503,11380690,41277191
202503,11410520,10720197
202503,11410555,6548842
202503,11410565,23072103
202503,11410585,46417848
202503,11410615,29648502
202503,11410620,17130305
202503,11410640,14770046
202503,11410655,6523013
202503,11410660,13902897
202503,11410685,18266009
202503,11410690,10746965
202503,11410700,21191221
202503,11410710,10911880
202503,11410720,21413616
202503,11440555,20439558
202503,11440565,27459202
202503,11440585,14688901
202503,11440590,14898884
202503,11440600,18771323
202503,11440610,17966815
202503,11440630,16974761
202503,11440655,23632351
202503,11440660,49835704
202503,11440680,14993807
202503,11440690,16056491
202503,11440700,12460212
202503,11440710,12924179
202503,11440720,16436240
202503,11440730,27303593
202503,11440740,33531853
202503,11470510,24793152
202503,11470520,21536297
202503,11470530,10583756
202503,11470540,15346197
202503,11470550,29406793
202503,11470560,13545444
202503,11470570,8993193
202503,11470580,9204522
202503,11470590,7991816
202503,11470600,10209778
202503,11470610,4371862
202503,11470611,11967899
202503,11470620,9982641
202503,11470630,11844922
202503,11470640,36783684
202503,11470650,26951156
202503,11470670,12576237
202503,11470680,19058745
202503,11500510,25237444
202503,11500520,21337326
202503,11500530,13302209
202503,11500535,26718560
202503,11500540,36664401
202503,11500550,8676686
202503,11500560,13928028
202503,11500570,14777084
202503,11500590,22883092
202503,11500591,18359893
202503,11500593,28278084
202503,11500603,35894600
202503,11500604,9867737
202503,11500605,7599269
202503,11500611,33260876
202503,11500615,18446779
202503,11500620,26995042
202503,11500630,26293886
202503,11500640,23008576
202503,11500641,12795575
202503,11530510,27196028
202503,11530520,13800969
202503,11530530,21616716
202503,11530540,33899549
202503,11530550,13337532
202503,11530560,28298398
202503,11530595,5831737
202503,11530720,21616044
202503,11530730,12486915
202503,11530740,22048509
202503,11530750,19313953
202503,11530760,12085123
202503,11530770,15170094
202503,11530780,29293292
202503,11530790,14541847
202503,11530800,6590999
202503,11545510,47617576
202503,11545610,37280624
202503,11545620,8904333
202503,11545630,9891083
202503,11545640,11349107
202503,11545670,23570801
202503,11545680,12941602
202503,11545690,7628408
202503,11545700,13289377
202503,11545710,9627499
202503,11560515,14995882
202503,11560535,36802813
202503,11560540,47561501
202503,11560550,21163720
202503,11560560,30489441
202503,11560585,14188247
202503,11560605,29024811
202503,11560610,15092107
202503,11560620,18545900
202503,11560630,14510011
202503,11560650,8639666
202503,11560660,8158476
202503,11560670,5421157
202503,11560680,13472510
202503,11560690,11617499
202503,11560700,10394685
202503,11560710,10463095
202503,11560720,16410132
202503,11590510,26745846
202503,11590520,8782159
202503,11590530,32902409
202503,11590540,19255111
202503,11590550,14281614
202503,11590560,19063940
202503,11590605,26840144
202503,11590620,19101893
202503,11590630,22771235
202503,11590640,13596251
202503,11590650,9199536
202503,11590651,10356576
202503,11590660,27811047
202503,11590670,16361205
202503,11590680,17301811
202503,11620525,15557520
202503,11620545,6093599
202503,11620565,16086048
202503,11620575,20551291
202503,11620585,19994953
202503,11620595,30474976
202503,11620605,21612634
202503,11620615,11478355
202503,11620625,17187891
202503,11620630,16062461
202503,11620645,18921983
202503,11620655,12113625
202503,11620665,15246043
202503,11620685,14383199
202503,11620695,20608757
202503,11620715,8955753
202503,11620725,19842255
202503,11620735,27431292
202503,11620745,15055258
202503,11620765,20688502
202503,11620775,15279880
202503,11650510,21301474
202503,11650520,29696465
202503,11650530,53373416
202503,11650531,29906911
202503,11650540,25106371
202503,11650550,1293518
202503,11650560,24919447
202503,11650570,18561448
202503,11650580,14406438
202503,11650581,31140498
202503,11650590,14331700
202503,11650600,14597124
202503,11650610,13131398
202503,11650620,11942286
202503,11650621,19053369
202503,11650651,38976528
202503,11650652,27729049
202503,11650660,14144304
202503,11680510,22636600
202503,11680521,31422006
202503,11680531,31469280
202503,11680545,30741440
202503,11680565,28054629
202503,11680580,32071567
202503,11680590,30075159
202503,11680600,21883997
202503,11680610,37799715
202503,11680630,29802294
202503,11680640,52487108
202503,11680650,35075648
202503,11680655,23439556
202503,11680656,20170232
202503,11680660,17358847
202503,11680670,26773842
202503,11680675,11322814
202503,11680690,16576769
202503,11680700,31853676
202503,11680720,18173684
202503,11680730,10292251
202503,11680750,16251196
202503,11710510,7541477
202503,11710520,21842059
202503,11710531,7442262
202503,11710532,15130986
202503,11710540,9365415
202503,11710550,12154355
202503,11710561,12940152
202503,11710562,26172094
202503,11710566,10648851
202503,11710570,26700210
202503,11710580,20843289
202503,11710590,12625093
202503,11710600,23964922
202503,11710610,20227140
202503,11710620,26018617
202503,11710631,20540220
202503,11710632,20450905
202503,11710641,15216817
202503,11710642,32100812
202503,11710646,21893888
202503,11710647,28889559
202503,11710650,23001470
202503,11710670,23818977
202503,11710680,33242431
202503,11710690,13220816
202503,11710710,28789749
202503,11710720,7526486
202503,11740515,24461048
202503,11740525,29099951
202503,11740526,11974966
202503,11740530,19099526
202503,11740540,12108766
202503,11740550,16181968
202503,11740560,16851442
202503,11740570,22352357
202503,11740580,9634456
202503,11740590,9406765
202503,11740600,17951672
202503,11740610,29229138
202503,11740620,21826314
202503,11740640,15608977
202503,11740650,18345922
202503,11740660,21391157
202503,11740685,40611305
202503,11740690,15408957
202503,11740700,19014438
202504,11110515,11170550
202504,11110530,22544366
202504,11110540,3700610
202504,11110550,7829191
202504,11110560,11337917
202504,11110570,3423358
202504,11110580,8501819
202504,11110600,6693735
202504,11110615,39494642
202504,11110630,12714191
202504,11110640,17701967
202504,11110650,18317653
202504,11110670,6099140
202504,11110680,4396285
202504,11110690,3411670
202504,11110700,4629341
202504,11110710,8629219
202504,11140520,25905972
202504,11140540,24371787
202504,11140550,35506119
202504,11140570,12804654
202504,11140580,8315955
202504,11140590,18144759
202504,11140605,13406592
202504,11140615,12552560
202504,11140625,9520654
202504,11140635,10014217
202504,11140645,5312812
202504,11140650,7644776
202504,11140665,9699658
202504,11140670,9461305
202504,11140680,9612235
202504,11170510,8529271
202504,11170520,8349022
202504,11170530,13978475
202504,11170555,17819996
202504,11170560,13676569
202504,11170570,10033823
202504,11170580,6796464
202504,11170590,6944237
202504,11170625,36918047
202504,11170630,16082964
202504,11170640,3400606
202504,11170650,8718103
202504,11170660,9111539
202504,11170685,20750958
202504,11170690,10050144
202504,11170700,5622856
202504,11200520,7687665
202504,11200535,22306430
202504,11200540,16103107
202504,11200550,16968143
202504,11200560,14870865
202504,11200570,13885017
202504,11200580,8148185
202504,11200590,9482980
202504,11200615,14927431
202504,11200620,9359122
202504,11200645,15040929
202504,11200650,13978290
202504,11200660,15864220
202504,11200670,12755785
202504,11200690,23924465
202504,11200720,7782270
202504,11200790,10706356
202504,11215710,28363679
202504,11215730,15321733
202504,11215740,11157839
202504,11215750,13202568
202504,11215760,10284179
202504,11215770,21102384
202504,11215780,10439036
202504,11215810,25088951
202504,11215820,15864052
202504,11215830,17525774
202504,11215840,19531284
202504,11215847,16825320
202504,11215850,14998733
202504,11215860,18054057
202504,11215870,22518660
202504,11230536,31176794
202504,11230545,19911017
202504,11230560,28163150
202504,11230570,13186003
202504,11230600,17007208
202504,11230610,19969991
202504,11230650,23650992
202504,11230660,23240166
202504,11230705,13802430
202504,11230710,12499105
202504,11230720,10536129
202504,11230730,15535044
202504,11230740,20204973
202504,11230750,12103310
202504,11260520,16310410
202504,11260540,11908164
202504,11260550,8592398
202504,11260565,24407835
202504,11260570,14225826
202504,11260575,17755401
202504,11260580,13143335
202504,11260590,18219481
202504,11260600,12566144
202504,11260610,14701948
202504,11260620,20609408
202504,11260630,15484291
202504,11260655,27304053
202504,11260660,7839808
202504,11260680,25385182
202504,11260690,11672839
202504,11290525,14946730
202504,11290555,18101334
202504,11290575,15896629
202504,11290580,8511344
202504,11290590,5886975
202504,11290600,21743650
202504,11290610,12886673
202504,11290620,9881415
202504,11290630,13162535
202504,11290640,11176452
202504,11290650,15068541
202504,11290660,23493807
202504,11290685,14884551
202504,11290705,27876996
202504,11290715,16081397
202504,11290725,15530792
202504,11290760,16214321
202504,11290770,8699447
202504,11290780,7510316
202504,11290810,19988114
202504,11305534,16141327
202504,11305535,15499876
202504,11305545,22009325
202504,11305555,18041899
202504,11305575,15564146
202504,11305595,14629398
202504,11305603,9765625
202504,11305608,10062465
202504,11305615,11334194
202504,11305625,13639119
202504,11305635,19315242
202504,11305645,14723730
202504,11305660,18361007
202504,11320511,15771997
202504,11320512,20123888
202504,11320513,7057866
202504,11320514,19886033
202504,11320515,15603039
202504,11320521,14875084
202504,11320522,16731340
202504,11320660,12117209
202504,11320670,11644183
202504,11320680,10144064
202504,11320681,13919505
202504,11320690,17935936
202504,11320700,11097689
202504,11320710,16206826
202504,11350560,16833219
202504,11350570,15093190
202504,11350580,19027768
202504,11350595,26670604
202504,11350600,33357967
202504,11350611,20510453
202504,11350612,9515910
202504,11350619,16273064
202504,11350621,18013442
202504,11350624,12117726
202504,11350625,20180853
202504,11350630,24710809
202504,11350640,17708243
202504,11350665,17062547
202504,11350670,11556016
202504,11350695,27202971
202504,11350700,13714870
202504,11350710,12850886
202504,11350720,10668461
202504,11380510,26307898
202504,11380520,21815104
202504,11380530,18214290
202504,11380551,11667030
202504,11380552,16335274
202504,11380560,20940290
202504,11380570,22472507
202504,11380580,20364836
202504,11380590,14738975
202504,11380600,15631357
202504,11380625,30344492
202504,11380631,16504131
202504,11380632,12452997
202504,11380640,8313006
202504,11380650,13057811
202504,11380690,39161979
202504,11410520,10183617
202504,11410555,6594381
202504,11410565,22216213
202504,11410585,43754216
202504,11410615,28231166
202504,11410620,16731297
202504,11410640,12848293
202504,11410655,6632708
202504,11410660,12804860
202504,11410685,17672081
202504,11410690,9130557
202504,11410700,21040424
202504,11410710,10342296
202504,11410720,20313202
202504,11440555,19430016
202504,11440565,26232192
202504,11440585,13384948
202504,11440590,14810860
202504,11440600,17518357
202504,11440610,17088301
202504,11440630,16026075
202504,11440655,22155021
202504,11440660,46156353
202504,11440680,14358397
202504,11440690,15181501
202504,11440700,11951478
202504,11440710,12077806
202504,11440720,15475675
202504,11440730,26077302
202504,11440740,33856936
202504,11470510,23378544
202504,11470520,20026105
202504,11470530,9838464
202504,11470540,14251715
202504,11470550,28931438
202504,11470560,12880016
202504,11470570,8410724
202504,11470580,8960036
202504,11470590,7525929
202504,11470600,10070066
202504,11470610,3782077
202504,11470611,11449181
202504,11470620,9385060
202504,11470630,11297930
202504,11470640,34932162
202504,11470650,25448737
202504,11470670,12325215
202504,11470680,18162176
202504,11500510,24156780
202504,11500520,20280403
202504,11500530,12520792
202504,11500535,24222771
202504,11500540,35055416
202504,11500550,8032628
202504,11500560,12753597
202504,11500570,14244833
202504,11500590,21329879
202504,11500591,17101790
202504,11500593,27173344
202504,11500603,35951655
202504,11500604,9142962
202504,11500605,7239903
202504,11500611,31295404
202504,11500615,18049732
202504,11500620,26736632
202504,11500630,24158994
202504,11500640,22456794
202504,11500641,12423566
202504,11530510,25919802
202504,11530520,13385782
202504,11530530,20084237
202504,11530540,33258949
202504,11530550,13450125
202504,11530560,26888456
202504,11530595,5221198
202504,11530720,21166523
202504,11530730,11468201
202504,11530740,20867409
202504,11530750,17823920
202504,11530760,11753456
202504,11530770,14380901
202504,11530780,27757878
202504,11530790,13771578
202504,11530800,6361507
202504,11545510,48283580
202504,11545610,34492572
202504,11545620,8833016
202504,11545630,9619052
202504,11545640,10389749
202504,11545670,22590112
202504,11545680,12197912
202504,11545690,7294554
202504,11545700,12668099
202504,11545710,9296041
202504,11560515,14021573
202504,11560535,34723763
202504,11560540,46363128
202504,11560550,20751312
202504,11560560,30043698
202504,11560585,13387330
202504,11560605,27633560
202504,11560610,14419019
202504,11560620,17990050
202504,11560630,13878258
202504,11560650,8055961
202504,11560660,7600960
202504,11560670,5078116
202504,11560680,12986464
202504,11560690,11371750
202504,11560700,9798039
202504,11560710,10063825
202504,11560720,15428117
202504,11590510,25265719
202504,11590520,8314209
202504,11590530,30883719
202504,11590540,17974576
202504,11590550,13671972
202504,11590560,18339104
202504,11590605,25021622
202504,11590620,18107091
202504,11590630,21940624
202504,11590640,12612769
202504,11590650,8869892
202504,11590651,9708479
202504,11590660,25869916
202504,11590670,15668596
202504,11590680,16609386
202504,11620525,14697365
202504,11620545,6024794
202504,11620565,14899529
202504,11620575,19415540
202504,11620585,18520721
202504,11620595,28451039
202504,11620605,20690223
202504,11620615,10730414
202504,11620625,15949188
202504,11620630,15159764
202504,11620645,18116749
202504,11620655,11437925
202504,11620665,14179628
202504,11620685,13380335
202504,11620695,19282152
202504,11620715,8333381
202504,11620725,19205430
202504,11620735,26468154
202504,11620745,14021820
202504,11620765,18587020
202504,11620775,14366973
202504,11650510,20496477
202504,11650520,30510888
202504,11650530,52052038
202504,11650531,29183157
202504,11650540,23936218
202504,11650550,1427478
202504,11650560,24352217
202504,11650570,18021875
202504,11650580,13722706
202504,11650581,29496516
202504,11650590,13608506
202504,11650600,14025851
202504,11650610,12231779
202504,11650620,11394233
202504,11650621,18524378
202504,11650651,38122755
202504,11650652,27686862
202504,11650660,14027498
202504,11680510,22168369
202504,11680521,30092974
202504,11680531,31430001
202504,11680545,29600964
202504,11680565,27977657
202504,11680580,31989589
202504,11680590,28979477
202504,11680600,20513064
202504,11680610,36500245
202504,11680630,29434788
202504,11680640,49864145
202504,11680650,33464055
202504,11680655,23138590
202504,11680656,20225401
202504,11680660,16894334
202504,11680670,25072342
202504,11680675,10641464
202504,11680690,16150171
202504,11680700,30274679
202504,11680720,17441735
202504,11680730,10170075
202504,11680750,15987384
202504,11710510,7206207
202504,11710520,21781113
202504,11710531,7434802
202504,11710532,14291307
202504,11710540,8443602
202504,11710550,11351219
202504,11710561,12698478
202504,11710562,25380499
202504,11710566,10692207
202504,11710570,25231638
202504,11710580,20445875
202504,11710590,11407104
202504,11710600,22997554
202504,11710610,19828862
202504,11710620,25685435
202504,11710631,20461781
202504,11710632,18607409
202504,11710641,14576705
202504,11710642,31281063
202504,11710646,20657526
202504,11710647,27359373
202504,11710650,21992331
202504,11710670,24103564
202504,11710680,32060232
202504,11710690,12737681
202504,11710710,28893391
202504,11710720,7261983
202504,11740515,22683291
202504,11740525,27744431
202504,11740526,12032910
202504,11740530,17774809
202504,11740540,11568855
202504,11740550,15482407
202504,11740560,16636928
202504,11740570,21852853
202504,11740580,9322573
202504,11740590,8793657
202504,11740600,17008320
202504,11740610,27673122
202504,11740620,21254678
202504,11740640,14791434
202504,11740650,17427960
202504,11740660,19657321
202504,11740685,38627337
202504,11740690,16757253
202504,11740700,18543355
202505,11110515,12274310
202505,11110530,22670245
202505,11110540,4139416
202505,11110550,8168039
202505,11110560,12231451
202505,11110570,3414679
202505,11110580,8185042
202505,11110600,6691960
202505,11110615,42558524
202505,11110630,13053867
202505,11110640,18314616
202505,11110650,18922594
202505,11110670,6262289
202505,11110680,4612215
202505,11110690,3607153
202505,11110700,4844362
202505,11110710,9151914
202505,11140520,24661088
202505,11140540,23648365
202505,11140550,34260105
202505,11140570,12504452
202505,11140580,8467912
202505,11140590,18418193
202505,11140605,13003814
202505,11140615,12517485
202505,11140625,10357190
202505,11140635,10063684
202505,11140645,4476504
202505,11140650,8065048
202505,11140665,10388206
202505,11140670,9362159
202505,11140680,9842246
202505,11170510,8898737
202505,11170520,8683566
202505,11170530,14422342
202505,11170555,18169548
202505,11170560,13815665
202505,11170570,10307642
202505,11170580,6990204
202505,11170590,7257402
202505,11170625,38850737
202505,11170630,16825404
202505,11170640,3626218
202505,11170650,9674884
202505,11170660,9843137
202505,11170685,21334898
202505,11170690,10594738
202505,11170700,5583425
202505,11200520,7954284
202505,11200535,22204654
202505,11200540,16704476
202505,11200550,16857922
202505,11200560,14952600
202505,11200570,14401814
202505,11200580,8274272
202505,11200590,9873205
202505,11200615,15262748
202505,11200620,10173982
202505,11200645,15577027
202505,11200650,13983666
202505,11200660,15707445
202505,11200670,13457674
202505,11200690,23993484
202505,11200720,8065964
202505,11200790,10918648
202505,11215710,28475888
202505,11215730,15147261
202505,11215740,11658666
202505,11215750,13755745
202505,11215760,10878133
202505,11215770,22086874
202505,11215780,11010182
202505,11215810,25895348
202505,11215820,15908609
202505,11215830,18315261
202505,11215840,21152197
202505,11215847,17679632
202505,11215850,15708361
202505,11215860,18681846
202505,11215870,23036447
202505,11230536,32680845
202505,11230545,20560260
202505,11230560,28957633
202505,11230570,13037249
202505,11230600,18162359
202505,11230610,21253357
202505,11230650,24514843
202505,11230660,24320449
202505,11230705,14352380
202505,11230710,12538250
202505,11230720,10821870
202505,11230730,16237844
202505,11230740,21472908
202505,11230750,12782090
202505,11260520,17245266
202505,11260540,12005435
202505,11260550,9034331
202505,11260565,25678288
202505,11260570,15118141
202505,11260575,18428136
202505,11260580,13921949
202505,11260590,19212528
202505,11260600,13194389
202505,11260610,15690158
202505,11260620,21816498
202505,11260630,17028771
202505,11260655,28656427
202505,11260660,8501713
202505,11260680,26261013
202505,11260690,12550388
202505,11290525,15840267
202505,11290555,18723351
202505,11290575,16180039
202505,11290580,8825865
202505,11290590,6208075
202505,11290600,21896946
202505,11290610,13237605
202505,11290620,10114590
202505,11290630,13809324
202505,11290640,11305584
202505,11290650,16295496
202505,11290660,23710978
202505,11290685,15466744
202505,11290705,28395060
202505,11290715,16444296
202505,11290725,16544564
202505,11290760,17059571
202505,11290770,9403078
202505,11290780,8383599
202505,11290810,20626838
202505,11305534,17383067
202505,11305535,15537581
202505,11305545,23186046
202505,11305555,18811580
202505,11305575,15798400
202505,11305595,15186642
202505,11305603,10263926
202505,11305608,10705289
202505,11305615,12172206
202505,11305625,14489048
202505,11305635,20162500
202505,11305645,15403225
202505,11305660,19643808
202505,11320511,16501043
202505,11320512,21030572
202505,11320513,7425133
202505,11320514,20945069
202505,11320515,16423131
202505,11320521,15893284
202505,11320522,17556485
202505,11320660,12560300
202505,11320670,12230854
202505,11320680,10697600
202505,11320681,14535066
202505,11320690,18270077
202505,11320700,11811981
202505,11320710,17219756
202505,11350560,17282781
202505,11350570,15492931
202505,11350580,20260208
202505,11350595,28001561
202505,11350600,33883401
202505,11350611,21542208
202505,11350612,9685293
202505,11350619,16668017
202505,11350621,18806452
202505,11350624,12600344
202505,11350625,21140179
202505,11350630,26006025
202505,11350640,18891428
202505,11350665,18020451
202505,11350670,11981971
202505,11350695,28042434
202505,11350700,14282260
202505,11350710,13868503
202505,11350720,10678741
202505,11380510,27526884
202505,11380520,22822987
202505,11380530,19343252
202505,11380551,11949211
202505,11380552,16841149
202505,11380560,21896803
202505,11380570,22910407
202505,11380580,21605525
202505,11380590,15556027
202505,11380600,15918362
202505,11380625,32050758
202505,11380631,17315622
202505,11380632,12957806
202505,11380640,8657425
202505,11380650,14196629
202505,11380690,41105365
202505,11410520,10710734
202505,11410555,6997230
202505,11410565,21831204
202505,11410585,43617637
202505,11410615,29787468
202505,11410620,17228636
202505,11410640,13071405
202505,11410655,7128884
202505,11410660,13678961
202505,11410685,17813634
202505,11410690,8236064
202505,11410700,21793855
202505,11410710,10833414
202505,11410720,21255509
202505,11440555,20235508
202505,11440565,27072105
202505,11440585,13688486
202505,11440590,14672874
202505,11440600,17862394
202505,11440610,17641308
202505,11440630,16684153
202505,11440655,22992424
202505,11440660,49278174
202505,11440680,14715720
202505,11440690,15709488
202505,11440700,12690949
202505,11440710,12675995
202505,11440720,16178070
202505,11440730,27542727
202505,11440740,34204072
202505,11470510,23694557
202505,11470520,21384406
202505,11470530,10415968
202505,11470540,15118036
202505,11470550,29421011
202505,11470560,13433283
202505,11470570,8818465
202505,11470580,9193533
202505,11470590,7884109
202505,11470600,10526387
202505,11470610,3888896
202505,11470611,12095248
202505,11470620,9438725
202505,11470630,11300849
202505,11470640,36624652
202505,11470650,26728610
202505,11470670,13090062
202505,11470680,18957396
202505,11500510,25239194
202505,11500520,20965998
202505,11500530,14197550
202505,11500535,26026306
202505,11500540,36934601
202505,11500550,9921241
202505,11500560,13337341
202505,11500570,12925532
202505,11500590,22565752
202505,11500591,18151346
202505,11500593,27948012
202505,11500603,36107116
202505,11500604,9787042
202505,11500605,8038083
202505,11500611,31962894
202505,11500615,18537216
202505,11500620,28318761
202505,11500630,25060533
202505,11500640,23511884
202505,11500641,12473659
202505,11530510,26795959
202505,11530520,13792807
202505,11530530,20461257
202505,11530540,32517527
202505,11530550,14353452
202505,11530560,27867175
202505,11530595,5661884
202505,11530720,22654462
202505,11530730,12110007
202505,11530740,22044033
202505,11530750,18078328
202505,11530760,12463337
202505,11530770,15130560
202505,11530780,28319584
202505,11530790,13498552
202505,11530800,6325409
202505,11545510,46344963
202505,11545610,36558668
202505,11545620,9422543
202505,11545630,10675437
202505,11545640,11065864
202505,11545670,23586008
202505,11545680,12880432
202505,11545690,7571099
202505,11545700,13523531
202505,11545710,9681560
202505,11560515,14474506
202505,11560535,36087200
202505,11560540,47164312
202505,11560550,21197837
202505,11560560,30410968
202505,11560585,14186951
202505,11560605,28088310
202505,11560610,14624359
202505,11560620,18438756
202505,11560630,14337659
202505,11560650,8639881
202505,11560660,7991923
202505,11560670,5061816
202505,11560680,13979554
202505,11560690,11713059
202505,11560700,10300600
202505,11560710,10331541
202505,11560720,16348005
202505,11590510,26659751
202505,11590520,8413324
202505,11590530,30670206
202505,11590540,18701922
202505,11590550,14094992
202505,11590560,18969601
202505,11590605,25382307
202505,11590620,18942324
202505,11590630,22756576
202505,11590640,12762333
202505,11590650,9713625
202505,11590651,9884506
202505,11590660,26962406
202505,11590670,16394779
202505,11590680,17570776
202505,11620525,15438510
202505,11620545,6265065
202505,11620565,15645092
202505,11620575,20456019
202505,11620585,19001723
202505,11620595,29817079
202505,11620605,21867897
202505,11620615,11056361
202505,11620625,16773713
202505,11620630,15762292
202505,11620645,19014970
202505,11620655,11994275
202505,11620665,14878975
202505,11620685,14078941
202505,11620695,20333046
202505,11620715,8691321
202505,11620725,20624227
202505,11620735,26610774
202505,11620745,14766063
202505,11620765,19467650
202505,11620775,15066268
202505,11650510,20737514
202505,11650520,29709047
202505,11650530,50759835
202505,11650531,29891282
202505,11650540,24966728
202505,11650550,1504478
202505,11650560,25013181
202505,11650570,19151350
202505,11650580,14389263
202505,11650581,30434698
202505,11650590,13986058
202505,11650600,14310753
202505,11650610,12873688
202505,11650620,11760705
202505,11650621,18953319
202505,11650651,38025212
202505,11650652,27648706
202505,11650660,14057754
202505,11680510,22534193
202505,11680521,30055113
202505,11680531,29997096
202505,11680545,30022968
202505,11680565,28445473
202505,11680580,31838246
202505,11680590,28947099
202505,11680600,20900671
202505,11680610,36361557
202505,11680630,29585731
202505,11680640,51924569
202505,11680650,33505645
202505,11680655,22508504
202505,11680656,20308053
202505,11680660,17596499
202505,11680670,26411223
202505,11680675,10619859
202505,11680690,16680386
202505,11680700,31571723
202505,11680720,17860316
202505,11680730,10675895
202505,11680750,16144707
202505,11710510,7494538
202505,11710520,21918313
202505,11710531,7718935
202505,11710532,15191792
202505,11710540,8699036
202505,11710550,11996208
202505,11710561,13233502
202505,11710562,26100056
202505,11710566,12347035
202505,11710570,26872922
202505,11710580,20842240
202505,11710590,12283967
202505,11710600,23634283
202505,11710610,20456746
202505,11710620,25595418
202505,11710631,20542433
202505,11710632,19320812
202505,11710641,15061917
202505,11710642,30993616
202505,11710646,21606291
202505,11710647,28665010
202505,11710650,23170811
202505,11710670,24803332
202505,11710680,33993987
202505,11710690,13304090
202505,11710710,29332479
202505,11710720,7583584
202505,11740515,23740396
202505,11740525,29243466
202505,11740526,11921245
202505,11740530,18804420
202505,11740540,11282303
202505,11740550,15971023
202505,11740560,17083503
202505,11740570,23767544
202505,11740580,9868954
202505,11740590,9024180
202505,11740600,18193755
202505,11740610,29721781
202505,11740620,22265465
202505,11740640,15503761
202505,11740650,18302052
202505,11740660,20622839
202505,11740685,39558584
202505,11740690,18662144
202505,11740700,19493336
202506,11110515,11725603
202506,11110530,22217959
202506,11110540,3832633
202506,11110550,7499762
202506,11110560,11624818
202506,11110570,3137269
202506,11110580,7866999
202506,11110600,6222314
202506,11110615,40417440
202506,11110630,12634617
202506,11110640,17077983
202506,11110650,17454137
202506,11110670,5906118
202506,11110680,4378152
202506,11110690,3454156
202506,11110700,4657081
202506,11110710,8666581
202506,11140520,23634609
202506,11140540,22710917
202506,11140550,32875850
202506,11140570,10963042
202506,11140580,7721746
202506,11140590,17926171
202506,11140605,12358685
202506,11140615,12054187
202506,11140625,10017730
202506,11140635,9810581
202506,11140645,4014005
202506,11140650,7598967
202506,11140665,9667530
202506,11140670,9069443
202506,11140680,9297971
202506,11170510,8529076
202506,11170520,8250674
202506,11170530,13843284
202506,11170555,17202924
202506,11170560,13042270
202506,11170570,9919566
202506,11170580,6532359
202506,11170590,6969575
202506,11170625,38139505
202506,11170630,16253953
202506,11170640,3016711
202506,11170650,9089525
202506,11170660,9408917
202506,11170685,19936995
202506,11170690,10097126
202506,11170700,5358899
202506,11200520,7631856
202506,11200535,21435824
202506,11200540,16029892
202506,11200550,15397734
202506,11200560,14719728
202506,11200570,14108160
202506,11200580,8216638
202506,11200590,9435380
202506,11200615,14790425
202506,11200620,9869640
202506,11200645,14974895
202506,11200650,13267002
202506,11200660,15147045
202506,11200670,12849612
202506,11200690,23248082
202506,11200720,7978344
202506,11200790,10437235
202506,11215710,26651856
202506,11215730,14332807
202506,11215740,11039501
202506,11215750,13482536
202506,11215760,10473792
202506,11215770,21083521
202506,11215780,10025730
202506,11215810,24820383
202506,11215820,14985064
202506,11215830,17854585
202506,11215840,20052225
202506,11215847,16748493
202506,11215850,15111724
202506,11215860,17968640
202506,11215870,22372357
202506,11230536,31573402
202506,11230545,19431469
202506,11230560,27473688
202506,11230570,12666036
202506,11230600,17675944
202506,11230610,20638269
202506,11230650,23955826
202506,11230660,23402237
202506,11230705,13751172
202506,11230710,11730813
202506,11230720,10483784
202506,11230730,15383658
202506,11230740,19637120
202506,11230750,12307432
202506,11260520,16493764
202506,11260540,11723169
202506,11260550,8735616
202506,11260565,25116303
202506,11260570,14413863
202506,11260575,17720709
202506,11260580,13416629
202506,11260590,18792064
202506,11260600,12536431
202506,11260610,14571623
202506,11260620,20697776
202506,11260630,15495293
202506,11260655,27768758
202506,11260660,8018630
202506,11260680,25192242
202506,11260690,11552360
202506,11290525,15047124
202506,11290555,17889349
202506,11290575,15341788
202506,11290580,8672532
202506,11290590,6012594
202506,11290600,20286432
202506,11290610,12379891
202506,11290620,9920743
202506,11290630,13443018
202506,11290640,9924572
202506,11290650,15420740
202506,11290660,23014656
202506,11290685,14645265
202506,11290705,28003329
202506,11290715,16069696
202506,11290725,16858089
202506,11290760,15999467
202506,11290770,8573888
202506,11290780,8505772
202506,11290810,20007699
202506,11305534,16354135
202506,11305535,14584072
202506,11305545,22045596
202506,11305555,17744091
202506,11305575,15870927
202506,11305595,14689707
202506,11305603,9778797
202506,11305608,10235935
202506,11305615,11792191
202506,11305625,13804238
202506,11305635,19205546
202506,11305645,14758828
202506,11305660,18877379
202506,11320511,15902201
202506,11320512,20361664
202506,11320513,7122917
202506,11320514,20282608
202506,11320515,15928789
202506,11320521,15095632
202506,11320522,16906131
202506,11320660,11898594
202506,11320670,11878695
202506,11320680,10244625
202506,11320681,13917613
202506,11320690,17470762
202506,11320700,11587229
202506,11320710,16106663
202506,11350560,15311258
202506,11350570,14962937
202506,11350580,19618732
202506,11350595,26840277
202506,11350600,31812029
202506,11350611,20681579
202506,11350612,9485840
202506,11350619,16363391
202506,11350621,17922689
202506,11350624,12174782
202506,11350625,20733096
202506,11350630,24670616
202506,11350640,18015801
202506,11350665,17184410
202506,11350670,11708056
202506,11350695,26507604
202506,11350700,13878130
202506,11350710,12814348
202506,11350720,10472206
202506,11380510,26351343
202506,11380520,21832217
202506,11380530,18307096
202506,11380551,11668849
202506,11380552,16529416
202506,11380560,20895596
202506,11380570,23093065
202506,11380580,20202291
202506,11380590,15425253
202506,11380600,15202680
202506,11380625,30779049
202506,11380631,16375365
202506,11380632,12503095
202506,11380640,8616431
202506,11380650,13508496
202506,11380690,39667820
202506,11410520,10591877
202506,11410555,6581467
202506,11410565,21693346
202506,11410585,39943336
202506,11410615,27413888
202506,11410620,16606868
202506,11410640,12508019
202506,11410655,7049233
202506,11410660,12865506
202506,11410685,16842894
202506,11410690,7899075
202506,11410700,19814430
202506,11410710,10395561
202506,11410720,20183041
202506,11440555,18806980
202506,11440565,26066086
202506,11440585,13573516
202506,11440590,14455860
202506,11440600,16918729
202506,11440610,19260741
202506,11440630,14409734
202506,11440655,21156463
202506,11440660,45850512
202506,11440680,14168020
202506,11440690,14944542
202506,11440700,12043387
202506,11440710,12021283
202506,11440720,15627538
202506,11440730,26239274
202506,11440740,32569428
202506,11470510,24275745
202506,11470520,20470385
202506,11470530,9950566
202506,11470540,14578105
202506,11470550,28726608
202506,11470560,12937999
202506,11470570,8865913
202506,11470580,9023122
202506,11470590,7708070
202506,11470600,9529690
202506,11470610,3763593
202506,11470611,11504849
202506,11470620,8992206
202506,11470630,10979929
202506,11470640,35521651
202506,11470650,25276745
202506,11470670,13052312
202506,11470680,18346144
202506,11500510,24508981
202506,11500520,19456531
202506,11500530,13149615
202506,11500535,25181073
202506,11500540,35297101
202506,11500550,9252418
202506,11500560,13433021
202506,11500570,12179759
202506,11500590,21443446
202506,11500591,17088964
202506,11500593,26521982
202506,11500603,35195358
202506,11500604,8682523
202506,11500605,8726447
202506,11500611,31103932
202506,11500615,17509225
202506,11500620,26757301
202506,11500630,24566997
202506,11500640,21632100
202506,11500641,12245345
202506,11530510,26152830
202506,11530520,13365959
202506,11530530,19957667
202506,11530540,32008996
202506,11530550,13808492
202506,11530560,26695368
202506,11530595,5426200
202506,11530720,21451691
202506,11530730,12103378
202506,11530740,21620396
202506,11530750,17582970
202506,11530760,11810195
202506,11530770,14126595
202506,11530780,26553706
202506,11530790,14016830
202506,11530800,6456787
202506,11545510,45343493
202506,11545610,34484905
202506,11545620,9054514
202506,11545630,11461043
202506,11545640,10606053
202506,11545670,22785571
202506,11545680,12377027
202506,11545690,8127636
202506,11545700,12838272
202506,11545710,9305430
202506,11560515,13968214
202506,11560535,35447908
202506,11560540,43959352
202506,11560550,20235650
202506,11560560,29328615
202506,11560585,13691357
202506,11560605,27185269
202506,11560610,13703510
202506,11560620,17974190
202506,11560630,13699945
202506,11560650,8629644
202506,11560660,7689707
202506,11560670,5041501
202506,11560680,13190099
202506,11560690,11256517
202506,11560700,10065504
202506,11560710,10042173
202506,11560720,15675822
202506,11590510,25042654
202506,11590520,7934562
202506,11590530,28454000
202506,11590540,18018763
202506,11590550,13715694
202506,11590560,18341057
202506,11590605,24130456
202506,11590620,18144635
202506,11590630,22003571
202506,11590640,12467270
202506,11590650,9077481
202506,11590651,9732935
202506,11590660,26086927
202506,11590670,15865396
202506,11590680,17180395
202506,11620525,14925209
202506,11620545,5923895
202506,11620565,15403140
202506,11620575,19697093
202506,11620585,17670553
202506,11620595,28708492
202506,11620605,21284608
202506,11620615,10633381
202506,11620625,16145777
202506,11620630,15214464
202506,11620645,18228788
202506,11620655,11681456
202506,11620665,14152742
202506,11620685,13613509
202506,11620695,19644403
202506,11620715,8489573
202506,11620725,19907057
202506,11620735,24956792
202506,11620745,14337789
202506,11620765,18769895
202506,11620775,14439682
202506,11650510,20153458
202506,11650520,28679894
202506,11650530,49693060
202506,11650531,29148460
202506,11650540,24079563
202506,11650550,1427268
202506,11650560,23870868
202506,11650570,18814294
202506,11650580,13517711
202506,11650581,29142171
202506,11650590,13618211
202506,11650600,13552347
202506,11650610,12353523
202506,11650620,11081972
202506,11650621,18043615
202506,11650651,36434990
202506,11650652,26394551
202506,11650660,13647460
202506,11680510,21707430
202506,11680521,29517615
202506,11680531,29511189
202506,11680545,29503040
202506,11680565,27072092
202506,11680580,31069603
202506,11680590,28301460
202506,11680600,20808389
202506,11680610,35451047
202506,11680630,28783896
202506,11680640,50191876
202506,11680650,32492546
202506,11680655,22319769
202506,11680656,20294368
202506,11680660,16962526
202506,11680670,25375685
202506,11680675,10522190
202506,11680690,16259403
202506,11680700,30558085
202506,11680720,17430645
202506,11680730,9962741
202506,11680750,15676850
202506,11710510,7139909
202506,11710520,21518915
202506,11710531,7368843
202506,11710532,14872400
202506,11710540,7983718
202506,11710550,11586393
202506,11710561,12760103
202506,11710562,24889062
202506,11710566,11059689
202506,11710570,26056880
202506,11710580,19752343
202506,11710590,11975233
202506,11710600,22611843
202506,11710610,19740095
202506,11710620,24969842
202506,11710631,19978354
202506,11710632,17359210
202506,11710641,14572205
202506,11710642,30091639
202506,11710646,22116283
202506,11710647,28017245
202506,11710650,22100801
202506,11710670,24109268
202506,11710680,31354575
202506,11710690,12789742
202506,11710710,27633499
202506,11710720,7322844
202506,11740515,23490714
202506,11740525,28234671
202506,11740526,11760484
202506,11740530,18083745
202506,11740540,11013300
202506,11740550,15504775
202506,11740560,16691864
202506,11740570,22585636
202506,11740580,9457205
202506,11740590,9268627
202506,11740600,17315433
202506,11740610,28365199
202506,11740620,22079472
202506,11740640,14705109
202506,11740650,17691695
202506,11740660,19934291
202506,11740685,37354793
202506,11740690,18187205
202506,11740700,18834703
202507,11110515,10715809
202507,11110530,24105112
202507,11110540,3604891
202507,11110550,7031046
202507,11110560,11655744
202507,11110570,3113137
202507,11110580,7821863
202507,11110600,6487581
202507,11110615,41517027
202507,11110630,13361909
202507,11110640,18017069
202507,11110650,16497973
202507,11110670,5995538
202507,11110680,4555262
202507,11110690,3550351
202507,11110700,4723687
202507,11110710,8645373
202507,11140520,25986947
202507,11140540,24815441
202507,11140550,36631575
202507,11140570,11322097
202507,11140580,7750113
202507,11140590,19331998
202507,11140605,13646737
202507,11140615,12911739
202507,11140625,10281978
202507,11140635,11453907
202507,11140645,4187022
202507,11140650,7714379
202507,11140665,10174009
202507,11140670,9376345
202507,11140680,9692675
202507,11170510,8865613
202507,11170520,8354275
202507,11170530,14871234
202507,11170555,16476814
202507,11170560,13534178
202507,11170570,10379240
202507,11170580,6914936
202507,11170590,7312797
202507,11170625,42374990
202507,11170630,16574152
202507,11170640,3004813
202507,11170650,9582932
202507,11170660,9675239
202507,11170685,20865296
202507,11170690,10058611
202507,11170700,5566537
202507,11200520,7877830
202507,11200535,22348541
202507,11200540,16435031
202507,11200550,14349667
202507,11200560,14910311
202507,11200570,14499086
202507,11200580,8497103
202507,11200590,9841190
202507,11200615,15270913
202507,11200620,10128445
202507,11200645,14419865
202507,11200650,13363747
202507,11200660,16282894
202507,11200670,13288049
202507,11200690,25414558
202507,11200720,8256729
202507,11200790,11182873
202507,11215710,25859203
202507,11215730,13899110
202507,11215740,11630684
202507,11215750,14197119
202507,11215760,10726977
202507,11215770,21205417
202507,11215780,9442509
202507,11215810,26001845
202507,11215820,15569487
202507,11215830,18102097
202507,11215840,21022694
202507,11215847,17370044
202507,11215850,15821156
202507,11215860,17801984
202507,11215870,23592453
202507,11230536,32314422
202507,11230545,19906945
202507,11230560,28086728
202507,11230570,12499272
202507,11230600,18006065
202507,11230610,21454141
202507,11230650,25368339
202507,11230660,24067656
202507,11230705,14407119
202507,11230710,11127611
202507,11230720,11257421
202507,11230730,15540702
202507,11230740,18044609
202507,11230750,12751380
202507,11260520,16895592
202507,11260540,12424429
202507,11260550,9067193
202507,11260565,26272154
202507,11260570,14772100
202507,11260575,18576969
202507,11260580,13869160
202507,11260590,19519883
202507,11260600,12680741
202507,11260610,15778608
202507,11260620,20802517
202507,11260630,15733905
202507,11260655,27932920
202507,11260660,8280695
202507,11260680,26584376
202507,11260690,11829106
202507,11290525,14855884
202507,11290555,18796170
202507,11290575,14989019
202507,11290580,8642841
202507,11290590,6458370
202507,11290600,18930981
202507,11290610,12555115
202507,11290620,10321189
202507,11290630,13556998
202507,11290640,8955206
202507,11290650,14865492
202507,11290660,23509101
202507,11290685,15011236
202507,11290705,27967048
202507,11290715,16812665
202507,11290725,16998025
202507,11290760,16670823
202507,11290770,8601199
202507,11290780,9265601
202507,11290810,20438281
202507,11305534,16780065
202507,11305535,15298590
202507,11305545,22583793
202507,11305555,18102866
202507,11305575,17270489
202507,11305595,14980473
202507,11305603,10137631
202507,11305608,10606073
202507,11305615,12430802
202507,11305625,14419969
202507,11305635,19601030
202507,11305645,15209311
202507,11305660,19579803
202507,11320511,16481021
202507,11320512,20216767
202507,11320513,7958850
202507,11320514,20442420
202507,11320515,16527797
202507,11320521,15388570
202507,11320522,17436671
202507,11320660,11756048
202507,11320670,12197055
202507,11320680,11228926
202507,11320681,14448963
202507,11320690,18671531
202507,11320700,12583061
202507,11320710,15418764
202507,11350560,15491310
202507,11350570,14839574
202507,11350580,20172629
202507,11350595,27453674
202507,11350600,31069584
202507,11350611,19809374
202507,11350612,9911199
202507,11350619,17094502
202507,11350621,18139524
202507,11350624,12500055
202507,11350625,22600005
202507,11350630,25356979
202507,11350640,19091069
202507,11350665,17772515
202507,11350670,11914881
202507,11350695,27605268
202507,11350700,14207518
202507,11350710,12991937
202507,11350720,10727789
202507,11380510,27359250
202507,11380520,22525078
202507,11380530,18979805
202507,11380551,11862420
202507,11380552,16878842
202507,11380560,22028605
202507,11380570,24068056
202507,11380580,20729460
202507,11380590,15991757
202507,11380600,15718818
202507,11380625,31802947
202507,11380631,16308947
202507,11380632,12737111
202507,11380640,8948035
202507,11380650,14038499
202507,11380690,41324647
202507,11410520,11305537
202507,11410555,6785058
202507,11410565,24004840
202507,11410585,38890668
202507,11410615,27892354
202507,11410620,17159621
202507,11410640,12761618
202507,11410655,7444315
202507,11410660,13362731
202507,11410685,17151998
202507,11410690,9059293
202507,11410700,19910215
202507,11410710,10700889
202507,11410720,20784102
202507,11440555,20011456
202507,11440565,27321453
202507,11440585,14056402
202507,11440590,15163517
202507,11440600,16335568
202507,11440610,19664612
202507,11440630,15371262
202507,11440655,21109139
202507,11440660,49079508
202507,11440680,14939659
202507,11440690,15645421
202507,11440700,12129619
202507,11440710,12447196
202507,11440720,16259813
202507,11440730,26256428
202507,11440740,34481457
202507,11470510,24577568
202507,11470520,21086727
202507,11470530,11093113
202507,11470540,15258230
202507,11470550,29516288
202507,11470560,13292769
202507,11470570,9363515
202507,11470580,9235594
202507,11470590,7937201
202507,11470600,10091511
202507,11470610,3915911
202507,11470611,11879831
202507,11470620,10104891
202507,11470630,11454967
202507,11470640,36361215
202507,11470650,26660416
202507,11470670,12986400
202507,11470680,17908811
202507,11500510,25800710
202507,11500520,17555298
202507,11500530,13470154
202507,11500535,26391453
202507,11500540,37187462
202507,11500550,9494743
202507,11500560,13743119
202507,11500570,12691498
202507,11500590,22712185
202507,11500591,17230778
202507,11500593,29305561
202507,11500603,37513461
202507,11500604,9552482
202507,11500605,8708358
202507,11500611,31999162
202507,11500615,19862168
202507,11500620,28035468
202507,11500630,25492182
202507,11500640,22432263
202507,11500641,12638893
202507,11530510,26352557
202507,11530520,13794170
202507,11530530,20985758
202507,11530540,35228159
202507,11530550,14537656
202507,11530560,28446229
202507,11530595,5775000
202507,11530720,21586372
202507,11530730,12331302
202507,11530740,21894911
202507,11530750,18351638
202507,11530760,12184471
202507,11530770,14774166
202507,11530780,27551655
202507,11530790,14197812
202507,11530800,6728567
202507,11545510,51077266
202507,11545610,36399484
202507,11545620,8982356
202507,11545630,12916314
202507,11545640,11193999
202507,11545670,23499806
202507,11545680,12689919
202507,11545690,7727098
202507,11545700,13243577
202507,11545710,9705857
202507,11560515,14855595
202507,11560535,38665186
202507,11560540,46208303
202507,11560550,21444873
202507,11560560,30515313
202507,11560585,14163540
202507,11560605,28611828
202507,11560610,14548630
202507,11560620,18679393
202507,11560630,14400059
202507,11560650,8667301
202507,11560660,7957739
202507,11560670,5072241
202507,11560680,13914285
202507,11560690,11742057
202507,11560700,10363237
202507,11560710,10668435
202507,11560720,16290145
202507,11590510,25940685
202507,11590520,8185932
202507,11590530,27737454
202507,11590540,18691484
202507,11590550,14250156
202507,11590560,18938912
202507,11590605,23130791
202507,11590620,18947496
202507,11590630,22231370
202507,11590640,12591418
202507,11590650,9399645
202507,11590651,9999675
202507,11590660,26737698
202507,11590670,16448664
202507,11590680,17014659
202507,11620525,15497256
202507,11620545,6158371
202507,11620565,16166682
202507,11620575,19931020
202507,11620585,17639926
202507,11620595,29477085
202507,11620605,22324718
202507,11620615,10561418
202507,11620625,16622968
202507,11620630,15937720
202507,11620645,18820301
202507,11620655,11998921
202507,11620665,14504057
202507,11620685,14046127
202507,11620695,20315051
202507,11620715,8929341
202507,11620725,20939657
202507,11620735,25144964
202507,11620745,14547444
202507,11620765,19455704
202507,11620775,14537233
202507,11650510,21731957
202507,11650520,31556623
202507,11650530,53239239
202507,11650531,31385173
202507,11650540,26013518
202507,11650550,1399457
202507,11650560,24948746
202507,11650570,18481433
202507,11650580,14169442
202507,11650581,30582969
202507,11650590,14077505
202507,11650600,13882181
202507,11650610,12946186
202507,11650620,11265722
202507,11650621,18834202
202507,11650651,38540209
202507,11650652,27864497
202507,11650660,14264888
202507,11680510,22984219
202507,11680521,32155929
202507,11680531,32408975
202507,11680545,31504996
202507,11680565,28778661
202507,11680580,35349683
202507,11680590,29711266
202507,11680600,22414651
202507,11680610,38139442
202507,11680630,31798607
202507,11680640,53585844
202507,11680650,35800590
202507,11680655,24001251
202507,11680656,21478442
202507,11680660,17421581
202507,11680670,26133085
202507,11680675,11053303
202507,11680690,16637049
202507,11680700,31472243
202507,11680720,18022286
202507,11680730,10462012
202507,11680750,16328361
202507,11710510,7375322
202507,11710520,23179650
202507,11710531,7705310
202507,11710532,15416395
202507,11710540,8357798
202507,11710550,11892166
202507,11710561,12169318
202507,11710562,25763526
202507,11710566,10681943
202507,11710570,27651519
202507,11710580,20273611
202507,11710590,12365157
202507,11710600,23648874
202507,11710610,20390204
202507,11710620,26674437
202507,11710631,20784329
202507,11710632,18477129
202507,11710641,15006128
202507,11710642,32911776
202507,11710646,21817790
202507,11710647,28564322
202507,11710650,22780357
202507,11710670,24745579
202507,11710680,32600206
202507,11710690,13285650
202507,11710710,30813871
202507,11710720,7476953
202507,11740515,24044348
202507,11740525,29017975
202507,11740526,12709490
202507,11740530,18471581
202507,11740540,11164691
202507,11740550,15994691
202507,11740560,17120897
202507,11740570,23086652
202507,11740580,10135128
202507,11740590,9558006
202507,11740600,17530253
202507,11740610,29531278
202507,11740620,22038635
202507,11740640,15131982
202507,11740650,17895408
202507,11740660,20814866
202507,11740685,40142756
202507,11740690,18536977
202507,11740700,19372964
202508,11110515,10094806
202508,11110530,22546999
202508,11110540,3460020
202508,11110550,7051602
202508,11110560,11741512
202508,11110570,3157202
202508,11110580,7740289
202508,11110600,6236337
202508,11110615,42122318
202508,11110630,12133452
202508,11110640,17228535
202508,11110650,16975172
202508,11110670,5660049
202508,11110680,4445499
202508,11110690,3494868
202508,11110700,4681206
202508,11110710,8613787
202508,11140520,23917291
202508,11140540,22577350
202508,11140550,34567762
202508,11140570,10647506
202508,11140580,7730483
202508,11140590,17847956
202508,11140605,12602716
202508,11140615,11230701
202508,11140625,10609451
202508,11140635,11822311
202508,11140645,3953704
202508,11140650,7450871
202508,11140665,10014575
202508,11140670,9613154
202508,11140680,9553927
202508,11170510,8942493
202508,11170520,8551786
202508,11170530,14830703
202508,11170555,16750377
202508,11170560,13572597
202508,11170570,10180827
202508,11170580,6717132
202508,11170590,7069254
202508,11170625,42118333
202508,11170630,16468505
202508,11170640,3132178
202508,11170650,10099450
202508,11170660,9855142
202508,11170685,20935552
202508,11170690,10425830
202508,11170700,5645507
202508,11200520,7564203
202508,11200535,21766240
202508,11200540,16459363
202508,11200550,14461247
202508,11200560,15235795
202508,11200570,14480770
202508,11200580,8663358
202508,11200590,9807494
202508,11200615,15436458
202508,11200620,9986302
202508,11200645,14202611
202508,11200650,13154238
202508,11200660,16024183
202508,11200670,12635129
202508,11200690,22218237
202508,11200720,8296202
202508,11200790,11423162
202508,11215710,26038078
202508,11215730,13906618
202508,11215740,11480466
202508,11215750,14039116
202508,11215760,10816956
202508,11215770,21644611
202508,11215780,9150717
202508,11215810,24816067
202508,11215820,15702308
202508,11215830,19505986
202508,11215840,21977276
202508,11215847,17391771
202508,11215850,15942144
202508,11215860,18778353
202508,11215870,23437989
202508,11230515,15001193
202508,11230533,16823730
202508,11230545,19409380
202508,11230560,27434132
202508,11230570,12530715
202508,11230600,18103770
202508,11230610,21250423
202508,11230650,25277839
202508,11230660,24212033
202508,11230705,14204887
202508,11230710,11189688
202508,11230720,11533161
202508,11230730,16206168
202508,11230740,18774813
202508,11230750,12783601
202508,11260520,16945924
202508,11260540,12457500
202508,11260550,8999537
202508,11260565,25201902
202508,11260570,14739649
202508,11260575,17997615
202508,11260580,14586629
202508,11260590,18643370
202508,11260600,12829154
202508,11260610,15809296
202508,11260620,21066283
202508,11260630,16297377
202508,11260655,27999501
202508,11260660,8076614
202508,11260680,26836013
202508,11260690,11951717
202508,11290525,14450610
202508,11290555,19010854
202508,11290575,15063873
202508,11290580,8615009
202508,11290590,6718098
202508,11290600,18536967
202508,11290610,12831325
202508,11290620,10671069
202508,11290630,13588875
202508,11290640,9181029
202508,11290650,15212206
202508,11290660,23708038
202508,11290685,15043632
202508,11290705,27956266
202508,11290715,16403067
202508,11290725,17351530
202508,11290760,16493870
202508,11290770,9004627
202508,11290780,9455488
202508,11290810,20433961
202508,11305534,16263924
202508,11305535,15719629
202508,11305545,22694358
202508,11305555,18694385
202508,11305575,17679391
202508,11305595,15001747
202508,11305603,10082263
202508,11305608,10566652
202508,11305615,12210998
202508,11305625,14401293
202508,11305635,19665785
202508,11305645,15828569
202508,11305660,19420783
202508,11320511,16195620
202508,11320512,20479557
202508,11320513,8027689
202508,11320514,20887762
202508,11320515,16544564
202508,11320521,15416652
202508,11320522,17432210
202508,11320660,11226226
202508,11320670,11880081
202508,11320680,11337456
202508,11320681,14351262
202508,11320690,19013295
202508,11320700,12600926
202508,11320710,16392339
202508,11350560,15226959
202508,11350570,16000588
202508,11350580,20167672
202508,11350595,27729908
202508,11350600,31860083
202508,11350611,19889510
202508,11350612,10789031
202508,11350619,17041853
202508,11350621,18272329
202508,11350624,12828018
202508,11350625,22341556
202508,11350630,25650329
202508,11350640,18738952
202508,11350665,17826139
202508,11350670,11671388
202508,11350695,25607836
202508,11350700,14127293
202508,11350710,12587689
202508,11350720,11127597
202508,11380510,27369262
202508,11380520,22237174
202508,11380530,19277511
202508,11380551,11826055
202508,11380552,17619126
202508,11380560,21520623
202508,11380570,24142055
202508,11380580,20513878
202508,11380590,16081052
202508,11380600,16086781
202508,11380625,31941457
202508,11380631,16683938
202508,11380632,12654446
202508,11380640,8870939
202508,11380650,14141407
202508,11380690,41415040
202508,11410520,11167654
202508,11410555,6725834
202508,11410565,23119395
202508,11410585,36582361
202508,11410615,28437303
202508,11410620,17457735
202508,11410640,12692179
202508,11410655,7447634
202508,11410660,13690956
202508,11410685,17303364
202508,11410690,9804039
202508,11410700,20340850
202508,11410710,10829326
202508,11410720,20637900
202508,11440555,19821800
202508,11440565,26798120
202508,11440585,14394083
202508,11440590,15165175
202508,11440600,15705060
202508,11440610,19307181
202508,11440630,15037177
202508,11440655,21469423
202508,11440660,49859137
202508,11440680,14945503
202508,11440690,15674706
202508,11440700,12403394
202508,11440710,12557554
202508,11440720,15803238
202508,11440730,27076592
202508,11440740,33431803
202508,11470510,25663973
202508,11470520,20868143
202508,11470530,11261779
202508,11470540,14990095
202508,11470550,30440348
202508,11470560,13475289
202508,11470570,9338784
202508,11470580,9133829
202508,11470590,7856912
202508,11470600,10193803
202508,11470610,5275569
202508,11470611,11874042
202508,11470620,10139883
202508,11470630,11770696
202508,11470640,36758861
202508,11470650,26186673
202508,11470670,12950891
202508,11470680,17733774
202508,11500510,25857364
202508,11500520,19213022
202508,11500530,13578747
202508,11500535,26174969
202508,11500540,36853057
202508,11500550,9145227
202508,11500560,13720579
202508,11500570,12618905
202508,11500590,22690802
202508,11500591,17184160
202508,11500593,26486169
202508,11500603,35935860
202508,11500604,9542140
202508,11500605,8818739
202508,11500611,31716150
202508,11500615,21789033
202508,11500620,28262948
202508,11500630,26404755
202508,11500640,22198937
202508,11500641,12447090
202508,11530510,26298715
202508,11530520,14171964
202508,11530530,20591416
202508,11530540,32795684
202508,11530550,14593336
202508,11530560,27924897
202508,11530595,5766802
202508,11530720,21857038
202508,11530730,12337515
202508,11530740,22049736
202508,11530750,18565267
202508,11530760,11906538
202508,11530770,14850636
202508,11530780,27500540
202508,11530790,14463014
202508,11530800,7081790
202508,11545510,49784070
202508,11545610,35910477
202508,11545620,9084269
202508,11545630,12969995
202508,11545640,11326063
202508,11545670,23467006
202508,11545680,12774491
202508,11545690,7551911
202508,11545700,13137276
202508,11545710,9620019
202508,11560515,14790067
202508,11560535,38939350
202508,11560540,45418124
202508,11560550,20228946
202508,11560560,28718150
202508,11560585,14201241
202508,11560605,28209876
202508,11560610,14653642
202508,11560620,17725173
202508,11560630,14238588
202508,11560650,8367783
202508,11560660,8225623
202508,11560670,4971453
202508,11560680,13692904
202508,11560690,11668208
202508,11560700,10182727
202508,11560710,10622730
202508,11560720,16343962
202508,11590510,26040076
202508,11590520,7987697
202508,11590530,28305896
202508,11590540,18751038
202508,11590550,14450807
202508,11590560,18507461
202508,11590605,23335958
202508,11590620,19317841
202508,11590630,22346409
202508,11590640,13153410
202508,11590650,9306277
202508,11590651,10044870
202508,11590660,26400682
202508,11590670,16346397
202508,11590680,17504617
202508,11620525,14992618
202508,11620545,6033971
202508,11620565,17378427
202508,11620575,20206345
202508,11620585,17668992
202508,11620595,29047334
202508,11620605,22497332
202508,11620615,10153684
202508,11620625,16619458
202508,11620630,15711254
202508,11620645,19089554
202508,11620655,12159497
202508,11620665,14561757
202508,11620685,14150761
202508,11620695,20273993
202508,11620715,8838455
202508,11620725,15838615
202508,11620735,24209883
202508,11620745,14742567
202508,11620765,19316360
202508,11620775,14762020
202508,11650510,21291685
202508,11650520,31420310
202508,11650530,43774784
202508,11650531,30772825
202508,11650540,27499541
202508,11650550,1314918
202508,11650560,25165525
202508,11650570,19057691
202508,11650580,14369305
202508,11650581,31608418
202508,11650590,14200957
202508,11650600,13655161
202508,11650610,12671746
202508,11650620,11159404
202508,11650621,18510510
202508,11650651,37062661
202508,11650652,26854970
202508,11650660,13658603
202508,11680510,21850924
202508,11680521,30557417
202508,11680531,30100452
202508,11680545,30043080
202508,11680565,28003347
202508,11680580,32511816
202508,11680590,28852509
202508,11680600,21879587
202508,11680610,37063202
202508,11680630,31100751
202508,11680640,52400463
202508,11680650,35386842
202508,11680655,18638157
202508,11680656,22422428
202508,11680660,17412106
202508,11680670,26040818
202508,11680675,10536029
202508,11680690,16644432
202508,11680700,31245616
202508,11680720,17838185
202508,11680730,10428160
202508,11680750,15860353
202508,11710510,7430693
202508,11710520,22212560
202508,11710531,7459903
202508,11710532,15943448
202508,11710540,8733380
202508,11710550,12041757
202508,11710561,12662575
202508,11710562,25738830
202508,11710566,10840296
202508,11710570,26941285
202508,11710580,20316519
202508,11710590,12604374
202508,11710600,23663207
202508,11710610,20059659
202508,11710620,21817036
202508,11710631,19693435
202508,11710632,19291339
202508,11710641,15347219
202508,11710642,34081620
202508,11710646,21565337
202508,11710647,29351373
202508,11710650,22617821
202508,11710670,24779177
202508,11710680,33268676
202508,11710690,13165801
202508,11710710,29135287
202508,11710720,7458413
202508,11740515,23545365
202508,11740525,29044584
202508,11740526,12133802
202508,11740530,18429840
202508,11740540,11102119
202508,11740550,15850878
202508,11740560,17492132
202508,11740570,22193691
202508,11740580,9843794
202508,11740590,10819775
202508,11740600,17179021
202508,11740610,29749116
202508,11740620,21780499
202508,11740640,15048989
202508,11740650,18439948
202508,11740660,20854213
202508,11740685,39685308
202508,11740690,18893700
202508,11740700,19440039
202509,11110515,10572891
202509,11110530,22909772
202509,11110540,3890586
202509,11110550,7581633
202509,11110560,11110567
202509,11110570,2915712
202509,11110580,7791130
202509,11110600,6561735
202509,11110615,39703663
202509,11110630,13414860
202509,11110640,19505967
202509,11110650,18295613
202509,11110670,6146593
202509,11110680,4353485
202509,11110690,3447305
202509,11110700,4513477
202509,11110710,8432920
202509,11140520,26241319
202509,11140540,23449883
202509,11140550,36238592
202509,11140570,12827533
202509,11140580,8235637
202509,11140590,18252256
202509,11140605,13742324
202509,11140615,13184174
202509,11140625,10300835
202509,11140635,11174693
202509,11140645,4095877
202509,11140650,6864717
202509,11140665,9764025
202509,11140670,9739968
202509,11140680,9268639
202509,11170510,8525634
202509,11170520,8177709
202509,11170530,13908385
202509,11170555,17790495
202509,11170560,13244259
202509,11170570,9929435
202509,11170580,6440461
202509,11170590,6769970
202509,11170625,39245494
202509,11170630,16163652
202509,11170640,3379435
202509,11170650,8841350
202509,11170660,9351138
202509,11170685,21142072
202509,11170690,10547659
202509,11170700,5260438
202509,11200520,7319099
202509,11200535,21028280
202509,11200540,16332914
202509,11200550,18010309
202509,11200560,16153366
202509,11200570,13767024
202509,11200580,8363808
202509,11200590,9450205
202509,11200615,14123469
202509,11200620,9932644
202509,11200645,13534249
202509,11200650,13221989
202509,11200660,15680566
202509,11200670,12547728
202509,11200690,23218489
202509,11200720,7915124
202509,11200790,11384231
202509,11215710,28258128
202509,11215730,15386890
202509,11215740,10932517
202509,11215750,12899226
202509,11215760,10321895
202509,11215770,20801982
202509,11215780,10116122
202509,11215810,24722750
202509,11215820,15237903
202509,11215830,18513003
202509,11215840,20514354
202509,11215847,17329590
202509,11215850,15252855
202509,11215860,18104647
202509,11215870,22448279
202509,11230515,14233857
202509,11230533,16813659
202509,11230545,19732320
202509,11230560,26710102
202509,11230570,12953352
202509,11230600,16956168
202509,11230610,19929549
202509,11230650,24543099
202509,11230660,23728754
202509,11230705,13955791
202509,11230710,12708371
202509,11230720,11921256
202509,11230730,16928371
202509,11230740,21553356
202509,11230750,12472941
202509,11260520,16767496
202509,11260540,12263481
202509,11260550,8441430
202509,11260565,23728482
202509,11260570,13718580
202509,11260575,17878337
202509,11260580,13500834
202509,11260590,17249983
202509,11260600,12387666
202509,11260610,15364336
202509,11260620,19763620
202509,11260630,15449375
202509,11260655,27124907
202509,11260660,8050872
202509,11260680,25534867
202509,11260690,11643475
202509,11290525,14813862
202509,11290555,18829045
202509,11290575,15793543
202509,11290580,8196300
202509,11290590,6949957
202509,11290600,22563447
202509,11290610,12748442
202509,11290620,9703701
202509,11290630,13168913
202509,11290640,11732302
202509,11290650,14844052
202509,11290660,22896825
202509,11290685,14300409
202509,11290705,27799985
202509,11290715,16106287
202509,11290725,17593109
202509,11290760,15954756
202509,11290770,8551550
202509,11290780,9200707
202509,11290810,19568909
202509,11305534,15121652
202509,11305535,14782731
202509,11305545,21853128
202509,11305555,18114435
202509,11305575,17243296
202509,11305595,14698773
202509,11305603,9649763
202509,11305608,9984145
202509,11305615,11890778
202509,11305625,13691453
202509,11305635,18719922
202509,11305645,14842324
202509,11305660,18356349
202509,11320511,15742367
202509,11320512,19601383
202509,11320513,7602134
202509,11320514,19945902
202509,11320515,15827986
202509,11320521,14677471
202509,11320522,16778333
202509,11320660,11581793
202509,11320670,11562839
202509,11320680,10890125
202509,11320681,13874503
202509,11320690,18116590
202509,11320700,11852883
202509,11320710,15574676
202509,11350560,16475374
202509,11350570,15734525
202509,11350580,19031456
202509,11350595,26987468
202509,11350600,34122250
202509,11350611,20708091
202509,11350612,10163765
202509,11350619,16551065
202509,11350621,17410625
202509,11350624,12407545
202509,11350625,21191348
202509,11350630,24230601
202509,11350640,17798488
202509,11350665,16701534
202509,11350670,10843600
202509,11350695,26067214
202509,11350700,13422497
202509,11350710,12364456
202509,11350720,10840073
202509,11380510,25540946
202509,11380520,20891078
202509,11380530,18025908
202509,11380551,11387181
202509,11380552,16478759
202509,11380560,20512975
202509,11380570,25597329
202509,11380580,19073558
202509,11380590,15084913
202509,11380600,15455754
202509,11380625,30525207
202509,11380631,15799447
202509,11380632,12131956
202509,11380640,8419279
202509,11380650,12293462
202509,11380690,39390952
202509,11410520,10841289
202509,11410555,6430004
202509,11410565,24804557
202509,11410585,43502896
202509,11410615,28389234
202509,11410620,16302446
202509,11410640,12318291
202509,11410655,7146262
202509,11410660,13193000
202509,11410685,17007742
202509,11410690,8955787
202509,11410700,21799558
202509,11410710,10797118
202509,11410720,18611909
202509,11440555,20011599
202509,11440565,25548033
202509,11440585,16018922
202509,11440590,16946830
202509,11440600,17552952
202509,11440610,13601834
202509,11440630,14675703
202509,11440655,22582454
202509,11440660,47876368
202509,11440680,14480588
202509,11440690,13746035
202509,11440700,11783304
202509,11440710,11747822
202509,11440720,15174967
202509,11440730,26315737
202509,11440740,34998914
202509,11470510,28115213
202509,11470520,18808985
202509,11470530,10552235
202509,11470540,14806223
202509,11470550,32406746
202509,11470560,12851875
202509,11470570,9075171
202509,11470580,8712215
202509,11470590,7476307
202509,11470600,9671425
202509,11470610,7828959
202509,11470611,11156568
202509,11470620,9122717
202509,11470630,12026379
202509,11470640,35732337
202509,11470650,25398148
202509,11470670,11872068
202509,11470680,17696864
202509,11500510,25808048
202509,11500520,18101435
202509,11500530,13075990
202509,11500535,20890813
202509,11500540,31670485
202509,11500550,8937162
202509,11500560,13009245
202509,11500570,11824956
202509,11500590,21182906
202509,11500591,16291680
202509,11500593,15064713
202509,11500603,39542717
202509,11500604,8947639
202509,11500605,8955983
202509,11500611,29290879
202509,11500615,23027675
202509,11500620,30168624
202509,11500630,25995500
202509,11500640,23009328
202509,11500641,11774016
202509,11530510,24820089
202509,11530520,12681082
202509,11530530,19730395
202509,11530540,32937851
202509,11530550,13448426
202509,11530560,27549642
202509,11530595,6690656
202509,11530720,21285790
202509,11530730,11784450
202509,11530740,21239901
202509,11530750,17404886
202509,11530760,8424029
202509,11530770,14202583
202509,11530780,26347263
202509,11530790,15848085
202509,11530800,6627835
202509,11545510,49688855
202509,11545610,34869534
202509,11545620,8490472
202509,11545630,11863899
202509,11545640,10676211
202509,11545670,22190662
202509,11545680,12232973
202509,11545690,7289716
202509,11545700,12376914
202509,11545710,9102903
202509,11560515,13940679
202509,11560535,36844522
202509,11560540,45439136
202509,11560550,19267960
202509,11560560,30467555
202509,11560585,13358680
202509,11560605,29671112
202509,11560610,14374297
202509,11560620,16851150
202509,11560630,12912826
202509,11560650,7609462
202509,11560660,7735518
202509,11560670,4926294
202509,11560680,12267910
202509,11560690,11677849
202509,11560700,11038427
202509,11560710,9861302
202509,11560720,15572665
202509,11590510,25649169
202509,11590520,9175429
202509,11590530,29968355
202509,11590540,18343887
202509,11590550,14417065
202509,11590560,17382325
202509,11590605,25883709
202509,11590620,18458558
202509,11590630,21432972
202509,11590640,12193522
202509,11590650,9008896
202509,11590651,9580121
202509,11590660,25556041
202509,11590670,14144494
202509,11590680,20796719
202509,11620525,11959987
202509,11620545,5839539
202509,11620565,16117762
202509,11620575,20015771
202509,11620585,18787406
202509,11620595,26463124
202509,11620605,21896344
202509,11620615,9626631
202509,11620625,15719845
202509,11620630,15161481
202509,11620645,18432344
202509,11620655,11679172
202509,11620665,13966181
202509,11620685,13466851
202509,11620695,19335168
202509,11620715,8470460
202509,11620725,17206070
202509,11620735,27327532
202509,11620745,14463217
202509,11620765,18783649
202509,11620775,14166196
202509,11650510,21327999
202509,11650520,31551179
202509,11650530,45965317
202509,11650531,29703989
202509,11650540,28231365
202509,11650550,1571958
202509,11650560,24336304
202509,11650570,18894264
202509,11650580,13661633
202509,11650581,30286486
202509,11650590,13502268
202509,11650600,13645391
202509,11650610,12230979
202509,11650620,11335005
202509,11650621,18408334
202509,11650651,35623190
202509,11650652,27746794
202509,11650660,14318239
202509,11680510,21655432
202509,11680521,30884888
202509,11680531,30744475
202509,11680545,29272981
202509,11680565,29273146
202509,11680580,33954263
202509,11680590,27727034
202509,11680600,21403636
202509,11680610,35199432
202509,11680630,30480904
202509,11680640,50823533
202509,11680650,36654919
202509,11680655,19651318
202509,11680656,21261402
202509,11680660,16665439
202509,11680670,24968251
202509,11680675,10497394
202509,11680690,16121487
202509,11680700,30396515
202509,11680720,17513006
202509,11680730,9835969
202509,11680750,15744603
202509,11710510,6952965
202509,11710520,22137031
202509,11710531,6921609
202509,11710532,14729598
202509,11710540,7982234
202509,11710550,11361591
202509,11710561,12297121
202509,11710562,24172729
202509,11710566,11787445
202509,11710570,25798734
202509,11710580,19332921
202509,11710590,12341204
202509,11710600,22733456
202509,11710610,19322724
202509,11710620,23863091
202509,11710631,19062012
202509,11710632,19214664
202509,11710641,14497862
202509,11710642,33110744
202509,11710646,20245633
202509,11710647,28127885
202509,11710650,21587593
202509,11710670,23043768
202509,11710680,31285227
202509,11710690,12136138
202509,11710710,26941299
202509,11710720,7433172
202509,11740515,22745044
202509,11740525,28579718
202509,11740526,11132387
202509,11740530,17657494
202509,11740540,10687702
202509,11740550,15483936
202509,11740560,18100364
202509,11740570,19162226
202509,11740580,9547512
202509,11740590,11110914
202509,11740600,15750936
202509,11740610,29636757
202509,11740620,20171973
202509,11740640,14546791
202509,11740650,18062795
202509,11740660,20774299
202509,11740685,35754326
202509,11740690,19014011
202509,11740700,19078520
202510,11110515,11419427
202510,11110530,21680273
202510,11110540,4318254
202510,11110550,7978881
202510,11110560,12235865
202510,11110570,2963413
202510,11110580,7988637
202510,11110600,6519323
202510,11110615,40457638
202510,11110630,12782298
202510,11110640,19236552
202510,11110650,18057849
202510,11110670,6266198
202510,11110680,4830064
202510,11110690,3755720
202510,11110700,4835272
202510,11110710,8826952
202510,11140520,23516328
202510,11140540,21873173
202510,11140550,34014080
202510,11140570,11686851
202510,11140580,7952214
202510,11140590,17470167
202510,11140605,12555474
202510,11140615,11956512
202510,11140625,10576008
202510,11140635,11811942
202510,11140645,4596943
202510,11140650,7731538
202510,11140665,10481189
202510,11140670,10014115
202510,11140680,9798702
202510,11170510,9263951
202510,11170520,9091811
202510,11170530,14613291
202510,11170555,17639854
202510,11170560,13447026
202510,11170570,9911924
202510,11170580,6876424
202510,11170590,7536948
202510,11170625,39904055
202510,11170630,16934866
202510,11170640,3425487
202510,11170650,9737401
202510,11170660,10035423
202510,11170685,20922795
202510,11170690,11480819
202510,11170700,5325818
202510,11200520,8327495
202510,11200535,21964894
202510,11200540,17511622
202510,11200550,15543579
202510,11200560,16987547
202510,11200570,14684835
202510,11200580,8946722
202510,11200590,10236681
202510,11200615,15549373
202510,11200620,10613483
202510,11200645,14431104
202510,11200650,13489467
202510,11200660,15718980
202510,11200670,13056493
202510,11200690,22519060
202510,11200720,8304736
202510,11200790,11514543
202510,11215710,27493904
202510,11215730,15499948
202510,11215740,11854763
202510,11215750,13828326
202510,11215760,10915351
202510,11215770,23236715
202510,11215780,10792844
202510,11215810,26030337
202510,11215820,16238947
202510,11215830,19978592
202510,11215840,21887259
202510,11215847,18520320
202510,11215850,15834949
202510,11215860,19278191
202510,11215870,23370226
202510,11230515,14243963
202510,11230533,18068684
202510,11230545,20364262
202510,11230560,28916390
202510,11230570,13592353
202510,11230600,18359703
202510,11230610,21824056
202510,11230650,25575242
202510,11230660,25320578
202510,11230705,14956266
202510,11230710,12271077
202510,11230720,13094665
202510,11230730,17225095
202510,11230740,20748050
202510,11230750,13822112
202510,11260520,18756507
202510,11260540,13300296
202510,11260550,9413336
202510,11260565,26545014
202510,11260570,15536850
202510,11260575,19213079
202510,11260580,14887098
202510,11260590,18126774
202510,11260600,13012466
202510,11260610,17118170
202510,11260620,21821980
202510,11260630,16757630
202510,11260655,29425415
202510,11260660,8885020
202510,11260680,27520867
202510,11260690,12280425
202510,11290525,15784890
202510,11290555,19842091
202510,11290575,15679773
202510,11290580,8994693
202510,11290590,7554561
202510,11290600,20387005
202510,11290610,13574305
202510,11290620,10276553
202510,11290630,14363410
202510,11290640,11341677
202510,11290650,16251549
202510,11290660,24633945
202510,11290685,15293326
202510,11290705,29496896
202510,11290715,17026162
202510,11290725,17992853
202510,11290760,17369146
202510,11290770,9788106
202510,11290780,9898144
202510,11290810,21256118
202510,11305534,17221028
202510,11305535,15840556
202510,11305545,23906951
202510,11305555,19431933
202510,11305575,18304282
202510,11305595,15405820
202510,11305603,10829958
202510,11305608,11099472
202510,11305615,12998862
202510,11305625,15260981
202510,11305635,20358430
202510,11305645,16357153
202510,11305660,20403312
202510,11320511,17044730
202510,11320512,21166900
202510,11320513,8451189
202510,11320514,21416060
202510,11320515,17160283
202510,11320521,16299779
202510,11320522,18371483
202510,11320660,12517033
202510,11320670,12285555
202510,11320680,11898260
202510,11320681,15038587
202510,11320690,19684216
202510,11320700,13027212
202510,11320710,17507563
202510,11350560,16338977
202510,11350570,16528195
202510,11350580,21406856
202510,11350595,28687303
202510,11350600,33929198
202510,11350611,21436047
202510,11350612,11160379
202510,11350619,16956842
202510,11350621,19184138
202510,11350624,13212978
202510,11350625,22894664
202510,11350630,26834374
202510,11350640,19170436
202510,11350665,18709373
202510,11350670,12019352
202510,11350695,27231062
202510,11350700,14802828
202510,11350710,13528095
202510,11350720,11750515
202510,11380510,27615946
202510,11380520,23431561
202510,11380530,19965805
202510,11380551,12167438
202510,11380552,18445460
202510,11380560,22431144
202510,11380570,24469426
202510,11380580,21423286
202510,11380590,16389592
202510,11380600,16660599
202510,11380625,33718595
202510,11380631,17606789
202510,11380632,13198780
202510,11380640,8992027
202510,11380650,14288078
202510,11380690,40802715
202510,11410520,11472432
202510,11410555,6561129
202510,11410565,23824192
202510,11410585,40297314
202510,11410615,29664150
202510,11410620,17882467
202510,11410640,13369765
202510,11410655,7863238
202510,11410660,14898028
202510,11410685,17880634
202510,11410690,8811961
202510,11410700,22449224
202510,11410710,11691910
202510,11410720,20841865
202510,11440555,20379787
202510,11440565,26869632
202510,11440585,17327351
202510,11440590,16743281
202510,11440600,16993869
202510,11440610,15655563
202510,11440630,15270066
202510,11440655,22799405
202510,11440660,47917158
202510,11440680,15045088
202510,11440690,15466710
202510,11440700,12765958
202510,11440710,12682707
202510,11440720,15943526
202510,11440730,28062662
202510,11440740,34430555
202510,11470510,28446429
202510,11470520,21344426
202510,11470530,11421267
202510,11470540,15988481
202510,11470550,31900914
202510,11470560,13996433
202510,11470570,10243716
202510,11470580,9105442
202510,11470590,8013289
202510,11470600,10525393
202510,11470610,10629000
202510,11470611,12300071
202510,11470620,9529097
202510,11470630,12841024
202510,11470640,36975185
202510,11470650,27180689
202510,11470670,12222467
202510,11470680,18795940
202510,11500510,27408715
202510,11500520,19129407
202510,11500530,13851055
202510,11500535,23203730
202510,11500540,34781759
202510,11500550,9923990
202510,11500560,14139254
202510,11500570,13276158
202510,11500590,22928087
202510,11500591,17954927
202510,11500593,20580824
202510,11500603,39278456
202510,11500604,9805391
202510,11500605,9544876
202510,11500611,31341064
202510,11500615,26276196
202510,11500620,32173138
202510,11500630,27611522
202510,11500640,24464664
202510,11500641,13312394
202510,11530510,24226415
202510,11530520,13550880
202510,11530530,20150025
202510,11530540,30943906
202510,11530550,14815061
202510,11530560,28333535
202510,11530595,6914741
202510,11530720,22271468
202510,11530730,12716581
202510,11530740,23124761
202510,11530750,19414188
202510,11530760,10673979
202510,11530770,15471616
202510,11530780,28755960
202510,11530790,15983351
202510,11530800,7292226
202510,11545510,45924489
202510,11545610,36175342
202510,11545620,9308070
202510,11545630,12978786
202510,11545640,11681850
202510,11545670,23756416
202510,11545680,13104155
202510,11545690,7783562
202510,11545700,13822683
202510,11545710,10051044
202510,11560515,15140799
202510,11560535,44715723
202510,11560540,44067801
202510,11560550,18299317
202510,11560560,27373921
202510,11560585,14637659
202510,11560605,28179621
202510,11560610,14352901
202510,11560620,17553217
202510,11560630,14282261
202510,11560650,8208042
202510,11560660,8240616
202510,11560670,5358698
202510,11560680,11736547
202510,11560690,12879550
202510,11560700,11442217
202510,11560710,10679814
202510,11560720,16796487
202510,11590510,26954311
202510,11590520,9874639
202510,11590530,29923563
202510,11590540,19498177
202510,11590550,15558243
202510,11590560,19087051
202510,11590605,25559098
202510,11590620,19057645
202510,11590630,23431868
202510,11590640,13363120
202510,11590650,9575439
202510,11590651,11757530
202510,11590660,26619176
202510,11590670,15351436
202510,11590680,18868523
202510,11620525,14100927
202510,11620545,5824696
202510,11620565,17347453
202510,11620575,20121229
202510,11620585,18085978
202510,11620595,27843117
202510,11620605,23402645
202510,11620615,10070261
202510,11620625,16570551
202510,11620630,15781878
202510,11620645,19771683
202510,11620655,12508190
202510,11620665,15007113
202510,11620685,14213497
202510,11620695,20341019
202510,11620715,9255603
202510,11620725,17757283
202510,11620735,26228255
202510,11620745,15578222
202510,11620765,20038959
202510,11620775,15470574
202510,11650510,20958162
202510,11650520,30082809
202510,11650530,43980738
202510,11650531,29710246
202510,11650540,29503913
202510,11650550,1439449
202510,11650560,25492981
202510,11650570,19677854
202510,11650580,14631240
202510,11650581,31277774
202510,11650590,13883249
202510,11650600,14089320
202510,11650610,12664870
202510,11650620,11636345
202510,11650621,19485865
202510,11650651,36536132
202510,11650652,26770693
202510,11650660,14487300
202510,11680510,21355383
202510,11680521,30125154
202510,11680531,29041854
202510,11680545,29294969
202510,11680565,28054644
202510,11680580,31477347
202510,11680590,27784835
202510,11680600,21821822
202510,11680610,34946564
202510,11680630,30009271
202510,11680640,49415075
202510,11680650,35643066
202510,11680655,19830105
202510,11680656,22043897
202510,11680660,18169732
202510,11680670,27252203
202510,11680675,10908788
202510,11680690,16925553
202510,11680700,32127899
202510,11680720,17980339
202510,11680730,10608120
202510,11680750,15910328
202510,11710510,7632398
202510,11710520,22439041
202510,11710531,7560284
202510,11710532,15910389
202510,11710540,8432638
202510,11710550,12460386
202510,11710561,12949855
202510,11710562,25662633
202510,11710566,13735184
202510,11710570,27147885
202510,11710580,20643526
202510,11710590,12983772
202510,11710600,23921796
202510,11710610,20640580
202510,11710620,25830059
202510,11710631,20150989
202510,11710632,20339132
202510,11710641,15437415
202510,11710642,31032979
202510,11710646,22184038
202510,11710647,29958854
202510,11710650,22873376
202510,11710670,23925315
202510,11710680,35856204
202510,11710690,12571001
202510,11710710,27567380
202510,11710720,7432975
202510,11740515,24575354
202510,11740525,30234148
202510,11740526,11567103
202510,11740530,19158537
202510,11740540,11353403
202510,11740550,16467964
202510,11740560,19597944
202510,11740570,21237055
202510,11740580,10589720
202510,11740590,12918485
202510,11740600,18203838
202510,11740610,30477669
202510,11740620,21942623
202510,11740640,15370547
202510,11740650,19236211
202510,11740660,21469511
202510,11740685,39185309
202510,11740690,20970691
202510,11740700,20411641
202511,11110515,11140936
202511,11110530,22860746
202511,11110540,3909816
202511,11110550,7869885
202511,11110560,11530130
202511,11110570,2925760
202511,11110580,7887493
202511,11110600,6468020
202511,11110615,40884605
202511,11110630,12978462
202511,11110640,19847105
202511,11110650,18137603
202511,11110670,6055893
202511,11110680,4532113
202511,11110690,3464687
202511,11110700,4591740
202511,11110710,8665819
202511,11140520,24791915
202511,11140540,23236940
202511,11140550,35542385
202511,11140570,12258220
202511,11140580,8227177
202511,11140590,17920045
202511,11140605,13353099
202511,11140615,12344581
202511,11140625,10326876
202511,11140635,11083373
202511,11140645,4294763
202511,11140650,6920308
202511,11140665,9831261
202511,11140670,9636849
202511,11140680,9277186
202511,11170510,8842339
202511,11170520,8612442
202511,11170530,14526638
202511,11170555,17467081
202511,11170560,13192353
202511,11170570,9461837
202511,11170580,6576215
202511,11170590,7073238
202511,11170625,39547619
202511,11170630,16032767
202511,11170640,2951959
202511,11170650,9274827
202511,11170660,9397449
202511,11170685,20591412
202511,11170690,10664356
202511,11170700,4744738
202511,11200520,7735069
202511,11200535,20977561
202511,11200540,16609163
202511,11200550,16124121
202511,11200560,16716301
202511,11200570,13858018
202511,11200580,8216399
202511,11200590,9390204
202511,11200615,14302891
202511,11200620,9777469
202511,11200645,13740406
202511,11200650,13207472
202511,11200660,15687097
202511,11200670,12704422
202511,11200690,22909990
202511,11200720,7783961
202511,11200790,11108334
202511,11215710,27422881
202511,11215730,15567506
202511,11215740,11107117
202511,11215750,12808836
202511,11215760,10294590
202511,11215770,21131128
202511,11215780,10587602
202511,11215810,24725227
202511,11215820,15412544
202511,11215830,18710285
202511,11215840,20974146
202511,11215847,17223589
202511,11215850,15049223
202511,11215860,18065141
202511,11215870,22628323
202511,11230515,14057590
202511,11230533,17118087
202511,11230545,19702097
202511,11230560,27346246
202511,11230570,12971711
202511,11230600,17384970
202511,11230610,20380269
202511,11230650,24113246
202511,11230660,23408966
202511,11230705,14010664
202511,11230710,12456114
202511,11230720,12310945
202511,11230730,17010274
202511,11230740,20715446
202511,11230750,12491922
202511,11260520,17819665
202511,11260540,11984215
202511,11260550,8575744
202511,11260565,24070721
202511,11260570,14051440
202511,11260575,17847591
202511,11260580,13833228
202511,11260590,16874200
202511,11260600,12488134
202511,11260610,15438624
202511,11260620,20029233
202511,11260630,15720260
202511,11260655,27850465
202511,11260660,7834552
202511,11260680,25394668
202511,11260690,11185232
202511,11290525,14954750
202511,11290555,18608526
202511,11290575,15094581
202511,11290580,8242837
202511,11290590,7144332
202511,11290600,20922997
202511,11290610,12761274
202511,11290620,9336476
202511,11290630,13640300
202511,11290640,11378177
202511,11290650,14906113
202511,11290660,23158434
202511,11290685,14325119
202511,11290705,27953279
202511,11290715,16261893
202511,11290725,16978375
202511,11290760,15692218
202511,11290770,9152899
202511,11290780,9036205
202511,11290810,19863009
202511,11305534,15505690
202511,11305535,14892953
202511,11305545,22234496
202511,11305555,17798928
202511,11305575,17255879
202511,11305595,14746031
202511,11305603,9606881
202511,11305608,9894484
202511,11305615,11835775
202511,11305625,13931275
202511,11305635,18831837
202511,11305645,14955355
202511,11305660,18633409
202511,11320511,15669745
202511,11320512,19594137
202511,11320513,7781496
202511,11320514,20183124
202511,11320515,15826752
202511,11320521,15060974
202511,11320522,16604521
202511,11320660,11453685
202511,11320670,11455686
202511,11320680,11106730
202511,11320681,13849614
202511,11320690,18032095
202511,11320700,11749706
202511,11320710,15852969
202511,11350560,15203305
202511,11350570,15453442
202511,11350580,20250812
202511,11350595,26876372
202511,11350600,33112372
202511,11350611,19941778
202511,11350612,10168820
202511,11350619,14519754
202511,11350621,19330414
202511,11350624,12334860
202511,11350625,21203484
202511,11350630,24583307
202511,11350640,17945962
202511,11350665,16713105
202511,11350670,10825928
202511,11350695,25547356
202511,11350700,13770980
202511,11350710,12629649
202511,11350720,11015302
202511,11380510,25711917
202511,11380520,21225236
202511,11380530,18267298
202511,11380551,11398400
202511,11380552,16918508
202511,11380560,21017797
202511,11380570,23037223
202511,11380580,20135543
202511,11380590,15387886
202511,11380600,15502893
202511,11380625,30570655
202511,11380631,16213807
202511,11380632,12265079
202511,11380640,8344623
202511,11380650,13300373
202511,11380690,40297036
202511,11410520,10914013
202511,11410555,6216075
202511,11410565,24609517
202511,11410585,41339904
202511,11410615,28171187
202511,11410620,16559912
202511,11410640,12315518
202511,11410655,7443003
202511,11410660,13591165
202511,11410685,17421843
202511,11410690,8169367
202511,11410700,21267073
202511,11410710,10490326
202511,11410720,19476902
202511,11440555,19287133
202511,11440565,25913452
202511,11440585,16981546
202511,11440590,16192188
202511,11440600,17141599
202511,11440610,15064639
202511,11440630,14711325
202511,11440655,22084566
202511,11440660,47985167
202511,11440680,14847197
202511,11440690,14228402
202511,11440700,11848202
202511,11440710,12101589
202511,11440720,15162011
202511,11440730,26137836
202511,11440740,33263551
202511,11470510,26733006
202511,11470520,19689551
202511,11470530,10458555
202511,11470540,14863693
202511,11470550,29877713
202511,11470560,12768135
202511,11470570,9368594
202511,11470580,8314625
202511,11470590,7364378
202511,11470600,9529412
202511,11470610,10168527
202511,11470611,11610211
202511,11470620,8995527
202511,11470630,11986074
202511,11470640,35091226
202511,11470650,24774212
202511,11470670,11572943
202511,11470680,17460331
202511,11500510,25637243
202511,11500520,18972005
202511,11500530,12988409
202511,11500535,21532043
202511,11500540,33041327
202511,11500550,9046984
202511,11500560,13288312
202511,11500570,12159897
202511,11500590,21268444
202511,11500591,16816130
202511,11500593,18700250
202511,11500603,39102082
202511,11500604,9166865
202511,11500605,8945410
202511,11500611,30162887
202511,11500615,25451578
202511,11500620,30733418
202511,11500630,26503142
202511,11500640,22512640
202511,11500641,12222389
202511,11530510,25953662
202511,11530520,12531451
202511,11530530,19456736
202511,11530540,31644342
202511,11530550,13749865
202511,11530560,27374507
202511,11530595,7028679
202511,11530720,21156192
202511,11530730,11785740
202511,11530740,21168178
202511,11530750,17400110
202511,11530760,9750825
202511,11530770,14154109
202511,11530780,26439749
202511,11530790,14710064
202511,11530800,6809047
202511,11545510,48417148
202511,11545610,34477450
202511,11545620,8587679
202511,11545630,11939128
202511,11545640,10738056
202511,11545670,22654536
202511,11545680,12010273
202511,11545690,7279873
202511,11545700,12082122
202511,11545710,9136575
202511,11560515,14094668
202511,11560535,32968926
202511,11560540,44976428
202511,11560550,19584534
202511,11560560,29556175
202511,11560585,13602928
202511,11560605,31322219
202511,11560610,14874769
202511,11560620,17559704
202511,11560630,13368604
202511,11560650,7738769
202511,11560660,7973675
202511,11560670,4952189
202511,11560680,11249419
202511,11560690,12477222
202511,11560700,10761719
202511,11560710,9870710
202511,11560720,15421769
202511,11590510,25402186
202511,11590520,9441435
202511,11590530,28669260
202511,11590540,18527851
202511,11590550,14306961
202511,11590560,17708833
202511,11590605,24967543
202511,11590620,18296994
202511,11590630,21859715
202511,11590640,12762896
202511,11590650,8903953
202511,11590651,10275735
202511,11590660,25547779
202511,11590670,14761710
202511,11590680,18051036
202511,11620525,13184439
202511,11620545,5136317
202511,11620565,16110685
202511,11620575,19562824
202511,11620585,18004845
202511,11620595,27281152
202511,11620605,21827123
202511,11620615,9823971
202511,11620625,15945397
202511,11620630,15327447
202511,11620645,18803981
202511,11620655,11791893
202511,11620665,14143806
202511,11620685,13639757
202511,11620695,19809880
202511,11620715,8425608
202511,11620725,17130053
202511,11620735,25684949
202511,11620745,14141730
202511,11620765,18549974
202511,11620775,14458571
202511,11650510,20902192
202511,11650520,30936927
202511,11650530,45284508
202511,11650531,29630800
202511,11650540,27949576
202511,11650550,1296658
202511,11650560,25026158
202511,11650570,18939120
202511,11650580,14323976
202511,11650581,30857642
202511,11650590,13786319
202511,11650600,13909832
202511,11650610,12252555
202511,11650620,11432816
202511,11650621,18300475
202511,11650651,35625246
202511,11650652,27110445
202511,11650660,14232563
202511,11680510,21241506
202511,11680521,30747949
202511,11680531,30151446
202511,11680545,29069303
202511,11680565,28517286
202511,11680580,34076820
202511,11680590,27631639
202511,11680600,20817186
202511,11680610,34941139
202511,11680630,29380825
202511,11680640,51422013
202511,11680650,36085358
202511,11680655,19887419
202511,11680656,21244130
202511,11680660,17075291
202511,11680670,25911633
202511,11680675,10432600
202511,11680690,16075017
202511,11680700,30433802
202511,11680720,17694065
202511,11680730,9856277
202511,11680750,15466256
202511,11710510,7112753
202511,11710520,22203876
202511,11710531,6992032
202511,11710532,14694673
202511,11710540,7748030
202511,11710550,11539237
202511,11710561,12570973
202511,11710562,25573722
202511,11710566,13368213
202511,11710570,25327367
202511,11710580,19617081
202511,11710590,12053983
202511,11710600,22937217
202511,11710610,19460230
202511,11710620,25160248
202511,11710631,19806245
202511,11710632,18569091
202511,11710641,14597780
202511,11710642,31723956
202511,11710646,20788686
202511,11710647,28190068
202511,11710650,21854290
202511,11710670,23695821
202511,11710680,31852897
202511,11710690,13127427
202511,11710710,27160196
202511,11710720,7360359
202511,11740515,22804655
202511,11740525,28568923
202511,11740526,11248752
202511,11740530,17877909
202511,11740540,11286064
202511,11740550,15347078
202511,11740560,18610764
202511,11740570,19281240
202511,11740580,9759977
202511,11740590,11539046
202511,11740600,16667834
202511,11740610,28635230
202511,11740620,20614875
202511,11740640,14560246
202511,11740650,18160190
202511,11740660,20449598
202511,11740685,36653638
202511,11740690,19531089
202511,11740700,19310640
202512,11110515,10879674
202512,11110530,23403507
202512,11110540,3407126
202512,11110550,7401717
202512,11110560,11877721
202512,11110570,3035417
202512,11110580,8057417
202512,11110600,6157879
202512,11110615,43679811
202512,11110630,13221187
202512,11110640,20060212
202512,11110650,18024884
202512,11110670,5999650
202512,11110680,4637691
202512,11110690,3557473
202512,11110700,4718965
202512,11110710,8646930
202512,11140520,25745279
202512,11140540,24007670
202512,11140550,38081465
202512,11140570,11629989
202512,11140580,7918243
202512,11140590,18505619
202512,11140605,14015012
202512,11140615,12688922
202512,11140625,10572573
202512,11140635,11434466
202512,11140645,4525813
202512,11140650,7409490
202512,11140665,9898187
202512,11140670,9927223
202512,11140680,8949739
202512,11170510,8792407
202512,11170520,8495750
202512,11170530,14888774
202512,11170555,17417142
202512,11170560,13648268
202512,11170570,9634601
202512,11170580,6555416
202512,11170590,7368528
202512,11170625,42137160
202512,11170630,16563940
202512,11170640,2944736
202512,11170650,9431777
202512,11170660,9879758
202512,11170685,21511621
202512,11170690,10853579
202512,11170700,4699975
202512,11200520,7932742
202512,11200535,21760899
202512,11200540,17518959
202512,11200550,14624051
202512,11200560,17884339
202512,11200570,14099073
202512,11200580,8632996
202512,11200590,9569373
202512,11200615,14950248
202512,11200620,9951580
202512,11200645,14046421
202512,11200650,13291284
202512,11200660,16128223
202512,11200670,13709051
202512,11200690,23393347
202512,11200720,8191752
202512,11200790,11581673
202512,11215710,27824094
202512,11215730,15779390
202512,11215740,11544711
202512,11215750,13479397
202512,11215760,10542755
202512,11215770,21913989
202512,11215780,10079879
202512,11215810,25160933
202512,11215820,15814298
202512,11215830,19464544
202512,11215840,21632265
202512,11215847,17820560
202512,11215850,15547680
202512,11215860,18491285
202512,11215870,23387105
202512,11230515,14229424
202512,11230533,17865878
202512,11230545,19726006
202512,11230560,28046228
202512,11230570,13059659
202512,11230600,18035982
202512,11230610,21135184
202512,11230650,25198726
202512,11230660,24245099
202512,11230705,14281334
202512,11230710,12163099
202512,11230720,13114950
202512,11230730,17477998
202512,11230740,21962749
202512,11230750,12727504
202512,11260520,17290487
202512,11260540,11060082
202512,11260550,8858507
202512,11260565,24989546
202512,11260570,15699855
202512,11260575,18443702
202512,11260580,14320033
202512,11260590,18976176
202512,11260600,12408915
202512,11260610,16743254
202512,11260620,20645182
202512,11260630,16164524
202512,11260655,29583071
202512,11260660,7332559
202512,11260680,26367572
202512,11260690,11661453
202512,11290525,15076262
202512,11290555,18917304
202512,11290575,15022328
202512,11290580,8599035
202512,11290590,7552312
202512,11290600,20396508
202512,11290610,13124769
202512,11290620,10122464
202512,11290630,14204683
202512,11290640,10219355
202512,11290650,15121932
202512,11290660,23674430
202512,11290685,14567090
202512,11290705,28662385
202512,11290715,16497965
202512,11290725,17211837
202512,11290760,16449082
202512,11290770,9483359
202512,11290780,9505097
202512,11290810,20073275
202512,11305534,16130602
202512,11305535,15077582
202512,11305545,23122516
202512,11305555,18439695
202512,11305575,17605161
202512,11305595,15299595
202512,11305603,10197254
202512,11305608,10251981
202512,11305615,12380786
202512,11305625,14639515
202512,11305635,19530147
202512,11305645,15127109
202512,11305660,19354225
202512,11320511,15929062
202512,11320512,20370930
202512,11320513,8028181
202512,11320514,20889559
202512,11320515,16334388
202512,11320521,15271221
202512,11320522,17319200
202512,11320660,11671126
202512,11320670,12120076
202512,11320680,11398590
202512,11320681,14482701
202512,11320690,18797154
202512,11320700,12251689
202512,11320710,16467722
202512,11350560,15222612
202512,11350570,15762135
202512,11350580,21042830
202512,11350595,27827480
202512,11350600,32819451
202512,11350611,20567677
202512,11350612,10495406
202512,11350619,15293258
202512,11350621,19491206
202512,11350624,12754064
202512,11350625,21927928
202512,11350630,25555877
202512,11350640,18868471
202512,11350665,17360700
202512,11350670,11076813
202512,11350695,26594435
202512,11350700,14157495
202512,11350710,13142323
202512,11350720,11419103
202512,11380510,26840999
202512,11380520,21561820
202512,11380530,18803146
202512,11380551,11924866
202512,11380552,17567838
202512,11380560,21896991
202512,11380570,23878718
202512,11380580,21159291
202512,11380590,15937888
202512,11380600,15894910
202512,11380625,31933203
202512,11380631,16766699
202512,11380632,12982578
202512,11380640,8603598
202512,11380650,13785218
202512,11380690,41664917
202512,11410520,11289848
202512,11410555,6323392
202512,11410565,25719693
202512,11410585,40427693
202512,11410615,28892027
202512,11410620,17202289
202512,11410640,12699217
202512,11410655,7547358
202512,11410660,14365464
202512,11410685,17521010
202512,11410690,8531006
202512,11410700,21507617
202512,11410710,11037030
202512,11410720,20239815
202512,11440555,19901310
202512,11440565,27048141
202512,11440585,17474742
202512,11440590,16749094
202512,11440600,17397593
202512,11440610,15046503
202512,11440630,15307578
202512,11440655,22288038
202512,11440660,50197353
202512,11440680,14560412
202512,11440690,15366882
202512,11440700,12183170
202512,11440710,12555424
202512,11440720,15774399
202512,11440730,26444508
202512,11440740,33360164
202512,11470510,27974587
202512,11470520,20407325
202512,11470530,10989321
202512,11470540,15337514
202512,11470550,30906905
202512,11470560,13286359
202512,11470570,9711830
202512,11470580,8733762
202512,11470590,7647618
202512,11470600,9952221
202512,11470610,10656488
202512,11470611,12177239
202512,11470620,9367006
202512,11470630,12385810
202512,11470640,36804697
202512,11470650,25314025
202512,11470670,11759270
202512,11470680,18022158
202512,11500510,26716024
202512,11500520,19372074
202512,11500530,13452409
202512,11500535,21840878
202512,11500540,34253167
202512,11500550,9479451
202512,11500560,14454243
202512,11500570,12678998
202512,11500590,22465145
202512,11500591,17552781
202512,11500593,19326429
202512,11500603,40372898
202512,11500604,9432728
202512,11500605,9129623
202512,11500611,31053184
202512,11500615,26663322
202512,11500620,31527577
202512,11500630,27670022
202512,11500640,23819984
202512,11500641,12720916
202512,11530510,24810895
202512,11530520,12996014
202512,11530530,20152353
202512,11530540,33060057
202512,11530550,14148034
202512,11530560,28443069
202512,11530595,7262299
202512,11530720,22258509
202512,11530730,12180508
202512,11530740,22056651
202512,11530750,18380858
202512,11530760,10182008
202512,11530770,14523342
202512,11530780,27757147
202512,11530790,15239873
202512,11530800,7022980
202512,11545510,49827210
202512,11545610,35799100
202512,11545620,9048055
202512,11545630,12697623
202512,11545640,11164533
202512,11545670,23245859
202512,11545680,12711316
202512,11545690,7564706
202512,11545700,12657243
202512,11545710,9500845
202512,11560515,14829077
202512,11560535,38440163
202512,11560540,45163747
202512,11560550,19535081
202512,11560560,29735673
202512,11560585,14036450
202512,11560605,33156842
202512,11560610,14969640
202512,11560620,18014570
202512,11560630,13918158
202512,11560650,8368180
202512,11560660,8288048
202512,11560670,5114938
202512,11560680,11786760
202512,11560690,12636252
202512,11560700,11233661
202512,11560710,10289714
202512,11560720,16160530
202512,11590510,25835760
202512,11590520,9655236
202512,11590530,28801811
202512,11590540,19252482
202512,11590550,15011685
202512,11590560,18159473
202512,11590605,25243712
202512,11590620,18972556
202512,11590630,22970496
202512,11590640,12798702
202512,11590650,9344909
202512,11590651,10151082
202512,11590660,25836079
202512,11590670,15287018
202512,11590680,18382368
202512,11620525,13876068
202512,11620545,5356826
202512,11620565,16906472
202512,11620575,20069301
202512,11620585,18323206
202512,11620595,27823969
202512,11620605,22885701
202512,11620615,9959892
202512,11620625,16394551
202512,11620630,15899867
202512,11620645,19646221
202512,11620655,12023686
202512,11620665,14649476
202512,11620685,14398391
202512,11620695,20324742
202512,11620715,8852272
202512,11620725,17802843
202512,11620735,25311582
202512,11620745,14911942
202512,11620765,19221965
202512,11620775,14738243
202512,11650510,21355816
202512,11650520,32245635
202512,11650530,46676380
202512,11650531,30966862
202512,11650540,29484464
202512,11650550,1274579
202512,11650560,26118369
202512,11650570,19018491
202512,11650580,15250657
202512,11650581,31941313
202512,11650590,14161300
202512,11650600,14118604
202512,11650610,13303163
202512,11650620,11961868
202512,11650621,19396594
202512,11650651,36661646
202512,11650652,27195527
202512,11650660,14257178
202512,11680510,22336600
202512,11680521,32295845
202512,11680531,30780172
202512,11680545,30459173
202512,11680565,29734274
202512,11680580,35722436
202512,11680590,28394555
202512,11680600,20879157
202512,11680610,35614197
202512,11680630,29505193
202512,11680640,52509243
202512,11680650,36964302
202512,11680655,21060038
202512,11680656,21699784
202512,11680660,17987383
202512,11680670,26193641
202512,11680675,10831504
202512,11680690,16519152
202512,11680700,31435528
202512,11680720,18282710
202512,11680730,10072746
202512,11680750,15924844
202512,11710510,7294252
202512,11710520,23011561
202512,11710531,7320844
202512,11710532,15106233
202512,11710540,7866972
202512,11710550,11901154
202512,11710561,12718840
202512,11710562,25945119
202512,11710566,12813081
202512,11710570,26026049
202512,11710580,20392211
202512,11710590,12864182
202512,11710600,23753366
202512,11710610,20270426
202512,11710620,25937668
202512,11710631,20451251
202512,11710632,19114911
202512,11710641,14932798
202512,11710642,32692426
202512,11710646,21469915
202512,11710647,29426971
202512,11710650,22868557
202512,11710670,24228305
202512,11710680,33492979
202512,11710690,15567701
202512,11710710,29217195
202512,11710720,7372901
202512,11740515,23726405
202512,11740525,29151536
202512,11740526,11617698
202512,11740530,18079844
202512,11740540,11478542
202512,11740550,15174556
202512,11740560,19059339
202512,11740570,20318928
202512,11740580,10101162
202512,11740590,13570417
202512,11740600,17339956
202512,11740610,30512391
202512,11740620,21005332
202512,11740640,15016076
202512,11740650,18880413
202512,11740660,21093141
202512,11740685,38249274
202512,11740690,20406065
202512,11740700,20174608
202601,11110515,10004821
202601,11110530,20259805
202601,11110540,2971335
202601,11110550,6674551
202601,11110560,11060907
202601,11110570,2878033
202601,11110580,7565550
202601,11110600,5666992
202601,11110615,37770015
202601,11110630,11911957
202601,11110640,17662943
202601,11110650,15206246
202601,11110670,5477862
202601,11110680,4481862
202601,11110690,3375829
202601,11110700,4526000
202601,11110710,8027079
202601,11140520,22661827
202601,11140540,21339026
202601,11140550,32859393
202601,11140570,9907204
202601,11140580,6980118
202601,11140590,16564939
202601,11140605,12424072
202601,11140615,11052582
202601,11140625,9281891
202601,11140635,11849757
202601,11140645,4049192
202601,11140650,7064711
202601,11140665,9523444
202601,11140670,9440242
202601,11140680,8627255
202601,11170510,8580055
202601,11170520,7762441
202601,11170530,13181481
202601,11170555,15697156
202601,11170560,12836566
202601,11170570,9040913
202601,11170580,6138164
202601,11170590,6952130
202601,11170625,38265588
202601,11170630,15877758
202601,11170640,2837486
202601,11170650,8796603
202601,11170660,9438735
202601,11170685,20062106
202601,11170690,10259687
202601,11170700,4354697
202601,11200520,7609971
202601,11200535,20517389
202601,11200540,16347118
202601,11200550,11804144
202601,11200560,16280734
202601,11200570,13557142
202601,11200580,8121425
202601,11200590,9227267
202601,11200615,14400045
202601,11200620,9446635
202601,11200645,13370282
202601,11200650,12294225
202601,11200660,15036862
202601,11200670,12543810
202601,11200690,21085203
202601,11200720,7588636
202601,11200790,10963295
202601,11215710,24519338
202601,11215730,13549507
202601,11215740,10927249
202601,11215750,12850096
202601,11215760,10135271
202601,11215770,20527465
202601,11215780,9254982
202601,11215810,23275680
202601,11215820,15089045
202601,11215830,18635807
202601,11215840,20247426
202601,11215847,16719733
202601,11215850,14658794
202601,11215860,17450615
202601,11215870,22088569
202601,11230515,13068138
202601,11230533,16838126
202601,11230545,17830042
202601,11230560,26175897
202601,11230570,11764269
202601,11230600,17082478
202601,11230610,20090470
202601,11230650,23252600
202601,11230660,23168600
202601,11230705,13842697
202601,11230710,10066881
202601,11230720,11842535
202601,11230730,15484970
202601,11230740,19236868
202601,11230750,12112789
202601,11260520,17108616
202601,11260540,10876839
202601,11260550,8571158
202601,11260565,23922756
202601,11260570,14144608
202601,11260575,16956732
202601,11260580,13883997
202601,11260590,16827502
202601,11260600,11742236
202601,11260610,15805110
202601,11260620,19761445
202601,11260630,15390040
202601,11260655,26811554
202601,11260660,7199280
202601,11260680,25407752
202601,11260690,11094676
202601,11290525,13917014
202601,11290555,17664625
202601,11290575,13695567
202601,11290580,8277444
202601,11290590,6900595
202601,11290600,17112539
202601,11290610,12375285
202601,11290620,10541918
202601,11290630,13515562
202601,11290640,8325415
202601,11290650,14537643
202601,11290660,22739131
202601,11290685,13942692
202601,11290705,26743606
202601,11290715,15707308
202601,11290725,15909602
202601,11290760,15702534
202601,11290770,9179084
202601,11290780,8996110
202601,11290810,19216416
202601,11305534,15327898
202601,11305535,14178846
202601,11305545,20694479
202601,11305555,18261358
202601,11305575,16779886
202601,11305595,14294618
202601,11305603,9675647
202601,11305608,9824153
202601,11305615,11659149
202601,11305625,13720448
202601,11305635,18451433
202601,11305645,14096926
202601,11305660,18346217
202601,11320511,15452544
202601,11320512,19006467
202601,11320513,7718757
202601,11320514,19549712
202601,11320515,15540438
202601,11320521,14345675
202601,11320522,16389530
202601,11320660,10807390
202601,11320670,11417208
202601,11320680,10714076
202601,11320681,13477710
202601,11320690,18204839
202601,11320700,11677425
202601,11320710,15803750
202601,11350560,13561958
202601,11350570,14548629
202601,11350580,19937055
202601,11350595,26134037
202601,11350600,29309249
202601,11350611,18740547
202601,11350612,9915339
202601,11350619,15193175
202601,11350621,18296059
202601,11350624,11850599
202601,11350625,20525884
202601,11350630,23810648
202601,11350640,17576535
202601,11350665,16036974
202601,11350670,12895935
202601,11350695,24994216
202601,11350700,15690584
202601,11350710,8822823
202601,11350720,10756228
202601,11380510,25615613
202601,11380520,20839307
202601,11380530,18097273
202601,11380551,11056605
202601,11380552,16553999
202601,11380560,20600603
202601,11380570,22281968
202601,11380580,20261015
202601,11380590,15239818
202601,11380600,15210733
202601,11380625,30493601
202601,11380631,16160664
202601,11380632,12170702
202601,11380640,8339708
202601,11380650,13131500
202601,11380690,39080245
202601,11410520,10579278
202601,11410555,5792232
202601,11410565,23606331
202601,11410585,34086355
202601,11410615,27137842
202601,11410620,16340417
202601,11410640,12111450
202601,11410655,7316792
202601,11410660,13734487
202601,11410685,16429543
202601,11410690,8726612
202601,11410700,19594210
202601,11410710,10527948
202601,11410720,19231447
202601,11440555,18403458
202601,11440565,25521508
202601,11440585,16593573
202601,11440590,15547768
202601,11440600,15093500
202601,11440610,14197018
202601,11440630,14681828
202601,11440655,19880662
202601,11440660,46388640
202601,11440680,13823625
202601,11440690,14222249
202601,11440700,11692088
202601,11440710,11664786
202601,11440720,14875581
202601,11440730,24709917
202601,11440740,31496122
202601,11470510,26081079
202601,11470520,19422798
202601,11470530,11046584
202601,11470540,14537933
202601,11470550,29691459
202601,11470560,12610153
202601,11470570,9128668
202601,11470580,8024277
202601,11470590,7038137
202601,11470600,9675158
202601,11470610,10209913
202601,11470611,11633112
202601,11470620,8813037
202601,11470630,11869337
202601,11470640,34826894
202601,11470650,24212208
202601,11470670,11305410
202601,11470680,17050721
202601,11500510,25367564
202601,11500520,18559843
202601,11500530,12678212
202601,11500535,19898991
202601,11500540,32747035
202601,11500550,9099663
202601,11500560,13172937
202601,11500570,12071178
202601,11500590,21316160
202601,11500591,17022663
202601,11500593,19306635
202601,11500603,37636859
202601,11500604,8791605
202601,11500605,8642837
202601,11500611,28590285
202601,11500615,25745274
202601,11500620,29366513
202601,11500630,25964945
202601,11500640,23207873
202601,11500641,12140974
202601,11530510,23343633
202601,11530520,12339851
202601,11530530,19229436
202601,11530540,31221614
202601,11530550,13706524
202601,11530560,26726911
202601,11530595,7054078
202601,11530720,20250473
202601,11530730,11092076
202601,11530740,20752994
202601,11530750,17825956
202601,11530760,9751140
202601,11530770,13712757
202601,11530780,26125088
202601,11530790,14083341
202601,11530800,6661939
202601,11545510,46365783
202601,11545610,34038876
202601,11545620,8813872
202601,11545630,12369542
202601,11545640,10513256
202601,11545670,21612893
202601,11545680,12052387
202601,11545690,7261318
202601,11545700,12150654
202601,11545710,9160611
202601,11560515,13748161
202601,11560535,35404237
202601,11560540,41303285
202601,11560550,18172848
202601,11560560,28229785
202601,11560585,13515575
202601,11560605,30959305
202601,11560610,14035282
202601,11560620,17078104
202601,11560630,13312153
202601,11560650,8077785
202601,11560660,8127120
202601,11560670,4771432
202601,11560680,11264401
202601,11560690,12625621
202601,11560700,10700377
202601,11560710,9936705
202601,11560720,15482196
202601,11590510,25123648
202601,11590520,8999986
202601,11590530,26378525
202601,11590540,18104868
202601,11590550,14403830
202601,11590560,17236828
202601,11590605,22184066
202601,11590620,17772867
202601,11590630,21637591
202601,11590640,12277819
202601,11590650,8910041
202601,11590651,9630679
202601,11590660,23681328
202601,11590670,14827368
202601,11590680,17469573
202601,11620525,13430611
202601,11620545,5226233
202601,11620565,16039767
202601,11620575,19096643
202601,11620585,17110857
202601,11620595,25880694
202601,11620605,21663951
202601,11620615,9515352
202601,11620625,15494508
202601,11620630,15092982
202601,11620645,18530234
202601,11620655,11414473
202601,11620665,14104950
202601,11620685,13482002
202601,11620695,19369856
202601,11620715,8461796
202601,11620725,16418833
202601,11620735,22895998
202601,11620745,14331827
202601,11620765,18454109
202601,11620775,14050436
202601,11650510,20221886
202601,11650520,30461159
202601,11650530,42669361
202601,11650531,29171779
202601,11650540,27505412
202601,11650550,1235466
202601,11650560,24232904
202601,11650570,17760358
202601,11650580,14306822
202601,11650581,29287263
202601,11650590,13523787
202601,11650600,13051383
202601,11650610,11997809
202601,11650620,10995561
202601,11650621,18454541
202601,11650651,35435730
202601,11650652,25631068
202601,11650660,11804788
202601,11680510,20404030
202601,11680521,30296601
202601,11680531,28671762
202601,11680545,28013963
202601,11680565,26843997
202601,11680580,31135123
202601,11680590,26723562
202601,11680600,21106799
202601,11680610,34215213
202601,11680630,29822956
202601,11680640,49009278
202601,11680650,35378762
202601,11680655,19748568
202601,11680656,20172176
202601,11680660,16573210
202601,11680670,24531968
202601,11680675,10295996
202601,11680690,15772085
202601,11680700,29752875
202601,11680720,16767142
202601,11680730,9562121
202601,11680750,14780562
202601,11710510,6847299
202601,11710520,21704481
202601,11710531,6932579
202601,11710532,14678407
202601,11710540,7567667
202601,11710550,11473212
202601,11710561,12150136
202601,11710562,24631144
202601,11710566,12042504
202601,11710570,24518664
202601,11710580,19253552
202601,11710590,11961024
202601,11710600,22255653
202601,11710610,19251069
202601,11710620,24527418
202601,11710631,19068574
202601,11710632,18428074
202601,11710641,14177403
202601,11710642,30765051
202601,11710646,20483823
202601,11710647,27506006
202601,11710650,21220551
202601,11710670,22573398
202601,11710680,30677122
202601,11710690,13972276
202601,11710710,26209642
202601,11710720,6751749
202601,11740515,22558559
202601,11740525,27176113
202601,11740526,11048158
202601,11740530,17451858
202601,11740540,11017822
202601,11740550,14549144
202601,11740560,17097581
202601,11740570,20384435
202601,11740580,9589230
202601,11740590,12286302
202601,11740600,16548096
202601,11740610,28329873
202601,11740620,20557837
202601,11740640,14304894
202601,11740650,18014246
202601,11740660,19691998
202601,11740685,36438774
202601,11740690,19115676
202601,11740700,18771645
202602,11110515,9782999
202602,11110530,19161987
202602,11110540,3130085
202602,11110550,6505359
202602,11110560,10781856
202602,11110570,2862068
202602,11110580,7176794
202602,11110600,5080079
202602,11110615,36674802
202602,11110630,11061125
202602,11110640,20090877
202602,11110650,14990191
202602,11110670,5623520
202602,11110680,4414772
202602,11110690,3347841
202602,11110700,4360001
202602,11110710,7682631
202602,11140520,20837842
202602,11140540,19420525
202602,11140550,30525620
202602,11140570,9294487
202602,11140580,6349294
202602,11140590,15458881
202602,11140605,10972926
202602,11140615,10459506
202602,11140625,9197707
202602,11140635,11693276
202602,11140645,3876206
202602,11140650,6610567
202602,11140665,9256141
202602,11140670,9077354
202602,11140680,8258774
202602,11170510,8234416
202602,11170520,7548380
202602,11170530,13269826
202602,11170555,14948713
202602,11170560,12088109
202602,11170570,8600312
202602,11170580,5869938
202602,11170590,6818363
202602,11170625,36271623
202602,11170630,15285768
202602,11170640,2809339
202602,11170650,8386202
202602,11170660,9181877
202602,11170685,19157893
202602,11170690,10369081
202602,11170700,4209973
202602,11200520,7295939
202602,11200535,19624404
202602,11200540,15743199
202602,11200550,11120978
202602,11200560,15415164
202602,11200570,13000600
202602,11200580,7872935
202602,11200590,8727882
202602,11200615,13780201
202602,11200620,9100348
202602,11200645,12748056
202602,11200650,11812900
202602,11200660,14341733
202602,11200670,11578334
202602,11200690,20614284
202602,11200720,7071006
202602,11200790,10457190
202602,11215710,23420861
202602,11215730,12909403
202602,11215740,10149604
202602,11215750,12259245
202602,11215760,9683706
202602,11215770,19778243
202602,11215780,8930988
202602,11215810,22380078
202602,11215820,14218161
202602,11215830,17930416
202602,11215840,19185811
202602,11215847,16108825
202602,11215850,14048093
202602,11215860,16791319
202602,11215870,21213531
202602,11230515,12406161
202602,11230533,16391337
202602,11230545,17874829
202602,11230560,25718570
202602,11230570,11210641
202602,11230600,16349679
202602,11230610,19528900
202602,11230650,22432764
202602,11230660,22317882
202602,11230705,13245548
202602,11230710,9707435
202602,11230720,11435844
202602,11230730,15124620
202602,11230740,18322167
202602,11230750,11859233
202602,11260520,16644554
202602,11260540,12122882
202602,11260550,8166285
202602,11260565,23457298
202602,11260570,12373323
202602,11260575,15899451
202602,11260580,13232803
202602,11260590,16443863
202602,11260600,11477810
202602,11260610,15469693
202602,11260620,19680822
202602,11260630,14697763
202602,11260655,26319316
202602,11260660,6781526
202602,11260680,24359609
202602,11260690,10545427
202602,11290525,13651858
202602,11290555,17087841
202602,11290575,13746322
202602,11290580,8115916
202602,11290590,6198316
202602,11290600,16409868
202602,11290610,11969170
202602,11290620,10395685
202602,11290630,13115451
202602,11290640,8010145
202602,11290650,13791593
202602,11290660,21836426
202602,11290685,13446380
202602,11290705,25901765
202602,11290715,14797637
202602,11290725,15354258
202602,11290760,15316522
202602,11290770,8770095
202602,11290780,8674340
202602,11290810,18435597
202602,11305534,15013682
202602,11305535,13735367
202602,11305545,20930139
202602,11305555,17437424
202602,11305575,16148946
202602,11305595,13784664
202602,11305603,9585642
202602,11305608,9587433
202602,11305615,11335114
202602,11305625,13653712
202602,11305635,17669482
202602,11305645,13979191
202602,11305660,18022407
202602,11320511,14828298
202602,11320512,18177123
202602,11320513,7551093
202602,11320514,18939427
202602,11320515,15053184
202602,11320521,14013877
202602,11320522,16275714
202602,11320660,10512251
202602,11320670,11106552
202602,11320680,10282795
202602,11320681,13061898
202602,11320690,17783837
202602,11320700,11424722
202602,11320710,15396004
202602,11350560,13448830
202602,11350570,14281980
202602,11350580,19198266
202602,11350595,25275947
202602,11350600,29199322
202602,11350611,17906109
202602,11350612,9110544
202602,11350619,14933662
202602,11350621,17124474
202602,11350624,11437489
202602,11350625,20963292
202602,11350630,23856846
202602,11350640,17332931
202602,11350665,16142643
202602,11350670,13751853
202602,11350695,23754425
202602,11350700,13468034
202602,11350710,9595946
202602,11350720,10302450
202602,11380510,24680952
202602,11380520,20034242
202602,11380530,17399733
202602,11380551,10684583
202602,11380552,16174795
202602,11380560,19968836
202602,11380570,21685285
202602,11380580,19256329
202602,11380590,14682758
202602,11380600,14822395
202602,11380625,29541356
202602,11380631,15548332
202602,11380632,11822299
202602,11380640,7968010
202602,11380650,12886288
202602,11380690,37775929
202602,11410520,10154336
202602,11410555,5704860
202602,11410565,22550127
202602,11410585,31898557
202602,11410615,25739075
202602,11410620,15724283
202602,11410640,11679367
202602,11410655,7006847
202602,11410660,13309183
202602,11410685,15820359
202602,11410690,8590995
202602,11410700,18839729
202602,11410710,10229660
202602,11410720,18502524
202602,11440555,17370332
202602,11440565,24318765
202602,11440585,15575205
202602,11440590,14726698
202602,11440600,14161479
202602,11440610,13357866
202602,11440630,13843117
202602,11440655,18982589
202602,11440660,44853044
202602,11440680,13026568
202602,11440690,13911002
202602,11440700,11478877
202602,11440710,11200677
202602,11440720,14111674
202602,11440730,24116030
202602,11440740,29520756
202602,11470510,24291608
202602,11470520,18619136
202602,11470530,10115620
202602,11470540,14115738
202602,11470550,27638659
202602,11470560,12344517
202602,11470570,8798577
202602,11470580,7676112
202602,11470590,6859469
202602,11470600,9597423
202602,11470610,9451424
202602,11470611,11242534
202602,11470620,8400214
202602,11470630,11212387
202602,11470640,33378730
202602,11470650,23405469
202602,11470670,11066482
202602,11470680,16625241
202602,11500510,24238459
202602,11500520,17564387
202602,11500530,12229957
202602,11500535,19906436
202602,11500540,31495726
202602,11500550,8834074
202602,11500560,12318030
202602,11500570,11666631
202602,11500590,20517305
202602,11500591,16124008
202602,11500593,18657792
202602,11500603,34751396
202602,11500604,8587080
202602,11500605,8166143
202602,11500611,27311397
202602,11500615,24755487
202602,11500620,27894558
202602,11500630,24867225
202602,11500640,22374789
202602,11500641,11452968
202602,11530510,22372138
202602,11530520,11808434
202602,11530530,18581612
202602,11530540,28652966
202602,11530550,13438114
202602,11530560,24397278
202602,11530595,6631919
202602,11530720,19071330
202602,11530730,10864759
202602,11530740,20009392
202602,11530750,17130455
202602,11530760,9626462
202602,11530770,13225404
202602,11530780,25142451
202602,11530790,13791961
202602,11530800,6182623
202602,11545510,42751089
202602,11545610,31965892
202602,11545620,8450881
202602,11545630,11923019
202602,11545640,10549350
202602,11545670,20763383
202602,11545680,11797350
202602,11545690,6996804
202602,11545700,11858291
202602,11545710,8984671
202602,11560515,13003417
202602,11560535,33172667
202602,11560540,38939689
202602,11560550,17088990
202602,11560560,26196810
202602,11560585,12926794
202602,11560605,29082858
202602,11560610,13351570
202602,11560620,16284090
202602,11560630,12711168
202602,11560650,7669941
202602,11560660,7891666
202602,11560670,4552912
202602,11560680,10827327
202602,11560690,12310622
202602,11560700,10367804
202602,11560710,9585876
202602,11560720,15071527
202602,11590510,23656832
202602,11590520,8331331
202602,11590530,25468988
202602,11590540,16924171
202602,11590550,13943153
202602,11590560,16998233
202602,11590605,21237227
202602,11590620,16783951
202602,11590630,20606082
202602,11590640,11873049
202602,11590650,8511540
202602,11590651,9072348
202602,11590660,22889003
202602,11590670,14156135
202602,11590680,16394252
202602,11620525,12824384
202602,11620545,4959720
202602,11620565,15635238
202602,11620575,18829362
202602,11620585,15815088
202602,11620595,24146287
202602,11620605,20554237
202602,11620615,9006068
202602,11620625,14781135
202602,11620630,14224226
202602,11620645,17853896
202602,11620655,10932978
202602,11620665,13403881
202602,11620685,12834260
202602,11620695,18086544
202602,11620715,8096348
202602,11620725,15988908
202602,11620735,21526698
202602,11620745,13928494
202602,11620765,18232497
202602,11620775,13862448
202602,11650510,18861321
202602,11650520,27958455
202602,11650530,39668065
202602,11650531,26972676
202602,11650540,25637044
202602,11650550,1214452
202602,11650560,22834125
202602,11650570,16817012
202602,11650580,14096911
202602,11650581,28135474
202602,11650590,12730987
202602,11650600,12193297
202602,11650610,11188691
202602,11650620,10192816
202602,11650621,17826184
202602,11650651,32425267
202602,11650652,23972762
202602,11650660,11799426
202602,11680510,18927022
202602,11680521,27693409
202602,11680531,26076091
202602,11680545,26081643
202602,11680565,25280967
202602,11680580,29040190
202602,11680590,24793625
202602,11680600,19387970
202602,11680610,31517774
202602,11680630,26853949
202602,11680640,45301062
202602,11680650,32596528
202602,11680655,18375197
202602,11680656,19354858
202602,11680660,16015310
202602,11680670,22889591
202602,11680675,10061996
202602,11680690,14948629
202602,11680700,28405260
202602,11680720,15698154
202602,11680730,9067709
202602,11680750,13981203
202602,11710510,6814941
202602,11710520,20478554
202602,11710531,6901103
202602,11710532,14009006
202602,11710540,7219992
202602,11710550,10937985
202602,11710561,11583612
202602,11710562,23391077
202602,11710566,11398549
202602,11710570,23493047
202602,11710580,18372734
202602,11710590,11554424
202602,11710600,21279866
202602,11710610,18416955
202602,11710620,23368391
202602,11710631,18335303
202602,11710632,17533187
202602,11710641,13040825
202602,11710642,28639377
202602,11710646,19868904
202602,11710647,26141037
202602,11710650,20311224
202602,11710670,21652477
202602,11710680,30156657
202602,11710690,14312756
202602,11710710,24372925
202602,11710720,6352105
202602,11740515,21567911
202602,11740525,25942048
202602,11740526,10280493
202602,11740530,16318831
202602,11740540,11212676
202602,11740550,14116631
202602,11740560,16238532
202602,11740570,19992073
202602,11740580,9148532
202602,11740590,11642210
202602,11740600,16088110
202602,11740610,27055082
202602,11740620,19609590
202602,11740640,13895469
202602,11740650,16953379
202602,11740660,18706984
202602,11740685,34693173
202602,11740690,18467145
202602,11740700,17826569
202603,11110515,11227659
202603,11110530,21488872
202603,11110540,3697701
202603,11110550,7813631
202603,11110560,11628768
202603,11110570,3171481
202603,11110580,7745504
202603,11110600,6043373
202603,11110615,40324204
202603,11110630,13087281
202603,11110640,30939492
202603,11110650,18840055
202603,11110670,6525286
202603,11110680,4245240
202603,11110690,3530368
202603,11110700,4718759
202603,11110710,8831676
202603,11140520,25066858
202603,11140540,22765069
202603,11140550,35334732
202603,11140570,12301624
202603,11140580,7641537
202603,11140590,16485688
202603,11140605,10987145
202603,11140615,11935689
202603,11140625,10065383
202603,11140635,12018362
202603,11140645,4261994
202603,11140650,7239944
202603,11140665,9913561
202603,11140670,9865480
202603,11140680,9055910
202603,11170510,8444469
202603,11170520,8263635
202603,11170530,14073782
202603,11170555,18445852
202603,11170560,12987929
202603,11170570,9340417
202603,11170580,6612994
202603,11170590,6974126
202603,11170625,39773919
202603,11170630,16180782
202603,11170640,2843500
202603,11170650,8866276
202603,11170660,9445033
202603,11170685,20224473
202603,11170690,10532280
202603,11170700,5196207
202603,11200520,7680175
202603,11200535,21396231
202603,11200540,17335847
202603,11200550,16727985
202603,11200560,18189513
202603,11200570,13621501
202603,11200580,8243068
202603,11200590,9470347
202603,11200615,14432891
202603,11200620,9488835
202603,11200645,13796289
202603,11200650,12971142
202603,11200660,16016148
202603,11200670,12622011
202603,11200690,22456870
202603,11200720,7286131
202603,11200790,11570814
202603,11215710,29908336
202603,11215730,16364326
202603,11215740,11111649
202603,11215750,12978154
202603,11215760,10181361
202603,11215770,21609276
202603,11215780,10550134
202603,11215810,24328280
202603,11215820,15603082
202603,11215830,18890136
202603,11215840,21675430
202603,11215847,17113396
202603,11215850,15286713
202603,11215860,17831424
202603,11215870,22454684
202603,11230515,14928581
202603,11230533,17173923
202603,11230545,19796548
202603,11230560,28203446
202603,11230570,12587977
202603,11230600,17652501
202603,11230610,20487671
202603,11230650,24227578
202603,11230660,23342925
202603,11230705,14008535
202603,11230710,12895369
202603,11230720,12886671
202603,11230730,17553158
202603,11230740,23742483
202603,11230750,12403954
202603,11260520,17193504
202603,11260540,11908885
202603,11260550,8583796
202603,11260565,24522917
202603,11260570,13914442
202603,11260575,17593699
202603,11260580,13751801
202603,11260590,17372696
202603,11260600,12147239
202603,11260610,15932854
202603,11260620,20942873
202603,11260630,14977267
202603,11260655,28014376
202603,11260660,7341405
202603,11260680,25519149
202603,11260690,11001497
202603,11290525,15272071
202603,11290555,19238897
202603,11290575,16686819
202603,11290580,8363390
202603,11290590,6397956
202603,11290600,23164404
202603,11290610,12945206
202603,11290620,10754011
202603,11290630,13771406
202603,11290640,11579317
202603,11290650,15096167
202603,11290660,23344583
202603,11290685,14216657
202603,11290705,29158330
202603,11290715,16330304
202603,11290725,16389348
202603,11290760,15953719
202603,11290770,9596037
202603,11290780,9111105
202603,11290810,19220345
202603,11305534,15452259
202603,11305535,14477491
202603,11305545,21925377
202603,11305555,18266214
202603,11305575,16862545
202603,11305595,15062472
202603,11305603,9721588
202603,11305608,10001285
202603,11305615,11956658
202603,11305625,13939877
202603,11305635,18771921
202603,11305645,14857821
202603,11305660,19075764
202603,11320511,15829042
202603,11320512,19358282
202603,11320513,7600304
202603,11320514,19885380
202603,11320515,15698544
202603,11320521,15024949
202603,11320522,16967418
202603,11320660,11945570
202603,11320670,11651347
202603,11320680,10977120
202603,11320681,14053362
202603,11320690,18364215
202603,11320700,11735558
202603,11320710,15906086
202603,11350560,16240516
202603,11350570,15559334
202603,11350580,19927283
202603,11350595,27524598
202603,11350600,35177908
202603,11350611,20122960
202603,11350612,8903353
202603,11350619,15463582
202603,11350621,18104927
202603,11350624,12368830
202603,11350625,20838649
202603,11350630,24581385
202603,11350640,17781381
202603,11350665,16561987
202603,11350670,14140803
202603,11350695,26877923
202603,11350700,14176653
202603,11350710,10727423
202603,11350720,10827247
202603,11380510,26169047
202603,11380520,20933823
202603,11380530,18196534
202603,11380551,11555717
202603,11380552,16893714
202603,11380560,21233169
202603,11380570,24128407
202603,11380580,20152495
202603,11380590,15214741
202603,11380600,15529089
202603,11380625,30489995
202603,11380631,16249024
202603,11380632,12588589
202603,11380640,8299981
202603,11380650,13309563
202603,11380690,39296682
202603,11410520,11038000
202603,11410555,7300060
202603,11410565,28258973
202603,11410585,44759822
202603,11410615,28919993
202603,11410620,15936992
202603,11410640,12506721
202603,11410655,7320863
202603,11410660,13844930
202603,11410685,17668403
202603,11410690,9085937
202603,11410700,21900782
202603,11410710,10745959
202603,11410720,19264678
202603,11440555,18596028
202603,11440565,26317646
202603,11440585,16587284
202603,11440590,16531438
202603,11440600,18012846
202603,11440610,13962536
202603,11440630,14731747
202603,11440655,22928478
202603,11440660,48159412
202603,11440680,14288690
202603,11440690,14362794
202603,11440700,11943523
202603,11440710,11836967
202603,11440720,15235406
202603,11440730,25685607
202603,11440740,32974506
202603,11470510,24876206
202603,11470520,19505446
202603,11470530,9793359
202603,11470540,14699400
202603,11470550,27286026
202603,11470560,12771868
202603,11470570,9165944
202603,11470580,8615595
202603,11470590,7073999
202603,11470600,10177462
202603,11470610,10046544
202603,11470611,11745250
202603,11470620,9157433
202603,11470630,11727543
202603,11470640,35046598
202603,11470650,25107373
202603,11470670,11739749
202603,11470680,17746457
202603,11500510,25111799
202603,11500520,18965264
202603,11500530,13077554
202603,11500535,26399759
202603,11500540,33518734
202603,11500550,9137802
202603,11500560,12813426
202603,11500570,12088132
202603,11500590,21497551
202603,11500591,16871486
202603,11500593,21520829
202603,11500603,38555359
202603,11500604,9357483
202603,11500605,8824441
202603,11500611,30112244
202603,11500615,25514728
202603,11500620,28259046
202603,11500630,26798172
202603,11500640,22209363
202603,11500641,14503914
202603,11530510,24322595
202603,11530520,12669233
202603,11530530,19423533
202603,11530540,32762525
202603,11530550,13525941
202603,11530560,26513347
202603,11530595,7165900
202603,11530720,20943399
202603,11530730,11497066
202603,11530740,20859307
202603,11530750,17706612
202603,11530760,9964572
202603,11530770,14423931
202603,11530780,26267731
202603,11530790,15192795
202603,11530800,6665624
202603,11545510,49503836
202603,11545610,34141855
202603,11545620,8825636
202603,11545630,12346807
202603,11545640,10900490
202603,11545670,22271040
202603,11545680,12050323
202603,11545690,7586899
202603,11545700,12133635
202603,11545710,9229778
202603,11560515,13591511
202603,11560535,36534588
202603,11560540,44493758
202603,11560550,18964158
202603,11560560,29460710
202603,11560585,13531845
202603,11560605,31519524
202603,11560610,14966357
202603,11560620,18013242
202603,11560630,13501457
202603,11560650,7896038
202603,11560660,8068797
202603,11560670,4941554
202603,11560680,11644896
202603,11560690,13168290
202603,11560700,10857994
202603,11560710,9641071
202603,11560720,15630182
202603,11590510,25569029
202603,11590520,8962272
202603,11590530,30820075
202603,11590540,18407960
202603,11590550,14543368
202603,11590560,17902292
202603,11590605,26740280
202603,11590620,18328671
202603,11590630,21069511
202603,11590640,13229253
202603,11590650,8971942
202603,11590651,9792005
202603,11590660,25774075
202603,11590670,15042502
202603,11590680,17661819
202603,11620525,13688715
202603,11620545,5407372
202603,11620565,16379932
202603,11620575,20681225
202603,11620585,19381592
202603,11620595,27391203
202603,11620605,21706396
202603,11620615,9926275
202603,11620625,16014826
202603,11620630,15256629
202603,11620645,19102152
202603,11620655,11735998
202603,11620665,14383802
202603,11620685,13655701
202603,11620695,19885779
202603,11620715,8915547
202603,11620725,18482730
202603,11620735,28055467
202603,11620745,14486081
202603,11620765,19008184
202603,11620775,14549619
202603,11650510,21283966
202603,11650520,32530062
202603,11650530,46908848
202603,11650531,28722816
202603,11650540,27721827
202603,11650550,1620391
202603,11650560,25937367
202603,11650570,19142914
202603,11650580,15055162
202603,11650581,29192726
202603,11650590,13591546
202603,11650600,13731087
202603,11650610,12141569
202603,11650620,11763789
202603,11650621,19235755
202603,11650651,38427709
202603,11650652,27118593
202603,11650660,13525467
202603,11680510,21308965
202603,11680521,30654347
202603,11680531,29957400
202603,11680545,29321397
202603,11680565,28707795
202603,11680580,33562470
202603,11680590,28014268
202603,11680600,21868203
202603,11680610,34415156
202603,11680630,29313095
202603,11680640,50169477
202603,11680650,35214326
202603,11680655,20119703
202603,11680656,21405398
202603,11680660,17213520
202603,11680670,24354892
202603,11680675,11036908
202603,11680690,16358097
202603,11680700,30432898
202603,11680720,17431580
202603,11680730,9767753
202603,11680750,15744354
202603,11710510,7009893
202603,11710520,22669256
202603,11710531,7469493
202603,11710532,14904051
202603,11710540,7138671
202603,11710550,11041088
202603,11710561,13034075
202603,11710562,24610559
202603,11710566,12471598
202603,11710570,25179390
202603,11710580,19856793
202603,11710590,12258054
202603,11710600,23128221
202603,11710610,19742456
202603,11710620,26039991
202603,11710631,19352642
202603,11710632,18357806
202603,11710641,14078406
202603,11710642,32463035
202603,11710646,21533990
202603,11710647,27819067
202603,11710650,22117575
202603,11710670,23842500
202603,11710680,29703066
202603,11710690,14843993
202603,11710710,26130332
202603,11710720,7224496
202603,11740515,22669914
202603,11740525,27905823
202603,11740526,11134369
202603,11740530,17748485
202603,11740540,11318906
202603,11740550,14979877
202603,11740560,16307797
202603,11740570,22591910
202603,11740580,9553091
202603,11740590,12755991
202603,11740600,16432814
202603,11740610,28251892
202603,11740620,19560288
202603,11740640,14993912
202603,11740650,18155722
202603,11740660,19886492
202603,11740685,40773124
202603,11740690,19969173
202603,11740700,17467723
202604,11110515,11280540
202604,11110530,21442147
202604,11110540,3947837
202604,11110550,7752069
202604,11110560,11347245
202604,11110570,3173513
202604,11110580,7347695
202604,11110600,6015018
202604,11110615,41866717
202604,11110630,13118069
202604,11110640,30754946
202604,11110650,17212379
202604,11110670,6245742
202604,11110680,4211433
202604,11110690,3392152
202604,11110700,4618405
202604,11110710,8675859
202604,11140520,25036107
202604,11140540,23325881
202604,11140550,36178278
202604,11140570,12524601
202604,11140580,7564100
202604,11140590,16403699
202604,11140605,11422264
202604,11140615,11456639
202604,11140625,9775013
202604,11140635,11879922
202604,11140645,4237421
202604,11140650,6846156
202604,11140665,9400301
202604,11140670,9577244
202604,11140680,8955883
202604,11170510,8457583
202604,11170520,8042956
202604,11170530,14524387
202604,11170555,17357806
202604,11170560,11765906
202604,11170570,9132913
202604,11170580,6404433
202604,11170590,6881167
202604,11170625,39406289
202604,11170630,15889258
202604,11170640,2932344
202604,11170650,8493375
202604,11170660,9410434
202604,11170685,20320380
202604,11170690,10371828
202604,11170700,4883829
202604,11200520,7533378
202604,11200535,20818611
202604,11200540,16938165
202604,11200550,15132192
202604,11200560,17908134
202604,11200570,13145935
202604,11200580,8182706
202604,11200590,9176901
202604,11200615,14191124
202604,11200620,9434041
202604,11200645,13528441
202604,11200650,13264065
202604,11200660,15978504
202604,11200670,11989445
202604,11200690,22982214
202604,11200720,7434007
202604,11200790,11358143
202604,11215710,28472579
202604,11215730,15973429
202604,11215740,10793551
202604,11215750,12531112
202604,11215760,10051276
202604,11215770,21062465
202604,11215780,10586695
202604,11215810,24246319
202604,11215820,15538976
202604,11215830,18290654
202604,11215840,21114386
202604,11215847,16874161
202604,11215850,15027853
202604,11215860,17050845
202604,11215870,21897496
202604,11230515,14356932
202604,11230533,16661073
202604,11230545,19060266
202604,11230560,27325114
202604,11230570,12231657
202604,11230600,17247680
202604,11230610,19850898
202604,11230650,23874340
202604,11230660,22747150
202604,11230705,13741833
202604,11230710,12151251
202604,11230720,12110960
202604,11230730,16567894
202604,11230740,21018989
202604,11230750,11885481
202604,11260520,16892750
202604,11260540,11727378
202604,11260550,8448676
202604,11260565,23809571
202604,11260570,13538532
202604,11260575,16973411
202604,11260580,13460897
202604,11260590,17164978
202604,11260600,11916010
202604,11260610,15617681
202604,11260620,20337353
202604,11260630,14617363
202604,11260655,27505013
202604,11260660,7283603
202604,11260680,25062752
202604,11260690,10899512
202604,11290525,14726896
202604,11290555,18682772
202604,11290575,15489943
202604,11290580,8128957
202604,11290590,6394584
202604,11290600,20945704
202604,11290610,12564579
202604,11290620,10367367
202604,11290630,13440716
202604,11290640,10705810
202604,11290650,14841977
202604,11290660,22718343
202604,11290685,14072322
202604,11290705,27990403
202604,11290715,15962289
202604,11290725,16655618
202604,11290760,15847043
202604,11290770,9213316
202604,11290780,8842278
202604,11290810,18734536
202604,11305534,14963180
202604,11305535,14111031
202604,11305545,21479156
202604,11305555,17693334
202604,11305575,16469730
202604,11305595,14491788
202604,11305603,9533641
202604,11305608,9854724
202604,11305615,11684238
202604,11305625,13745692
202604,11305635,18519994
202604,11305645,14631574
202604,11305660,18491605
202604,11320511,15274874
202604,11320512,18586243
202604,11320513,7844022
202604,11320514,19470968
202604,11320515,15574865
202604,11320521,15180717
202604,11320522,16641392
202604,11320660,11528292
202604,11320670,11450099
202604,11320680,10742843
202604,11320681,13699954
202604,11320690,18531766
202604,11320700,10456276
202604,11320710,15575649
202604,11350560,15372284
202604,11350570,15250951
202604,11350580,19524926
202604,11350595,26331102
202604,11350600,33082370
202604,11350611,19802494
202604,11350612,8651968
202604,11350619,15260717
202604,11350621,18259771
202604,11350624,12037659
202604,11350625,21055851
202604,11350630,23851380
202604,11350640,17430320
202604,11350665,16481119
202604,11350670,13908484
202604,11350695,26007543
202604,11350700,13861567
202604,11350710,10667676
202604,11350720,10405402
202604,11380510,25330637
202604,11380520,20523054
202604,11380530,17785152
202604,11380551,11323444
202604,11380552,16271428
202604,11380560,20894063
202604,11380570,23890130
202604,11380580,19750063
202604,11380590,15174707
202604,11380600,15547490
202604,11380625,30015274
202604,11380631,16083239
202604,11380632,12037919
202604,11380640,8487480
202604,11380650,12977227
202604,11380690,38162818
202604,11410520,10861589
202604,11410555,7851815
202604,11410565,27844880
202604,11410585,41973185
202604,11410615,27984173
202604,11410620,16433335
202604,11410640,12274264
202604,11410655,7104061
202604,11410660,13281818
202604,11410685,17285584
202604,11410690,8650441
202604,11410700,21135798
202604,11410710,10265294
202604,11410720,19268562
202604,11440555,19724173
202604,11440565,25744869
202604,11440585,16280075
202604,11440590,15969129
202604,11440600,16940455
202604,11440610,14014649
202604,11440630,14485224
202604,11440655,22081618
202604,11440660,46754113
202604,11440680,14339451
202604,11440690,14108682
202604,11440700,12263557
202604,11440710,11496797
202604,11440720,14763943
202604,11440730,25456307
202604,11440740,33227343
202604,11470510,25030603
202604,11470520,19332163
202604,11470530,9651913
202604,11470540,14435567
202604,11470550,28833310
202604,11470560,12479202
202604,11470570,8914579
202604,11470580,8472143
202604,11470590,6996050
202604,11470600,10078674
202604,11470610,9869923
202604,11470611,11550530
202604,11470620,9259340
202604,11470630,11820462
202604,11470640,34413795
202604,11470650,24633295
202604,11470670,11695471
202604,11470680,17568866
202604,11500510,24631434
202604,11500520,18916769
202604,11500530,12875610
202604,11500535,26376382
202604,11500540,32835512
202604,11500550,8915036
202604,11500560,11695874
202604,11500570,11779023
202604,11500590,20965420
202604,11500591,16608863
202604,11500593,23117088
202604,11500603,36916407
202604,11500604,9166829
202604,11500605,8453050
202604,11500611,28793073
202604,11500615,25306541
202604,11500620,27821179
202604,11500630,26000287
202604,11500640,22077500
202604,11500641,14079284
202604,11530510,24005682
202604,11530520,12487795
202604,11530530,18957357
202604,11530540,32697003
202604,11530550,13347866
202604,11530560,26087503
202604,11530595,7073089
202604,11530720,21295719
202604,11530730,10839798
202604,11530740,20257618
202604,11530750,17375926
202604,11530760,9900064
202604,11530770,14531986
202604,11530780,25717967
202604,11530790,14254076
202604,11530800,7368191
202604,11545510,50014742
202604,11545610,33991838
202604,11545620,9030401
202604,11545630,11167748
202604,11545640,10605869
202604,11545670,20806418
202604,11545680,11902204
202604,11545690,7426013
202604,11545700,11906756
202604,11545710,9283673
202604,11560515,12592339
202604,11560535,35859307
202604,11560540,46018111
202604,11560550,18472562
202604,11560560,29064146
202604,11560585,13225758
202604,11560605,31252262
202604,11560610,14865120
202604,11560620,18039521
202604,11560630,13345441
202604,11560650,7845043
202604,11560660,8024367
202604,11560670,4853966
202604,11560680,11473923
202604,11560690,13099389
202604,11560700,10535042
202604,11560710,9689492
202604,11560720,15197818
202604,11590510,25754808
202604,11590520,8405862
202604,11590530,29602254
202604,11590540,17715893
202604,11590550,14307239
202604,11590560,16613126
202604,11590605,25333989
202604,11590620,17816367
202604,11590630,20618814
202604,11590640,13034490
202604,11590650,8814031
202604,11590651,9540923
202604,11590660,25435315
202604,11590670,14491102
202604,11590680,17004766
202604,11620525,13809606
202604,11620545,5454766
202604,11620565,15818031
202604,11620575,20063418
202604,11620585,18139856
202604,11620595,26090759
202604,11620605,21072769
202604,11620615,9506234
202604,11620625,15400539
202604,11620630,14584053
202604,11620645,18372399
202604,11620655,11318996
202604,11620665,13978025
202604,11620685,13494764
202604,11620695,19071745
202604,11620715,8658405
202604,11620725,18329993
202604,11620735,27295386
202604,11620745,13924878
202604,11620765,18620283
202604,11620775,14087185
202604,11650510,20541953
202604,11650520,32034258
202604,11650530,47130102
202604,11650531,27563817
202604,11650540,27505521
202604,11650550,1915510
202604,11650560,26114526
202604,11650570,19234359
202604,11650580,14783616
202604,11650581,28880924
202604,11650590,13386974
202604,11650600,13517263
202604,11650610,12262376
202604,11650620,11634889
202604,11650621,18780732
202604,11650651,38824318
202604,11650652,27179653
202604,11650660,13561253
202604,11680510,21204969
202604,11680521,29796508
202604,11680531,30444249
202604,11680545,29690044
202604,11680565,28393318
202604,11680580,33398138
202604,11680590,27850239
202604,11680600,21928524
202604,11680610,33504260
202604,11680630,28896470
202604,11680640,49772419
202604,11680650,35212485
202604,11680655,20573634
202604,11680656,20220519
202604,11680660,16924977
202604,11680670,23786450
202604,11680675,11077378
202604,11680690,16090790
202604,11680700,30072978
202604,11680720,17086698
202604,11680730,9384641
202604,11680750,15916817
202604,11710510,6677085
202604,11710520,22512823
202604,11710531,7265382
202604,11710532,14941935
202604,11710540,7284982
202604,11710550,10756139
202604,11710561,12182275
202604,11710562,25034240
202604,11710566,12752881
202604,11710570,25083824
202604,11710580,20116183
202604,11710590,11647742
202604,11710600,23117724
202604,11710610,18878467
202604,11710620,26149799
202604,11710631,18903016
202604,11710632,18742271
202604,11710641,14188063
202604,11710642,31594196
202604,11710646,20509995
202604,11710647,27747087
202604,11710650,21449288
202604,11710670,25414410
202604,11710680,31013524
202604,11710690,14032791
202604,11710710,26560041
202604,11710720,7304135
202604,11740515,22256091
202604,11740525,27446420
202604,11740526,10588512
202604,11740530,17441635
202604,11740540,10982098
202604,11740550,14919751
202604,11740560,16062762
202604,11740570,22760092
202604,11740580,9371884
202604,11740590,12493488
202604,11740600,15836429
202604,11740610,27556376
202604,11740620,19268745
202604,11740640,14592688
202604,11740650,17685804
202604,11740660,19416081
202604,11740685,40471553
202604,11740690,19517978
202604,11740700,16651876
